path,candidate_class,confidence,similarity,fusion_state,name_risk_level,name_token_confidence,name_candidate_classes,physical_form_hint,physical_form_confidence,low_band_energy_ratio,spectral_centroid_hz,median_f0_hz,exact_duplicate_group,near_duplicate_group,action,auto_approved
/Volumes/Jack_Gandy_1TB_SSD/testing-for-NITE-DSP/sample_pack_testing/Organic Drum Kit/3 Claps/Organic - Clap (17).wav,Clap,0.9163278937339783,0.768739640712738,audio_name_agree,low,0.97,Clap,mixed_or_uncertain_form,0.35,0.0017729430054280071,2218.149130446609,46.500071112403425,,,review_candidate_only,False
/Volumes/Jack_Gandy_1TB_SSD/testing-for-NITE-DSP/sample_pack_testing/Black Octopus Sound - Pure Analog Sweeps IV (2021)/Xtra One Shots/Diamaudix_Audio_PAS_IV_Kick_A_01.wav,Kick,0.9116232991218567,0.8491045236587524,audio_name_agree,low,0.89,Kick,possibly_one_shot,0.68,0.9530117722940732,664.5762479459155,54.24431262104923,,,review_candidate_only,False
/Volumes/Jack_Gandy_1TB_SSD/testing-for-NITE-DSP/sample_pack_testing/Sounds of KSHMR Vol.3/KSHMR_Drums/KSHMR_Claps/KSHMR_Natural_Hand_Claps/KSHMR_Stacks/KSHMR_Human_Stack_Clap_06_Squishy.wav,Clap,0.9114623069763184,0.7993347644805908,audio_name_agree,low,0.97,Clap,possibly_one_shot,0.68,0.001465641481775053,2544.4116596588606,60.54166020005535,,,review_candidate_only,False
/Volumes/Jack_Gandy_1TB_SSD/testing-for-NITE-DSP/sample_pack_testing/Sounds of KSHMR Vol.3/KSHMR_Drums/KSHMR_Claps/KSHMR_Regular_Claps/KSHMR_Clap_Wide_Clap_03.wav,Clap,0.909037172794342,0.842235267162323,audio_name_agree,low,0.97,Clap,possibly_one_shot,0.68,0.016935482223011066,2944.324141744788,64.50708084705636,,,review_candidate_only,False
/Volumes/Jack_Gandy_1TB_SSD/testing-for-NITE-DSP/sample_pack_testing/Sounds of KSHMR Vol.3/KSHMR_Drums/KSHMR_Kicks/KSHMR_Punchy_Kicks/KSHMR_Punchy_Kick_35_G.wav,Kick,0.9090354442596436,0.8533318638801575,audio_name_agree,low,0.89,Kick,possibly_one_shot,0.68,0.955024153461153,268.2479854740655,50.9452303082611,,,review_candidate_only,False
/Volumes/Jack_Gandy_1TB_SSD/testing-for-NITE-DSP/sample_pack_testing/Mike Shinoda Drums/MS BEATS/Luna2 Samples/Kick 909 5.wav,Kick,0.9071961641311646,0.8566238284111023,audio_name_agree,low,0.89,Kick,possibly_one_shot,0.68,0.9908565606405864,198.05592398413748,54.846347071279396,4380afc45fa378732dc57d7feaadeb98366679f7afff1bc6fddd84a5ea970e47,near-0157,review_candidate_only,False
/Volumes/Jack_Gandy_1TB_SSD/testing-for-NITE-DSP/sample_pack_testing/Mike Shinoda Drums/MS BEATS/Luna FOR PRINT Samples/Kick 909 5.wav,Kick,0.9071730375289917,0.8556612730026245,audio_name_agree,low,0.89,Kick,possibly_one_shot,0.68,0.9908565606405864,198.05592398413748,54.846347071279396,4380afc45fa378732dc57d7feaadeb98366679f7afff1bc6fddd84a5ea970e47,near-0157,review_candidate_only,False
/Volumes/Jack_Gandy_1TB_SSD/testing-for-NITE-DSP/sample_pack_testing/Mike Shinoda Drums/MS BEATS/Luna Samples/Kick 909 5.wav,Kick,0.9071730375289917,0.8556612730026245,audio_name_agree,low,0.89,Kick,possibly_one_shot,0.68,0.9908565606405864,198.05592398413748,54.846347071279396,4380afc45fa378732dc57d7feaadeb98366679f7afff1bc6fddd84a5ea970e47,near-0157,review_candidate_only,False
/Volumes/Jack_Gandy_1TB_SSD/testing-for-NITE-DSP/sample_pack_testing/Sounds of KSHMR Vol.3/KSHMR_Drums/KSHMR_Claps/KSHMR_Natural_Hand_Claps/KSHMR_Stacks/KSHMR_Human_Stack_Clap_08_Squishy.wav,Clap,0.9066930413246155,0.7798686623573303,audio_name_agree,low,0.97,Clap,possibly_one_shot,0.68,0.0005289681705716807,2828.0291859427793,62.98351718766229,,,review_candidate_only,False
/Volumes/Jack_Gandy_1TB_SSD/testing-for-NITE-DSP/sample_pack_testing/Mike Shinoda Drums/MS BEATS/Confetti Samples/BD_GoldDust008_MPC60.wav,Kick,0.905475378036499,0.8517759442329407,audio_name_agree,low,1.0,Kick,possibly_one_shot,0.68,0.9837295420457127,232.92511556553129,50.71093677702896,,,review_candidate_only,False
/Volumes/Jack_Gandy_1TB_SSD/testing-for-NITE-DSP/sample_pack_testing/Sounds of KSHMR Vol.3/KSHMR_Drums/KSHMR_Kicks/KSHMR_Punchy_Kicks/KSHMR_Punchy_Kick_21_F#.wav,Kick,0.9053940176963806,0.8539854288101196,audio_name_agree,low,0.89,Kick,possibly_one_shot,0.68,0.9916579014244656,310.5028171107213,48.577497287424336,,,review_candidate_only,False
/Volumes/Jack_Gandy_1TB_SSD/testing-for-NITE-DSP/sample_pack_testing/Old Movies 1 - Vintage Collection (Drum Kit)/Kicks/Kick 11.wav,Kick,0.9044740796089172,0.8609750866889954,audio_name_agree,low,0.89,Kick,possibly_one_shot,0.68,0.9702668493853372,182.31678084260375,52.16126828950256,,,review_candidate_only,False
/Volumes/Jack_Gandy_1TB_SSD/testing-for-NITE-DSP/sample_pack_testing/Organic Drum Kit/1 Kicks/Organic - Kick (16).wav,Kick,0.904322624206543,0.828871488571167,audio_name_agree,low,0.89,Kick,possibly_one_shot,0.68,0.9820380378997996,500.0805212859549,58.37916628248871,,,review_candidate_only,False
/Volumes/Jack_Gandy_1TB_SSD/testing-for-NITE-DSP/sample_pack_testing/Mike Shinoda Drums/MS BEATS/Animals Beat Samples/Clap_LastMin1st_SP12R.wav,Clap,0.9040428400039673,0.8556259274482727,audio_name_agree,low,0.97,Clap,possibly_one_shot,0.68,0.004401879562707781,2898.988673405385,68.65678493170967,,,review_candidate_only,False
/Volumes/Jack_Gandy_1TB_SSD/testing-for-NITE-DSP/sample_pack_testing/Sounds of KSHMR Vol.3/KSHMR_Drums/KSHMR_Kicks/KSHMR_Hip_Hop_kicks/KSHMR_Thump_Kicks/KSHMR_Thump_Kick_03.wav,Kick,0.9028973579406738,0.8380353450775146,audio_name_agree,low,0.89,Kick,possibly_one_shot,0.68,0.986653515519652,275.57424213850777,42.23991209359411,,,review_candidate_only,False
/Volumes/Jack_Gandy_1TB_SSD/testing-for-NITE-DSP/sample_pack_testing/Sounds of KSHMR Vol.3/KSHMR_Drums/KSHMR_Claps/KSHMR_Regular_Claps/KSHMR_Clap_Classic_02.wav,Clap,0.9026378393173218,0.7923387289047241,audio_name_agree,low,0.97,Clap,possibly_one_shot,0.68,0.01935184730369409,2904.110175613295,45.48067797897437,,,review_candidate_only,False
/Volumes/Jack_Gandy_1TB_SSD/testing-for-NITE-DSP/sample_pack_testing/Organic Drum Kit/1 Kicks/Organic - Kick (25).wav,Kick,0.9018577337265015,0.8357645869255066,audio_name_agree,low,0.89,Kick,possibly_one_shot,0.68,0.9844387470722221,349.7477987578519,4000.0,,,review_candidate_only,False
/Volumes/Jack_Gandy_1TB_SSD/testing-for-NITE-DSP/sample_pack_testing/Old Movies 1 - Vintage Collection (Drum Kit)/Kicks/Kick 33.wav,Kick,0.9013846516609192,0.8441404104232788,audio_name_agree,low,0.89,Kick,possibly_one_shot,0.68,0.9730907976211485,150.19461942602314,58.9500944036813,,,review_candidate_only,False
/Volumes/Jack_Gandy_1TB_SSD/testing-for-NITE-DSP/sample_pack_testing/Sounds of KSHMR Vol.3/KSHMR_Drums/KSHMR_Kicks/KSHMR_Psy_Kicks/KSHMR_Psy_Kick_08_D#.wav,Kick,0.9006111025810242,0.8303609490394592,audio_name_agree,low,0.89,Kick,possibly_one_shot,0.68,0.9872684176852596,313.4788917359469,48.0443513958495,,,review_candidate_only,False
/Volumes/Jack_Gandy_1TB_SSD/testing-for-NITE-DSP/sample_pack_testing/Sounds of KSHMR Vol.3/KSHMR_Drums/KSHMR_Kicks/KSHMR_Hip_Hop_kicks/KSHMR_Chest_Kicks/KSHMR_Chest_Kick_06.wav,Kick,0.9003871083259583,0.8195021152496338,audio_name_agree,low,0.89,Kick,possibly_one_shot,0.68,0.9770925527457592,260.73358741876746,48.53064928164975,,,review_candidate_only,False
/Volumes/Jack_Gandy_1TB_SSD/testing-for-NITE-DSP/sample_pack_testing/Sounds of KSHMR Vol.3/KSHMR_Drums/KSHMR_Kicks/KSHMR_Punchy_Kicks/KSHMR_Punchy_Kick_01_A.wav,Kick,0.8993176221847534,0.8516654372215271,audio_name_agree,low,0.89,Kick,possibly_one_shot,0.68,0.9407147785696808,348.62500159735913,59.15594164176537,,,review_candidate_only,False
/Volumes/Jack_Gandy_1TB_SSD/testing-for-NITE-DSP/sample_pack_testing/Sounds of KSHMR Vol.3/KSHMR_Drums/KSHMR_Claps/KSHMR_Natural_Hand_Claps/KSHMR_Stacks/KSHMR_Human_Stack_Clap_03_Horse.wav,Clap,0.8976976275444031,0.762427568435669,audio_name_agree,low,0.97,Clap,possibly_one_shot,0.68,0.0030647070985008566,2386.2079875547806,64.16634460324278,,,review_candidate_only,False
/Volumes/Jack_Gandy_1TB_SSD/testing-for-NITE-DSP/sample_pack_testing/Minimal Audio/REFLECT/1 - Drums/2 - Kick /Kick - Khaki.wav,Kick,0.8976051211357117,0.8392334580421448,audio_name_agree,low,0.89,Kick,possibly_one_shot,0.68,0.9663510838800031,193.31719189279355,55.191383747559456,,,review_candidate_only,False
/Volumes/Jack_Gandy_1TB_SSD/testing-for-NITE-DSP/sample_pack_testing/Sounds of KSHMR Vol.3/KSHMR_VIP_Friends_of_KSHMR/RADIOLOGY/RADIOLOGY_Monsta_Kick_G.wav,Kick,0.8973217606544495,0.809119701385498,audio_name_agree,low,0.89,Kick,mixed_or_uncertain_form,0.35,0.9537430887037173,257.9238573980198,51.0541236954507,,,review_candidate_only,False
/Volumes/Jack_Gandy_1TB_SSD/testing-for-NITE-DSP/sample_pack_testing/Organic Drum Kit/1 Kicks/Organic - Kick (24).wav,Kick,0.8971679210662842,0.8295297622680664,audio_name_agree,low,0.89,Kick,mixed_or_uncertain_form,0.35,0.9820565025851443,439.79683320184637,2058.0427089433333,,,review_candidate_only,False
/Volumes/Jack_Gandy_1TB_SSD/testing-for-NITE-DSP/sample_pack_testing/Mike Shinoda Drums/MS BEATS/Confetti Samples/BD_GoldDust006_MPC60.wav,Kick,0.8969148993492126,0.8389587998390198,audio_name_agree,low,1.0,Kick,possibly_one_shot,0.68,0.9897529763614639,295.67270664149663,51.819130249907744,,,review_candidate_only,False
/Volumes/Jack_Gandy_1TB_SSD/testing-for-NITE-DSP/sample_pack_testing/Sounds of KSHMR Vol.3/KSHMR_Drums/KSHMR_Kicks/KSHMR_Hip_Hop_kicks/KSHMR_Thump_Kicks/KSHMR_Thump_Kick_01.wav,Kick,0.8950750231742859,0.8163229823112488,audio_name_agree,low,0.89,Kick,possibly_one_shot,0.68,0.985571490977382,131.09366235444216,54.92816868354863,,,review_candidate_only,False
/Volumes/Jack_Gandy_1TB_SSD/testing-for-NITE-DSP/sample_pack_testing/Organic Drum Kit/1 Kicks/Organic - Kick (12).wav,Kick,0.8931605815887451,0.828760027885437,audio_name_agree,low,0.89,Kick,possibly_one_shot,0.68,0.9686898329155649,183.3606776456256,50.53682095012068,,,review_candidate_only,False
/Volumes/Jack_Gandy_1TB_SSD/testing-for-NITE-DSP/sample_pack_testing/Loaded Samples - Lo-Fi Memphis 2/DRUMS/Kicks & 808s/LFM2_Kick 909 Punch (1) (G).wav,Kick,0.8927656412124634,0.8241897821426392,audio_name_agree,low,0.89,Kick,possibly_one_shot,0.68,0.9930255507387064,293.9334116937931,53.28029392595188,,,review_candidate_only,False
/Volumes/Jack_Gandy_1TB_SSD/testing-for-NITE-DSP/sample_pack_testing/Minimal Audio/REFLECT/1 - Drums/2 - Kick /Kick - Taupe.wav,Kick,0.8920097947120667,0.8432875871658325,audio_name_agree,low,0.89,Kick,possibly_one_shot,0.68,0.990369528609441,244.4238284264232,45.12127751614951,,,review_candidate_only,False
/Volumes/Jack_Gandy_1TB_SSD/testing-for-NITE-DSP/sample_pack_testing/Sounds of KSHMR Vol.3/KSHMR_Drums/KSHMR_Kicks/KSHMR_Hip_Hop_kicks/KSHMR_Thump_Kicks/KSHMR_Thump_Kick_05.wav,Kick,0.8919833302497864,0.8388261795043945,audio_name_agree,low,0.89,Kick,possibly_one_shot,0.68,0.9795723649370781,333.5486955783813,51.40917843773339,,,review_candidate_only,False
/Volumes/Jack_Gandy_1TB_SSD/testing-for-NITE-DSP/sample_pack_testing/Sounds of KSHMR Vol.3/KSHMR_Drums/KSHMR_Kicks/KSHMR_Punchy_Kicks/KSHMR_Punchy_Kick_27_F#.wav,Kick,0.8917302489280701,0.8440074920654297,audio_name_agree,low,0.89,Kick,possibly_one_shot,0.68,0.9535844809771303,305.4638594683194,47.97492267877281,,,review_candidate_only,False
/Volumes/Jack_Gandy_1TB_SSD/testing-for-NITE-DSP/sample_pack_testing/Mike Shinoda Drums/MS BEATS/Confetti Samples/BD_GoldDust007_MPC60.wav,Kick,0.89085853099823,0.8339237570762634,audio_name_agree,low,1.0,Kick,possibly_one_shot,0.68,0.9833416401195975,194.6741481643174,50.85089792048903,,,review_candidate_only,False
/Volumes/Jack_Gandy_1TB_SSD/testing-for-NITE-DSP/sample_pack_testing/Sounds of KSHMR Vol.3/KSHMR_Drums/KSHMR_Kicks/KSHMR_Punchy_Kicks/KSHMR_Punchy_Kick_26_F#.wav,Kick,0.8902543783187866,0.8470954895019531,audio_name_agree,low,0.89,Kick,possibly_one_shot,0.68,0.9501140802552215,370.82687352908334,49.545230572368126,,,review_candidate_only,False
/Volumes/Jack_Gandy_1TB_SSD/testing-for-NITE-DSP/sample_pack_testing/Organic Drum Kit/3 Claps/Organic - Clap (41).wav,Clap,0.8880426287651062,0.7329912781715393,audio_name_agree,low,0.97,Clap,possibly_one_shot,0.68,0.005818932091417145,1374.6489344239478,77.91539491113579,,,review_candidate_only,False
/Volumes/Jack_Gandy_1TB_SSD/testing-for-NITE-DSP/sample_pack_testing/Organic Drum Kit/3 Claps/Organic - Clap (25).wav,Clap,0.887651801109314,0.7799085974693298,audio_name_agree,low,0.97,Clap,mixed_or_uncertain_form,0.35,0.0021766080322555507,2088.390246819014,996.2420785489779,,,review_candidate_only,False
/Volumes/Jack_Gandy_1TB_SSD/testing-for-NITE-DSP/sample_pack_testing/Sounds of KSHMR Vol.3/KSHMR_Drums/KSHMR_Kicks/KSHMR_Punchy_Kicks/KSHMR_Punchy_Kick_38_G.wav,Kick,0.8874011039733887,0.8160493969917297,audio_name_agree,low,0.89,Kick,possibly_one_shot,0.68,0.9663345324374958,370.23075691658386,47.032864721122245,,,review_candidate_only,False
/Volumes/Jack_Gandy_1TB_SSD/testing-for-NITE-DSP/sample_pack_testing/Sounds of KSHMR Vol.3/KSHMR_Drums/KSHMR_Kicks/KSHMR_Punchy_Kicks/KSHMR_Punchy_Kick_32_F#.wav,Kick,0.8869678974151611,0.8160324096679688,audio_name_agree,low,0.89,Kick,possibly_one_shot,0.68,0.9643882948183112,297.04579565878237,46.78187687312581,,,review_candidate_only,False
/Volumes/Jack_Gandy_1TB_SSD/testing-for-NITE-DSP/sample_pack_testing/Minimal Audio/REFLECT/1 - Drums/2 - Kick /Kick - Buff.wav,Kick,0.886644184589386,0.8285086154937744,audio_name_agree,low,0.89,Kick,possibly_one_shot,0.68,0.941859683256281,398.648235559105,44.51958725975358,,,review_candidate_only,False
/Volumes/Jack_Gandy_1TB_SSD/testing-for-NITE-DSP/sample_pack_testing/Sounds of KSHMR Vol.3/KSHMR_VIP_Friends_of_KSHMR/ZEDD/ZEDD_Kick_clean_Happy_Now.wav,Kick,0.8866367936134338,0.8232782483100891,audio_name_agree,low,0.89,Kick,possibly_one_shot,0.68,0.976441721025025,420.07035430834895,49.81352598701051,,,review_candidate_only,False
/Volumes/Jack_Gandy_1TB_SSD/testing-for-NITE-DSP/sample_pack_testing/Mike Shinoda Drums/MS BEATS/Animals Beat Samples/Clap_ClapTrapLayer_03.wav,Clap,0.8865945935249329,0.7433076500892639,audio_name_agree,low,0.97,Clap,possibly_one_shot,0.68,0.0015651306180932102,2380.864720798072,52.7230970942327,,,review_candidate_only,False
/Volumes/Jack_Gandy_1TB_SSD/testing-for-NITE-DSP/sample_pack_testing/Sounds of KSHMR Vol.3/KSHMR_Drums/KSHMR_Claps/KSHMR_Regular_Claps/KSHMR_Clap_Classic_08.wav,Clap,0.8865834474563599,0.7938345074653625,audio_name_agree,low,0.97,Clap,possibly_one_shot,0.68,0.0012632422379102106,2785.197462262642,191.97298551516127,,,review_candidate_only,False
/Volumes/Jack_Gandy_1TB_SSD/testing-for-NITE-DSP/sample_pack_testing/Sounds of KSHMR Vol.3/KSHMR_Drums/KSHMR_Kicks/KSHMR_Psy_Kicks/KSHMR_Psy_Kick_09_F.wav,Kick,0.8861181139945984,0.8219969868659973,audio_name_agree,low,0.89,Kick,possibly_one_shot,0.68,0.9570674900912836,232.4144851436286,45.012323462808624,,,review_candidate_only,False
/Volumes/Jack_Gandy_1TB_SSD/testing-for-NITE-DSP/sample_pack_testing/Sounds of KSHMR Vol.3/KSHMR_Drums/KSHMR_Claps/KSHMR_Pre-Shifted_Claps/KSHMR_Pre_Shifted_Clap_22.wav,Clap,0.8858455419540405,0.8083707690238953,audio_name_agree,low,0.97,Clap,possibly_one_shot,0.68,0.00933321500216085,2876.99676470871,66.04161942094147,,,review_candidate_only,False
/Volumes/Jack_Gandy_1TB_SSD/testing-for-NITE-DSP/sample_pack_testing/Sounds of KSHMR Vol.3/KSHMR_Drums/KSHMR_Kicks/KSHMR_Hip_Hop_kicks/KSHMR_Thump_Kicks/KSHMR_Thump_Kick_02.wav,Kick,0.8857564926147461,0.8339197039604187,audio_name_agree,low,0.89,Kick,possibly_one_shot,0.68,0.9858172292108417,290.84182393660615,53.042402289367516,,,review_candidate_only,False
/Volumes/Jack_Gandy_1TB_SSD/testing-for-NITE-DSP/sample_pack_testing/Old Movies 1 - Vintage Collection (Drum Kit)/Kicks/Kick 1.wav,Kick,0.8857463002204895,0.8112305402755737,audio_name_agree,low,0.89,Kick,possibly_one_shot,0.68,0.9812744953270279,184.95063121521744,69.16985737254019,,,review_candidate_only,False
/Volumes/Jack_Gandy_1TB_SSD/testing-for-NITE-DSP/sample_pack_testing/Mike Shinoda Drums/MPC 1000 Backup/MPC1000 FILES/PACMANNY/PENKCK1.WAV,Kick,0.8855358958244324,0.8005037903785706,audio_only_no_name_token,none,0.0,,possibly_one_shot,0.68,0.9891856583021233,299.3210118043887,50.80014937939431,,,review_candidate_only,False
/Volumes/Jack_Gandy_1TB_SSD/testing-for-NITE-DSP/sample_pack_testing/Sounds of KSHMR Vol.3/KSHMR_Drums/KSHMR_Claps/KSHMR_Regular_Claps/KSHMR_Clap_Hard_03.wav,Clap,0.8853777647018433,0.7210014462471008,audio_name_agree,low,0.97,Clap,possibly_one_shot,0.68,0.016227188861604108,2601.2785170460193,48.550676665285664,,,review_candidate_only,False
/Volumes/Jack_Gandy_1TB_SSD/testing-for-NITE-DSP/sample_pack_testing/Koan Sound/Koan Sound Samples/Raw Drums/Processed/Kick Processed 4.wav,Kick,0.885246753692627,0.8191808462142944,audio_name_agree,low,0.89,Kick,possibly_one_shot,0.68,0.9748541677724046,450.7908924565143,49.51175082322585,,,review_candidate_only,False
/Volumes/Jack_Gandy_1TB_SSD/testing-for-NITE-DSP/sample_pack_testing/Sounds of KSHMR Vol.3/KSHMR_Drums/KSHMR_Kicks/KSHMR_Psy_Kicks/KSHMR_Psy_Kick_16_G#.wav,Kick,0.883880078792572,0.8153661489486694,audio_name_agree,low,0.89,Kick,possibly_one_shot,0.68,0.9607478980805984,464.29638654320826,68.40003169520628,,,review_candidate_only,False
/Volumes/Jack_Gandy_1TB_SSD/testing-for-NITE-DSP/sample_pack_testing/Sounds of KSHMR Vol.3/KSHMR_Drums/KSHMR_Kicks/KSHMR_Hip_Hop_kicks/KSHMR_Thump_Kicks/KSHMR_Thump_Kick_04.wav,Kick,0.8828701376914978,0.8096134662628174,audio_name_agree,low,0.89,Kick,possibly_one_shot,0.68,0.98178500770774,125.19428852037339,48.327798205838775,,,review_candidate_only,False
/Volumes/Jack_Gandy_1TB_SSD/testing-for-NITE-DSP/sample_pack_testing/Sounds of KSHMR Vol.3/KSHMR_Drums/KSHMR_Kicks/KSHMR_Punchy_Kicks/KSHMR_Punchy_Kick_39_G.wav,Kick,0.8828244209289551,0.8271126747131348,audio_name_agree,low,0.89,Kick,possibly_one_shot,0.68,0.9712117474477906,305.56498295014717,48.63174464852171,,,review_candidate_only,False
/Volumes/Jack_Gandy_1TB_SSD/testing-for-NITE-DSP/sample_pack_testing/Sounds of KSHMR Vol.3/KSHMR_Drums/KSHMR_Kicks/KSHMR_Punchy_Kicks/KSHMR_Punchy_Kick_03_C#.wav,Kick,0.882034182548523,0.8040555715560913,audio_name_agree,low,0.89,Kick,possibly_one_shot,0.68,0.9630589128327273,241.91177941942564,41.1560128769673,,,review_candidate_only,False
/Volumes/Jack_Gandy_1TB_SSD/testing-for-NITE-DSP/sample_pack_testing/Sounds of KSHMR Vol.3/KSHMR_Drums/KSHMR_Kicks/KSHMR_Hip_Hop_kicks/KSHMR_Jungle_Kicks/KSHMR_Jungle_Kick_04.wav,Kick,0.8812336921691895,0.8234022259712219,audio_name_agree,low,0.89,Kick,possibly_one_shot,0.68,0.9841625677967795,193.12704862132,65.60300705876422,,,review_candidate_only,False
/Volumes/Jack_Gandy_1TB_SSD/testing-for-NITE-DSP/sample_pack_testing/Sounds of KSHMR Vol.3/KSHMR_Drums/KSHMR_Claps/KSHMR_Natural_Hand_Claps/KSHMR_Stacks/KSHMR_Human_Stack_Clap_07_Squishy.wav,Clap,0.8810957670211792,0.7678372859954834,audio_name_agree,low,0.97,Clap,possibly_one_shot,0.68,0.014165240198350025,3162.067614835829,970.4339558743472,,,review_candidate_only,False
/Volumes/Jack_Gandy_1TB_SSD/testing-for-NITE-DSP/sample_pack_testing/Mike Shinoda Drums/MS BEATS/Thumper Samples/Clap Gold 4.wav,Clap,0.8809514045715332,0.7736908197402954,audio_name_agree,low,0.97,Clap,possibly_one_shot,0.68,0.008182904135827828,2959.7816972386595,881.1264742779603,,,review_candidate_only,False
/Volumes/Jack_Gandy_1TB_SSD/testing-for-NITE-DSP/sample_pack_testing/Sounds of KSHMR Vol.3/KSHMR_Drums/KSHMR_Kicks/KSHMR_Psy_Kicks/KSHMR_Psy_Kick_14_G.wav,Kick,0.8809193968772888,0.8115823268890381,audio_name_agree,low,0.89,Kick,possibly_one_shot,0.68,0.9862309119468698,457.78592020480295,51.982966343522236,,,review_candidate_only,False
/Volumes/Jack_Gandy_1TB_SSD/testing-for-NITE-DSP/sample_pack_testing/Sounds of KSHMR Vol.3/KSHMR_Drums/KSHMR_Kicks/KSHMR_Punchy_Kicks/KSHMR_Punchy_Kick_11_E.wav,Kick,0.8808130621910095,0.8303110599517822,audio_name_agree,low,0.89,Kick,possibly_one_shot,0.68,0.9647532872781811,329.7762140900015,46.0230843797137,,,review_candidate_only,False
/Volumes/Jack_Gandy_1TB_SSD/testing-for-NITE-DSP/sample_pack_testing/Sounds of KSHMR Vol.3/KSHMR_VIP_Friends_of_KSHMR/7SKIES/7SKIES_Kick_F#.wav,Kick,0.8807852268218994,0.8011694550514221,audio_name_agree,low,0.89,Kick,mixed_or_uncertain_form,0.35,0.9713717257020548,263.077977379428,47.861298336770744,,,review_candidate_only,False
/Volumes/Jack_Gandy_1TB_SSD/testing-for-NITE-DSP/sample_pack_testing/Sounds of KSHMR Vol.3/KSHMR_Drums/KSHMR_Kicks/KSHMR_Signature_Kicks/KSHMR_Signature_Kick_07_Good_Vibes_Soldier_G#.wav,Kick,0.8795360922813416,0.7873256206512451,audio_name_agree,low,0.89,Kick,possibly_one_shot,0.68,0.9916750684198898,244.2483167104112,50.99659540339359,,,review_candidate_only,False
/Volumes/Jack_Gandy_1TB_SSD/testing-for-NITE-DSP/sample_pack_testing/Sounds of KSHMR Vol.3/KSHMR_Drums/KSHMR_Kicks/KSHMR_Signature_Kicks/KSHMR_Signature_Kick_15_Magic_G#.wav,Kick,0.8795345425605774,0.8108349442481995,audio_name_agree,low,0.89,Kick,possibly_one_shot,0.68,0.9749061265245805,1240.6736135556614,54.83849890159517,,,review_candidate_only,False
/Volumes/Jack_Gandy_1TB_SSD/testing-for-NITE-DSP/sample_pack_testing/Organic Drum Kit/1 Kicks/Organic - Kick (104).wav,Kick,0.879069447517395,0.8260753154754639,audio_name_agree,low,0.89,Kick,possibly_one_shot,0.68,0.9790884625888451,1003.934145656195,74.16976521703488,,,review_candidate_only,False
/Volumes/Jack_Gandy_1TB_SSD/testing-for-NITE-DSP/sample_pack_testing/Mike Shinoda Drums/MS BEATS/Confetti Samples/BD_GoldDust004_MPC60.wav,Kick,0.8790656328201294,0.8028484582901001,audio_name_agree,low,1.0,Kick,possibly_one_shot,0.68,0.9894300834037573,217.0981845064219,52.595808169050734,,,review_candidate_only,False
/Volumes/Jack_Gandy_1TB_SSD/testing-for-NITE-DSP/sample_pack_testing/Sounds of KSHMR Vol.3/KSHMR_Drums/KSHMR_Kicks/KSHMR_Hip_Hop_kicks/KSHMR_Thump_Kicks/KSHMR_Thump_Kick_08.wav,Kick,0.8785277605056763,0.7796396613121033,audio_name_agree,low,0.89,Kick,possibly_one_shot,0.68,0.9897459218031945,980.6033172145159,45.35552496576405,,,review_candidate_only,False
/Volumes/Jack_Gandy_1TB_SSD/testing-for-NITE-DSP/sample_pack_testing/Sounds of KSHMR Vol.3/KSHMR_Drums/KSHMR_Claps/KSHMR_Natural_Hand_Claps/KSHMR_Stacks/KSHMR_Human_Stack_Clap_04_Horse.wav,Clap,0.8780807852745056,0.7640181183815002,audio_name_agree,low,0.97,Clap,possibly_one_shot,0.68,0.003913934833970226,2318.868417913257,76.1737646087287,,,review_candidate_only,False
/Volumes/Jack_Gandy_1TB_SSD/testing-for-NITE-DSP/sample_pack_testing/Mike Shinoda Drums/MPC 1000 Backup/MPC1000 FILES/PABLO/8delkic90.WAV,Kick,0.877924919128418,0.7724534869194031,audio_only_no_name_token,none,0.0,,mixed_or_uncertain_form,0.35,0.9939884967126446,810.0809401404993,40.0,,,review_candidate_only,False
/Volumes/Jack_Gandy_1TB_SSD/testing-for-NITE-DSP/sample_pack_testing/Organic Drum Kit/1 Kicks/Organic - Kick (28).wav,Kick,0.8777413368225098,0.8086007237434387,audio_name_agree,low,0.89,Kick,possibly_one_shot,0.68,0.9779516119456217,626.1448141715056,55.441629715827176,,,review_candidate_only,False
/Volumes/Jack_Gandy_1TB_SSD/testing-for-NITE-DSP/sample_pack_testing/Sounds of KSHMR Vol.3/KSHMR_Drums/KSHMR_Claps/KSHMR_Natural_Hand_Claps/KSHMR_Stacks/KSHMR_Human_Stack_Clap_09_Squishy.wav,Clap,0.8770136833190918,0.78873610496521,audio_name_agree,low,0.97,Clap,possibly_one_shot,0.68,0.0005809814267211678,2790.7562900568346,76.07255139205073,,,review_candidate_only,False
/Volumes/Jack_Gandy_1TB_SSD/testing-for-NITE-DSP/sample_pack_testing/Sounds of KSHMR Vol.3/KSHMR_Drums/KSHMR_Kicks/KSHMR_Punchy_Kicks/KSHMR_Punchy_Kick_24_F#_Soft.wav,Kick,0.8765215873718262,0.8064560294151306,audio_name_agree,low,0.89,Kick,possibly_one_shot,0.68,0.9939404067834665,249.79123079976443,50.64908380408573,,,review_candidate_only,False
/Volumes/Jack_Gandy_1TB_SSD/testing-for-NITE-DSP/sample_pack_testing/Sounds of KSHMR Vol.3/KSHMR_Drums/KSHMR_Kicks/KSHMR_Signature_Kicks/KSHMR_Signature_Kick_18_Power_F.wav,Kick,0.8758617639541626,0.7937609553337097,audio_name_agree,low,0.89,Kick,possibly_one_shot,0.68,0.9843883297013489,577.213658580793,46.08725203469915,,,review_candidate_only,False
/Volumes/Jack_Gandy_1TB_SSD/testing-for-NITE-DSP/sample_pack_testing/Old Movies 1 - Vintage Collection (Drum Kit)/Kicks/Kick 8.wav,Kick,0.8745469450950623,0.8162271976470947,audio_name_agree,low,0.89,Kick,possibly_one_shot,0.68,0.9972740018569012,574.0890674407019,40.0,,,review_candidate_only,False
/Volumes/Jack_Gandy_1TB_SSD/testing-for-NITE-DSP/sample_pack_testing/Sounds of KSHMR Vol.3/KSHMR_VIP_Friends_of_KSHMR/BASSJACKERS/BASSJACKERS_Kick_Zero.wav,Kick,0.874433696269989,0.7826991677284241,audio_name_agree,low,0.89,Kick,possibly_one_shot,0.68,0.9919601638907943,271.70958536021897,51.259741353701685,,,review_candidate_only,False
/Volumes/Jack_Gandy_1TB_SSD/testing-for-NITE-DSP/sample_pack_testing/Old Movies 1 - Vintage Collection (Drum Kit)/Kicks/Kick 15.wav,Kick,0.8742503523826599,0.788347601890564,audio_name_agree,low,0.89,Kick,possibly_one_shot,0.68,0.9385840869445446,194.23752590083885,40.0,,,review_candidate_only,False
/Volumes/Jack_Gandy_1TB_SSD/testing-for-NITE-DSP/sample_pack_testing/Breaks/The Drum Broker - International Breaks & Essential Kicks/The Drum Broker - Essential Kicks/Regret.wav,Kick,0.873281717300415,0.7822811603546143,audio_only_no_name_token,none,0.0,,possibly_one_shot,0.68,0.9461165266443273,2961.7353968491325,1232.1677594724931,,,review_candidate_only,False
/Volumes/Jack_Gandy_1TB_SSD/testing-for-NITE-DSP/sample_pack_testing/Mike Shinoda Drums/MS BEATS/Humanoid  Samples/Kick CLP 3.wav,Kick,0.873167097568512,0.7761844396591187,audio_name_agree,low,1.0,Clap;Kick,mixed_or_uncertain_form,0.35,0.993988399423386,809.6150790976466,40.0,,,review_candidate_only,False
/Volumes/Jack_Gandy_1TB_SSD/testing-for-NITE-DSP/sample_pack_testing/Organic Drum Kit/1 Kicks/Organic - Kick (11).wav,Kick,0.8731228113174438,0.8032320737838745,audio_name_agree,low,0.89,Kick,possibly_one_shot,0.68,0.9629082828089435,336.34429120051436,50.215828417524754,,,review_candidate_only,False
/Volumes/Jack_Gandy_1TB_SSD/testing-for-NITE-DSP/sample_pack_testing/Mike Shinoda Drums/MS BEATS/Ryu 3 Samples/Clap_Layered004_MPC60_st.wav,Clap,0.8723944425582886,0.7765594124794006,audio_name_agree,low,0.97,Clap,possibly_one_shot,0.68,0.008182904135827828,2959.7816972386595,881.1264742779603,,,review_candidate_only,False
/Volumes/Jack_Gandy_1TB_SSD/testing-for-NITE-DSP/sample_pack_testing/Drum Recollection/Official Drum Kit Vol. 1/Kicks/Akai Kick .wav,Kick,0.8722295165061951,0.7945138812065125,audio_name_agree,low,0.89,Kick,mixed_or_uncertain_form,0.35,0.9364985928620213,98.72114876952695,4000.0,,,review_candidate_only,False
/Volumes/Jack_Gandy_1TB_SSD/testing-for-NITE-DSP/sample_pack_testing/Mike Shinoda Drums/MPC 1000 Backup/Mike_s Beats #1/A_KICK1.wav,Kick,0.8719267845153809,0.7700216174125671,audio_only_no_name_token,none,0.0,,possibly_one_shot,0.68,0.9883666342727512,350.98998295128007,51.79334336163165,,,review_candidate_only,False
/Volumes/Jack_Gandy_1TB_SSD/testing-for-NITE-DSP/sample_pack_testing/Mike Shinoda Drums/MS BEATS/Vinyl Kit Samples/Kick AwakeArise 1.wav,Kick,0.8715693354606628,0.8032481074333191,audio_name_agree,low,0.89,Kick,possibly_one_shot,0.68,0.9926610073019503,315.23790308204536,53.51834854737579,586468fef4d71092e5a3bb635a10712aebbbf63c2a8d4ae78d712eae2d81912b,near-0134,review_candidate_only,False
/Volumes/Jack_Gandy_1TB_SSD/testing-for-NITE-DSP/sample_pack_testing/Mike Shinoda Drums/MS BEATS/Denver Samples/Kick AwakeArise 1.wav,Kick,0.8710092306137085,0.8026624321937561,audio_name_agree,low,0.89,Kick,possibly_one_shot,0.68,0.9926610073019503,315.23790308204536,53.51834854737579,586468fef4d71092e5a3bb635a10712aebbbf63c2a8d4ae78d712eae2d81912b,near-0134,review_candidate_only,False
/Volumes/Jack_Gandy_1TB_SSD/testing-for-NITE-DSP/sample_pack_testing/Mike Shinoda Drums/MS BEATS/Invader Samples/Kick AwakeArise 1.wav,Kick,0.8709434866905212,0.8031799793243408,audio_name_agree,low,0.89,Kick,possibly_one_shot,0.68,0.9926610073019503,315.23790308204536,53.51834854737579,586468fef4d71092e5a3bb635a10712aebbbf63c2a8d4ae78d712eae2d81912b,near-0134,review_candidate_only,False
/Volumes/Jack_Gandy_1TB_SSD/testing-for-NITE-DSP/sample_pack_testing/Organic Drum Kit/Maschine Kits/Imperial Kit Samples/Organic - Kick (104).wav,Kick,0.8709107637405396,0.8123632073402405,audio_name_agree,low,0.89,Kick,possibly_one_shot,0.68,0.9790884625888451,1003.934145656195,74.16976521703488,,,review_candidate_only,False
/Volumes/Jack_Gandy_1TB_SSD/testing-for-NITE-DSP/sample_pack_testing/Sounds of KSHMR Vol.3/KSHMR_Drums/KSHMR_Kicks/KSHMR_Hip_Hop_kicks/KSHMR_Thump_Kicks/KSHMR_Thump_Kick_07.wav,Kick,0.8705642223358154,0.7695698738098145,audio_name_agree,low,0.89,Kick,possibly_one_shot,0.68,0.9888573874386193,1548.301723091055,73.19665175324123,,,review_candidate_only,False
/Volumes/Jack_Gandy_1TB_SSD/testing-for-NITE-DSP/sample_pack_testing/Sounds of KSHMR Vol.3/KSHMR_Drums/KSHMR_Kicks/KSHMR_Punchy_Kicks/KSHMR_Punchy_Kick_23_F#.wav,Kick,0.870334267616272,0.7985914945602417,audio_name_agree,low,0.89,Kick,possibly_one_shot,0.68,0.9599845408154474,206.93510134509415,46.06452418804327,,,review_candidate_only,False
/Volumes/Jack_Gandy_1TB_SSD/testing-for-NITE-DSP/sample_pack_testing/Drum Recollection/New Wave Drum Kit Vol. 1/New Wave Drum Kit/Kicks/Use For Drill Kick  .wav,Kick,0.8702347874641418,0.7871850728988647,audio_name_agree,low,0.89,Kick,possibly_sustained,0.55,0.9774211344248109,788.1821092209835,3487.7413368155303,,,review_candidate_only,False
/Volumes/Jack_Gandy_1TB_SSD/testing-for-NITE-DSP/sample_pack_testing/Loaded Samples - Lo-Fi Memphis 2/DRUMS/Kicks & 808s/LFM2_Kick 909 Reg (1) (G).wav,Kick,0.8702141642570496,0.7857306599617004,audio_name_agree,low,0.89,Kick,possibly_one_shot,0.68,0.9909838152433244,419.293535888727,50.37901020441727,,,review_candidate_only,False
/Volumes/Jack_Gandy_1TB_SSD/testing-for-NITE-DSP/sample_pack_testing/Mike Shinoda Drums/MS BEATS/PaperWeight Samples/Kick ZeroCash 1.wav,Kick,0.8700252175331116,0.8180627226829529,audio_name_agree,low,0.89,Kick,possibly_one_shot,0.68,0.986938104020879,232.46422985207008,46.486482842585644,,,review_candidate_only,False
/Volumes/Jack_Gandy_1TB_SSD/testing-for-NITE-DSP/sample_pack_testing/Old Movies 1 - Vintage Collection (Drum Kit)/Kicks/Kick 24.wav,Kick,0.8700027465820312,0.7959668040275574,audio_name_agree,low,0.89,Kick,possibly_one_shot,0.68,0.9499721333987274,216.31425030655762,40.0,,,review_candidate_only,False
/Volumes/Jack_Gandy_1TB_SSD/testing-for-NITE-DSP/sample_pack_testing/Sounds of KSHMR Vol.3/KSHMR_Drums/KSHMR_Kicks/KSHMR_Punchy_Kicks/KSHMR_Punchy_Kick_04_D.wav,Kick,0.8694707155227661,0.7942782640457153,audio_name_agree,low,0.89,Kick,possibly_one_shot,0.68,0.9551037283683008,340.7992844886122,41.84488604569423,,,review_candidate_only,False
/Volumes/Jack_Gandy_1TB_SSD/testing-for-NITE-DSP/sample_pack_testing/Drum Recollection/Official Drum Kit Vol. 1/Kicks/Dust Kick .wav,Kick,0.8689552545547485,0.78727787733078,audio_name_agree,low,0.89,Kick,mixed_or_uncertain_form,0.35,0.9872862420040761,186.41599348927065,42.13520923185717,,,review_candidate_only,False
/Volumes/Jack_Gandy_1TB_SSD/testing-for-NITE-DSP/sample_pack_testing/Sounds of KSHMR Vol.3/KSHMR_Drums/KSHMR_Kicks/KSHMR_Punchy_Kicks/KSHMR_Punchy_Kick_15_F.wav,Kick,0.868433952331543,0.7984916567802429,audio_name_agree,low,0.89,Kick,possibly_one_shot,0.68,0.9369662717753562,295.07490527956116,48.66193627025625,,,review_candidate_only,False
/Volumes/Jack_Gandy_1TB_SSD/testing-for-NITE-DSP/sample_pack_testing/Organic Drum Kit/2 Snares/Organic - Snare (77).wav,Snare,0.86842280626297,0.8032509088516235,audio_name_agree,low,0.87,Snare,possibly_one_shot,0.68,0.3380279789582461,3573.851606608717,48.72408245744815,,,review_candidate_only,False
/Volumes/Jack_Gandy_1TB_SSD/testing-for-NITE-DSP/sample_pack_testing/Loaded Samples - Lo-Fi Memphis 2/DRUMS/Snares/LFM2_Snare Clap (2).wav,Snare,0.8683305382728577,0.7696825265884399,audio_name_agree,low,0.97,Clap;Snare,possibly_one_shot,0.68,0.2240663364848859,3235.5362912638793,57.16090603055155,,,review_candidate_only,False
/Volumes/Jack_Gandy_1TB_SSD/testing-for-NITE-DSP/sample_pack_testing/Mike Shinoda Drums/MS BEATS/Jackboot Stone Cyn Samples/Kick CottonLow.wav,Kick,0.8679296970367432,0.7955185174942017,audio_name_agree,low,0.89,Kick,possibly_one_shot,0.68,0.9777588089936659,142.4219849815772,67.41640271508696,,,review_candidate_only,False
/Volumes/Jack_Gandy_1TB_SSD/testing-for-NITE-DSP/sample_pack_testing/Sounds of KSHMR Vol.3/KSHMR_Drums/KSHMR_Kicks/KSHMR_Psy_Kicks/KSHMR_Psy_Kick_11_F#.wav,Kick,0.8676332831382751,0.7911323308944702,audio_name_agree,low,0.89,Kick,possibly_one_shot,0.68,0.945781485354645,491.00226501805764,49.514857236659296,,,review_candidate_only,False
/Volumes/Jack_Gandy_1TB_SSD/testing-for-NITE-DSP/sample_pack_testing/Just Jared - OP1 Drums/Kicks/Just Jared - OP1 Drums Kick 3.wav,Kick,0.867267906665802,0.7879770994186401,audio_name_agree,low,0.89,Kick,possibly_one_shot,0.68,0.9777177480375366,176.99670867038066,42.88977909894054,,,review_candidate_only,False
/Volumes/Jack_Gandy_1TB_SSD/testing-for-NITE-DSP/sample_pack_testing/Sounds of KSHMR Vol.3/KSHMR_Drums/KSHMR_Kicks/KSHMR_Punchy_Kicks/KSHMR_Punchy_Kick_14_F.wav,Kick,0.8664838075637817,0.7997415661811829,audio_name_agree,low,0.89,Kick,possibly_one_shot,0.68,0.9606131663683659,322.082947287496,46.819748583158095,,,review_candidate_only,False
/Volumes/Jack_Gandy_1TB_SSD/testing-for-NITE-DSP/sample_pack_testing/Old Movies 1 - Vintage Collection (Drum Kit)/Kicks/Kick 20.wav,Kick,0.8664045929908752,0.7991341352462769,audio_name_agree,low,0.89,Kick,possibly_one_shot,0.68,0.9886582106345086,108.94185789886426,48.76043076468232,,,review_candidate_only,False
/Volumes/Jack_Gandy_1TB_SSD/testing-for-NITE-DSP/sample_pack_testing/Sounds of KSHMR Vol.3/KSHMR_Drums/KSHMR_Kicks/KSHMR_Punchy_Kicks/KSHMR_Punchy_Kick_43_G#.wav,Kick,0.8660156726837158,0.806770920753479,audio_name_agree,low,0.89,Kick,possibly_one_shot,0.68,0.9856016494107291,414.1901125929078,56.19078776912069,,,review_candidate_only,False
/Volumes/Jack_Gandy_1TB_SSD/testing-for-NITE-DSP/sample_pack_testing/Capsun ProAudio - City Pop/One_Shots/Drum_One_Shots/Kicks/CPA_TCP_kick_power_stance.wav,Kick,0.8659376502037048,0.8019776940345764,audio_name_agree,low,0.89,Kick,possibly_one_shot,0.68,0.9939145126824672,183.6299189143065,43.80706178562281,,,review_candidate_only,False
/Volumes/Jack_Gandy_1TB_SSD/testing-for-NITE-DSP/sample_pack_testing/Organic Drum Kit/Maschine Kits/Deep Impact Kit Samples/Organic - Kick (142).wav,Kick,0.8658453822135925,0.7960091829299927,audio_name_agree,low,0.89,Kick,possibly_one_shot,0.68,0.9830646457107881,171.44517785334313,4000.0,,near-0182,review_candidate_only,False
/Volumes/Jack_Gandy_1TB_SSD/testing-for-NITE-DSP/sample_pack_testing/Mike Shinoda Drums/MS BEATS/Spirals Samples/Kick Grizzly 2.wav,Kick,0.8654817342758179,0.7892035841941833,audio_name_agree,low,0.89,Kick,possibly_one_shot,0.68,0.9951789022421779,99.90482675169996,45.05222491950272,,,review_candidate_only,False
/Volumes/Jack_Gandy_1TB_SSD/testing-for-NITE-DSP/sample_pack_testing/Old Movies 1 - Vintage Collection (Drum Kit)/Kicks/Kick 18.wav,Kick,0.8653885126113892,0.8052613735198975,audio_name_agree,low,0.89,Kick,possibly_one_shot,0.68,0.9774982131865326,145.19292465171077,40.0,,,review_candidate_only,False
/Volumes/Jack_Gandy_1TB_SSD/testing-for-NITE-DSP/sample_pack_testing/Sounds of KSHMR Vol.3/KSHMR_Drums/KSHMR_Kicks/KSHMR_Punchy_Kicks/KSHMR_Punchy_Kick_19_F.wav,Kick,0.8646804094314575,0.7928183674812317,audio_name_agree,low,0.89,Kick,possibly_one_shot,0.68,0.963687914761604,427.0796787111609,47.892293363207735,,,review_candidate_only,False
/Volumes/Jack_Gandy_1TB_SSD/testing-for-NITE-DSP/sample_pack_testing/Mike Shinoda Drums/MS BEATS/Victimized Remix Samples/BD_AlienAnalog007.wav,Kick,0.864202082157135,0.7944734692573547,audio_name_agree,low,1.0,Kick,possibly_one_shot,0.68,0.9972524739975069,116.74710232037744,54.81295988623223,,,review_candidate_only,False
/Volumes/Jack_Gandy_1TB_SSD/testing-for-NITE-DSP/sample_pack_testing/Loaded Samples - Lo-Fi Memphis 2/DRUMS/Kicks & 808s/LFM2_Kick Elec (C).wav,Kick,0.8637470006942749,0.7958006262779236,audio_name_agree,low,0.89,Kick,possibly_one_shot,0.68,0.9884942146192612,442.86790190045167,60.55227707866365,,,review_candidate_only,False
/Volumes/Jack_Gandy_1TB_SSD/testing-for-NITE-DSP/sample_pack_testing/Organic Drum Kit/1 Kicks/Organic - Kick (142).wav,Kick,0.8635950088500977,0.7945451140403748,audio_name_agree,low,0.89,Kick,possibly_one_shot,0.68,0.9830646457107881,171.44517785334313,4000.0,,near-0182,review_candidate_only,False
/Volumes/Jack_Gandy_1TB_SSD/testing-for-NITE-DSP/sample_pack_testing/Loaded Samples - Lo-Fi Memphis 2/DRUMS/Kicks & 808s/LFM2_Kick 909 Punch (2) (G).wav,Kick,0.8635716438293457,0.7688066363334656,audio_name_agree,low,0.89,Kick,possibly_one_shot,0.68,0.9842680344025813,288.70111432964455,48.96370664804934,,,review_candidate_only,False
/Volumes/Jack_Gandy_1TB_SSD/testing-for-NITE-DSP/sample_pack_testing/Sounds of KSHMR Vol.3/KSHMR_Drums/KSHMR_Kicks/KSHMR_Punchy_Kicks/KSHMR_Punchy_Kick_37_G.wav,Kick,0.8633631467819214,0.8063055872917175,audio_name_agree,low,0.89,Kick,possibly_one_shot,0.68,0.9745131697165996,219.42686183253815,48.8970511129636,,,review_candidate_only,False
/Volumes/Jack_Gandy_1TB_SSD/testing-for-NITE-DSP/sample_pack_testing/Mike Shinoda Drums/MS BEATS/Digi folk Samples/Kick Fiasco 3.wav,Kick,0.8629758954048157,0.8054993748664856,audio_name_agree,low,0.89,Kick,possibly_one_shot,0.68,0.9780449737254928,241.6100375255833,52.88086492696714,,,review_candidate_only,False
/Volumes/Jack_Gandy_1TB_SSD/testing-for-NITE-DSP/sample_pack_testing/Sounds of KSHMR Vol.3/KSHMR_Drums/KSHMR_Kicks/KSHMR_Punchy_Kicks/KSHMR_Punchy_Kick_41_G#.wav,Kick,0.8629568219184875,0.7791199088096619,audio_name_agree,low,0.89,Kick,possibly_one_shot,0.68,0.9493586493686132,616.1349227376132,56.47434197855486,,,review_candidate_only,False
/Volumes/Jack_Gandy_1TB_SSD/testing-for-NITE-DSP/sample_pack_testing/Mike Shinoda Drums/MS BEATS/Killing Fields Samples/Kick Potions 1.wav,Kick,0.8628899455070496,0.7947604060173035,audio_name_agree,low,0.89,Kick,possibly_one_shot,0.68,0.9815592061485721,615.5772510842277,73.21054353730896,,,review_candidate_only,False
/Volumes/Jack_Gandy_1TB_SSD/testing-for-NITE-DSP/sample_pack_testing/Mike Shinoda Drums/MS BEATS/Animals Beat Samples/Clap_ClapTrapLayer_07.wav,Clap,0.862779438495636,0.7855322360992432,audio_name_agree,low,0.97,Clap,possibly_one_shot,0.68,0.0050839948503754945,2442.760595798874,57.690917479137674,,,review_candidate_only,False
/Volumes/Jack_Gandy_1TB_SSD/testing-for-NITE-DSP/sample_pack_testing/Sounds of KSHMR Vol.3/KSHMR_Drums/KSHMR_Kicks/KSHMR_Punchy_Kicks/KSHMR_Punchy_Kick_33_G.wav,Kick,0.8622966408729553,0.7940343618392944,audio_name_agree,low,0.89,Kick,possibly_one_shot,0.68,0.9786604162062187,382.61498325943614,50.28475514069402,,near-0213,review_candidate_only,False
/Volumes/Jack_Gandy_1TB_SSD/testing-for-NITE-DSP/sample_pack_testing/Sounds of KSHMR Vol.3/KSHMR_Drums/KSHMR_Kicks/KSHMR_Hip_Hop_kicks/KSHMR_Chest_Kicks/KSHMR_Chest_Kick_01.wav,Kick,0.8622833490371704,0.7757266163825989,audio_name_agree,low,0.89,Kick,possibly_one_shot,0.68,0.9719819862777214,479.4227027720009,56.78061372713203,,,review_candidate_only,False
/Volumes/Jack_Gandy_1TB_SSD/testing-for-NITE-DSP/sample_pack_testing/Organic Drum Kit/2 Snares/Organic - Snare (24).wav,Snare,0.8622773885726929,0.7873362302780151,audio_name_agree,low,0.87,Snare,possibly_one_shot,0.68,0.750473982287534,1489.2703523095897,4000.0,,near-0199,review_candidate_only,False
/Volumes/Jack_Gandy_1TB_SSD/testing-for-NITE-DSP/sample_pack_testing/Mike Shinoda Drums/MS BEATS/Digi folk Samples/BD_GoldBar001_MPC60.wav,Kick,0.8622720837593079,0.7684273719787598,audio_name_agree,low,1.0,Kick,possibly_one_shot,0.68,0.9715918306453795,194.21220503182633,50.43753007061207,,,review_candidate_only,False
/Volumes/Jack_Gandy_1TB_SSD/testing-for-NITE-DSP/sample_pack_testing/Sounds of KSHMR Vol.3/KSHMR_VIP_Friends_of_KSHMR/HARDWELL/HARDWELL_Spaceman_Kick.wav,Kick,0.8620206117630005,0.7936477661132812,audio_name_agree,low,0.89,Kick,mixed_or_uncertain_form,0.35,0.9891237433196483,832.8385680656332,50.34976126460069,,,review_candidate_only,False
/Volumes/Jack_Gandy_1TB_SSD/testing-for-NITE-DSP/sample_pack_testing/Mike Shinoda Drums/MS BEATS/Croissant Samples/BD_Fat808_01_Tran.wav,Kick,0.8614596724510193,0.8124232888221741,audio_name_agree,low,1.0,Kick,possibly_one_shot,0.68,0.9916109905859486,166.3272179184478,50.25216434727946,,,review_candidate_only,False
/Volumes/Jack_Gandy_1TB_SSD/testing-for-NITE-DSP/sample_pack_testing/Mike Shinoda Drums/MS BEATS/Spirals Samples/Kick MoveSomethin 2.wav,Kick,0.8614506125450134,0.7782061696052551,audio_name_agree,low,0.89,Kick,possibly_one_shot,0.68,0.9691985451690652,124.1356235563916,61.152127501833945,,,review_candidate_only,False
/Volumes/Jack_Gandy_1TB_SSD/testing-for-NITE-DSP/sample_pack_testing/Organic Drum Kit/1 Kicks/Organic - Kick (62).wav,Kick,0.861207127571106,0.7818903923034668,audio_name_agree,low,0.89,Kick,mixed_or_uncertain_form,0.35,0.9646877967396968,967.8693443854344,61.919786419714995,,,review_candidate_only,False
/Volumes/Jack_Gandy_1TB_SSD/testing-for-NITE-DSP/sample_pack_testing/Old Movies 1 - Vintage Collection (Drum Kit)/Kicks/Kick 3.wav,Kick,0.8607056140899658,0.7929754257202148,audio_name_agree,low,0.89,Kick,possibly_one_shot,0.68,0.9871780782246515,207.24060667485315,56.907649654890456,,,review_candidate_only,False
/Volumes/Jack_Gandy_1TB_SSD/testing-for-NITE-DSP/sample_pack_testing/Organic Drum Kit/1 Kicks/Organic - Kick (9).wav,Kick,0.860621988773346,0.7913889288902283,audio_name_agree,low,0.89,Kick,mixed_or_uncertain_form,0.35,0.9820064022347337,649.425828525993,65.85654710266816,,,review_candidate_only,False
/Volumes/Jack_Gandy_1TB_SSD/testing-for-NITE-DSP/sample_pack_testing/Mike Shinoda Drums/MS BEATS/Vinyl Kit Samples/Kick Bionic 2.wav,Kick,0.860049307346344,0.77995765209198,audio_name_agree,low,0.89,Kick,possibly_one_shot,0.68,0.9800291338015238,426.63876307602555,47.931906922180154,9932be9fa632e6320154cb058c51d8de8edd11beae406e1fa66d14bcd2ec6a90,near-0135,review_candidate_only,False
/Volumes/Jack_Gandy_1TB_SSD/testing-for-NITE-DSP/sample_pack_testing/Mike Shinoda Drums/MPC 1000 Backup/NewFinishesA/PENKCK1.wav,Kick,0.8599148988723755,0.7766415476799011,audio_only_no_name_token,none,0.0,,possibly_one_shot,0.68,0.9891856583021233,299.3210118043887,50.80014937939431,,,review_candidate_only,False
/Volumes/Jack_Gandy_1TB_SSD/testing-for-NITE-DSP/sample_pack_testing/Mike Shinoda Drums/MS BEATS/Auckland2013 Samples/Kick Gamsay 2.wav,Kick,0.8597608804702759,0.7826370000839233,audio_name_agree,low,0.89,Kick,possibly_one_shot,0.68,0.9903143830759216,1456.6081199184066,47.204001943274115,,,review_candidate_only,False
/Volumes/Jack_Gandy_1TB_SSD/testing-for-NITE-DSP/sample_pack_testing/Mike Shinoda Drums/MS BEATS/Aerial Samples/Kick AllOver 2.wav,Kick,0.8597475290298462,0.7922044992446899,audio_name_agree,low,0.89,Kick,possibly_one_shot,0.68,0.9871731941103686,217.33853289268677,44.27341729443252,44462309deae0669277d0cc2ea07d10ef7bc958110313fb2ede579461af65d18,,review_candidate_only,False
/Volumes/Jack_Gandy_1TB_SSD/testing-for-NITE-DSP/sample_pack_testing/Drum Recollection/Official Drum Kit Vol. 1/Kicks/Jeffe Kick .wav,Kick,0.8596595525741577,0.7892343997955322,audio_name_agree,low,0.89,Kick,possibly_sustained,0.55,0.9649678389546712,26.02566488687829,4000.0,,,review_candidate_only,False
/Volumes/Jack_Gandy_1TB_SSD/testing-for-NITE-DSP/sample_pack_testing/Minimal Audio/REFLECT/1 - Drums/2 - Kick /Kick - Beige.wav,Kick,0.8593184351921082,0.7858085036277771,audio_name_agree,low,0.89,Kick,possibly_one_shot,0.68,0.9583372537452943,380.92274585639126,67.11754085578694,,,review_candidate_only,False
/Volumes/Jack_Gandy_1TB_SSD/testing-for-NITE-DSP/sample_pack_testing/Capsun ProAudio - City Pop/One_Shots/Drum_One_Shots/Kicks/CPA_TCP_kick_glitterball.wav,Kick,0.8592658638954163,0.7968882918357849,audio_name_agree,low,0.89,Kick,possibly_one_shot,0.68,0.9889865837252304,177.36543180060374,52.59668951407838,,,review_candidate_only,False
/Volumes/Jack_Gandy_1TB_SSD/testing-for-NITE-DSP/sample_pack_testing/Loaded Samples - Lo-Fi Memphis 2/DRUMS/Kicks & 808s/LFM2_Kick Bitcrush (1) (G).wav,Kick,0.8589417338371277,0.7757939100265503,audio_name_agree,low,0.89,Kick,possibly_one_shot,0.68,0.9877924504855299,265.6875132881785,51.73696760012721,,,review_candidate_only,False
/Volumes/Jack_Gandy_1TB_SSD/testing-for-NITE-DSP/sample_pack_testing/Loaded Samples - Lo-Fi Memphis 2/DRUMS/Kicks & 808s/LFM2_Kick Airy (1) (G).wav,Kick,0.8587962985038757,0.762089729309082,audio_name_agree,low,0.89,Kick,possibly_one_shot,0.68,0.9895469366274385,360.5510581082495,51.05430514993247,,,review_candidate_only,False
/Volumes/Jack_Gandy_1TB_SSD/testing-for-NITE-DSP/sample_pack_testing/Sounds of KSHMR Vol.3/KSHMR_Drums/KSHMR_Kicks/KSHMR_Punchy_Kicks/KSHMR_Punchy_Kick_12_F.wav,Kick,0.8577849864959717,0.7823503613471985,audio_name_agree,low,0.89,Kick,possibly_one_shot,0.68,0.9633210303185399,567.4142942049673,47.957174979867844,,,review_candidate_only,False
/Volumes/Jack_Gandy_1TB_SSD/testing-for-NITE-DSP/sample_pack_testing/Sounds of KSHMR Vol.3/KSHMR_Drums/KSHMR_Kicks/KSHMR_Signature_Kicks/KSHMR_Signature_Kick_20_Strange_Lands_G#.wav,Kick,0.8570969104766846,0.7835973501205444,audio_name_agree,low,0.89,Kick,possibly_one_shot,0.68,0.9791797697791923,1282.9744353713127,51.854165503427936,,,review_candidate_only,False
/Volumes/Jack_Gandy_1TB_SSD/testing-for-NITE-DSP/sample_pack_testing/Organic Drum Kit/3 Claps/Organic - Clap (22).wav,Clap,0.8566546440124512,0.719225287437439,audio_name_agree,low,0.97,Clap,possibly_one_shot,0.68,0.0115563208398597,2063.768100545718,53.57390517427791,,,review_candidate_only,False
/Volumes/Jack_Gandy_1TB_SSD/testing-for-NITE-DSP/sample_pack_testing/Sounds of KSHMR Vol.3/KSHMR_Drums/KSHMR_Kicks/KSHMR_Punchy_Kicks/KSHMR_Punchy_Kick_02_A.wav,Kick,0.8566417098045349,0.7852659821510315,audio_name_agree,low,0.89,Kick,possibly_one_shot,0.68,0.9883948498299477,355.15519796592133,55.46909729580446,,,review_candidate_only,False
/Volumes/Jack_Gandy_1TB_SSD/testing-for-NITE-DSP/sample_pack_testing/Loaded Samples - Lo-Fi Memphis 2/DRUMS/Kicks & 808s/LFM2_Kick A1 (1).wav,Kick,0.8564589023590088,0.7782688140869141,audio_name_agree,low,0.89,Kick,possibly_one_shot,0.68,0.9810397241369355,358.7220297859632,51.24704861380299,,,review_candidate_only,False
/Volumes/Jack_Gandy_1TB_SSD/testing-for-NITE-DSP/sample_pack_testing/Organic Drum Kit/Maschine Kits/Jungle Thump Kit Samples/Organic - Snare (24).wav,Snare,0.856433629989624,0.7733496427536011,audio_name_agree,low,0.87,Snare,possibly_one_shot,0.68,0.750473982287534,1489.2703523095897,4000.0,,near-0199,review_candidate_only,False
/Volumes/Jack_Gandy_1TB_SSD/testing-for-NITE-DSP/sample_pack_testing/Sounds of KSHMR Vol.3/KSHMR_VIP_Friends_of_KSHMR/ZEDD/ZEDD_Kick_02.wav,Kick,0.856402575969696,0.7505844235420227,audio_name_agree,low,0.89,Kick,possibly_one_shot,0.68,0.9767807740895788,633.2062298984761,47.968908999871005,,,review_candidate_only,False
/Volumes/Jack_Gandy_1TB_SSD/testing-for-NITE-DSP/sample_pack_testing/Mike Shinoda Drums/MS BEATS/Denver Samples/Kick Bionic 2.wav,Kick,0.8559287786483765,0.7744024991989136,audio_name_agree,low,0.89,Kick,possibly_one_shot,0.68,0.9800291338015238,426.63876307602555,47.931906922180154,9932be9fa632e6320154cb058c51d8de8edd11beae406e1fa66d14bcd2ec6a90,near-0135,review_candidate_only,False
/Volumes/Jack_Gandy_1TB_SSD/testing-for-NITE-DSP/sample_pack_testing/Sounds of KSHMR Vol.3/KSHMR_Drums/KSHMR_Claps/KSHMR_Regular_Claps/KSHMR_Clap_Wide_Clap_02.wav,Clap,0.8558306097984314,0.7885433435440063,audio_name_agree,low,0.97,Clap,possibly_one_shot,0.68,0.0048399925252816224,2681.948601607979,118.59844883471575,,,review_candidate_only,False
/Volumes/Jack_Gandy_1TB_SSD/testing-for-NITE-DSP/sample_pack_testing/MGF Mega Pack/Analogue Collection/Perc/SP Kicky7.wav,Kick,0.8557391166687012,0.7666276097297668,audio_only_no_name_token,none,0.0,,possibly_one_shot,0.68,0.8030837960824541,443.8551772996271,82.3953555520196,,near-0041,review_candidate_only,False
/Volumes/Jack_Gandy_1TB_SSD/testing-for-NITE-DSP/sample_pack_testing/Sounds of KSHMR Vol.3/KSHMR_Drums/KSHMR_Kicks/KSHMR_Psy_Kicks/KSHMR_Psy_Kick_10_F#.wav,Kick,0.8553107976913452,0.7741524577140808,audio_name_agree,low,0.89,Kick,possibly_one_shot,0.68,0.9652988890115113,448.6071533861645,47.546875819316135,,,review_candidate_only,False
/Volumes/Jack_Gandy_1TB_SSD/testing-for-NITE-DSP/sample_pack_testing/Mike Shinoda Drums/MS BEATS/Invader Samples/Kick Bionic 2.wav,Kick,0.8549511432647705,0.7722376585006714,audio_name_agree,low,0.89,Kick,possibly_one_shot,0.68,0.9800291338015238,426.63876307602555,47.931906922180154,9932be9fa632e6320154cb058c51d8de8edd11beae406e1fa66d14bcd2ec6a90,near-0135,review_candidate_only,False
/Volumes/Jack_Gandy_1TB_SSD/testing-for-NITE-DSP/sample_pack_testing/Drum Recollection/Official Drum Kit Vol. 1/Kicks/Rackz 2.0 Kick .wav,Kick,0.8547682762145996,0.7755535244941711,audio_name_agree,low,0.89,Kick,mixed_or_uncertain_form,0.35,0.9642925415647874,80.69577496554275,4000.0,,,review_candidate_only,False
/Volumes/Jack_Gandy_1TB_SSD/testing-for-NITE-DSP/sample_pack_testing/Organic Drum Kit/3 Claps/Organic - Clap (29).wav,Clap,0.854509711265564,0.7130985260009766,audio_name_agree,low,0.97,Clap,possibly_one_shot,0.68,0.001724274523361757,2277.421491101994,60.64834738199937,,,review_candidate_only,False
/Volumes/Jack_Gandy_1TB_SSD/testing-for-NITE-DSP/sample_pack_testing/Sounds of KSHMR Vol.3/KSHMR_Drums/KSHMR_Kicks/KSHMR_Hip_Hop_kicks/KSHMR_Chest_Kicks/KSHMR_Chest_Kick_02.wav,Kick,0.8542989492416382,0.78347247838974,audio_name_agree,low,0.89,Kick,possibly_one_shot,0.68,0.9801933020151303,182.7959031188819,60.80887436936627,,,review_candidate_only,False
/Volumes/Jack_Gandy_1TB_SSD/testing-for-NITE-DSP/sample_pack_testing/Sounds of KSHMR Vol.3/KSHMR_Drums/KSHMR_Kicks/KSHMR_Signature_Kicks/KSHMR_Signature_Kick_24_Underwater_C#.wav,Kick,0.8541837334632874,0.7766505479812622,audio_name_agree,low,0.89,Kick,possibly_one_shot,0.68,0.9659228223207704,573.0459040947505,42.80294076151189,,,review_candidate_only,False
/Volumes/Jack_Gandy_1TB_SSD/testing-for-NITE-DSP/sample_pack_testing/MGF Mega Pack/Misc + Found Sound/Abstract Hits/MGF-DigiHits-53.wav,Kick,0.8540368676185608,0.771440327167511,audio_only_no_name_token,none,0.0,,possibly_one_shot,0.68,0.803083849271979,443.85564383061677,82.3953508438415,,near-0041,review_candidate_only,False
/Volumes/Jack_Gandy_1TB_SSD/testing-for-NITE-DSP/sample_pack_testing/Drum Recollection/New Wave Drum Kit Vol. 1/New Wave Drum Kit/Kicks/Draco Kick .wav,Kick,0.8538541197776794,0.7655543684959412,audio_name_agree,low,0.89,Kick,possibly_sustained,0.55,0.9739152618159859,790.5126566036283,3487.879904647002,,,review_candidate_only,False
/Volumes/Jack_Gandy_1TB_SSD/testing-for-NITE-DSP/sample_pack_testing/Mike Shinoda Drums/MS BEATS/Gadd9 Drums Samples/Kick 909 6.wav,Kick,0.8535948991775513,0.7975349426269531,audio_name_agree,low,0.89,Kick,possibly_one_shot,0.68,0.9949125995148513,199.5551921921087,53.43402667753112,6caa8f9331ced0a6b46c04b45807a830d9a16fb8c308e18b9589b4a0892b320c,near-0146,review_candidate_only,False
/Volumes/Jack_Gandy_1TB_SSD/testing-for-NITE-DSP/sample_pack_testing/Mike Shinoda Drums/MS BEATS/Victimized Remix Samples/BD_808Thudd1_H3500Fat.wav,Kick,0.8535857796669006,0.7735102772712708,audio_name_agree,low,1.0,Kick,possibly_one_shot,0.68,0.9915995716037944,203.76615054173675,55.91040601511549,,,review_candidate_only,False
/Volumes/Jack_Gandy_1TB_SSD/testing-for-NITE-DSP/sample_pack_testing/Mike Shinoda Drums/MS BEATS/Water Taxi Samples/B54-PiSh_01.L.wav,Kick,0.8527942895889282,0.7577691674232483,audio_only_no_name_token,none,0.0,,mixed_or_uncertain_form,0.35,0.9919091848119237,882.6489783842851,1803.3169609381255,fbe2d88e49ebe3fa92137e82524ccf54e8cf8eb1bbfc0445e8660703fd710d15,near-0048,review_candidate_only,False
/Volumes/Jack_Gandy_1TB_SSD/testing-for-NITE-DSP/sample_pack_testing/Mike Shinoda Drums/MPC 1000 Backup/Beat Bits 2/B54-PiSh_01.L.wav,Kick,0.8524953722953796,0.7585780620574951,audio_only_no_name_token,none,0.0,,mixed_or_uncertain_form,0.35,0.9919091848119237,882.6489783842851,1803.3169609381255,fbe2d88e49ebe3fa92137e82524ccf54e8cf8eb1bbfc0445e8660703fd710d15,near-0048,review_candidate_only,False
/Volumes/Jack_Gandy_1TB_SSD/testing-for-NITE-DSP/sample_pack_testing/Sounds of KSHMR Vol.3/KSHMR_Drums/KSHMR_Kicks/KSHMR_Signature_Kicks/KSHMR_Signature_Kick_09_Harder_A#.wav,Kick,0.8524804711341858,0.7780298590660095,audio_name_agree,low,0.89,Kick,possibly_one_shot,0.68,0.982718669311628,994.8606789081899,51.26593853797741,,,review_candidate_only,False
/Volumes/Jack_Gandy_1TB_SSD/testing-for-NITE-DSP/sample_pack_testing/Sounds of KSHMR Vol.3/KSHMR_Drums/KSHMR_Kicks/KSHMR_Hip_Hop_kicks/KSHMR_Thump_Kicks/KSHMR_Thump_Kick_06.wav,Kick,0.8517476320266724,0.7487735152244568,audio_name_agree,low,0.89,Kick,possibly_one_shot,0.68,0.9772707369881831,150.8480516991121,46.779519978151846,,,review_candidate_only,False
/Volumes/Jack_Gandy_1TB_SSD/testing-for-NITE-DSP/sample_pack_testing/Mike Shinoda Drums/MS BEATS/Andes Samples/Kick AllOver 2.wav,Kick,0.8515201807022095,0.7730726003646851,audio_name_agree,low,0.89,Kick,possibly_one_shot,0.68,0.9871731941103686,217.33853289268677,44.27341729443252,44462309deae0669277d0cc2ea07d10ef7bc958110313fb2ede579461af65d18,,review_candidate_only,False
/Volumes/Jack_Gandy_1TB_SSD/testing-for-NITE-DSP/sample_pack_testing/Sounds of KSHMR Vol.3/KSHMR_Drums/KSHMR_Kicks/KSHMR_Punchy_Kicks/KSHMR_Punchy_Kick_25_F#.wav,Kick,0.8510557413101196,0.7865614891052246,audio_name_agree,low,0.89,Kick,possibly_one_shot,0.68,0.9553426579384666,377.7212371372904,50.38972275624753,,,review_candidate_only,False
/Volumes/Jack_Gandy_1TB_SSD/testing-for-NITE-DSP/sample_pack_testing/Drum Recollection/Essentials Drumkit Vol. 002/Kicks/WTFIT Kick.wav,Kick,0.850852370262146,0.8022573590278625,audio_name_agree,low,0.89,Kick,possibly_one_shot,0.68,0.9649613613054855,198.19056378540293,50.6455729293202,,,review_candidate_only,False
/Volumes/Jack_Gandy_1TB_SSD/testing-for-NITE-DSP/sample_pack_testing/Old Movies 1 - Vintage Collection (Drum Kit)/Snares/Snare 23.wav,Snare,0.850684404373169,0.7478455305099487,audio_name_agree,low,0.87,Snare,possibly_one_shot,0.68,0.36327958239464797,2910.043569051853,235.02403999638088,,,review_candidate_only,False
/Volumes/Jack_Gandy_1TB_SSD/testing-for-NITE-DSP/sample_pack_testing/Sounds of KSHMR Vol.3/KSHMR_Drums/KSHMR_Kicks/KSHMR_Punchy_Kicks/KSHMR_Punchy_Kick_36_G_Soft.wav,Kick,0.8499891757965088,0.7767100930213928,audio_name_agree,low,0.89,Kick,possibly_one_shot,0.68,0.9836200151371753,359.39581732967844,45.850967997671766,,,review_candidate_only,False
/Volumes/Jack_Gandy_1TB_SSD/testing-for-NITE-DSP/sample_pack_testing/Drum Recollection/Official Drum Kit Vol. 1/Kicks/MacBook Kick .wav,Kick,0.8499516248703003,0.7672280073165894,audio_name_agree,low,0.89,Kick,mixed_or_uncertain_form,0.35,0.97629632109772,1099.9325663852655,4000.0,,,review_candidate_only,False
/Volumes/Jack_Gandy_1TB_SSD/testing-for-NITE-DSP/sample_pack_testing/Old Movies 1 - Vintage Collection (Drum Kit)/Kicks/Kick 23.wav,Kick,0.8498940467834473,0.7774426937103271,audio_name_agree,low,0.89,Kick,possibly_one_shot,0.68,0.9634799370257688,206.86329807591605,53.35211322186787,,,review_candidate_only,False
/Volumes/Jack_Gandy_1TB_SSD/testing-for-NITE-DSP/sample_pack_testing/Old Movies 1 - Vintage Collection (Drum Kit)/Kicks/Kick 34.wav,Kick,0.8483080863952637,0.7729718089103699,audio_name_agree,low,0.89,Kick,possibly_one_shot,0.68,0.9793693485621533,325.1325297217704,2043.366827196062,,,review_candidate_only,False
/Volumes/Jack_Gandy_1TB_SSD/testing-for-NITE-DSP/sample_pack_testing/Old Movies 1 - Vintage Collection (Drum Kit)/Kicks/Kick 17.wav,Kick,0.848036527633667,0.7794585824012756,audio_name_agree,low,0.89,Kick,possibly_one_shot,0.68,0.9778211945663939,181.48558333457382,41.03732983885385,,,review_candidate_only,False
/Volumes/Jack_Gandy_1TB_SSD/testing-for-NITE-DSP/sample_pack_testing/Sounds of KSHMR Vol.3/KSHMR_Drums/KSHMR_Kicks/KSHMR_Psy_Kicks/KSHMR_Psy_Kick_01_A.wav,Kick,0.8480280041694641,0.7633007168769836,audio_name_agree,low,0.89,Kick,possibly_one_shot,0.68,0.9169802754776857,570.6916974274161,65.34900782097162,,,review_candidate_only,False
/Volumes/Jack_Gandy_1TB_SSD/testing-for-NITE-DSP/sample_pack_testing/Organic Drum Kit/1 Kicks/Organic - Kick (10).wav,Kick,0.8477887511253357,0.7957497835159302,audio_name_agree,low,0.89,Kick,possibly_one_shot,0.68,0.9901261916356845,652.6985318544115,61.71508866058615,,,review_candidate_only,False
/Volumes/Jack_Gandy_1TB_SSD/testing-for-NITE-DSP/sample_pack_testing/Sounds of KSHMR Vol.3/KSHMR_Drums/KSHMR_Kicks/KSHMR_Psy_Kicks/KSHMR_Psy_Kick_06_B.wav,Kick,0.8476976156234741,0.7597883939743042,audio_name_agree,low,0.89,Kick,possibly_one_shot,0.68,0.9691924706362071,587.5670480344294,72.50250830569924,,,review_candidate_only,False
/Volumes/Jack_Gandy_1TB_SSD/testing-for-NITE-DSP/sample_pack_testing/Black Octopus Sound - Pure Analog Sweeps IV (2021)/Xtra One Shots/Diamaudix_Audio_PAS_IV_Kick_F_01.wav,Kick,0.8476548194885254,0.8055466413497925,audio_name_agree,low,0.89,Kick,possibly_one_shot,0.68,0.9838310814091035,380.13967308706856,50.69875744322708,,,review_candidate_only,False
/Volumes/Jack_Gandy_1TB_SSD/testing-for-NITE-DSP/sample_pack_testing/Mike Shinoda Drums/MS BEATS/Recharged Samples/Kick JumpRope 2.wav,Kick,0.8476288318634033,0.7836605906486511,audio_name_agree,low,0.89,Kick,possibly_one_shot,0.68,0.9965814150018858,229.2545256251685,40.28627154967075,,,review_candidate_only,False
/Volumes/Jack_Gandy_1TB_SSD/testing-for-NITE-DSP/sample_pack_testing/Drum Recollection/Official Drum Kit Vol. 2/Kicks/Hard Pi'erre Kick.wav,Kick,0.8473079800605774,0.7886488437652588,audio_name_agree,low,0.89,Kick,mixed_or_uncertain_form,0.35,0.9690245684954627,43.79281479565726,4000.0,,,review_candidate_only,False
/Volumes/Jack_Gandy_1TB_SSD/testing-for-NITE-DSP/sample_pack_testing/Mike Shinoda Drums/MPC 1000 Backup/DRE SAMPLES/KIK_MPS.wav,Kick,0.8468368053436279,0.7590023279190063,audio_name_agree,medium,0.6,Kick,possibly_one_shot,0.68,0.9962638589590316,1301.4885974139502,62.70327089555212,,near-0052,review_candidate_only,False
/Volumes/Jack_Gandy_1TB_SSD/testing-for-NITE-DSP/sample_pack_testing/Sounds of KSHMR Vol.3/KSHMR_Drums/KSHMR_Kicks/KSHMR_Punchy_Kicks/KSHMR_Punchy_Kick_05_D#.wav,Kick,0.8465004563331604,0.7741187214851379,audio_name_agree,low,0.89,Kick,possibly_one_shot,0.68,0.8289444861716222,550.6747446598479,51.804522700051194,,,review_candidate_only,False
/Volumes/Jack_Gandy_1TB_SSD/testing-for-NITE-DSP/sample_pack_testing/Loaded Samples - Lo-Fi Memphis 2/DRUMS/Snares/LFM2_Snare 808 #2 (2).wav,Snare,0.8464929461479187,0.7491480708122253,audio_name_agree,low,0.87,808;Snare,possibly_one_shot,0.68,0.14786668981516427,3813.6939158749574,126.0435668262046,,,review_candidate_only,False
/Volumes/Jack_Gandy_1TB_SSD/testing-for-NITE-DSP/sample_pack_testing/Breaks/Gems From The Crates/Claps/AKT-CLP-A005_bip.wav,Clap,0.8463335633277893,0.7392326593399048,audio_name_agree,low,1.0,Clap,possibly_one_shot,0.68,0.008258634369255315,1781.533033255969,127.25498907355384,,,review_candidate_only,False
/Volumes/Jack_Gandy_1TB_SSD/testing-for-NITE-DSP/sample_pack_testing/Old Movies 1 - Vintage Collection (Drum Kit)/Kicks/Kick 22.wav,Kick,0.8461287021636963,0.7718989849090576,audio_name_agree,low,0.89,Kick,possibly_one_shot,0.68,0.9869411552544834,92.20842939084628,40.0,,,review_candidate_only,False
/Volumes/Jack_Gandy_1TB_SSD/testing-for-NITE-DSP/sample_pack_testing/Sounds of KSHMR Vol.3/KSHMR_Drums/KSHMR_Claps/KSHMR_Natural_Hand_Claps/KSHMR_Stacks/KSHMR_Human_Stack_Clap_02_Horse.wav,Clap,0.8452078104019165,0.7143330574035645,audio_name_agree,low,0.97,Clap,possibly_one_shot,0.68,0.0007573778410057767,2321.5685507126827,889.8407214931598,,,review_candidate_only,False
/Volumes/Jack_Gandy_1TB_SSD/testing-for-NITE-DSP/sample_pack_testing/Sounds of KSHMR Vol.3/KSHMR_Drums/KSHMR_Claps/KSHMR_Natural_Hand_Claps/KSHMR_Single_Claps/KSHMR_Human_Single_Clap_12.wav,Clap,0.8450391292572021,0.7916902899742126,audio_name_agree,low,0.97,Clap,possibly_one_shot,0.68,0.001041985006403395,2597.6513894413492,78.81116530347667,,,review_candidate_only,False
/Volumes/Jack_Gandy_1TB_SSD/testing-for-NITE-DSP/sample_pack_testing/Mike Shinoda Drums/MS BEATS/Horizons Samples/Kick Greedy.wav,Kick,0.8446191549301147,0.8206003308296204,audio_name_agree,low,0.89,Kick,possibly_one_shot,0.68,0.9917165464708123,436.97498308444204,42.658526842289355,,,review_candidate_only,False
/Volumes/Jack_Gandy_1TB_SSD/testing-for-NITE-DSP/sample_pack_testing/Mike Shinoda Drums/MS BEATS/Gyoza Samples/Kick 909 6.wav,Kick,0.8445709347724915,0.7940752506256104,audio_name_agree,low,0.89,Kick,possibly_one_shot,0.68,0.9949125995148513,199.5551921921087,53.43402667753112,6caa8f9331ced0a6b46c04b45807a830d9a16fb8c308e18b9589b4a0892b320c,near-0146,review_candidate_only,False
/Volumes/Jack_Gandy_1TB_SSD/testing-for-NITE-DSP/sample_pack_testing/Loaded Samples - Lo-Fi Memphis 2/DRUMS/Kicks & 808s/LFM2_808 Kick (1) (G).wav,Kick,0.8434196710586548,0.7426661849021912,audio_name_agree,low,0.89,808;Kick,possibly_one_shot,0.68,0.9904993354037115,536.6345930194716,53.32445546532046,,,review_candidate_only,False
/Volumes/Jack_Gandy_1TB_SSD/testing-for-NITE-DSP/sample_pack_testing/Drum Recollection/Official Drum Kit Vol. 2/Kicks/Pain Kick.wav,Kick,0.8424674272537231,0.7585186958312988,audio_name_agree,low,0.89,Kick,mixed_or_uncertain_form,0.35,0.945008961206099,320.2564003686992,4000.0,,,review_candidate_only,False
/Volumes/Jack_Gandy_1TB_SSD/testing-for-NITE-DSP/sample_pack_testing/Drum Recollection/New Wave Drum Kit Vol. 1/New Wave Drum Kit/Kicks/Rackity Kick  .wav,Kick,0.842243492603302,0.7582628130912781,audio_name_agree,low,0.89,Kick,possibly_sustained,0.55,0.9811050036228486,794.2401944596926,3487.508304782181,,,review_candidate_only,False
/Volumes/Jack_Gandy_1TB_SSD/testing-for-NITE-DSP/sample_pack_testing/Sounds of KSHMR Vol.3/KSHMR_Drums/KSHMR_Kicks/KSHMR_Signature_Kicks/KSHMR_Signature_Kick_16_Mandala_E.wav,Kick,0.8418464660644531,0.7532050609588623,audio_name_agree,low,0.89,Kick,possibly_one_shot,0.68,0.9719096821798421,378.0996870705414,49.55152352313214,,,review_candidate_only,False
/Volumes/Jack_Gandy_1TB_SSD/testing-for-NITE-DSP/sample_pack_testing/Organic Drum Kit/1 Kicks/Organic - Kick (15).wav,Kick,0.8416423201560974,0.7816159129142761,audio_name_agree,low,0.89,Kick,possibly_one_shot,0.68,0.9739889806488552,1004.0612466121589,2296.227743372196,,,review_candidate_only,False
/Volumes/Jack_Gandy_1TB_SSD/testing-for-NITE-DSP/sample_pack_testing/Sounds of KSHMR Vol.3/KSHMR_Drums/KSHMR_Claps/KSHMR_Pre-Shifted_Claps/KSHMR_Pre_Shifted_Clap_16.wav,Clap,0.8412694931030273,0.7893211245536804,audio_name_agree,low,0.97,Clap,possibly_one_shot,0.68,0.0025246447313645153,2525.986948702945,55.21930584027979,,,review_candidate_only,False
/Volumes/Jack_Gandy_1TB_SSD/testing-for-NITE-DSP/sample_pack_testing/Loaded Samples - Lo-Fi Memphis 2/DRUMS/Kicks & 808s/LFM2_Kick 909 Reg (2) (G).wav,Kick,0.8411479592323303,0.7697489261627197,audio_name_agree,low,0.89,Kick,mixed_or_uncertain_form,0.35,0.9946505627377378,278.9789903512247,49.02605272844582,,,review_candidate_only,False
/Volumes/Jack_Gandy_1TB_SSD/testing-for-NITE-DSP/sample_pack_testing/Sounds of KSHMR Vol.3/KSHMR_Drums/KSHMR_Kicks/KSHMR_Punchy_Kicks/KSHMR_Punchy_Kick_20_F.wav,Kick,0.8402319550514221,0.7668827176094055,audio_name_agree,low,0.89,Kick,possibly_one_shot,0.68,0.9695002901225968,285.2472153492353,41.09521638465873,,,review_candidate_only,False
/Volumes/Jack_Gandy_1TB_SSD/testing-for-NITE-DSP/sample_pack_testing/Capsun ProAudio - City Pop/One_Shots/Drum_One_Shots/Kicks/CPA_TCP_kick_romantics.wav,Kick,0.8400071859359741,0.7814671993255615,audio_name_agree,low,0.89,Kick,possibly_one_shot,0.68,0.990229965075673,216.4660324393817,52.573845386808415,,,review_candidate_only,False
/Volumes/Jack_Gandy_1TB_SSD/testing-for-NITE-DSP/sample_pack_testing/Mike Shinoda Drums/MS BEATS/Slammie Samples/Kick Absynth B 1.wav,Kick,0.839758574962616,0.7621660232543945,audio_name_agree,low,0.89,Kick,possibly_one_shot,0.68,0.9904692055418253,163.5038788124054,51.89429305644852,,,review_candidate_only,False
/Volumes/Jack_Gandy_1TB_SSD/testing-for-NITE-DSP/sample_pack_testing/Mike Shinoda Drums/MPC 1000 Backup/NEPTUNES SAMPLES/KIK lo serious.wav,Kick,0.8388389348983765,0.7466877698898315,audio_name_agree,medium,0.6,Kick,possibly_one_shot,0.68,0.9505285358495551,727.5831133181218,42.7121683909685,d2ab31c3a51b62473ca6cae6b606279c5e284e5a51ad2513ceea40064123db3f,near-0079,review_candidate_only,False
/Volumes/Jack_Gandy_1TB_SSD/testing-for-NITE-DSP/sample_pack_testing/Mike Shinoda Drums/MPC 1000 Backup/neptunes/KIK lo serious.wav,Kick,0.8388389348983765,0.7466877698898315,audio_name_agree,medium,0.6,Kick,possibly_one_shot,0.68,0.9505285358495551,727.5831133181218,42.7121683909685,d2ab31c3a51b62473ca6cae6b606279c5e284e5a51ad2513ceea40064123db3f,near-0079,review_candidate_only,False
/Volumes/Jack_Gandy_1TB_SSD/testing-for-NITE-DSP/sample_pack_testing/Minimal Audio/REFLECT/1 - Drums/2 - Kick /Kick - Sand.wav,Kick,0.8384164571762085,0.7734322547912598,audio_name_agree,low,0.89,Kick,possibly_one_shot,0.68,0.9897321970337041,362.8662058377035,53.11575336697771,,,review_candidate_only,False
/Volumes/Jack_Gandy_1TB_SSD/testing-for-NITE-DSP/sample_pack_testing/Mike Shinoda Drums/MPC 1000 Backup/DRE SAMPLES/KIK_BLP.wav,Kick,0.8383652567863464,0.7635611295700073,audio_name_agree,medium,0.6,Kick,possibly_one_shot,0.68,0.9960587116828905,1240.6822930056164,69.45012547409215,,near-0052,review_candidate_only,False
/Volumes/Jack_Gandy_1TB_SSD/testing-for-NITE-DSP/sample_pack_testing/Old Movies 1 - Vintage Collection (Drum Kit)/Kicks/Kick 13.wav,Kick,0.8382847905158997,0.7758617997169495,audio_name_agree,low,0.89,Kick,possibly_one_shot,0.68,0.9357741311532558,438.1006206259443,40.0,,,review_candidate_only,False
/Volumes/Jack_Gandy_1TB_SSD/testing-for-NITE-DSP/sample_pack_testing/Mike Shinoda Drums/MS BEATS/Castle Of Glass Remix2 Samples/Kick Paper.wav,Kick,0.8381754159927368,0.7564160227775574,audio_name_agree,low,0.89,Kick,possibly_one_shot,0.68,0.9223946349670287,152.7882361015602,50.79378509374428,,,review_candidate_only,False
/Volumes/Jack_Gandy_1TB_SSD/testing-for-NITE-DSP/sample_pack_testing/Minimal Audio/ELEMENT/1 - Drums/2 - Kick/Kick - Batter.wav,Kick,0.8380518555641174,0.7756427526473999,audio_name_agree,low,0.89,Kick,mixed_or_uncertain_form,0.35,0.9567687491421271,120.00424729590983,40.0,,,review_candidate_only,False
/Volumes/Jack_Gandy_1TB_SSD/testing-for-NITE-DSP/sample_pack_testing/Loaded Samples - Lo-Fi Memphis 2/DRUMS/Snares/LFM2_Snare 808 Hi (1).wav,Snare,0.837812602519989,0.7555468678474426,audio_name_agree,low,0.87,808;Snare,possibly_one_shot,0.68,0.0244407967392991,3828.033309980066,81.44017984039618,,,review_candidate_only,False
/Volumes/Jack_Gandy_1TB_SSD/testing-for-NITE-DSP/sample_pack_testing/Old Movies 1 - Vintage Collection (Drum Kit)/Kicks/Kick 25.wav,Kick,0.8376954197883606,0.7600510120391846,audio_name_agree,low,0.89,Kick,mixed_or_uncertain_form,0.35,0.9576180076350185,182.6871358652371,47.62291081366169,,,review_candidate_only,False
/Volumes/Jack_Gandy_1TB_SSD/testing-for-NITE-DSP/sample_pack_testing/Organic Drum Kit/Maschine Kits/Sun Tzu Kit Samples/Organic - Snare (5).wav,Snare,0.8375983834266663,0.7393602132797241,audio_name_agree,low,0.87,Snare,possibly_one_shot,0.68,0.4913499555576872,1815.5988152546463,46.008250443728706,,near-0200,review_candidate_only,False
/Volumes/Jack_Gandy_1TB_SSD/testing-for-NITE-DSP/sample_pack_testing/Organic Drum Kit/Maschine Kits/Imagination Kit Samples/Organic - Kick (30).wav,Kick,0.8373479843139648,0.7566437721252441,audio_name_agree,low,0.89,Kick,possibly_one_shot,0.68,0.9925808772174126,197.25503568390027,4000.0,,,review_candidate_only,False
/Volumes/Jack_Gandy_1TB_SSD/testing-for-NITE-DSP/sample_pack_testing/Mike Shinoda Drums/MS BEATS/Dance Rock Samples/Snare Gold 5.wav,Snare,0.8371354341506958,0.7373749613761902,audio_name_agree,low,0.87,Snare,possibly_one_shot,0.68,0.7381761944280866,2901.141605849958,198.48087568703875,afd26fb2a9c87205ed96a2f8ca7cc15e4a27d56899f92aee52be5bb3b2328796,,review_candidate_only,False
/Volumes/Jack_Gandy_1TB_SSD/testing-for-NITE-DSP/sample_pack_testing/Mike Shinoda Drums/MPC 1000 Backup/MPC1000 FILES/PABLO/3briwilkic4.WAV,Kick,0.8370718359947205,0.7395615577697754,audio_only_no_name_token,none,0.0,,mixed_or_uncertain_form,0.35,0.982921695621346,199.566561936268,44.33054957399963,,,review_candidate_only,False
/Volumes/Jack_Gandy_1TB_SSD/testing-for-NITE-DSP/sample_pack_testing/Sounds of KSHMR Vol.3/KSHMR_Drums/KSHMR_Kicks/KSHMR_Punchy_Kicks/KSHMR_Punchy_Kick_16_F.wav,Kick,0.8369742035865784,0.7591631412506104,audio_name_agree,low,0.89,Kick,possibly_one_shot,0.68,0.9499986149937143,395.0564656486728,49.101772450822395,,,review_candidate_only,False
/Volumes/Jack_Gandy_1TB_SSD/testing-for-NITE-DSP/sample_pack_testing/Organic Drum Kit/1 Kicks/Organic - Kick (4).wav,Kick,0.8359858393669128,0.7406855225563049,audio_name_agree,low,0.89,Kick,possibly_one_shot,0.68,0.9924491274530054,943.0440642731052,59.950693691023034,,,review_candidate_only,False
/Volumes/Jack_Gandy_1TB_SSD/testing-for-NITE-DSP/sample_pack_testing/Sounds of KSHMR Vol.3/KSHMR_Drums/KSHMR_Kicks/KSHMR_Punchy_Kicks/KSHMR_Punchy_Kick_09_E.wav,Kick,0.835952877998352,0.7654501795768738,audio_name_agree,low,0.89,Kick,possibly_one_shot,0.68,0.9374967593490228,640.5918290283569,45.82959390203182,,,review_candidate_only,False
/Volumes/Jack_Gandy_1TB_SSD/testing-for-NITE-DSP/sample_pack_testing/Sounds of KSHMR Vol.3/KSHMR_Drums/KSHMR_Kicks/KSHMR_Psy_Kicks/KSHMR_Psy_Kick_12_F#.wav,Kick,0.8357575535774231,0.755269467830658,audio_name_agree,low,0.89,Kick,possibly_one_shot,0.68,0.9843854816771062,443.42092611676065,50.94128145248837,,,review_candidate_only,False
/Volumes/Jack_Gandy_1TB_SSD/testing-for-NITE-DSP/sample_pack_testing/Organic Drum Kit/3 Claps/Organic - Clap (30).wav,Clap,0.8357117772102356,0.7139468193054199,audio_name_agree,low,0.97,Clap,mixed_or_uncertain_form,0.35,0.0006273427076031771,2197.5827641208803,71.03973788188932,,,review_candidate_only,False
/Volumes/Jack_Gandy_1TB_SSD/testing-for-NITE-DSP/sample_pack_testing/Breaks/Gems From The Crates/Claps/AKT-CLP-A013_bip.wav,Clap,0.8353474736213684,0.7434016466140747,audio_name_agree,low,1.0,Clap,possibly_one_shot,0.68,4.007144911404851e-05,2669.3517375889755,98.36667737170566,,,review_candidate_only,False
/Volumes/Jack_Gandy_1TB_SSD/testing-for-NITE-DSP/sample_pack_testing/Old Movies 1 - Vintage Collection (Drum Kit)/Kicks/Kick 30.wav,Kick,0.8350549340248108,0.7741013169288635,audio_name_agree,low,0.89,Kick,possibly_one_shot,0.68,0.9589900203584192,211.09479083989555,40.0,,,review_candidate_only,False
/Volumes/Jack_Gandy_1TB_SSD/testing-for-NITE-DSP/sample_pack_testing/Capsun ProAudio - City Pop/One_Shots/Drum_One_Shots/Kicks/CPA_TCP_kick_dirty_dancers.wav,Kick,0.8345988392829895,0.7547346949577332,audio_name_agree,low,0.89,Kick,possibly_one_shot,0.68,0.9775976162464427,266.64405246808894,44.743527920468,,,review_candidate_only,False
/Volumes/Jack_Gandy_1TB_SSD/testing-for-NITE-DSP/sample_pack_testing/Organic Drum Kit/2 Snares/Organic - Snare (5).wav,Snare,0.8344236016273499,0.7372440099716187,audio_name_agree,low,0.87,Snare,possibly_one_shot,0.68,0.4913499555576872,1815.5988152546463,46.008250443728706,,near-0200,review_candidate_only,False
/Volumes/Jack_Gandy_1TB_SSD/testing-for-NITE-DSP/sample_pack_testing/Drum Recollection/Official Drum Kit Vol. 2/Kicks/Owen Starlight Kick.wav,Kick,0.8342107534408569,0.743733823299408,audio_name_agree,low,0.89,Kick,possibly_one_shot,0.68,0.9795626584623341,106.72287650889291,4000.0,,near-0036,review_candidate_only,False
/Volumes/Jack_Gandy_1TB_SSD/testing-for-NITE-DSP/sample_pack_testing/Minimal Audio/REFLECT/1 - Drums/2 - Kick /Kick - Topaz.wav,Kick,0.8339273929595947,0.7831065654754639,audio_name_agree,low,0.89,Kick,possibly_one_shot,0.68,0.9700510812655678,184.56672389124452,41.21572769930721,,,review_candidate_only,False
/Volumes/Jack_Gandy_1TB_SSD/testing-for-NITE-DSP/sample_pack_testing/Sounds of KSHMR Vol.3/KSHMR_Drums/KSHMR_Claps/KSHMR_Pre-Shifted_Claps/KSHMR_Pre_Shifted_Clap_29.wav,Clap,0.833905041217804,0.7306643128395081,audio_name_agree,low,0.97,Clap,possibly_one_shot,0.68,0.008003329222848327,3446.7270460422296,129.75845314965716,,,review_candidate_only,False
/Volumes/Jack_Gandy_1TB_SSD/testing-for-NITE-DSP/sample_pack_testing/Organic Drum Kit/1 Kicks/Organic - Kick (30).wav,Kick,0.833733856678009,0.7556858658790588,audio_name_agree,low,0.89,Kick,possibly_one_shot,0.68,0.9925808772174126,197.25503568390027,4000.0,,,review_candidate_only,False
/Volumes/Jack_Gandy_1TB_SSD/testing-for-NITE-DSP/sample_pack_testing/Sounds of KSHMR Vol.3/KSHMR_Drums/KSHMR_Kicks/KSHMR_Signature_Kicks/KSHMR_Signature_Kick_02_Carry_Me_Home_A.wav,Kick,0.8333771824836731,0.7498524785041809,audio_name_agree,low,0.89,Kick,possibly_one_shot,0.68,0.9511139956758321,734.662648843502,46.20189706264213,,,review_candidate_only,False
/Volumes/Jack_Gandy_1TB_SSD/testing-for-NITE-DSP/sample_pack_testing/Sounds of KSHMR Vol.3/KSHMR_Drums/KSHMR_Kicks/KSHMR_Punchy_Kicks/KSHMR_Punchy_Kick_22_F#.wav,Kick,0.8333597779273987,0.7629698514938354,audio_name_agree,low,0.89,Kick,possibly_one_shot,0.68,0.9258753650526045,242.82726947202326,46.64823637106309,,,review_candidate_only,False
/Volumes/Jack_Gandy_1TB_SSD/testing-for-NITE-DSP/sample_pack_testing/Sounds of KSHMR Vol.3/KSHMR_Drums/KSHMR_Kicks/KSHMR_Signature_Kicks/KSHMR_Signature_Kick_01_Back_To_Me_C.wav,Kick,0.8327167630195618,0.7630026340484619,audio_name_agree,low,0.89,Kick,possibly_one_shot,0.68,0.9791974840192115,561.963765584424,47.34286454198872,,near-0213,review_candidate_only,False
/Volumes/Jack_Gandy_1TB_SSD/testing-for-NITE-DSP/sample_pack_testing/Organic Drum Kit/1 Kicks/Organic - Kick (130).wav,Kick,0.8326926827430725,0.7747763991355896,audio_name_agree,low,0.89,Kick,possibly_one_shot,0.68,0.9751277533624662,615.983289958993,61.784409099776425,,,review_candidate_only,False
/Volumes/Jack_Gandy_1TB_SSD/testing-for-NITE-DSP/sample_pack_testing/Sounds of KSHMR Vol.3/KSHMR_Drums/KSHMR_Kicks/KSHMR_Big_Kicks/KSHMR_Big_Kick_02_D.wav,Kick,0.8326411247253418,0.7707533836364746,audio_name_agree,low,0.89,Kick,mixed_or_uncertain_form,0.35,0.9828895543164774,282.8867716523609,40.0,,,review_candidate_only,False
/Volumes/Jack_Gandy_1TB_SSD/testing-for-NITE-DSP/sample_pack_testing/Organic Electronics 2 J.Views/JVIEWS_studio/JVIEWS_studio_one_shots/JVIEWS_deep_kick_02_trans_hihat.wav,Kick,0.8323766589164734,0.7520502805709839,audio_name_agree,low,0.89,Hi-Hat;Kick,possibly_one_shot,0.68,0.9956521952321626,1189.8249793590132,50.35281394391864,,,review_candidate_only,False
/Volumes/Jack_Gandy_1TB_SSD/testing-for-NITE-DSP/sample_pack_testing/MGF Mega Pack/Misc + Found Sound/Abstract Hits/MGF-DigiHits-125.wav,Kick,0.8323417901992798,0.7347004413604736,audio_only_no_name_token,none,0.0,,possibly_one_shot,0.68,0.8098773346108522,559.907348677762,68.27943150048901,,,review_candidate_only,False
/Volumes/Jack_Gandy_1TB_SSD/testing-for-NITE-DSP/sample_pack_testing/Drum Recollection/Essentials Drum Kit Vol. 001/Kicks/Turn That Velocity Up.wav,Kick,0.8321994543075562,0.7462742924690247,audio_only_no_name_token,none,0.0,,mixed_or_uncertain_form,0.35,0.9815670651070437,72.06253771054678,4000.0,,near-0027,review_candidate_only,False
/Volumes/Jack_Gandy_1TB_SSD/testing-for-NITE-DSP/sample_pack_testing/Loaded Samples - Lo-Fi Memphis 2/DRUMS/Snares/LFM2_Snare 808 #2 (3).wav,Snare,0.8318611979484558,0.7175191044807434,audio_name_agree,low,0.87,808;Snare,possibly_one_shot,0.68,0.24832720017479118,3384.8760813750837,66.9541554564103,,,review_candidate_only,False
/Volumes/Jack_Gandy_1TB_SSD/testing-for-NITE-DSP/sample_pack_testing/Drum Recollection/Official Drum Kit Vol. 1/Kicks/Dragon Ball Kick .wav,Kick,0.8316391706466675,0.7680950164794922,audio_name_agree,low,0.89,Kick,possibly_one_shot,0.68,0.9600474333582015,376.75096802347616,59.495315481896625,,,review_candidate_only,False
/Volumes/Jack_Gandy_1TB_SSD/testing-for-NITE-DSP/sample_pack_testing/Sounds of KSHMR Vol.3/KSHMR_Drums/KSHMR_Kicks/KSHMR_Psy_Kicks/KSHMR_Psy_Kick_03_A#.wav,Kick,0.8313676118850708,0.7696629762649536,audio_name_agree,low,0.89,Kick,possibly_one_shot,0.68,0.9698083179008758,305.9582621562728,61.780159817974436,,,review_candidate_only,False
/Volumes/Jack_Gandy_1TB_SSD/testing-for-NITE-DSP/sample_pack_testing/Sounds of KSHMR Vol.3/KSHMR_Drums/KSHMR_Kicks/KSHMR_Punchy_Kicks/KSHMR_Punchy_Kick_29_F#.wav,Kick,0.8311778903007507,0.7686731815338135,audio_name_agree,low,0.89,Kick,mixed_or_uncertain_form,0.35,0.961649757126898,304.2937233722761,47.46022059399779,,,review_candidate_only,False
/Volumes/Jack_Gandy_1TB_SSD/testing-for-NITE-DSP/sample_pack_testing/Sounds of KSHMR Vol.3/KSHMR_Drums/KSHMR_Kicks/KSHMR_Signature_Kicks/KSHMR_Signature_Kick_04_Festival_of_Lights_D.wav,Kick,0.8311526775360107,0.7607066631317139,audio_name_agree,low,0.89,Kick,possibly_one_shot,0.68,0.9637450624779726,313.3891633009926,44.95478812491753,,,review_candidate_only,False
/Volumes/Jack_Gandy_1TB_SSD/testing-for-NITE-DSP/sample_pack_testing/Mike Shinoda Drums/MS BEATS/Animals Beat Samples/Clap_LastMin2st_SP12R.wav,Clap,0.8310573101043701,0.750679075717926,audio_name_agree,low,0.97,Clap,possibly_one_shot,0.68,0.006312233526951845,2744.409704427124,87.18248451573723,,,review_candidate_only,False
/Volumes/Jack_Gandy_1TB_SSD/testing-for-NITE-DSP/sample_pack_testing/Breaks/Gems From The Crates/Claps/AKT-CLP-A011_bip.wav,Clap,0.8302252888679504,0.770997166633606,audio_name_agree,low,1.0,Clap,possibly_one_shot,0.68,9.388822660124289e-05,2659.3894950381837,46.36840942794396,,,review_candidate_only,False
/Volumes/Jack_Gandy_1TB_SSD/testing-for-NITE-DSP/sample_pack_testing/Old Movies 1 - Vintage Collection (Drum Kit)/Kicks/Kick 14.wav,Kick,0.8298044800758362,0.7726357579231262,audio_name_agree,low,0.89,Kick,possibly_one_shot,0.68,0.9779300530119243,264.2785544221873,63.691035051106184,,,review_candidate_only,False
/Volumes/Jack_Gandy_1TB_SSD/testing-for-NITE-DSP/sample_pack_testing/Mike Shinoda Drums/MS BEATS/Confetti Samples/BD_GoldRing001_MPC60.wav,Kick,0.8296374678611755,0.7532619833946228,audio_name_agree,low,1.0,Kick,possibly_one_shot,0.68,0.9835493265352302,312.13615433999183,80.12859238940327,,,review_candidate_only,False
/Volumes/Jack_Gandy_1TB_SSD/testing-for-NITE-DSP/sample_pack_testing/Sounds of KSHMR Vol.3/KSHMR_Drums/KSHMR_Kicks/KSHMR_Psy_Kicks/KSHMR_Psy_Kick_13_F#.wav,Kick,0.8289093971252441,0.7539913654327393,audio_name_agree,low,0.89,Kick,possibly_one_shot,0.68,0.9484019971867773,383.223724242443,58.4571027725018,,,review_candidate_only,False
/Volumes/Jack_Gandy_1TB_SSD/testing-for-NITE-DSP/sample_pack_testing/Drum Recollection/Essentials Drum Kit Vol. 001/Kicks/Drill Kick Please_.wav,Kick,0.8288605809211731,0.7456410527229309,audio_name_agree,low,0.89,Kick,mixed_or_uncertain_form,0.35,0.9688389115164394,84.35638081579674,4000.0,,,review_candidate_only,False
/Volumes/Jack_Gandy_1TB_SSD/testing-for-NITE-DSP/sample_pack_testing/Organic Drum Kit/1 Kicks/Organic - Kick (29).wav,Kick,0.8288167715072632,0.7636634111404419,audio_name_agree,low,0.89,Kick,possibly_one_shot,0.68,0.9824396997927657,578.3132143101964,77.66706445518867,,,review_candidate_only,False
/Volumes/Jack_Gandy_1TB_SSD/testing-for-NITE-DSP/sample_pack_testing/Sounds of KSHMR Vol.3/KSHMR_Drums/KSHMR_Kicks/KSHMR_Psy_Kicks/KSHMR_Psy_Kick_05_A#.wav,Kick,0.828748345375061,0.7686348557472229,audio_name_agree,low,0.89,Kick,possibly_one_shot,0.68,0.972526369105585,276.14424912851126,61.069457754178956,,,review_candidate_only,False
/Volumes/Jack_Gandy_1TB_SSD/testing-for-NITE-DSP/sample_pack_testing/Organic Drum Kit/1 Kicks/Organic - Kick (152).wav,Kick,0.8286024332046509,0.7130391001701355,audio_name_agree,low,0.89,Kick,possibly_one_shot,0.68,0.9950678754809573,102.56181461753793,4000.0,,,review_candidate_only,False
/Volumes/Jack_Gandy_1TB_SSD/testing-for-NITE-DSP/sample_pack_testing/Mike Shinoda Drums/MS BEATS/Recharged Samples/BD_AlienAnalog008.wav,Kick,0.8282314538955688,0.7749226093292236,audio_name_agree,low,1.0,Kick,possibly_one_shot,0.68,0.9937044103553565,123.26258590572861,50.79124824307352,b441193b944145d5255959c866c96a4fc40b5d197b6dc13148e911a6b4b34f82,,review_candidate_only,False
/Volumes/Jack_Gandy_1TB_SSD/testing-for-NITE-DSP/sample_pack_testing/Mike Shinoda Drums/MS BEATS/Regalia Samples/Kick DriveBy 1.wav,Kick,0.8281244039535522,0.7677801847457886,audio_name_agree,low,0.89,Kick,possibly_one_shot,0.68,0.9830216482151825,175.25716510779966,40.0,,,review_candidate_only,False
/Volumes/Jack_Gandy_1TB_SSD/testing-for-NITE-DSP/sample_pack_testing/Minimal Audio/REFLECT/1 - Drums/2 - Kick /Kick - Grainer.wav,Kick,0.8277139067649841,0.7529994249343872,audio_name_agree,low,0.89,Kick,possibly_one_shot,0.68,0.9857110047681695,343.50788264330026,48.902278042713746,,,review_candidate_only,False
/Volumes/Jack_Gandy_1TB_SSD/testing-for-NITE-DSP/sample_pack_testing/Drum Recollection/Official Drum Kit Vol. 2/Kicks/Diff Kick Okay!.wav,Kick,0.8276550769805908,0.7579308152198792,audio_name_agree,low,0.89,Kick,mixed_or_uncertain_form,0.35,0.9728242638611735,77.75859102344424,4000.0,,,review_candidate_only,False
/Volumes/Jack_Gandy_1TB_SSD/testing-for-NITE-DSP/sample_pack_testing/Loaded Samples - Lo-Fi Memphis 2/DRUMS/Kicks & 808s/LFM2_Kick A1 (2).wav,Kick,0.827595055103302,0.7617416381835938,audio_name_agree,low,0.89,Kick,possibly_one_shot,0.68,0.9933344457158276,584.5428178202596,54.91092809155421,,,review_candidate_only,False
/Volumes/Jack_Gandy_1TB_SSD/testing-for-NITE-DSP/sample_pack_testing/Sounds of KSHMR Vol.3/KSHMR_Drums/KSHMR_Kicks/KSHMR_Punchy_Kicks/KSHMR_Punchy_Kick_10_E.wav,Kick,0.8275885581970215,0.766626238822937,audio_name_agree,low,0.89,Kick,possibly_one_shot,0.68,0.9741542891866122,325.4263029291116,41.47936354168914,,,review_candidate_only,False
/Volumes/Jack_Gandy_1TB_SSD/testing-for-NITE-DSP/sample_pack_testing/Organic Drum Kit/1 Kicks/Organic - Kick (13).wav,Kick,0.8272073268890381,0.7634466886520386,audio_name_agree,low,0.89,Kick,possibly_one_shot,0.68,0.9863980902900279,488.66628248972773,41.69686284968327,,,review_candidate_only,False
/Volumes/Jack_Gandy_1TB_SSD/testing-for-NITE-DSP/sample_pack_testing/MGF Mega Pack/Misc + Found Sound/Abstract Hits/MGF-DigiHits-25.wav,Kick,0.8271508812904358,0.7365931272506714,audio_only_no_name_token,none,0.0,,possibly_one_shot,0.68,0.8767691411593578,328.5726256312132,65.38470673657628,,,review_candidate_only,False
/Volumes/Jack_Gandy_1TB_SSD/testing-for-NITE-DSP/sample_pack_testing/Drum Recollection/Official Drum Kit Vol. 2/Kicks/Hard Rack Kick.wav,Kick,0.8268592953681946,0.7408552765846252,audio_name_agree,low,0.89,Kick,mixed_or_uncertain_form,0.35,0.9793190022347021,75.99909927893628,4000.0,,near-0036,review_candidate_only,False
/Volumes/Jack_Gandy_1TB_SSD/testing-for-NITE-DSP/sample_pack_testing/Mike Shinoda Drums/MS BEATS/Regalia Samples/Kick Downbeat 1.WAV,Kick,0.8267192840576172,0.7538653612136841,audio_name_agree,low,0.89,Kick,possibly_one_shot,0.68,0.993883204180427,330.24869416703206,46.33113964526672,,,review_candidate_only,False
/Volumes/Jack_Gandy_1TB_SSD/testing-for-NITE-DSP/sample_pack_testing/Sounds of KSHMR Vol.3/KSHMR_Drums/KSHMR_Kicks/KSHMR_Punchy_Kicks/KSHMR_Punchy_Kick_30_F#.wav,Kick,0.8266247510910034,0.7898364067077637,audio_name_agree,low,0.89,Kick,possibly_one_shot,0.68,0.9696056242305555,322.94297563975044,46.966536467372606,,,review_candidate_only,False
/Volumes/Jack_Gandy_1TB_SSD/testing-for-NITE-DSP/sample_pack_testing/Drum Recollection/Essentials Drumkit Vol. 002/Kicks/Roland Cloud Kick.wav,Kick,0.8265985250473022,0.7404231429100037,audio_name_agree,low,0.89,Kick,mixed_or_uncertain_form,0.35,0.9784284091057506,76.67697924547291,4000.0,,near-0036,review_candidate_only,False
/Volumes/Jack_Gandy_1TB_SSD/testing-for-NITE-DSP/sample_pack_testing/Old Movies 1 - Vintage Collection (Drum Kit)/Kicks/Kick 2.wav,Kick,0.8264873623847961,0.7315936088562012,audio_name_agree,low,0.89,Kick,possibly_one_shot,0.68,0.9858964859586536,759.1963553222399,62.25615743904566,,,review_candidate_only,False
/Volumes/Jack_Gandy_1TB_SSD/testing-for-NITE-DSP/sample_pack_testing/Sounds of KSHMR Vol.3/KSHMR_VIP_Friends_of_KSHMR/MAURICE_WEST/MAURICE_WEST_Voices_In_My_Head_Kick_G#.wav,Kick,0.8255365490913391,0.7553572654724121,audio_name_agree,low,0.89,Kick,possibly_one_shot,0.68,0.9821193423321777,306.6889091202324,44.856484535657614,,,review_candidate_only,False
/Volumes/Jack_Gandy_1TB_SSD/testing-for-NITE-DSP/sample_pack_testing/Minimal Audio/MICROTECH/2 - One Shots/1 - Kick/Kick - Deep Chunk 1.wav,Kick,0.8242611289024353,0.7890949845314026,audio_name_agree,low,0.89,Kick,possibly_one_shot,0.68,0.9848403364327373,281.1658899651048,47.077659210359826,,,review_candidate_only,False
/Volumes/Jack_Gandy_1TB_SSD/testing-for-NITE-DSP/sample_pack_testing/Sounds of KSHMR Vol.3/KSHMR_Drums/KSHMR_Kicks/KSHMR_Punchy_Kicks/KSHMR_Punchy_Kick_28_F#.wav,Kick,0.8242145776748657,0.7369689345359802,audio_name_agree,low,0.89,Kick,possibly_one_shot,0.68,0.9719543128881579,279.22235759897774,55.74740815787899,,,review_candidate_only,False
/Volumes/Jack_Gandy_1TB_SSD/testing-for-NITE-DSP/sample_pack_testing/Loaded Samples - Lo-Fi Memphis 2/DRUMS/Snares/LFM2_Snare 808 Hi (3).wav,Snare,0.8239147663116455,0.724094808101654,audio_name_agree,low,0.87,808;Snare,possibly_one_shot,0.68,0.026089650474738317,3499.997808887034,56.39848286065754,,,review_candidate_only,False
/Volumes/Jack_Gandy_1TB_SSD/testing-for-NITE-DSP/sample_pack_testing/Drum Recollection/Official Drum Kit Vol. 1/Kicks/N9 Kick .wav,Kick,0.8238389492034912,0.7309988737106323,audio_name_agree,low,0.89,Kick,possibly_sustained,0.55,0.9816317499977727,91.16791030815631,4000.0,,,review_candidate_only,False
/Volumes/Jack_Gandy_1TB_SSD/testing-for-NITE-DSP/sample_pack_testing/Minimal Audio/ELEMENT/1 - Drums/2 - Kick/Kick - Booted.wav,Kick,0.8235975503921509,0.7552098631858826,audio_name_agree,low,0.89,Kick,possibly_one_shot,0.68,0.9835029054902634,176.75497965209925,40.0,,,review_candidate_only,False
/Volumes/Jack_Gandy_1TB_SSD/testing-for-NITE-DSP/sample_pack_testing/Sounds of KSHMR Vol.3/KSHMR_Drums/KSHMR_Kicks/KSHMR_Punchy_Kicks/KSHMR_Punchy_Kick_34_G.wav,Kick,0.8232472538948059,0.7576220631599426,audio_name_agree,low,0.89,Kick,possibly_one_shot,0.68,0.966015934857261,318.7369651796448,49.20522706766648,,,review_candidate_only,False
/Volumes/Jack_Gandy_1TB_SSD/testing-for-NITE-DSP/sample_pack_testing/Organic Drum Kit/3 Claps/Organic - Clap (36).wav,Clap,0.823138952255249,0.7114453315734863,audio_name_agree,low,0.97,Clap,mixed_or_uncertain_form,0.35,0.0020371674762063438,1995.1853031737164,51.37911650953775,,,review_candidate_only,False
/Volumes/Jack_Gandy_1TB_SSD/testing-for-NITE-DSP/sample_pack_testing/Sounds of KSHMR Vol.3/KSHMR_Drums/KSHMR_Kicks/KSHMR_Hip_Hop_kicks/KSHMR_Stomp_Kicks/KSHMR_Stomp_Kick_13.wav,Kick,0.8228293657302856,0.7839791774749756,audio_name_agree,low,0.89,Kick,possibly_one_shot,0.68,0.9451830780094059,499.7022015189917,53.7818597099117,,,review_candidate_only,False
/Volumes/Jack_Gandy_1TB_SSD/testing-for-NITE-DSP/sample_pack_testing/Just Jared - OP1 Drums/Kicks/Just Jared - OP1 Drums Kick 16.wav,Kick,0.8213518261909485,0.749810516834259,audio_name_agree,low,0.89,Kick,possibly_one_shot,0.68,0.9930333236064885,170.85025329010375,41.740148869372845,,,review_candidate_only,False
/Volumes/Jack_Gandy_1TB_SSD/testing-for-NITE-DSP/sample_pack_testing/Organic Drum Kit/1 Kicks/Organic - Kick (126).wav,Kick,0.821273148059845,0.7436119318008423,audio_name_agree,low,0.89,Kick,mixed_or_uncertain_form,0.35,0.9855178327586234,326.24609670599716,50.74042399585972,,near-0180,review_candidate_only,False
/Volumes/Jack_Gandy_1TB_SSD/testing-for-NITE-DSP/sample_pack_testing/Old Movies 1 - Vintage Collection (Drum Kit)/Kicks/Kick 4.wav,Kick,0.8212530016899109,0.7465043663978577,audio_name_agree,low,0.89,Kick,possibly_one_shot,0.68,0.996231403627373,782.4163159373563,40.0,,,review_candidate_only,False
/Volumes/Jack_Gandy_1TB_SSD/testing-for-NITE-DSP/sample_pack_testing/Sounds of KSHMR Vol.3/KSHMR_VIP_Friends_of_KSHMR/LUIS_TORRES/LUIS_TORRES_Home_Kick.wav,Kick,0.8210382461547852,0.7607336044311523,audio_name_agree,low,0.89,Kick,possibly_one_shot,0.68,0.9810393312873527,319.8501356910232,49.94186721575476,,,review_candidate_only,False
/Volumes/Jack_Gandy_1TB_SSD/testing-for-NITE-DSP/sample_pack_testing/Mike Shinoda Drums/MS BEATS/Chocolate Samples/Kick Argon 2.wav,Kick,0.820953905582428,0.7558486461639404,audio_name_agree,low,0.89,Kick,possibly_one_shot,0.68,0.9523491518956447,331.2887696258977,83.91355893027128,,,review_candidate_only,False
/Volumes/Jack_Gandy_1TB_SSD/testing-for-NITE-DSP/sample_pack_testing/Minimal Audio/ELEMENT/1 - Drums/2 - Kick/Kick - Deformed.wav,Kick,0.8208649754524231,0.7541841864585876,audio_name_agree,low,0.89,Kick,mixed_or_uncertain_form,0.35,0.8170694407648386,102.14924148858479,48.85725599625911,,,review_candidate_only,False
/Volumes/Jack_Gandy_1TB_SSD/testing-for-NITE-DSP/sample_pack_testing/Organic Drum Kit/1 Kicks/Organic - Kick (86).wav,Kick,0.8203790783882141,0.7462406158447266,audio_name_agree,low,0.89,Kick,mixed_or_uncertain_form,0.35,0.9591799221457854,432.7507106680988,67.22067232003756,,,review_candidate_only,False
/Volumes/Jack_Gandy_1TB_SSD/testing-for-NITE-DSP/sample_pack_testing/Sounds of KSHMR Vol.3/KSHMR_Drums/KSHMR_Kicks/KSHMR_Punchy_Kicks/KSHMR_Punchy_Kick_06_D#.wav,Kick,0.8201213479042053,0.7501253485679626,audio_name_agree,low,0.89,Kick,possibly_one_shot,0.68,0.9375691640750898,551.940267044968,63.377305428081634,,,review_candidate_only,False
/Volumes/Jack_Gandy_1TB_SSD/testing-for-NITE-DSP/sample_pack_testing/Sounds of KSHMR Vol.3/KSHMR_Drums/KSHMR_Kicks/KSHMR_Signature_Kicks/KSHMR_Signature_Kick_06_Gladiator_Kick_F#.wav,Kick,0.8196166157722473,0.7382320165634155,audio_name_agree,low,0.89,Kick,possibly_one_shot,0.68,0.9630045514155425,271.803254801928,48.80514543551986,,,review_candidate_only,False
/Volumes/Jack_Gandy_1TB_SSD/testing-for-NITE-DSP/sample_pack_testing/Sounds of KSHMR Vol.3/KSHMR_Drums/KSHMR_Kicks/KSHMR_Signature_Kicks/KSHMR_Signature_Kick_05_Game_of_Thrones_F#.wav,Kick,0.8192648887634277,0.7522401213645935,audio_name_agree,low,0.89,Kick,possibly_one_shot,0.68,0.973816238196286,421.2740137874362,46.063055592905464,,,review_candidate_only,False
/Volumes/Jack_Gandy_1TB_SSD/testing-for-NITE-DSP/sample_pack_testing/Drum Recollection/Official Drum Kit Vol. 2/Kicks/I Hate Kicks Kick.wav,Kick,0.8191526532173157,0.7384334802627563,audio_name_agree,low,0.89,Kick,mixed_or_uncertain_form,0.35,0.9813422483146993,23.398062484500844,4000.0,,near-0027,review_candidate_only,False
/Volumes/Jack_Gandy_1TB_SSD/testing-for-NITE-DSP/sample_pack_testing/Sounds of KSHMR Vol.3/KSHMR_Synths/KSHMR_Bass_PsyTrance/KSHMR_Psy_Bass_One_Shots/KSHMR_Psy_Bass_10_D.wav,Kick,0.819148063659668,0.7702920436859131,audio_name_family_or_risk_only,high,0.6,,possibly_one_shot,0.68,0.9539113248672265,308.65985480737635,71.97546094258217,,,review_candidate_only,False
/Volumes/Jack_Gandy_1TB_SSD/testing-for-NITE-DSP/sample_pack_testing/Sounds of KSHMR Vol.3/KSHMR_Drums/KSHMR_Kicks/KSHMR_Psy_Kicks/KSHMR_Psy_Kick_04_A#.wav,Kick,0.8190684914588928,0.7715756297111511,audio_name_agree,low,0.89,Kick,possibly_one_shot,0.68,0.9668190633687755,342.60315229541544,62.56338440078712,,,review_candidate_only,False
/Volumes/Jack_Gandy_1TB_SSD/testing-for-NITE-DSP/sample_pack_testing/Organic Drum Kit/2 Snares/Organic - Snare (92).wav,Snare,0.8190150856971741,0.7347060441970825,audio_name_agree,low,0.87,Snare,possibly_one_shot,0.68,0.7771271027737103,2229.2511139343246,159.8003129626494,,,review_candidate_only,False
/Volumes/Jack_Gandy_1TB_SSD/testing-for-NITE-DSP/sample_pack_testing/Old Movies 1 - Vintage Collection (Drum Kit)/Kicks/Kick 26.wav,Kick,0.8188706636428833,0.7663916945457458,audio_name_agree,low,0.89,Kick,possibly_one_shot,0.68,0.9543702702231023,170.60156936494363,55.9007136171983,,,review_candidate_only,False
/Volumes/Jack_Gandy_1TB_SSD/testing-for-NITE-DSP/sample_pack_testing/Sounds of KSHMR Vol.3/KSHMR_Drums/KSHMR_Claps/KSHMR_Regular_Claps/KSHMR_Clap_Hard_02.wav,Clap,0.8182607293128967,0.7631399035453796,audio_name_agree,low,0.97,Clap,possibly_one_shot,0.68,0.0005317382805913996,3048.581544651175,54.08763282808108,,,review_candidate_only,False
/Volumes/Jack_Gandy_1TB_SSD/testing-for-NITE-DSP/sample_pack_testing/Organic Drum Kit/1 Kicks/Organic - Kick (119).wav,Kick,0.8180845379829407,0.765330970287323,audio_name_agree,low,0.89,Kick,possibly_one_shot,0.68,0.9908817262700396,580.6465829405824,64.90467823604891,,,review_candidate_only,False
/Volumes/Jack_Gandy_1TB_SSD/testing-for-NITE-DSP/sample_pack_testing/Organic Electronics 2 J.Views/JVIEWS_studio/JVIEWS_studio_one_shots/JVIEWS_deep_kick_01.wav,Kick,0.8177804350852966,0.7301449775695801,audio_name_agree,low,0.89,Kick,possibly_one_shot,0.68,0.9956427416513509,1151.575414016002,50.532392874744126,,,review_candidate_only,False
/Volumes/Jack_Gandy_1TB_SSD/testing-for-NITE-DSP/sample_pack_testing/Koan Sound/Koan Sound Samples/Raw Drums/Processed/Kick Processed 2.wav,Kick,0.8177465796470642,0.7710846662521362,audio_name_agree,low,0.89,Kick,possibly_one_shot,0.68,0.9295889324908547,266.78782530004946,45.8388548326152,,,review_candidate_only,False
/Volumes/Jack_Gandy_1TB_SSD/testing-for-NITE-DSP/sample_pack_testing/Organic Drum Kit/1 Kicks/Organic - Kick (153).wav,Kick,0.8174538016319275,0.7088139057159424,audio_name_agree,low,0.89,Kick,possibly_one_shot,0.68,0.9887222466974281,325.71591400143234,52.02659147190476,,,review_candidate_only,False
/Volumes/Jack_Gandy_1TB_SSD/testing-for-NITE-DSP/sample_pack_testing/Mike Shinoda Drums/MS BEATS/Spirals Samples/Kick SlicenDice 2.wav,Kick,0.8174190521240234,0.7597553730010986,audio_name_agree,low,0.89,Kick,possibly_one_shot,0.68,0.9883845412422665,998.2699429672441,83.57501122840297,,,review_candidate_only,False
/Volumes/Jack_Gandy_1TB_SSD/testing-for-NITE-DSP/sample_pack_testing/Mike Shinoda Drums/MS BEATS/RECHARGE THEME 1 Samples/BD_AlienAnalog008.wav,Kick,0.8168736696243286,0.7563078999519348,audio_name_agree,low,1.0,Kick,possibly_one_shot,0.68,0.9937044103553565,123.26258590572861,50.79124824307352,b441193b944145d5255959c866c96a4fc40b5d197b6dc13148e911a6b4b34f82,,review_candidate_only,False
/Volumes/Jack_Gandy_1TB_SSD/testing-for-NITE-DSP/sample_pack_testing/Just Jared - OP1 Drums/Kicks/Just Jared - OP1 Drums Kick 1.wav,Kick,0.8168359398841858,0.7381695508956909,audio_name_agree,low,0.89,Kick,possibly_one_shot,0.68,0.9874058204095086,187.79603473849014,41.089947397096985,,,review_candidate_only,False
/Volumes/Jack_Gandy_1TB_SSD/testing-for-NITE-DSP/sample_pack_testing/Loaded Samples - Lo-Fi Memphis 2/DRUMS/Snares/LFM2_Snare 808 Medium (1).wav,Snare,0.8162243962287903,0.7522110939025879,audio_name_agree,low,0.87,808;Snare,possibly_one_shot,0.68,0.23250641056833246,3864.420315032838,254.14027849929064,,,review_candidate_only,False
/Volumes/Jack_Gandy_1TB_SSD/testing-for-NITE-DSP/sample_pack_testing/Loaded Samples - Lo-Fi Memphis 2/DRUMS/Kicks & 808s/LFM2_Kick Club (1).wav,Kick,0.8160231709480286,0.7691866159439087,audio_name_agree,low,0.89,Kick,possibly_one_shot,0.68,0.9860432053591212,395.4831318020534,64.6666833895415,,,review_candidate_only,False
/Volumes/Jack_Gandy_1TB_SSD/testing-for-NITE-DSP/sample_pack_testing/Mike Shinoda Drums/MS BEATS/Spirals Samples/Kick Line 2.wav,Kick,0.8152366876602173,0.7676293849945068,audio_name_agree,low,0.89,Kick,possibly_one_shot,0.68,0.9869266140179288,903.1437319375857,69.53795720760073,,,review_candidate_only,False
/Volumes/Jack_Gandy_1TB_SSD/testing-for-NITE-DSP/sample_pack_testing/Sounds of KSHMR Vol.3/KSHMR_Drums/KSHMR_Drum_Enhancers/KSHMR_Kick_Enhancer_11_Sub_D#.wav,Kick,0.8151800036430359,0.7103684544563293,audio_name_family_or_risk_only,high,0.89,Kick,possibly_one_shot,0.68,0.9999726840069072,56.62917378498842,41.574375504514265,,,review_candidate_only,False
/Volumes/Jack_Gandy_1TB_SSD/testing-for-NITE-DSP/sample_pack_testing/Organic Drum Kit/Maschine Kits/Domination Kit Samples/Organic - Kick (126).wav,Kick,0.8151723146438599,0.7424154877662659,audio_name_agree,low,0.89,Kick,mixed_or_uncertain_form,0.35,0.9855178327586234,326.24609670599716,50.74042399585972,,near-0180,review_candidate_only,False
/Volumes/Jack_Gandy_1TB_SSD/testing-for-NITE-DSP/sample_pack_testing/Sounds of KSHMR Vol.3/KSHMR_Drums/KSHMR_Kicks/KSHMR_Punchy_Kicks/KSHMR_Punchy_Kick_31_F#.wav,Kick,0.8148018717765808,0.7269875407218933,audio_name_agree,low,0.89,Kick,possibly_one_shot,0.68,0.9595980089460948,393.85116717205005,50.31368729531378,,near-0212,review_candidate_only,False
/Volumes/Jack_Gandy_1TB_SSD/testing-for-NITE-DSP/sample_pack_testing/Mike Shinoda Drums/MS BEATS/Vinyl Kit Samples/Snare EricSneo 3 V3.wav,Snare,0.8145580291748047,0.749788761138916,audio_name_agree,low,0.87,Snare,possibly_one_shot,0.68,0.5089375293946479,3708.8176665741635,92.56087791165069,abe2f3cb7e8c1ef81c0e1632a87ac101cc102ce97956ad84552198ce07071505,near-0117,review_candidate_only,False
/Volumes/Jack_Gandy_1TB_SSD/testing-for-NITE-DSP/sample_pack_testing/Sounds of KSHMR Vol.3/KSHMR_Drums/KSHMR_Kicks/KSHMR_Punchy_Kicks/KSHMR_Punchy_Kick_18_F.wav,Kick,0.8141381740570068,0.731281578540802,audio_name_agree,low,0.89,Kick,possibly_one_shot,0.68,0.9626205875324904,351.8504438478115,43.1314445445815,,,review_candidate_only,False
/Volumes/Jack_Gandy_1TB_SSD/testing-for-NITE-DSP/sample_pack_testing/Sounds of KSHMR Vol.3/KSHMR_Drums/KSHMR_Kicks/KSHMR_Hip_Hop_kicks/KSHMR_Jungle_Kicks/KSHMR_Jungle_Kick_05.wav,Kick,0.813543975353241,0.7457312941551208,audio_name_agree,low,0.89,Kick,mixed_or_uncertain_form,0.35,0.9592601896699341,209.0857991015114,46.53393075472488,,,review_candidate_only,False
/Volumes/Jack_Gandy_1TB_SSD/testing-for-NITE-DSP/sample_pack_testing/Organic Drum Kit/1 Kicks/Organic - Kick (65).wav,Kick,0.813493013381958,0.7294825911521912,audio_name_agree,low,0.89,Kick,possibly_one_shot,0.68,0.9896215487816735,271.2256063454819,47.81298894389015,,,review_candidate_only,False
/Volumes/Jack_Gandy_1TB_SSD/testing-for-NITE-DSP/sample_pack_testing/Mike Shinoda Drums/MS BEATS/Digi folk Samples/BD_GoldChain3_MPC60.wav,Kick,0.8130267858505249,0.7425087094306946,audio_name_agree,low,1.0,Kick,possibly_one_shot,0.68,0.9930364530226073,171.03937953238906,2036.9387061078673,,,review_candidate_only,False
/Volumes/Jack_Gandy_1TB_SSD/testing-for-NITE-DSP/sample_pack_testing/Breaks/The Drum Broker - International Breaks & Essential Kicks/The Drum Broker - Essential Kicks/Paper.wav,Kick,0.8129443526268005,0.7069791555404663,audio_only_no_name_token,none,0.0,,possibly_one_shot,0.68,0.9678011665632549,737.6123531854695,43.20671827025211,,,review_candidate_only,False
/Volumes/Jack_Gandy_1TB_SSD/testing-for-NITE-DSP/sample_pack_testing/Loaded Samples - Lo-Fi Memphis 2/DRUMS/Snares/LFM2_Snare 808 Medium (2).wav,Snare,0.8125707507133484,0.7381648421287537,audio_name_agree,low,0.87,808;Snare,possibly_one_shot,0.68,0.18481954986704593,4324.4275483951515,62.716329980672114,,,review_candidate_only,False
/Volumes/Jack_Gandy_1TB_SSD/testing-for-NITE-DSP/sample_pack_testing/Mike Shinoda Drums/MS BEATS/Victory March Samples/Kick CoolKid.wav,Kick,0.8123335838317871,0.7628387212753296,audio_name_agree,low,0.89,Kick,possibly_one_shot,0.68,0.9392143948703321,364.18042312601017,84.9246224331056,,,review_candidate_only,False
/Volumes/Jack_Gandy_1TB_SSD/testing-for-NITE-DSP/sample_pack_testing/Mike Shinoda Drums/MS BEATS/Jungle Gym Samples/Kick DownBelow 1.wav,Kick,0.8121256232261658,0.741337239742279,audio_name_agree,low,0.89,Kick,possibly_one_shot,0.68,0.995149617940958,151.0808478379394,55.86383473409247,,,review_candidate_only,False
/Volumes/Jack_Gandy_1TB_SSD/testing-for-NITE-DSP/sample_pack_testing/Sounds of KSHMR Vol.3/KSHMR_Drums/KSHMR_Claps/KSHMR_Trap_Claps/KSHMR_Trap_Clap_08.wav,Clap,0.8117195963859558,0.7683964371681213,audio_name_agree,low,0.97,Clap,possibly_one_shot,0.68,0.005546177112406294,3255.1212355705766,58.854318463455776,,,review_candidate_only,False
/Volumes/Jack_Gandy_1TB_SSD/testing-for-NITE-DSP/sample_pack_testing/Mike Shinoda Drums/MS BEATS/Thumper Samples/Kick Gold 4.wav,Kick,0.8115710616111755,0.7589777708053589,audio_name_agree,low,0.89,Kick,possibly_one_shot,0.68,0.9792879467814894,329.4610656232217,55.30584736229534,,,review_candidate_only,False
/Volumes/Jack_Gandy_1TB_SSD/testing-for-NITE-DSP/sample_pack_testing/Minimal Audio/REFLECT/1 - Drums/4 - Claps/Clap - Birch.wav,Clap,0.811454176902771,0.7111835479736328,audio_name_agree,low,0.97,Clap,possibly_one_shot,0.68,0.0006864564302949532,3083.2366547129554,69.4759823706886,,,review_candidate_only,False
/Volumes/Jack_Gandy_1TB_SSD/testing-for-NITE-DSP/sample_pack_testing/Minimal Audio/REFLECT/1 - Drums/2 - Kick /Kick - Umber.wav,Kick,0.811301589012146,0.7233173251152039,audio_name_agree,low,0.89,Kick,possibly_one_shot,0.68,0.902567417579996,203.62200204092724,40.550364289669986,,,review_candidate_only,False
/Volumes/Jack_Gandy_1TB_SSD/testing-for-NITE-DSP/sample_pack_testing/Sounds of KSHMR Vol.3/KSHMR_Drums/KSHMR_Kicks/KSHMR_Punchy_Kicks/KSHMR_Punchy_Kick_17_F_Soft.wav,Kick,0.809715986251831,0.7611666917800903,audio_name_agree,low,0.89,Kick,possibly_one_shot,0.68,0.9972325611994354,217.1132652166267,43.0580873278382,,,review_candidate_only,False
/Volumes/Jack_Gandy_1TB_SSD/testing-for-NITE-DSP/sample_pack_testing/Mike Shinoda Drums/MPC 1000 Backup/Beat Bits 2/B57-PiSh_01.L.wav,Kick,0.8095196485519409,0.7237728238105774,audio_only_no_name_token,none,0.0,,mixed_or_uncertain_form,0.35,0.9859751605462036,874.9398222686688,66.59391799229573,198af46fe113d785b2d6ca64fb22030f92fb9424376b2dcc0ee1389d2721b0c5,near-0049,review_candidate_only,False
/Volumes/Jack_Gandy_1TB_SSD/testing-for-NITE-DSP/sample_pack_testing/Loaded Samples - Lo-Fi Memphis 2/DRUMS/Kicks & 808s/LFM2_Kick Bitcrush (2) (G).wav,Kick,0.8089556694030762,0.7176964282989502,audio_name_agree,low,0.89,Kick,mixed_or_uncertain_form,0.35,0.9950811738751848,425.6987456967238,48.35999928327065,,,review_candidate_only,False
/Volumes/Jack_Gandy_1TB_SSD/testing-for-NITE-DSP/sample_pack_testing/Old Movies 1 - Vintage Collection (Drum Kit)/Kicks/Kick 5.wav,Kick,0.8087511658668518,0.7494021058082581,audio_name_agree,low,0.89,Kick,possibly_one_shot,0.68,0.9926628987218354,357.77404115280575,40.0,,,review_candidate_only,False
/Volumes/Jack_Gandy_1TB_SSD/testing-for-NITE-DSP/sample_pack_testing/Sounds of KSHMR Vol.3/KSHMR_Drums/KSHMR_Kicks/KSHMR_Signature_Kicks/KSHMR_Signature_Kick_03_Divination_G#.wav,Kick,0.8086101412773132,0.7345035672187805,audio_name_agree,low,0.89,Kick,possibly_one_shot,0.68,0.9819547206971948,946.1596870724482,51.426756473569235,,,review_candidate_only,False
/Volumes/Jack_Gandy_1TB_SSD/testing-for-NITE-DSP/sample_pack_testing/Sounds of KSHMR Vol.3/KSHMR_VIP_Friends_of_KSHMR/SHAUN_FRANK/SHAUN_FRANK_Kick.wav,Kick,0.8085376620292664,0.7293218374252319,audio_name_agree,low,0.89,Kick,mixed_or_uncertain_form,0.35,0.9707851855666524,389.48969014658684,51.207330600376665,,,review_candidate_only,False
/Volumes/Jack_Gandy_1TB_SSD/testing-for-NITE-DSP/sample_pack_testing/Mike Shinoda Drums/MS BEATS/Invader Samples/Snare EricSneo 3 V3.wav,Snare,0.8073545098304749,0.7441876530647278,audio_name_agree,low,0.87,Snare,possibly_one_shot,0.68,0.5089375293946479,3708.8176665741635,92.56087791165069,abe2f3cb7e8c1ef81c0e1632a87ac101cc102ce97956ad84552198ce07071505,near-0117,review_candidate_only,False
/Volumes/Jack_Gandy_1TB_SSD/testing-for-NITE-DSP/sample_pack_testing/Organic Drum Kit/3 Claps/Organic - Clap (34).wav,Clap,0.8071359395980835,0.7224034070968628,audio_name_agree,low,0.97,Clap,mixed_or_uncertain_form,0.35,0.00419902667395911,1883.1210342620843,62.4061156496148,,,review_candidate_only,False
/Volumes/Jack_Gandy_1TB_SSD/testing-for-NITE-DSP/sample_pack_testing/Minimal Audio/ELEMENT/1 - Drums/2 - Kick/Kick - Punky.wav,Kick,0.8069270849227905,0.7633894085884094,audio_name_agree,low,0.89,Kick,mixed_or_uncertain_form,0.35,0.9662553639083086,135.7158658785237,40.0,,,review_candidate_only,False
/Volumes/Jack_Gandy_1TB_SSD/testing-for-NITE-DSP/sample_pack_testing/Sounds of KSHMR Vol.3/KSHMR_Drums/KSHMR_Snares/KSHMR_Tight_Snares/KSHMR_Tight_Snare_24_E.wav,Snare,0.8062033653259277,0.7939999103546143,audio_name_agree,low,0.87,Snare,possibly_one_shot,0.68,0.6530222930040609,3375.051304546475,180.25289224384233,,,review_candidate_only,False
/Volumes/Jack_Gandy_1TB_SSD/testing-for-NITE-DSP/sample_pack_testing/Old Movies 1 - Vintage Collection (Drum Kit)/Kicks/Kick 10.wav,Kick,0.8060349225997925,0.7409636378288269,audio_name_agree,low,0.89,Kick,possibly_one_shot,0.68,0.9748953651547565,219.9366361918635,81.08475627335929,,,review_candidate_only,False
/Volumes/Jack_Gandy_1TB_SSD/testing-for-NITE-DSP/sample_pack_testing/Drum Recollection/New Wave Drum Kit Vol. 2/Kicks/If You Not Using The Rack Kick What Are You Doing_.wav,Kick,0.805683970451355,0.7187281847000122,audio_name_agree,low,0.89,Kick,mixed_or_uncertain_form,0.35,0.9797085263513885,37.96757600809829,4000.0,,,review_candidate_only,False
/Volumes/Jack_Gandy_1TB_SSD/testing-for-NITE-DSP/sample_pack_testing/Capsun ProAudio - City Pop/One_Shots/Drum_One_Shots/Kicks/CPA_TCP_kick_duvet.wav,Kick,0.8053299784660339,0.7625840306282043,audio_name_agree,low,0.89,Kick,possibly_one_shot,0.68,0.9915158790834357,124.5624609943572,41.67760050930123,,,review_candidate_only,False
/Volumes/Jack_Gandy_1TB_SSD/testing-for-NITE-DSP/sample_pack_testing/Old Movies 1 - Vintage Collection (Drum Kit)/Kicks/Kick 6.wav,Kick,0.8044527173042297,0.7485458850860596,audio_name_agree,low,0.89,Kick,mixed_or_uncertain_form,0.35,0.9926620251433267,252.3115211730988,49.38714902807981,,,review_candidate_only,False
/Volumes/Jack_Gandy_1TB_SSD/testing-for-NITE-DSP/sample_pack_testing/Mike Shinoda Drums/MS BEATS/Denver Samples/Snare EricSneo 3 V3.wav,Snare,0.8043222427368164,0.7417479157447815,audio_name_agree,low,0.87,Snare,possibly_one_shot,0.68,0.5089375293946479,3708.8176665741635,92.56087791165069,abe2f3cb7e8c1ef81c0e1632a87ac101cc102ce97956ad84552198ce07071505,near-0117,review_candidate_only,False
/Volumes/Jack_Gandy_1TB_SSD/testing-for-NITE-DSP/sample_pack_testing/Sounds of KSHMR Vol.3/KSHMR_Drums/KSHMR_Claps/KSHMR_Regular_Claps/KSHMR_Clap_Wide_Clap_01.wav,Clap,0.8042298555374146,0.7719377875328064,audio_name_agree,low,0.97,Clap,possibly_one_shot,0.68,0.012603354800936198,2305.6396070309033,53.442734494864254,,,review_candidate_only,False
/Volumes/Jack_Gandy_1TB_SSD/testing-for-NITE-DSP/sample_pack_testing/Loaded Samples - Lo-Fi Memphis 2/DRUMS/Snares/LFM2_Snare 808 Hi (2).wav,Snare,0.8040486574172974,0.7434544563293457,audio_name_agree,low,0.87,808;Snare,possibly_one_shot,0.68,0.01367570097009024,3831.161815851088,146.72271388862958,,,review_candidate_only,False
/Volumes/Jack_Gandy_1TB_SSD/testing-for-NITE-DSP/sample_pack_testing/Mike Shinoda Drums/MS BEATS/Spirals Samples/Kick Concrete 2.wav,Kick,0.8039004802703857,0.7354647517204285,audio_name_agree,low,0.89,Kick,possibly_one_shot,0.68,0.9926992633966131,128.52940773814157,49.800000622273664,,,review_candidate_only,False
/Volumes/Jack_Gandy_1TB_SSD/testing-for-NITE-DSP/sample_pack_testing/Mike Shinoda Drums/MS BEATS/Water Taxi Samples/B57-PiSh_01.L.wav,Kick,0.8038392066955566,0.7150840759277344,audio_only_no_name_token,none,0.0,,mixed_or_uncertain_form,0.35,0.9859751605462036,874.9398222686688,66.59391799229573,198af46fe113d785b2d6ca64fb22030f92fb9424376b2dcc0ee1389d2721b0c5,near-0049,review_candidate_only,False
/Volumes/Jack_Gandy_1TB_SSD/testing-for-NITE-DSP/sample_pack_testing/Drum Recollection/Essentials Drum Kit Vol. 001/Kicks/Bomber Man Kick.wav,Kick,0.8038177490234375,0.7365730404853821,audio_name_agree,low,0.89,Kick,mixed_or_uncertain_form,0.35,0.9730818705903764,79.39637458949184,4000.0,,,review_candidate_only,False
/Volumes/Jack_Gandy_1TB_SSD/testing-for-NITE-DSP/sample_pack_testing/Mike Shinoda Drums/MS BEATS/Bowser Meat Samples/Snare EricSneo 3 V3.wav,Snare,0.8037559390068054,0.7410027384757996,audio_name_agree,low,0.87,Snare,possibly_one_shot,0.68,0.5089375293946479,3708.8176665741635,92.56087791165069,abe2f3cb7e8c1ef81c0e1632a87ac101cc102ce97956ad84552198ce07071505,near-0117,review_candidate_only,False
/Volumes/Jack_Gandy_1TB_SSD/testing-for-NITE-DSP/sample_pack_testing/Mike Shinoda Drums/MS BEATS/Croissant Samples/Kick Autopsy 3.wav,Kick,0.8037364482879639,0.758901059627533,audio_name_agree,low,0.89,Kick,possibly_one_shot,0.68,0.9776618849037642,221.53318376775786,46.883807936427104,7202038f93d20dcea4eb0901a3da3498320936a30ef822310f9db1fed61e0ad8,near-0127,review_candidate_only,False
/Volumes/Jack_Gandy_1TB_SSD/testing-for-NITE-DSP/sample_pack_testing/Sounds of KSHMR Vol.3/KSHMR_Drums/KSHMR_Claps/KSHMR_Regular_Claps/KSHMR_Clap_Classic_06.wav,Clap,0.8030069470405579,0.7783069014549255,audio_name_agree,low,0.97,Clap,possibly_one_shot,0.68,0.0028261795999992437,2732.467072231678,67.15558791086293,,,review_candidate_only,False
/Volumes/Jack_Gandy_1TB_SSD/testing-for-NITE-DSP/sample_pack_testing/Minimal Audio/ELEMENT/1 - Drums/2 - Kick/Kick - Muffler.wav,Kick,0.8025385737419128,0.7567378282546997,audio_name_agree,low,0.89,Kick,possibly_one_shot,0.68,0.990778020885853,132.03514505744943,40.0,,,review_candidate_only,False
/Volumes/Jack_Gandy_1TB_SSD/testing-for-NITE-DSP/sample_pack_testing/Organic Drum Kit/1 Kicks/Organic - Kick (51).wav,Kick,0.8024625182151794,0.7379122972488403,audio_name_agree,low,0.89,Kick,possibly_one_shot,0.68,0.9837000673755146,357.58435558023655,64.93343227215308,,,review_candidate_only,False
/Volumes/Jack_Gandy_1TB_SSD/testing-for-NITE-DSP/sample_pack_testing/Mike Shinoda Drums/MS BEATS/RYU 1 Turtles3 Samples/Kick Autopsy 3.wav,Kick,0.8019731640815735,0.7577688694000244,audio_name_agree,low,0.89,Kick,possibly_one_shot,0.68,0.9776618849037642,221.53318376775786,46.883807936427104,7202038f93d20dcea4eb0901a3da3498320936a30ef822310f9db1fed61e0ad8,near-0127,review_candidate_only,False
/Volumes/Jack_Gandy_1TB_SSD/testing-for-NITE-DSP/sample_pack_testing/Mike Shinoda Drums/MS BEATS/Digi folk Samples/BD_Goldbabe4_MPC60.wav,Kick,0.8017412424087524,0.7658424973487854,audio_name_agree,low,1.0,Kick,possibly_one_shot,0.68,0.9919190662641982,374.9588571475872,49.7387784910401,,,review_candidate_only,False
/Volumes/Jack_Gandy_1TB_SSD/testing-for-NITE-DSP/sample_pack_testing/Sounds of KSHMR Vol.3/KSHMR_Drums/KSHMR_Claps/KSHMR_Regular_Claps/KSHMR_Clap_Snappy_01.wav,Clap,0.8015000820159912,0.7703928351402283,audio_name_agree,low,0.97,Clap,possibly_one_shot,0.68,0.0009459345300646528,3050.198319438512,66.79354086297816,,,review_candidate_only,False
/Volumes/Jack_Gandy_1TB_SSD/testing-for-NITE-DSP/sample_pack_testing/Sounds of KSHMR Vol.3/KSHMR_Drums/KSHMR_Snares/KSHMR_Tight_Snares/KSHMR_Tight_Snare_03_A.wav,Snare,0.8014973998069763,0.7564994096755981,audio_name_agree,low,0.87,Snare,possibly_one_shot,0.68,0.4602003542995834,3813.3173538696446,167.65074455814116,,,review_candidate_only,False
/Volumes/Jack_Gandy_1TB_SSD/testing-for-NITE-DSP/sample_pack_testing/Mike Shinoda Drums/MS BEATS/Gadd9 Drums Samples/Snare IrieMun.wav,Snare,0.8013395071029663,0.7671067118644714,audio_name_agree,low,0.87,Snare,possibly_one_shot,0.68,0.11747612405926178,3447.6133348102676,269.76292382625434,0c06365132bb9d054ff50a04241c6ca1cdb6ce67acca633bc10239be2d0be1f4,,review_candidate_only,False
/Volumes/Jack_Gandy_1TB_SSD/testing-for-NITE-DSP/sample_pack_testing/Sounds of KSHMR Vol.3/KSHMR_Drums/KSHMR_Claps/KSHMR_Natural_Hand_Claps/KSHMR_Stacks/KSHMR_Human_Stack_Clap_05_Squishy.wav,Clap,0.8013332486152649,0.7867442965507507,audio_name_agree,low,0.97,Clap,possibly_one_shot,0.68,0.0016469210603445332,3023.8640517925714,69.50458064790143,,,review_candidate_only,False
/Volumes/Jack_Gandy_1TB_SSD/testing-for-NITE-DSP/sample_pack_testing/Mike Shinoda Drums/MPC 1000 Backup/LORAX/808_LNG_.WAV,Kick,0.8011168837547302,0.759610116481781,audio_name_conflict,medium,0.55,808,possibly_one_shot,0.68,0.9661461579494799,315.8933827070335,100.0961433115432,f7a7197c32452fcb3a6f0a074128fb62d0aabd6b4508fcc1ad00377d59ef067d,near-0050,review_candidate_only,False
/Volumes/Jack_Gandy_1TB_SSD/testing-for-NITE-DSP/sample_pack_testing/Mike Shinoda Drums/MS BEATS/Turtles2 Samples/Kick Autopsy 3.wav,Kick,0.8010043501853943,0.7582749128341675,audio_name_agree,low,0.89,Kick,possibly_one_shot,0.68,0.9776618849037642,221.53318376775786,46.883807936427104,7202038f93d20dcea4eb0901a3da3498320936a30ef822310f9db1fed61e0ad8,near-0127,review_candidate_only,False
/Volumes/Jack_Gandy_1TB_SSD/testing-for-NITE-DSP/sample_pack_testing/Mike Shinoda Drums/MS BEATS/Attendant 2 Samples/Analog_Clap2_MPC60.wav,Clap,0.800981342792511,0.725619912147522,audio_only_no_name_token,none,0.0,,possibly_one_shot,0.68,0.0014001771304707573,2799.791394044814,68.70895219279436,48e25c129340b46e2650929018e5cf4e88e830e076efb00da3d46c55c8d3c8e9,,review_candidate_only,False
/Volumes/Jack_Gandy_1TB_SSD/testing-for-NITE-DSP/sample_pack_testing/Organic Drum Kit/Maschine Kits/New Age Kit 1 Samples/Organic - Kick (146).wav,Kick,0.800750195980072,0.727085292339325,audio_name_agree,low,0.89,Kick,possibly_one_shot,0.68,0.9858446088324077,328.18143786721197,48.11439443865005,,,review_candidate_only,False
/Volumes/Jack_Gandy_1TB_SSD/testing-for-NITE-DSP/sample_pack_testing/Mike Shinoda Drums/MS BEATS/Spirals Samples/Kick Effervescent 1.wav,Kick,0.8003407716751099,0.744254469871521,audio_name_agree,low,0.89,Kick,possibly_one_shot,0.68,0.9939878979355372,175.71013466383272,74.4992248180317,,,review_candidate_only,False
/Volumes/Jack_Gandy_1TB_SSD/testing-for-NITE-DSP/sample_pack_testing/IMANU/IMANU Patreon May 2022 Samples/FRUITY KICK.wav,Kick,0.8001155257225037,0.7121977806091309,audio_name_agree,low,0.89,Kick,possibly_one_shot,0.68,0.9059727698765646,162.22417443021968,42.40410128820856,,,review_candidate_only,False
/Volumes/Jack_Gandy_1TB_SSD/testing-for-NITE-DSP/sample_pack_testing/Mike Shinoda Drums/MS BEATS/Turtles3 Samples/Kick Autopsy 3.wav,Kick,0.7992350459098816,0.7567922472953796,audio_name_agree,low,0.89,Kick,possibly_one_shot,0.68,0.9776618849037642,221.53318376775786,46.883807936427104,7202038f93d20dcea4eb0901a3da3498320936a30ef822310f9db1fed61e0ad8,near-0127,review_candidate_only,False
/Volumes/Jack_Gandy_1TB_SSD/testing-for-NITE-DSP/sample_pack_testing/Sounds of KSHMR Vol.3/KSHMR_Drums/KSHMR_Snares/KSHMR_Tight_Snares/KSHMR_Tight_Snare_13_C.wav,Snare,0.7991971969604492,0.7609908580780029,audio_name_agree,low,0.87,Snare,possibly_one_shot,0.68,0.2783497583958988,3343.8909167734105,140.23254147531281,,,review_candidate_only,False
/Volumes/Jack_Gandy_1TB_SSD/testing-for-NITE-DSP/sample_pack_testing/Drum Recollection/New Wave Drum Kit Vol. 1/New Wave Drum Kit/Kicks/Engine Kick .wav,Kick,0.7990517020225525,0.731781005859375,audio_name_agree,low,0.89,Kick,possibly_sustained,0.55,0.9762131892750786,791.0530674983288,3487.6929718154975,,,review_candidate_only,False
/Volumes/Jack_Gandy_1TB_SSD/testing-for-NITE-DSP/sample_pack_testing/Organic Drum Kit/1 Kicks/Organic - Kick (131).wav,Kick,0.7988874316215515,0.7102588415145874,audio_name_agree,low,0.89,Kick,possibly_one_shot,0.68,0.9841181369588812,944.0179816367464,61.85838982635342,,,review_candidate_only,False
/Volumes/Jack_Gandy_1TB_SSD/testing-for-NITE-DSP/sample_pack_testing/Mike Shinoda Drums/MPC 1000 Backup/MPC1000 FILES/LEFTRIGHT/808_LNG_.WAV,Kick,0.798726499080658,0.7582679390907288,audio_name_conflict,medium,0.55,808,possibly_one_shot,0.68,0.9661461579494799,315.8933827070335,100.0961433115432,f7a7197c32452fcb3a6f0a074128fb62d0aabd6b4508fcc1ad00377d59ef067d,near-0050,review_candidate_only,False
/Volumes/Jack_Gandy_1TB_SSD/testing-for-NITE-DSP/sample_pack_testing/Drum Recollection/New Wave Drum Kit Vol. 2/Snares/No Savage Snare.wav,Snare,0.7981032133102417,0.7758442163467407,audio_name_agree,low,0.87,Snare,mixed_or_uncertain_form,0.35,0.04434008433196067,442.33107607334955,4000.0,,,review_candidate_only,False
/Volumes/Jack_Gandy_1TB_SSD/testing-for-NITE-DSP/sample_pack_testing/Sounds of KSHMR Vol.3/KSHMR_Drums/KSHMR_Snares/KSHMR_Tight_Snares/KSHMR_Tight_Snare_41_G#.wav,Snare,0.7972638607025146,0.770374059677124,audio_name_agree,low,0.87,Snare,possibly_one_shot,0.68,0.6330217874841952,3591.739000093402,145.98244331898428,,,review_candidate_only,False
/Volumes/Jack_Gandy_1TB_SSD/testing-for-NITE-DSP/sample_pack_testing/Mike Shinoda Drums/MS BEATS/Jungle Gym Samples/Snare KaiTracid 3.wav,Snare,0.7970014214515686,0.7375029921531677,audio_name_agree,low,0.87,Snare,possibly_one_shot,0.68,0.47471574571725794,3833.5416199460597,159.83664781841588,,,review_candidate_only,False
/Volumes/Jack_Gandy_1TB_SSD/testing-for-NITE-DSP/sample_pack_testing/Organic Drum Kit/Maschine Kits/Head Trauma Kit Samples/Organic - Snare (28).wav,Snare,0.7967340350151062,0.7478659152984619,audio_name_agree,low,0.87,Snare,possibly_one_shot,0.68,0.3682913671891665,1443.2670090879792,4000.0,,,review_candidate_only,False
/Volumes/Jack_Gandy_1TB_SSD/testing-for-NITE-DSP/sample_pack_testing/Organic Drum Kit/2 Snares/Organic - Snare (102).wav,Snare,0.7963276505470276,0.745087206363678,audio_name_agree,low,0.87,Snare,mixed_or_uncertain_form,0.35,0.4942539514317242,763.0371143704514,4000.0,,,review_candidate_only,False
/Volumes/Jack_Gandy_1TB_SSD/testing-for-NITE-DSP/sample_pack_testing/Sounds of KSHMR Vol.3/KSHMR_Drums/KSHMR_Snares/KSHMR_Tight_Snares/KSHMR_Tight_Snare_34_F#.wav,Snare,0.7942306995391846,0.736002504825592,audio_name_agree,low,0.87,Snare,possibly_one_shot,0.68,0.5870791065803381,3714.002534642454,188.14412349836795,,,review_candidate_only,False
/Volumes/Jack_Gandy_1TB_SSD/testing-for-NITE-DSP/sample_pack_testing/Sounds of KSHMR Vol.3/KSHMR_Drums/KSHMR_Claps/KSHMR_Regular_Claps/KSHMR_Clap_Like_A_G6.wav,Clap,0.7936695218086243,0.7086254954338074,audio_name_agree,low,0.97,Clap,possibly_one_shot,0.68,0.0010688637619531817,3063.234599583794,49.437907963919535,,,review_candidate_only,False
/Volumes/Jack_Gandy_1TB_SSD/testing-for-NITE-DSP/sample_pack_testing/Organic Drum Kit/2 Snares/Organic - Snare (28).wav,Snare,0.7889516949653625,0.7452377080917358,audio_name_agree,low,0.87,Snare,possibly_one_shot,0.68,0.3682913671891665,1443.2670090879792,4000.0,,,review_candidate_only,False
/Volumes/Jack_Gandy_1TB_SSD/testing-for-NITE-DSP/sample_pack_testing/Mike Shinoda Drums/MPC 1000 Backup/DRE SAMPLES/SNR_WR.wav,Snare,0.7882481813430786,0.7103216052055359,audio_name_agree,medium,0.6,Snare,possibly_one_shot,0.68,0.3336303251978714,2262.2023510628105,307.9472471475932,,,review_candidate_only,False
/Volumes/Jack_Gandy_1TB_SSD/testing-for-NITE-DSP/sample_pack_testing/Sounds of KSHMR Vol.3/KSHMR_Drums/KSHMR_Claps/KSHMR_Pre-Shifted_Claps/KSHMR_Pre_Shifted_Clap_21.wav,Clap,0.7862447500228882,0.7661328315734863,audio_name_agree,low,0.97,Clap,possibly_one_shot,0.68,0.0020794558382120705,2962.4287628762568,70.097877032229,,,review_candidate_only,False
/Volumes/Jack_Gandy_1TB_SSD/testing-for-NITE-DSP/sample_pack_testing/Sounds of KSHMR Vol.3/KSHMR_Drums/KSHMR_Snares/KSHMR_Tight_Snares/KSHMR_Tight_Snare_18_D#.wav,Snare,0.7831577658653259,0.7399612069129944,audio_name_agree,low,0.87,Snare,possibly_one_shot,0.68,0.7629802207812103,3592.3070482019807,150.34181159718776,,,review_candidate_only,False
/Volumes/Jack_Gandy_1TB_SSD/testing-for-NITE-DSP/sample_pack_testing/Capsun ProAudio - City Pop/One_Shots/Drum_One_Shots/Snares/CPA_TCP_clap_in_the_room.wav,Clap,0.7797591686248779,0.7800925970077515,audio_name_agree,low,0.97,Clap,possibly_one_shot,0.68,0.003538256337072291,2016.5203468230732,212.73954822868527,,,review_candidate_only,False
/Volumes/Jack_Gandy_1TB_SSD/testing-for-NITE-DSP/sample_pack_testing/Mike Shinoda Drums/MS BEATS/Cookie Monster Samples/SD_GoldDust2_MPC60.wav,Snare,0.778045117855072,0.7195751070976257,audio_only_no_name_token,none,0.0,,possibly_one_shot,0.68,0.7368916435363182,2493.707424187928,193.9194369844626,,,review_candidate_only,False
/Volumes/Jack_Gandy_1TB_SSD/testing-for-NITE-DSP/sample_pack_testing/Sounds of KSHMR Vol.3/KSHMR_Drums/KSHMR_Claps/KSHMR_Trap_Claps/KSHMR_Trap_Clap_02.wav,Clap,0.7773776054382324,0.7334952354431152,audio_name_agree,low,0.97,Clap,possibly_one_shot,0.68,0.0005546597516295333,2638.346853622308,672.7949254126296,,,review_candidate_only,False
/Volumes/Jack_Gandy_1TB_SSD/testing-for-NITE-DSP/sample_pack_testing/Loaded Samples - Lo-Fi Memphis 2/DRUMS/Snares/LFM2_Snare Rocket (2).wav,Snare,0.7765671610832214,0.7413333654403687,audio_name_agree,low,0.87,Snare,possibly_one_shot,0.68,0.0788687501457619,3280.10352602834,67.40009975184465,,,review_candidate_only,False
/Volumes/Jack_Gandy_1TB_SSD/testing-for-NITE-DSP/sample_pack_testing/Organic Drum Kit/3 Claps/Organic - Clap (14).wav,Clap,0.7750260233879089,0.761495053768158,audio_name_agree,low,0.97,Clap,possibly_one_shot,0.68,0.0013765986764016993,1966.289046630267,83.26167799116126,,,review_candidate_only,False
/Volumes/Jack_Gandy_1TB_SSD/testing-for-NITE-DSP/sample_pack_testing/Minimal Audio/MICROTECH/2 - One Shots/2 - Snare/Snare - Noise Probe.wav,Snare,0.7716310620307922,0.7380571961402893,audio_name_agree,low,0.87,Snare,possibly_one_shot,0.68,0.11464189265989189,4088.7659829830054,57.053016827275826,,,review_candidate_only,False
/Volumes/Jack_Gandy_1TB_SSD/testing-for-NITE-DSP/sample_pack_testing/Organic Drum Kit/2 Snares/Organic - Snare (116).wav,Snare,0.769740641117096,0.7367153167724609,audio_name_agree,low,0.87,Snare,possibly_one_shot,0.68,0.1714586911018359,1134.1386963286984,4000.0,,near-0196,review_candidate_only,False
/Volumes/Jack_Gandy_1TB_SSD/testing-for-NITE-DSP/sample_pack_testing/Sounds of KSHMR Vol.3/KSHMR_Drums/KSHMR_Snares/KSHMR_Tight_Snares/KSHMR_Tight_Snare_30_F.wav,Snare,0.7690801024436951,0.7140588760375977,audio_name_agree,low,0.87,Snare,possibly_one_shot,0.68,0.7177158871550963,3671.596261285747,177.26663364531848,,,review_candidate_only,False
/Volumes/Jack_Gandy_1TB_SSD/testing-for-NITE-DSP/sample_pack_testing/Loaded Samples - Lo-Fi Memphis 2/DRUMS/Snares/LFM2_Snare Rocket (1).wav,Snare,0.7649676203727722,0.7122883200645447,audio_name_agree,low,0.87,Snare,mixed_or_uncertain_form,0.35,0.05094303525398774,3139.3448232350556,52.91147154637201,,,review_candidate_only,False
/Volumes/Jack_Gandy_1TB_SSD/testing-for-NITE-DSP/sample_pack_testing/Sounds of KSHMR Vol.3/KSHMR_Drums/KSHMR_Snares/KSHMR_Tight_Snares/KSHMR_Tight_Snare_32_F.wav,Snare,0.7646318674087524,0.7168542742729187,audio_name_agree,low,0.87,Snare,possibly_one_shot,0.68,0.7015672503228124,3654.6740434861226,183.90374718600344,,,review_candidate_only,False
/Volumes/Jack_Gandy_1TB_SSD/testing-for-NITE-DSP/sample_pack_testing/Sounds of KSHMR Vol.3/KSHMR_Drums/KSHMR_Snares/KSHMR_Tight_Snares/KSHMR_Tight_Snare_35_F#.wav,Snare,0.7645456790924072,0.7228214740753174,audio_name_agree,low,0.87,Snare,possibly_one_shot,0.68,0.5357917054716103,4268.445762662911,72.84193216445334,,,review_candidate_only,False
/Volumes/Jack_Gandy_1TB_SSD/testing-for-NITE-DSP/sample_pack_testing/Sounds of KSHMR Vol.3/KSHMR_Drums/KSHMR_Snares/KSHMR_Tight_Snares/KSHMR_Tight_Snare_31_F.wav,Snare,0.7634040117263794,0.7183029055595398,audio_name_agree,low,0.87,Snare,possibly_one_shot,0.68,0.7899824038061798,3790.3676666039037,173.66591917983257,,,review_candidate_only,False
/Volumes/Jack_Gandy_1TB_SSD/testing-for-NITE-DSP/sample_pack_testing/Drum Recollection/Official Drum Kit Vol. 2/Snares/Aye section 8 just straight cooked this mf up snare.wav,Snare,0.7596920728683472,0.7724375128746033,audio_name_agree,low,0.87,Snare,possibly_one_shot,0.68,0.034343708393099394,702.9399432593883,4000.0,,,review_candidate_only,False
/Volumes/Jack_Gandy_1TB_SSD/testing-for-NITE-DSP/sample_pack_testing/Koan Sound/Koan_Sound_2025/Shaper Table Track Project/Samples/Imported/Snare Mighty Bit Reduce.wav,Snare,0.7575292587280273,0.745425820350647,audio_name_agree,low,0.87,Snare,possibly_one_shot,0.68,0.8020586784709375,3242.475658022709,55.926370317796035,,,review_candidate_only,False
/Volumes/Jack_Gandy_1TB_SSD/testing-for-NITE-DSP/sample_pack_testing/Organic Drum Kit/2 Snares/Organic - Snare (34).wav,Snare,0.7567377686500549,0.7370839715003967,audio_name_agree,low,0.87,Snare,possibly_one_shot,0.68,0.7191386918724029,2044.4749667676022,164.04370584406593,,,review_candidate_only,False
/Volumes/Jack_Gandy_1TB_SSD/testing-for-NITE-DSP/sample_pack_testing/Organic Drum Kit/Maschine Kits/Imperial Kit Samples/Organic - Snare (41).wav,Snare,0.7558584809303284,0.7349960803985596,audio_name_agree,low,0.87,Snare,possibly_one_shot,0.68,0.32127658837473816,2408.5281183297375,89.31568970236391,,,review_candidate_only,False
/Volumes/Jack_Gandy_1TB_SSD/testing-for-NITE-DSP/sample_pack_testing/Sounds of KSHMR Vol.3/KSHMR_Drums/KSHMR_Snares/KSHMR_Tight_Snares/KSHMR_Tight_Snare_37_G.wav,Snare,0.7558355331420898,0.7336989045143127,audio_name_agree,low,0.87,Snare,possibly_one_shot,0.68,0.7446350726534641,3601.7129532884114,195.41779389268422,,,review_candidate_only,False
/Volumes/Jack_Gandy_1TB_SSD/testing-for-NITE-DSP/sample_pack_testing/Organic Drum Kit/Maschine Kits/New Age Kit 2 Samples/Organic - Snare (78).wav,Snare,0.7551371455192566,0.7318617105484009,audio_name_agree,low,0.87,Snare,possibly_one_shot,0.68,0.20874270789694924,4038.042277272515,139.34806635746418,,,review_candidate_only,False
/Volumes/Jack_Gandy_1TB_SSD/testing-for-NITE-DSP/sample_pack_testing/Sounds of KSHMR Vol.3/KSHMR_Drums/KSHMR_Snares/KSHMR_Tight_Snares/KSHMR_Tight_Snare_11_B.wav,Snare,0.7548829317092896,0.7615978121757507,audio_name_agree,low,0.87,Snare,possibly_one_shot,0.68,0.7102459337729883,3366.9686910665264,68.40489574228243,,,review_candidate_only,False
/Volumes/Jack_Gandy_1TB_SSD/testing-for-NITE-DSP/sample_pack_testing/Drum Recollection/Essentials Drum Kit Vol. 001/Snares/Rexxus Snare.wav,Snare,0.751219630241394,0.7708044648170471,audio_name_agree,low,0.87,Snare,possibly_sustained,0.55,0.033171684681013155,403.90115843829955,4000.0,,,review_candidate_only,False
/Volumes/Jack_Gandy_1TB_SSD/testing-for-NITE-DSP/sample_pack_testing/Mike Shinoda Drums/MS BEATS/Jackboot Stone Cyn Samples/Clap PlayWithMe.wav,Clap,0.7507920265197754,0.7564285397529602,audio_name_agree,low,0.97,Clap,possibly_one_shot,0.68,0.007343199144023726,2762.330083177816,89.40067038751998,,,review_candidate_only,False
/Volumes/Jack_Gandy_1TB_SSD/testing-for-NITE-DSP/sample_pack_testing/Sounds of KSHMR Vol.3/KSHMR_Drums/KSHMR_Snares/KSHMR_Tight_Snares/KSHMR_Tight_Snare_40_G.wav,Snare,0.748529314994812,0.7213361263275146,audio_name_agree,low,0.87,Snare,possibly_one_shot,0.68,0.3010880751110711,3254.8231299792997,140.76226065502516,,,review_candidate_only,False
/Volumes/Jack_Gandy_1TB_SSD/testing-for-NITE-DSP/sample_pack_testing/Old Movies 1 - Vintage Collection (Drum Kit)/Snares/Snare 13.wav,Snare,0.7475324869155884,0.7312567234039307,audio_name_agree,low,0.87,Snare,possibly_one_shot,0.68,0.047214189184219,3683.734502993104,138.74261470214327,,,review_candidate_only,False
/Volumes/Jack_Gandy_1TB_SSD/testing-for-NITE-DSP/sample_pack_testing/Minimal Audio/MICROTECH/2 - One Shots/2 - Snare/Snare - Metal Spread 1.wav,Snare,0.7466867566108704,0.7344232201576233,audio_name_agree,low,0.87,Snare,possibly_one_shot,0.68,0.34169672747644614,3720.0158846703994,53.86264919956135,,,review_candidate_only,False
/Volumes/Jack_Gandy_1TB_SSD/testing-for-NITE-DSP/sample_pack_testing/Black Octopus Sound - Pure Analog Sweeps IV (2021)/Xtra One Shots/Diamaudix_Audio_PAS_IV_Snare_03.wav,Snare,0.7445096969604492,0.742124617099762,audio_name_agree,low,0.87,Snare,possibly_one_shot,0.68,0.8211560310436895,2514.76375281637,194.0718012601552,,,review_candidate_only,False
/Volumes/Jack_Gandy_1TB_SSD/testing-for-NITE-DSP/sample_pack_testing/Sounds of KSHMR Vol.3/KSHMR_Drums/KSHMR_Snares/KSHMR_Tight_Snares/KSHMR_Tight_Snare_27_E.wav,Snare,0.7437005043029785,0.7659401297569275,audio_name_agree,low,0.87,Snare,possibly_one_shot,0.68,0.5401687160585542,3193.707683142794,88.58466120145309,,,review_candidate_only,False
/Volumes/Jack_Gandy_1TB_SSD/testing-for-NITE-DSP/sample_pack_testing/Organic Drum Kit/2 Snares/Organic - Snare (78).wav,Snare,0.7427389025688171,0.7218189239501953,audio_name_agree,low,0.87,Snare,possibly_one_shot,0.68,0.20874270789694924,4038.042277272515,139.34806635746418,,,review_candidate_only,False
/Volumes/Jack_Gandy_1TB_SSD/testing-for-NITE-DSP/sample_pack_testing/Organic Drum Kit/Maschine Kits/Juggernaut Kit Samples/Organic - Snare (116).wav,Snare,0.7425884008407593,0.7149897217750549,audio_name_agree,low,0.87,Snare,possibly_one_shot,0.68,0.1714586911018359,1134.1386963286984,4000.0,,near-0196,review_candidate_only,False
/Volumes/Jack_Gandy_1TB_SSD/testing-for-NITE-DSP/sample_pack_testing/Sounds of KSHMR Vol.3/KSHMR_Drums/KSHMR_Snares/KSHMR_Tight_Snares/KSHMR_Tight_Snare_05_A.wav,Snare,0.7393578886985779,0.7515751719474792,audio_name_agree,low,0.87,Snare,possibly_one_shot,0.68,0.7075730213467222,2812.8877124891596,222.67102045630247,,,review_candidate_only,False
/Volumes/Jack_Gandy_1TB_SSD/testing-for-NITE-DSP/sample_pack_testing/Sounds of KSHMR Vol.3/KSHMR_Drums/KSHMR_Snares/KSHMR_Hip_Hop_Snares/KSHMR_Hip_Hop_Snare_19_F.wav,Snare,0.7335527539253235,0.7433170676231384,audio_name_agree,low,0.87,Snare,possibly_one_shot,0.68,0.05581134712065944,4126.40694340647,157.0826276090632,,,review_candidate_only,False
/Volumes/Jack_Gandy_1TB_SSD/testing-for-NITE-DSP/sample_pack_testing/Sounds of KSHMR Vol.3/KSHMR_Drums/KSHMR_Snares/KSHMR_Hard_Snares/KSHMR_Hard_Snare_03_D#.wav,Snare,0.7296745777130127,0.7076133489608765,audio_name_agree,low,0.87,Snare,possibly_one_shot,0.68,0.3943750623893844,3237.345926301725,152.72986679161102,,,review_candidate_only,False
/Volumes/Jack_Gandy_1TB_SSD/testing-for-NITE-DSP/sample_pack_testing/Organic Drum Kit/Maschine Kits/Imagination Kit Samples/Organic - Snare (90).wav,Snare,0.729454517364502,0.7088454961776733,audio_name_agree,low,0.87,Snare,possibly_one_shot,0.68,0.7784045042875755,2605.7046869128044,203.75821167240355,,,review_candidate_only,False
/Volumes/Jack_Gandy_1TB_SSD/testing-for-NITE-DSP/sample_pack_testing/Sounds of KSHMR Vol.3/KSHMR_Drums/KSHMR_Claps/KSHMR_Regular_Claps/KSHMR_Clap_Stick_Clap_03.wav,Snare,0.7279573678970337,0.7324160933494568,audio_name_conflict,low,0.97,Clap,possibly_one_shot,0.68,0.4628763242002579,3355.8631512119246,141.08650177837825,,,review_candidate_only,False
/Volumes/Jack_Gandy_1TB_SSD/testing-for-NITE-DSP/sample_pack_testing/Organic Drum Kit/2 Snares/Organic - Snare (88).wav,Snare,0.7260252237319946,0.7112843990325928,audio_name_agree,low,0.87,Snare,possibly_one_shot,0.68,0.8081882634203982,2229.9796996550353,214.94065904586017,,,review_candidate_only,False
/Volumes/Jack_Gandy_1TB_SSD/testing-for-NITE-DSP/sample_pack_testing/Sounds of KSHMR Vol.3/KSHMR_Drums/KSHMR_Snares/KSHMR_Tight_Snares/KSHMR_Tight_Snare_08_A#.wav,Snare,0.7230629324913025,0.727924108505249,audio_name_agree,low,0.87,Snare,possibly_one_shot,0.68,0.5900056317327231,3513.7898473667833,113.38102446932935,,,review_candidate_only,False
/Volumes/Jack_Gandy_1TB_SSD/testing-for-NITE-DSP/sample_pack_testing/Organic Drum Kit/2 Snares/Organic - Snare (41).wav,Snare,0.721588134765625,0.714918315410614,audio_name_agree,low,0.87,Snare,possibly_one_shot,0.68,0.32127658837473816,2408.5281183297375,89.31568970236391,,,review_candidate_only,False
/Volumes/Jack_Gandy_1TB_SSD/testing-for-NITE-DSP/sample_pack_testing/Mike Shinoda Drums/MS BEATS/Dance Rock Samples/Snare Gold 1.wav,Snare,0.7194833159446716,0.723418116569519,audio_name_agree,low,0.87,Snare,possibly_one_shot,0.68,0.8454435932104563,3632.0588261607586,60.8509524720071,,,review_candidate_only,False
/Volumes/Jack_Gandy_1TB_SSD/testing-for-NITE-DSP/sample_pack_testing/Mike Shinoda Drums/MS BEATS/Gyoza Samples/Snare IrieMun.wav,Snare,0.7173401117324829,0.7220612168312073,audio_name_agree,low,0.87,Snare,possibly_one_shot,0.68,0.11747612405926178,3447.6133348102676,269.76292382625434,0c06365132bb9d054ff50a04241c6ca1cdb6ce67acca633bc10239be2d0be1f4,,review_candidate_only,False
/Volumes/Jack_Gandy_1TB_SSD/testing-for-NITE-DSP/sample_pack_testing/Organic Drum Kit/Maschine Kits/Coast2coast Kit Samples/Organic - Snare (107).wav,Snare,0.7171233296394348,0.7246222496032715,audio_name_agree,low,0.87,Snare,possibly_one_shot,0.68,0.7425455238029202,1879.955541327439,204.71068913453078,,near-0193,review_candidate_only,False
/Volumes/Jack_Gandy_1TB_SSD/testing-for-NITE-DSP/sample_pack_testing/Organic Drum Kit/2 Snares/Organic - Snare (107).wav,Snare,0.7170578837394714,0.7312678694725037,audio_name_agree,low,0.87,Snare,possibly_one_shot,0.68,0.7425455238029202,1879.955541327439,204.71068913453078,,near-0193,review_candidate_only,False
/Volumes/Jack_Gandy_1TB_SSD/testing-for-NITE-DSP/sample_pack_testing/Breaks/Gems From The Crates/Snares/AKT-SNR-A004_bip.wav,Snare,0.7102922201156616,0.7220523357391357,audio_name_agree,medium,0.6,Snare,possibly_one_shot,0.68,0.7821053287146701,3276.8336815936873,143.59423682766356,,,review_candidate_only,False
/Volumes/Jack_Gandy_1TB_SSD/testing-for-NITE-DSP/sample_pack_testing/Sounds of KSHMR Vol.3/KSHMR_Drums/KSHMR_Snares/KSHMR_Tight_Snares/KSHMR_Tight_Snare_14_C#.wav,Snare,0.7089313864707947,0.7407879829406738,audio_name_agree,low,0.87,Snare,possibly_one_shot,0.68,0.6988756898891412,3386.498267084844,145.44460779532585,,,review_candidate_only,False
/Volumes/Jack_Gandy_1TB_SSD/testing-for-NITE-DSP/sample_pack_testing/Sounds of KSHMR Vol.3/KSHMR_Drums/KSHMR_Snares/KSHMR_Hip_Hop_Snares/KSHMR_Hip_Hop_Snare_26_G#.wav,Snare,0.7074334025382996,0.7359421253204346,audio_name_agree,low,0.87,Snare,possibly_one_shot,0.68,0.3084996478521291,3352.199930263532,133.01811464861967,,,review_candidate_only,False
/Volumes/Jack_Gandy_1TB_SSD/testing-for-NITE-DSP/sample_pack_testing/Organic Drum Kit/2 Snares/Organic - Snare (44).wav,Snare,0.7045674324035645,0.7068586945533752,audio_name_agree,low,0.87,Snare,possibly_one_shot,0.68,0.24151337225314018,2212.794331461743,128.08714252394512,,,review_candidate_only,False
/Volumes/Jack_Gandy_1TB_SSD/testing-for-NITE-DSP/sample_pack_testing/Organic Drum Kit/2 Snares/Organic - Snare (89).wav,Snare,0.6986879706382751,0.7182691693305969,audio_name_agree,low,0.87,Snare,possibly_one_shot,0.68,0.3158284391009561,2064.2202930396757,70.97124236813929,,,review_candidate_only,False
/Volumes/Jack_Gandy_1TB_SSD/testing-for-NITE-DSP/sample_pack_testing/Sounds of KSHMR Vol.3/KSHMR_Drums/KSHMR_Snares/KSHMR_Tight_Snares/KSHMR_Tight_Snare_16_C#.wav,Snare,0.6905065178871155,0.7294434309005737,audio_name_agree,low,0.87,Snare,possibly_one_shot,0.68,0.6609168078586249,2822.233665100382,134.72625853863903,,,review_candidate_only,False
/Volumes/Jack_Gandy_1TB_SSD/testing-for-NITE-DSP/sample_pack_testing/Organic Drum Kit/2 Snares/Organic - Snare (18).wav,Snare,0.6888662576675415,0.7272905707359314,audio_name_agree,low,0.87,Snare,mixed_or_uncertain_form,0.35,0.3739945654942853,1681.5141813625908,72.52810417947286,,,review_candidate_only,False
/Volumes/Jack_Gandy_1TB_SSD/testing-for-NITE-DSP/sample_pack_testing/Old Movies 1 - Vintage Collection (Drum Kit)/Snares/Snare 39.wav,Snare,0.6849677562713623,0.7149749398231506,audio_name_agree,low,0.87,Snare,possibly_one_shot,0.68,0.17601796185721474,3017.4522326183837,183.8993426001711,,,review_candidate_only,False
/Volumes/Jack_Gandy_1TB_SSD/testing-for-NITE-DSP/sample_pack_testing/Mike Shinoda Drums/MS BEATS/Dance Rock Samples/Snare LastGate.wav,Snare,0.6802560687065125,0.7408078908920288,audio_name_agree,low,0.87,Snare,possibly_one_shot,0.68,0.29516034849628014,3618.5179732589395,158.7364256930978,,,review_candidate_only,False
/Volumes/Jack_Gandy_1TB_SSD/testing-for-NITE-DSP/sample_pack_testing/Mike Shinoda Drums/MPC 1000 Backup/LOOSESAMPLES/63_SNARE.WAV,Snare,0.6794994473457336,0.719001829624176,audio_name_agree,low,0.87,Snare,possibly_one_shot,0.68,0.024332733866603142,2525.9317929696726,266.7987494707288,,,review_candidate_only,False
/Volumes/Jack_Gandy_1TB_SSD/testing-for-NITE-DSP/sample_pack_testing/Sounds of KSHMR Vol.3/KSHMR_Drums/KSHMR_Snares/KSHMR_Tight_Snares/KSHMR_Tight_Snare_20_D#.wav,Snare,0.6710100769996643,0.7178972363471985,audio_name_agree,low,0.87,Snare,possibly_one_shot,0.68,0.7976098055932858,2724.9788268104044,145.3018763497877,,,review_candidate_only,False
/Volumes/Jack_Gandy_1TB_SSD/testing-for-NITE-DSP/sample_pack_testing/Sounds of KSHMR Vol.3/KSHMR_Drums/KSHMR_Snares/KSHMR_Tight_Snares/KSHMR_Tight_Snare_15_C#.wav,Snare,0.6636959314346313,0.739932119846344,audio_name_agree,low,0.87,Snare,possibly_one_shot,0.68,0.45402465315530566,3443.2928045551384,146.03504724169727,,,review_candidate_only,False
