boundary_pair,collection,path,filename_class,full_taxonomy_class,full_taxonomy_confidence,full_taxonomy_similarity,fused_taxonomy_class,fusion_source,old_audio_class,old_audio_confidence,accepted_at_calibrated_95,human_label,human_note
Bass Hit  vs  Downlifter,Sounds of KSHMR Vol.3,/Volumes/Jack_Gandy_1TB_SSD/testing-for-NITE-DSP/sample_pack_testing/Sounds of KSHMR Vol.3/KSHMR_FX_Elements/KSHMR_Sub_Drops/KSHMR_Sub_Drop_11_F#.wav,Downlifter,Bass Hit,0.219903,0.369784,Bass Hit,full_taxonomy_audio,Kick,0.83667,False,,
Bass Hit  vs  Foley,MGF Mega Pack,/Volumes/Jack_Gandy_1TB_SSD/testing-for-NITE-DSP/sample_pack_testing/MGF Mega Pack/Misc + Found Sound/Household Percussion April 2016/HOUSEHOLD_022.wav,Foley,Bass Hit,0.138402,0.241716,Bass Hit,full_taxonomy_audio,Kick,0.78667,False,,
Bass Hit  vs  Kick,Drum Recollection,/Volumes/Jack_Gandy_1TB_SSD/testing-for-NITE-DSP/sample_pack_testing/Drum Recollection/2023 Drums (Demo)/(808) Me.wav,Kick,Bass Hit,0.132182,0.20277,Kick,trusted_filename_override,Kick,0.97,False,,
Bass Hit  vs  Loop,Loaded Samples - Lo-Fi Memphis 2,/Volumes/Jack_Gandy_1TB_SSD/testing-for-NITE-DSP/sample_pack_testing/Loaded Samples - Lo-Fi Memphis 2/MELODIES (X3 & DR5)/Stems (OG Versions)/OGSTEM_Still Mobbin #5 [73 BPM] (F#).wav,Loop,Bass Hit,0.178049,0.411822,Bass Hit,full_taxonomy_audio,Percussion Loop,0.83333,False,,
Bass Hit  vs  Organ,MGF Mega Pack,/Volumes/Jack_Gandy_1TB_SSD/testing-for-NITE-DSP/sample_pack_testing/MGF Mega Pack/Retro Digital Collection/Bass/DX11 E Organ 1 - C1.wav,Organ,Bass Hit,0.26084,0.466618,Bass Hit,full_taxonomy_audio,Kick,0.78,False,,
Bass Hit  vs  Pluck,Sounds of KSHMR Vol.3,/Volumes/Jack_Gandy_1TB_SSD/testing-for-NITE-DSP/sample_pack_testing/Sounds of KSHMR Vol.3/KSHMR_Synths/KSHMR_Bass_Shots/KSHMR_Bass_Pluck/KSHMR_Bass_Pluck_10_E.wav,Pluck,Bass Hit,0.237796,0.348427,Bass Hit,full_taxonomy_audio,Kick,0.80667,False,,
Bass Hit  vs  Vocal Chop,Loaded Samples - Lo-Fi Memphis 2,/Volumes/Jack_Gandy_1TB_SSD/testing-for-NITE-DSP/sample_pack_testing/Loaded Samples - Lo-Fi Memphis 2/MELODY CHOPS/CHOP_Halloween '94 #1 (C#).wav,Vocal Chop,Bass Hit,0.549175,0.491573,Bass Hit,full_taxonomy_audio,Kick,0.78,False,,
Bass Loop  vs  Drum Fill,Sounds of KSHMR Vol.3,/Volumes/Jack_Gandy_1TB_SSD/testing-for-NITE-DSP/sample_pack_testing/Sounds of KSHMR Vol.3/KSHMR_Fills/KSHMR_Signature_Fills/KSHMR_Signature_Fill_09_Dead_Mans_Hand_3_128.wav,Drum Fill,Bass Loop,0.122213,0.178857,Bass Loop,full_taxonomy_audio,Percussion Loop,0.81,False,,
Bass Loop  vs  Drum Loop,Breaks,/Volumes/Jack_Gandy_1TB_SSD/testing-for-NITE-DSP/sample_pack_testing/Breaks/The Drum Broker - International Breaks & Essential Kicks/The Drum Broker - International Breaks 3/7 FIRES BKK BREAK_5.wav,Drum Loop,Bass Loop,0.128215,0.175876,Drum Loop,trusted_filename_override,Drum Loop,0.78,False,,
Bass Loop  vs  Foley,MGF Mega Pack,/Volumes/Jack_Gandy_1TB_SSD/testing-for-NITE-DSP/sample_pack_testing/MGF Mega Pack/Misc + Found Sound/Household Percussion April 2016/HOUSEHOLD_271.wav,Foley,Bass Loop,0.333745,0.411641,Bass Loop,full_taxonomy_audio,Percussion Loop,0.75667,False,,
Bass Loop  vs  Guitar,Koan Sound,/Volumes/Jack_Gandy_1TB_SSD/testing-for-NITE-DSP/sample_pack_testing/Koan Sound/Koan Sound Samples/ks-samples-01/Bass Guitar Stab 2_F.wav,Guitar,Bass Loop,0.270772,0.343344,Bass Loop,full_taxonomy_audio,Kick,0.77,False,,
Bass Loop  vs  Impact,Loaded Samples - Lo-Fi Memphis 2,/Volumes/Jack_Gandy_1TB_SSD/testing-for-NITE-DSP/sample_pack_testing/Loaded Samples - Lo-Fi Memphis 2/MELODIES (X3 & DR5)/Stems (Cassette Processed)/STEM_Impact Pt2 #5 [71 BPM] (D).wav,Impact,Bass Loop,0.385971,0.500109,Bass Loop,full_taxonomy_audio,Kick,0.80333,False,,
Bass Loop  vs  Kick,Drum Recollection,/Volumes/Jack_Gandy_1TB_SSD/testing-for-NITE-DSP/sample_pack_testing/Drum Recollection/Essentials Drum Kit Vol. 001/808s/CTM 808 (Without Kick).wav,Kick,Bass Loop,0.115141,0.19343,Kick,trusted_filename_override,Kick,0.97,False,,
Bass Loop  vs  Loop,Loaded Samples - Lo-Fi Memphis 2,/Volumes/Jack_Gandy_1TB_SSD/testing-for-NITE-DSP/sample_pack_testing/Loaded Samples - Lo-Fi Memphis 2/MELODIES (X3 & DR5)/Stems (Cassette Processed)/STEM_Violence #5 [72 BPM] (F).wav,Loop,Bass Loop,0.124621,0.265739,Bass Loop,full_taxonomy_audio,Percussion Loop,0.8,False,,
Bass Loop  vs  Percussion,Breaks,/Volumes/Jack_Gandy_1TB_SSD/testing-for-NITE-DSP/sample_pack_testing/Breaks/The Drum Broker - International Breaks & Essential Kicks/The Drum Broker - International Breaks 5/MARCH TOMS_3.wav,Percussion,Bass Loop,0.144406,0.212667,Bass Loop,full_taxonomy_audio,Drum Loop,0.88333,False,,
Bass Loop  vs  Piano,Capsun ProAudio - City Pop,/Volumes/Jack_Gandy_1TB_SSD/testing-for-NITE-DSP/sample_pack_testing/Capsun ProAudio - City Pop/Loops/Melodic_Loops/Melodic_Stack_no_keys/CPA_TCP_77_melodic_stack_careful_no_keys_D.wav,Piano,Bass Loop,0.240959,0.435465,Bass Loop,full_taxonomy_audio,Percussion Loop,0.76667,False,,
Bass Loop  vs  Pluck,IMANU,/Volumes/Jack_Gandy_1TB_SSD/testing-for-NITE-DSP/sample_pack_testing/IMANU/IMANU Patreon May 2022 Samples/radiohead ttype pluck Fm 118_2.wav,Pluck,Bass Loop,0.2672,0.42413,Bass Loop,full_taxonomy_audio,Percussion Loop,0.84,False,,
Bass Loop  vs  Ride,Loaded Samples - Lo-Fi Memphis 2,/Volumes/Jack_Gandy_1TB_SSD/testing-for-NITE-DSP/sample_pack_testing/Loaded Samples - Lo-Fi Memphis 2/MELODIES (X3 & DR5)/Stems (Cassette Processed)/STEM_Strap In the Ride #5 [72 BPM] (C#).wav,Ride,Bass Loop,0.222569,0.381477,Bass Loop,full_taxonomy_audio,Percussion Loop,0.75667,False,,
Bass Loop  vs  Strings,Sounds of KSHMR Vol.3,/Volumes/Jack_Gandy_1TB_SSD/testing-for-NITE-DSP/sample_pack_testing/Sounds of KSHMR Vol.3/KSHMR_Live_Instruments/KSHMR_Orchestral_Instruments/KSHMR_Strings/KSHMR_String_Loops/KSHMR_String_Loop_19_140_Em.wav,Strings,Bass Loop,0.14434,0.292501,Bass Loop,full_taxonomy_audio,Percussion Loop,0.76667,False,,
Bass Reese  vs  Clap,Mike Shinoda Drums,/Volumes/Jack_Gandy_1TB_SSD/testing-for-NITE-DSP/sample_pack_testing/Mike Shinoda Drums/MS BEATS/Airborne Samples/BigBuzz Eb1 CLP.wav,Clap,Bass Reese,0.168292,0.255339,Clap,trusted_filename_override,Clap,0.9,False,,
Bass Reese  vs  Lead,MGF Mega Pack,/Volumes/Jack_Gandy_1TB_SSD/testing-for-NITE-DSP/sample_pack_testing/MGF Mega Pack/Multisamples/MGF Juno 106 1/PWM Lead/PWM Lead - F#1.wav,Lead,Bass Reese,0.18799,0.350929,Bass Reese,full_taxonomy_audio,Percussion Loop,0.82,False,,
Bass Reese  vs  Loop,Loaded Samples - Lo-Fi Memphis 2,/Volumes/Jack_Gandy_1TB_SSD/testing-for-NITE-DSP/sample_pack_testing/Loaded Samples - Lo-Fi Memphis 2/MELODIES (X3 & DR5)/Loops (Cassette Processed)/Rage DR5 #2 [76 BPM] (D).wav,Loop,Bass Reese,0.169116,0.395793,Bass Reese,full_taxonomy_audio,Percussion Loop,0.8,False,,
Bass Reese  vs  Pluck,MGF Mega Pack,/Volumes/Jack_Gandy_1TB_SSD/testing-for-NITE-DSP/sample_pack_testing/MGF Mega Pack/Multisamples/MGF Sub Phatty 1/Slight Pluck Lead/Slight Pluck Lead-1 F#1.wav,Pluck,Bass Reese,0.187785,0.364206,Bass Reese,full_taxonomy_audio,Percussion Loop,0.79,False,,
Chord Loop  vs  Brass,Sounds of KSHMR Vol.3,/Volumes/Jack_Gandy_1TB_SSD/testing-for-NITE-DSP/sample_pack_testing/Sounds of KSHMR Vol.3/KSHMR_Live_Instruments/KSHMR_Orchestral_Instruments/KSHMR_Brass/KSHMR_Brass_Loops/KSHMR_Brass_Loop_08_128_Dm.wav,Brass,Chord Loop,0.204457,0.373261,Chord Loop,full_taxonomy_audio,Percussion Loop,0.87333,False,,
Chord Loop  vs  Crash,Minimal Audio,/Volumes/Jack_Gandy_1TB_SSD/testing-for-NITE-DSP/sample_pack_testing/Minimal Audio/ELEMENT/5 - Deep Textures/Texture - Bowed Cymbal Low.wav,Crash,Chord Loop,0.289695,0.463719,Crash,trusted_filename_override,Crash,0.89,False,,
Chord Loop  vs  Drum Loop,Breaks,/Volumes/Jack_Gandy_1TB_SSD/testing-for-NITE-DSP/sample_pack_testing/Breaks/Laidback Breaks/deergha break.wav,Drum Loop,Chord Loop,0.105584,0.215308,Drum Loop,trusted_filename_override,Drum Loop,0.78,False,,
Chord Loop  vs  Foley,Sounds of KSHMR Vol.3,/Volumes/Jack_Gandy_1TB_SSD/testing-for-NITE-DSP/sample_pack_testing/Sounds of KSHMR Vol.3/KSHMR_Song_Starters/KSHMR_Song_Starters_Hip_Hop/KSHMR_Song_Starter_Hip_Hop_Holy_Water_104_Dm.wav,Foley,Chord Loop,0.354901,0.518264,Chord Loop,full_taxonomy_audio,Percussion Loop,0.76333,False,,
Chord Loop  vs  Guitar,Capsun ProAudio - City Pop,/Volumes/Jack_Gandy_1TB_SSD/testing-for-NITE-DSP/sample_pack_testing/Capsun ProAudio - City Pop/Loops/Melodic_Loops/Melodic_Stack_no_guitar/CPA_TCP_105_melodic_stack_breeze_no_guitar_F#m.wav,Guitar,Chord Loop,0.356352,0.493541,Chord Loop,full_taxonomy_audio,Percussion Loop,0.80333,False,,
Chord Loop  vs  Impact,Minimal Audio,/Volumes/Jack_Gandy_1TB_SSD/testing-for-NITE-DSP/sample_pack_testing/Minimal Audio/ELEMENT/3 - Bass Loops/Bass - Boom Payback - G - 78 BPM.wav,Impact,Chord Loop,0.214847,0.344915,Chord Loop,full_taxonomy_audio,Percussion Loop,0.76333,False,,
Chord Loop  vs  Kick,Drum Recollection,/Volumes/Jack_Gandy_1TB_SSD/testing-for-NITE-DSP/sample_pack_testing/Drum Recollection/2023 Drums/(808) Me.wav,Kick,Chord Loop,0.110423,0.169444,Kick,trusted_filename_override,Kick,0.97,False,,
Chord Loop  vs  Lead,IMANU,/Volumes/Jack_Gandy_1TB_SSD/testing-for-NITE-DSP/sample_pack_testing/IMANU/IMANU Patreon June 2024 Samples /Mysterious lead Aharmm.wav,Lead,Chord Loop,0.324838,0.52586,Chord Loop,full_taxonomy_audio,Percussion Loop,0.83,False,,
Chord Loop  vs  Loop,Breaks,/Volumes/Jack_Gandy_1TB_SSD/testing-for-NITE-DSP/sample_pack_testing/Breaks/The Drum Broker - Kingsway Music Library 2/03 CHBLAP65bpm.wav,Loop,Chord Loop,0.210681,0.380592,Chord Loop,full_taxonomy_audio,Percussion Loop,0.81667,False,,
Chord Loop  vs  Organ,Loaded Samples - Lo-Fi Memphis 2,/Volumes/Jack_Gandy_1TB_SSD/testing-for-NITE-DSP/sample_pack_testing/Loaded Samples - Lo-Fi Memphis 2/MELODIES (X3 & DR5)/Stems (OG Versions)/OGSTEM_Organ Donor #1 [75 BPM] (B).wav,Organ,Chord Loop,0.270395,0.441422,Chord Loop,full_taxonomy_audio,Percussion Loop,0.82667,False,,
Chord Loop  vs  Pad,Capsun ProAudio - City Pop,/Volumes/Jack_Gandy_1TB_SSD/testing-for-NITE-DSP/sample_pack_testing/Capsun ProAudio - City Pop/Loops/Melodic_Loops/Synth/CPA_TCP_110_synth_pad_deep_diver_Cm.wav,Pad,Chord Loop,0.482378,0.61816,Chord Loop,full_taxonomy_audio,Percussion Loop,0.80333,False,,
Chord Loop  vs  Percussion Loop,Loaded Samples - Lo-Fi Memphis 2,/Volumes/Jack_Gandy_1TB_SSD/testing-for-NITE-DSP/sample_pack_testing/Loaded Samples - Lo-Fi Memphis 2/DRUMS & PERC LOOPS/808 Clave Loop #7 [65BPM] (D#).wav,Percussion Loop,Chord Loop,0.154838,0.255365,Percussion Loop,trusted_filename_override,Percussion Loop,1.0,False,,
Chord Loop  vs  Piano,Capsun ProAudio - City Pop,/Volumes/Jack_Gandy_1TB_SSD/testing-for-NITE-DSP/sample_pack_testing/Capsun ProAudio - City Pop/Loops/Melodic_Loops/Melodic_Stack_no_keys/CPA_TCP_77_melodic_stack_careless_no_keys_D.wav,Piano,Chord Loop,0.278326,0.443369,Chord Loop,full_taxonomy_audio,Percussion Loop,0.78333,False,,
Chord Loop  vs  Pluck,IMANU,/Volumes/Jack_Gandy_1TB_SSD/testing-for-NITE-DSP/sample_pack_testing/IMANU/IMANU Patreon January 2022 Samples/Random Delay Pluck G#m.wav,Pluck,Chord Loop,0.306324,0.501127,Chord Loop,full_taxonomy_audio,Percussion Loop,0.84667,False,,
Chord Loop  vs  Rimshot,Minimal Audio,/Volumes/Jack_Gandy_1TB_SSD/testing-for-NITE-DSP/sample_pack_testing/Minimal Audio/ELEMENT/1 - Drums/1 - Drum Loops/3 - Snare Loops/Rimshot - Dub Ya - 78 BPM.wav,Rimshot,Chord Loop,0.199554,0.283282,Chord Loop,full_taxonomy_audio,Percussion Loop,0.78,False,,
Chord Loop  vs  Snare,Old Movies 1 - Vintage Collection (Drum Kit),/Volumes/Jack_Gandy_1TB_SSD/testing-for-NITE-DSP/sample_pack_testing/Old Movies 1 - Vintage Collection (Drum Kit)/Snares/Snare 4.wav,Snare,Chord Loop,0.192783,0.246945,Snare,trusted_filename_override,Snare,0.92,False,,
Chord Loop  vs  Strings,MGF Mega Pack,/Volumes/Jack_Gandy_1TB_SSD/testing-for-NITE-DSP/sample_pack_testing/MGF Mega Pack/Analogue Collection/Chords - Pads/JX3P Strings D5 CMaj7.wav,Strings,Chord Loop,0.232784,0.431186,Chord Loop,full_taxonomy_audio,Percussion Loop,0.79333,False,,
Chord Loop  vs  Vocal Chop,Loaded Samples - Lo-Fi Memphis 2,/Volumes/Jack_Gandy_1TB_SSD/testing-for-NITE-DSP/sample_pack_testing/Loaded Samples - Lo-Fi Memphis 2/MELODY CHOPS/CHOP_Kickin It #1 (C#).wav,Vocal Chop,Chord Loop,0.324885,0.566438,Chord Loop,full_taxonomy_audio,Percussion Loop,0.82,False,,
Clap  vs  Drum Loop,Breaks,/Volumes/Jack_Gandy_1TB_SSD/testing-for-NITE-DSP/sample_pack_testing/Breaks/Laidback Breaks/datnew break - 10.wav,Drum Loop,Clap,0.321459,0.527341,Drum Loop,trusted_filename_override,Drum Loop,0.78,False,,
Clap  vs  Hi-Hat,Just Jared - OP1 Drums,/Volumes/Jack_Gandy_1TB_SSD/testing-for-NITE-DSP/sample_pack_testing/Just Jared - OP1 Drums/Hihats/Just Jared - OP1 Drums Hihat 15.1.wav,Hi-Hat,Clap,0.279681,0.444036,Hi-Hat,trusted_filename_override,Hi-Hat,0.94,False,,
Clap  vs  Kick,Loaded Samples - Lo-Fi Memphis 2,/Volumes/Jack_Gandy_1TB_SSD/testing-for-NITE-DSP/sample_pack_testing/Loaded Samples - Lo-Fi Memphis 2/DRUMS/Perc/LFM2_Clap 808_REV (3).wav,Kick,Clap,0.261564,0.322768,Kick,trusted_filename_override,Kick,0.97,False,,
Clap  vs  Loop,Sounds of KSHMR Vol.3,/Volumes/Jack_Gandy_1TB_SSD/testing-for-NITE-DSP/sample_pack_testing/Sounds of KSHMR Vol.3/KSHMR_Drums_Loops/KSHMR_Drum_Loops_Full/KSHMR_Stadium_Loops/KSHMR_Stadium_Loop_05_128.wav,Loop,Clap,0.17243,0.205554,Clap,full_taxonomy_audio,Percussion Loop,0.78333,False,,
Clap  vs  Snare,Just Jared - OP1 Drums,/Volumes/Jack_Gandy_1TB_SSD/testing-for-NITE-DSP/sample_pack_testing/Just Jared - OP1 Drums/Snares/Just Jared - OP1 Drums Snare 14.wav,Snare,Clap,0.183382,0.243029,Snare,trusted_filename_override,Snare,0.92,False,,
Crash  vs  Clap,Sounds of KSHMR Vol.3,/Volumes/Jack_Gandy_1TB_SSD/testing-for-NITE-DSP/sample_pack_testing/Sounds of KSHMR Vol.3/KSHMR_Drums/KSHMR_Claps/KSHMR_Clap_FX/KSHMR_Clap_FX_08_Reverb_Clap_w_Flutter.wav,Clap,Crash,0.151114,0.188058,Clap,trusted_filename_override,Clap,0.9,False,,
Crash  vs  Drum Fill,Sounds of KSHMR Vol.3,/Volumes/Jack_Gandy_1TB_SSD/testing-for-NITE-DSP/sample_pack_testing/Sounds of KSHMR Vol.3/KSHMR_Fills/KSHMR_Short_Fills/KSHMR_Short_Fills_130-160/KSHMR_Short_Drum_Fill_17_160.wav,Drum Fill,Crash,0.160549,0.190468,Crash,full_taxonomy_audio,Percussion Loop,0.79,False,,
Crash  vs  Drum Loop,Sounds of KSHMR Vol.3,/Volumes/Jack_Gandy_1TB_SSD/testing-for-NITE-DSP/sample_pack_testing/Sounds of KSHMR Vol.3/KSHMR_Drums_Loops/KSHMR_Drum_Loops_Full/KSHMR_Cinematic_Drum_Loops/KSHMR_Cinematic_Drum_Loop_01_64.wav,Drum Loop,Crash,0.171997,0.20127,Drum Loop,trusted_filename_override,Drum Loop,0.78,False,,
Crash  vs  Hi-Hat,Drum Recollection,/Volumes/Jack_Gandy_1TB_SSD/testing-for-NITE-DSP/sample_pack_testing/Drum Recollection/2023 Drums/(Open Hat) Destroyed.wav,Hi-Hat,Crash,0.099722,0.133703,Hi-Hat,trusted_filename_override,Hi-Hat,0.94,False,,
Crash  vs  Kick,Loaded Samples - Lo-Fi Memphis 2,/Volumes/Jack_Gandy_1TB_SSD/testing-for-NITE-DSP/sample_pack_testing/Loaded Samples - Lo-Fi Memphis 2/DRUMS/Cymbals/LFM2_808 Cym (1).wav,Kick,Crash,0.70254,0.493281,Crash,full_taxonomy_audio,Kick,0.97,False,,
Crash  vs  Ride,Sounds of KSHMR Vol.3,/Volumes/Jack_Gandy_1TB_SSD/testing-for-NITE-DSP/sample_pack_testing/Sounds of KSHMR Vol.3/KSHMR_Drums/KSHMR_Cymbals/KSHMR_Rides/KSHMR_Ride_06.wav,Ride,Crash,0.798999,0.596305,Crash,full_taxonomy_audio,Crash,0.75,False,,
Crash  vs  Riser,IMANU,/Volumes/Jack_Gandy_1TB_SSD/testing-for-NITE-DSP/sample_pack_testing/IMANU/IMANU Patreon January 2022 Samples/FX Riser.wav,Riser,Crash,0.225237,0.277632,Crash,full_taxonomy_audio,Percussion Loop,0.89333,False,,
Crash  vs  Snare,Mike Shinoda Drums,/Volumes/Jack_Gandy_1TB_SSD/testing-for-NITE-DSP/sample_pack_testing/Mike Shinoda Drums/MS BEATS/Bowser Meat Samples/Snare EricSneo 3 V2.wav,Snare,Crash,0.21566,0.237054,Snare,trusted_filename_override,Snare,0.92,False,,
Drum Loop  vs  Drum Fill,Sounds of KSHMR Vol.3,/Volumes/Jack_Gandy_1TB_SSD/testing-for-NITE-DSP/sample_pack_testing/Sounds of KSHMR Vol.3/KSHMR_Fills/KSHMR_Long_Fills/KSHMR_Long_Fill_15_140.wav,Drum Fill,Drum Loop,0.251983,0.322522,Drum Loop,full_taxonomy_audio,Percussion Loop,0.75,False,,
Drum Loop  vs  Foley,Drum Breaks,/Volumes/Jack_Gandy_1TB_SSD/testing-for-NITE-DSP/sample_pack_testing/Drum Breaks/African Music Machine - Black Water Gold.wav,Foley,Drum Loop,0.149579,0.275171,Drum Loop,full_taxonomy_audio,Drum Loop,0.89667,False,,
Drum Loop  vs  Impact,Breaks,/Volumes/Jack_Gandy_1TB_SSD/testing-for-NITE-DSP/sample_pack_testing/Breaks/The Drum Broker - International Breaks & Essential Kicks/The Drum Broker - International Breaks 5/FALO BOOM BAP.wav,Impact,Drum Loop,0.247684,0.322136,Drum Loop,full_taxonomy_audio,Drum Loop,0.99333,False,,
Drum Loop  vs  Kick,Breaks,/Volumes/Jack_Gandy_1TB_SSD/testing-for-NITE-DSP/sample_pack_testing/Breaks/Dirty Arse Drum Breaks/Dirty Arse Drum Breaks 2/85 BPM/Chops/85BPM_3 KICK 2.wav,Kick,Drum Loop,0.184841,0.2408,Kick,trusted_filename_override,Kick,0.97,False,,
Drum Loop  vs  Loop,Breaks,/Volumes/Jack_Gandy_1TB_SSD/testing-for-NITE-DSP/sample_pack_testing/Breaks/Dirty Arse Drum Breaks/Dirty Arse Drum Breaks 1/95 BPM/monosole_95bpm_11.wav,Loop,Drum Loop,0.191141,0.281858,Drum Loop,full_taxonomy_audio,Drum Loop,0.93,False,,
Drum Loop  vs  Snare,Breaks,/Volumes/Jack_Gandy_1TB_SSD/testing-for-NITE-DSP/sample_pack_testing/Breaks/The Drum Broker - International Breaks & Essential Kicks/The Drum Broker - International Breaks 2/CHOPS/CRYSTAL SNARE 1.wav,Snare,Drum Loop,0.12241,0.171204,Snare,trusted_filename_override,Snare,0.92,False,,
Drum Loop  vs  Snare Loop,Sounds of KSHMR Vol.3,/Volumes/Jack_Gandy_1TB_SSD/testing-for-NITE-DSP/sample_pack_testing/Sounds of KSHMR Vol.3/KSHMR_Drums_Loops/KSHMR_Drum_Loops_Solo/KSHMR_Marching_Band_Snare_Loops/KSHMR_Marching_Snare_Loop_12_116.wav,Snare Loop,Drum Loop,0.375939,0.452652,Drum Loop,full_taxonomy_audio,Drum Loop,0.86667,False,,
Foley  vs  Clap,Breaks,/Volumes/Jack_Gandy_1TB_SSD/testing-for-NITE-DSP/sample_pack_testing/Breaks/Gems From The Crates/Claps/AKT-CLP-A006_bip.wav,Clap,Foley,0.288391,0.374638,Clap,trusted_filename_override,Clap,0.9,False,,
Foley  vs  Crash,Organic Drum Kit,/Volumes/Jack_Gandy_1TB_SSD/testing-for-NITE-DSP/sample_pack_testing/Organic Drum Kit/5 Percussion/4 Metalic/3 Zill Finger Cymbals/Organic - Zill Finger Cymbal (18).wav,Crash,Foley,0.131541,0.19472,Crash,trusted_filename_override,Crash,0.89,False,,
Foley  vs  Drum Loop,Breaks,/Volumes/Jack_Gandy_1TB_SSD/testing-for-NITE-DSP/sample_pack_testing/Breaks/Laidback Breaks/datnew break - 1.wav,Drum Loop,Foley,0.21347,0.262378,Drum Loop,trusted_filename_override,Drum Loop,0.78,False,,
Foley  vs  Hi-Hat,Drum Recollection,/Volumes/Jack_Gandy_1TB_SSD/testing-for-NITE-DSP/sample_pack_testing/Drum Recollection/2023 Drums/(Perc & Hi Hat) Barber Shop.wav,Hi-Hat,Foley,0.133097,0.212484,Hi-Hat,trusted_filename_override,Hi-Hat,0.94,False,,
Foley  vs  Kick,Breaks,/Volumes/Jack_Gandy_1TB_SSD/testing-for-NITE-DSP/sample_pack_testing/Breaks/The Drum Broker - International Breaks & Essential Kicks/The Drum Broker - International Breaks 1/CHOPS/WHITE KICK 3.wav,Kick,Foley,0.12979,0.171957,Kick,trusted_filename_override,Kick,0.97,False,,
Foley  vs  Piano,MGF Mega Pack,/Volumes/Jack_Gandy_1TB_SSD/testing-for-NITE-DSP/sample_pack_testing/MGF Mega Pack/Misc + Found Sound/UTS Foley 2/Key Desk.wav,Piano,Foley,0.188608,0.268641,Foley,full_taxonomy_audio,Percussion Loop,0.75333,False,,
Foley  vs  Snare,Breaks,/Volumes/Jack_Gandy_1TB_SSD/testing-for-NITE-DSP/sample_pack_testing/Breaks/The Drum Broker - International Breaks & Essential Kicks/The Drum Broker - International Breaks 1/CHOPS/WHITE SNARE 1_2.wav,Snare,Foley,0.140611,0.241185,Snare,trusted_filename_override,Snare,0.92,False,,
Foley Loop  vs  Clap,Sounds of KSHMR Vol.3,/Volumes/Jack_Gandy_1TB_SSD/testing-for-NITE-DSP/sample_pack_testing/Sounds of KSHMR Vol.3/KSHMR_Drums_Loops/KSHMR_Drum_Loops_Solo/KSHMR_Hand_Clap_Loops/KSHMR_Hand_Clap_Loop_01_100.wav,Clap,Foley Loop,0.209512,0.260911,Clap,trusted_filename_override,Clap,0.9,False,,
Foley Loop  vs  Drum Fill,Breaks,/Volumes/Jack_Gandy_1TB_SSD/testing-for-NITE-DSP/sample_pack_testing/Breaks/The Drum Broker - International Breaks & Essential Kicks/The Drum Broker - International Breaks 1/FILL.wav,Drum Fill,Foley Loop,0.173557,0.295887,Foley Loop,full_taxonomy_audio,Drum Loop,0.77333,False,,
Foley Loop  vs  Drum Loop,Breaks,/Volumes/Jack_Gandy_1TB_SSD/testing-for-NITE-DSP/sample_pack_testing/Breaks/Laidback Breaks/watchinu break.wav,Drum Loop,Foley Loop,0.122362,0.244489,Drum Loop,trusted_filename_override,Drum Loop,0.78,False,,
Foley Loop  vs  Foley,MGF Mega Pack,/Volumes/Jack_Gandy_1TB_SSD/testing-for-NITE-DSP/sample_pack_testing/MGF Mega Pack/Misc + Found Sound/Household Percussion April 2016/HOUSEHOLD_378.wav,Foley,Foley Loop,0.169759,0.274057,Foley Loop,full_taxonomy_audio,Percussion Loop,0.78333,False,,
Foley Loop  vs  Guitar,Sounds of KSHMR Vol.3,/Volumes/Jack_Gandy_1TB_SSD/testing-for-NITE-DSP/sample_pack_testing/Sounds of KSHMR Vol.3/KSHMR_Live_Instruments/KSHMR_Main_Instruments/KSHMR_Guitar/KSHMR_Guitar_FX/KSHMR_Guitar_FX_02_Mute_Strum_104_.wav,Guitar,Foley Loop,0.197213,0.312505,Foley Loop,full_taxonomy_audio,Percussion Loop,0.77333,False,,
Foley Loop  vs  Hi-Hat,Organic Electronics 2 J.Views,/Volumes/Jack_Gandy_1TB_SSD/testing-for-NITE-DSP/sample_pack_testing/Organic Electronics 2 J.Views/JVIEWS_countryside/JVIEWS_countryside_loops/JVIEWS_hihat_alternative_earth_top_particles_130.wav,Hi-Hat,Foley Loop,0.35788,0.383815,Hi-Hat,trusted_filename_override,Percussion Loop,0.76667,False,,
Foley Loop  vs  Loop,Breaks,/Volumes/Jack_Gandy_1TB_SSD/testing-for-NITE-DSP/sample_pack_testing/Breaks/The Drum Broker - International Breaks & Essential Kicks/The Drum Broker - International Breaks 5/CHIKA LOOP.wav,Loop,Foley Loop,0.225523,0.353174,Foley Loop,full_taxonomy_audio,Percussion Loop,0.83667,False,,
Foley Loop  vs  Pad,IMANU,/Volumes/Jack_Gandy_1TB_SSD/testing-for-NITE-DSP/sample_pack_testing/IMANU/IMANU Patreon August 2024 Samples/DRONE C _2.wav,Pad,Foley Loop,0.24133,0.413979,Foley Loop,full_taxonomy_audio,Percussion Loop,0.81333,False,,
Foley Loop  vs  Percussion,Minimal Audio,/Volumes/Jack_Gandy_1TB_SSD/testing-for-NITE-DSP/sample_pack_testing/Minimal Audio/ELEMENT/1 - Drums/1 - Drum Loops/4 - Top Loops/Perc - Low Slug - 78 BPM.wav,Percussion,Foley Loop,0.254408,0.419955,Foley Loop,full_taxonomy_audio,Percussion Loop,0.82667,False,,
Foley Loop  vs  Percussion Loop,Drum Recollection,/Volumes/Jack_Gandy_1TB_SSD/testing-for-NITE-DSP/sample_pack_testing/Drum Recollection/2023 Drums/(Percussion Loop) Everywhere Percs 140bpm.wav,Percussion Loop,Foley Loop,0.405208,0.408599,Percussion Loop,trusted_filename_override,Percussion Loop,1.0,False,,
Foley Loop  vs  Piano,IMANU,/Volumes/Jack_Gandy_1TB_SSD/testing-for-NITE-DSP/sample_pack_testing/IMANU/IMANU Patreon February 2023 Samples/fast piano arp Dm.wav,Piano,Foley Loop,0.261086,0.447539,Foley Loop,full_taxonomy_audio,Percussion Loop,0.82667,False,,
Foley Loop  vs  Pluck,Koan Sound,/Volumes/Jack_Gandy_1TB_SSD/testing-for-NITE-DSP/sample_pack_testing/Koan Sound/Koan Sound Samples/The Zulla Stems/The Zulla - Kalimba.wav,Pluck,Foley Loop,0.337708,0.465077,Foley Loop,full_taxonomy_audio,Percussion Loop,0.90667,False,,
Foley Loop  vs  Ride,Loaded Samples - Lo-Fi Memphis 2,/Volumes/Jack_Gandy_1TB_SSD/testing-for-NITE-DSP/sample_pack_testing/Loaded Samples - Lo-Fi Memphis 2/MELODIES (X3 & DR5)/Stems (OG Versions)/OGSTEM_Strap In the Ride #2 [72 BPM] (C#).wav,Ride,Foley Loop,0.113209,0.223542,Foley Loop,full_taxonomy_audio,Percussion Loop,0.81,False,,
Foley Loop  vs  Snare,Minimal Audio,/Volumes/Jack_Gandy_1TB_SSD/testing-for-NITE-DSP/sample_pack_testing/Minimal Audio/MICROTECH/1 - Loops/2 - Snare - 172 BPM/Snare - Broken Transient - 172 BPM.wav,Snare,Foley Loop,0.303835,0.351085,Snare,trusted_filename_override,Percussion Loop,0.77667,False,,
Hi-Hat  vs  Clap,Drum Recollection,/Volumes/Jack_Gandy_1TB_SSD/testing-for-NITE-DSP/sample_pack_testing/Drum Recollection/New Wave Drum Kit Vol. 2/Claps/@prod.ksubi - Clap + Hi Hat.wav,Clap,Hi-Hat,0.249298,0.309682,Clap,trusted_filename_override,Clap,0.9,False,,
Hi-Hat  vs  Crash,Mike Shinoda Drums,/Volumes/Jack_Gandy_1TB_SSD/testing-for-NITE-DSP/sample_pack_testing/Mike Shinoda Drums/MS BEATS/Dubby Samples/Crash Motherboard.wav,Crash,Hi-Hat,0.242817,0.291065,Crash,trusted_filename_override,Crash,0.89,False,,
Hi-Hat  vs  Drum Loop,Mike Shinoda Drums,/Volumes/Jack_Gandy_1TB_SSD/testing-for-NITE-DSP/sample_pack_testing/Mike Shinoda Drums/MPC 1000 Backup/MPC1000 FILES/FUGITIVE/BREAK_7.WAV,Drum Loop,Hi-Hat,0.298032,0.422644,Drum Loop,trusted_filename_override,Drum Loop,0.78,False,,
Hi-Hat  vs  Kick,Drum Recollection,/Volumes/Jack_Gandy_1TB_SSD/testing-for-NITE-DSP/sample_pack_testing/Drum Recollection/Official Drum Kit Vol. 2/Open Hats/808 Kylen Open Hat.wav,Kick,Hi-Hat,0.29817,0.316829,Kick,trusted_filename_override,Kick,0.97,False,,
Hi-Hat  vs  Ride,Minimal Audio,/Volumes/Jack_Gandy_1TB_SSD/testing-for-NITE-DSP/sample_pack_testing/Minimal Audio/REFLECT/1 - Drums/5 - Hats & Cymbals/Ride - Choked.wav,Ride,Hi-Hat,0.801595,0.722863,Hi-Hat,full_taxonomy_audio,Hi-Hat,0.82,True,,
Hi-Hat  vs  Snare,Drum Recollection,/Volumes/Jack_Gandy_1TB_SSD/testing-for-NITE-DSP/sample_pack_testing/Drum Recollection/2023 Drums/(Snare) Hi End Snare.wav,Snare,Hi-Hat,0.664505,0.70771,Snare,trusted_filename_override,Snare,0.92,False,,
Hi-Hat Loop  vs  Clap,Sounds of KSHMR Vol.3,/Volumes/Jack_Gandy_1TB_SSD/testing-for-NITE-DSP/sample_pack_testing/Sounds of KSHMR Vol.3/KSHMR_VIP_Friends_of_KSHMR/NICKY_ROMERO/NICKY_ROMERO_Clap_Toulouse.wav,Clap,Hi-Hat Loop,0.198141,0.21208,Clap,trusted_filename_override,Clap,0.9,False,,
Hi-Hat Loop  vs  Crash,Breaks,/Volumes/Jack_Gandy_1TB_SSD/testing-for-NITE-DSP/sample_pack_testing/Breaks/The Drum Broker - International Breaks & Essential Kicks/The Drum Broker - International Breaks 5/CHINA 80.wav,Crash,Hi-Hat Loop,0.243385,0.3325,Crash,trusted_filename_override,Drum Loop,0.92333,False,,
Hi-Hat Loop  vs  Downlifter,Sounds of KSHMR Vol.3,/Volumes/Jack_Gandy_1TB_SSD/testing-for-NITE-DSP/sample_pack_testing/Sounds of KSHMR Vol.3/KSHMR_VIP_Friends_of_KSHMR/LUIS_TORRES/LUIS_TORRES_Ride_Fall.wav,Downlifter,Hi-Hat Loop,0.690934,0.508702,Hi-Hat Loop,full_taxonomy_audio,Percussion Loop,0.77333,False,,
Hi-Hat Loop  vs  Drum Fill,Sounds of KSHMR Vol.3,/Volumes/Jack_Gandy_1TB_SSD/testing-for-NITE-DSP/sample_pack_testing/Sounds of KSHMR Vol.3/KSHMR_Fills/KSHMR_Long_Fills/KSHMR_Long_Fill_17_140.wav,Drum Fill,Hi-Hat Loop,0.166169,0.235367,Hi-Hat Loop,full_taxonomy_audio,Drum Loop,0.76667,False,,
Hi-Hat Loop  vs  Drum Loop,Black Octopus Sound - Pure Analog Sweeps IV (2021),/Volumes/Jack_Gandy_1TB_SSD/testing-for-NITE-DSP/sample_pack_testing/Black Octopus Sound - Pure Analog Sweeps IV (2021)/Xtra Loops/Diamaudix_Audio_PAS_IV_120_Full_Drum_Loop_Gm.wav,Drum Loop,Hi-Hat Loop,0.217589,0.357214,Drum Loop,trusted_filename_override,Drum Loop,0.78,False,,
Hi-Hat Loop  vs  Hi-Hat,Drum Recollection,/Volumes/Jack_Gandy_1TB_SSD/testing-for-NITE-DSP/sample_pack_testing/Drum Recollection/Essentials Drumkit Vol. 002/Open Hats/TwentySix Open Hat.wav,Hi-Hat,Hi-Hat Loop,0.144038,0.179388,Hi-Hat,trusted_filename_override,Hi-Hat,0.94,False,,
Hi-Hat Loop  vs  Kick,Breaks,/Volumes/Jack_Gandy_1TB_SSD/testing-for-NITE-DSP/sample_pack_testing/Breaks/The Drum Broker - International Breaks & Essential Kicks/The Drum Broker - International Breaks 2/CHOPS/CRYSTAL KICK 1.wav,Kick,Hi-Hat Loop,0.368741,0.421641,Kick,trusted_filename_override,Drum Loop,0.97667,False,,
Hi-Hat Loop  vs  Loop,Breaks,/Volumes/Jack_Gandy_1TB_SSD/testing-for-NITE-DSP/sample_pack_testing/Breaks/Dirty Arse Drum Breaks/Dirty Arse Drum Breaks 1/100 BPM/monosole_100bpm_10.wav,Loop,Hi-Hat Loop,0.194199,0.300815,Hi-Hat Loop,full_taxonomy_audio,Drum Loop,0.89333,False,,
Hi-Hat Loop  vs  Percussion,Breaks,/Volumes/Jack_Gandy_1TB_SSD/testing-for-NITE-DSP/sample_pack_testing/Breaks/The Drum Broker - International Breaks & Essential Kicks/The Drum Broker - International Breaks 5/MARCH TOMS.wav,Percussion,Hi-Hat Loop,0.265349,0.339575,Hi-Hat Loop,full_taxonomy_audio,Drum Loop,0.92,False,,
Hi-Hat Loop  vs  Percussion Loop,Bendji Allonce - Percussion,/Volumes/Jack_Gandy_1TB_SSD/testing-for-NITE-DSP/sample_pack_testing/Bendji Allonce - Percussion/splice-export__bendji-allonce-percussion-pack_edited/loop/Percussion/RT_Bendji_Allonce_Shaker_Loop_1_Percussion_Bendji_Allonce_120_loop.wav,Percussion Loop,Hi-Hat Loop,0.410167,0.409234,Percussion Loop,trusted_filename_override,Percussion Loop,1.0,False,,
Hi-Hat Loop  vs  Snare,Minimal Audio,/Volumes/Jack_Gandy_1TB_SSD/testing-for-NITE-DSP/sample_pack_testing/Minimal Audio/MICROTECH/1 - Loops/2 - Snare - 172 BPM/Snare - Tight Micro - 172 BPM.wav,Snare,Hi-Hat Loop,0.232712,0.315089,Snare,trusted_filename_override,Percussion Loop,0.82333,False,,
Kick  vs  Crash,Breaks,/Volumes/Jack_Gandy_1TB_SSD/testing-for-NITE-DSP/sample_pack_testing/Breaks/The Drum Broker - International Breaks & Essential Kicks/The Drum Broker - International Breaks 3/CHINA SOUL_2.wav,Crash,Kick,0.19105,0.234939,Crash,trusted_filename_override,Crash,0.89,False,,
Kick  vs  Downlifter,Sounds of KSHMR Vol.3,/Volumes/Jack_Gandy_1TB_SSD/testing-for-NITE-DSP/sample_pack_testing/Sounds of KSHMR Vol.3/KSHMR_FX_Elements/KSHMR_Sub_Drops/KSHMR_Sub_Drop_13_G.wav,Downlifter,Kick,0.168892,0.237032,Kick,full_taxonomy_audio,Kick,0.84667,False,,
Kick  vs  Drum Loop,Breaks,/Volumes/Jack_Gandy_1TB_SSD/testing-for-NITE-DSP/sample_pack_testing/Breaks/Laidback Breaks/hold tight break.wav,Drum Loop,Kick,0.144425,0.206745,Drum Loop,trusted_filename_override,Drum Loop,0.78,False,,
Kick  vs  Foley,MGF Mega Pack,/Volumes/Jack_Gandy_1TB_SSD/testing-for-NITE-DSP/sample_pack_testing/MGF Mega Pack/Misc + Found Sound/Household Percussion April 2016/HOUSEHOLD_200.wav,Foley,Kick,0.325856,0.345831,Kick,full_taxonomy_audio,Kick,0.79,False,,
Kick  vs  Guitar,MGF Mega Pack,/Volumes/Jack_Gandy_1TB_SSD/testing-for-NITE-DSP/sample_pack_testing/MGF Mega Pack/Multisamples/MGF DX21 Vol 1/GTR Pluck/GTR Pluck 4 G0.wav,Guitar,Kick,0.57286,0.499953,Kick,full_taxonomy_audio,Kick,0.75667,False,,
Kick  vs  Impact,Mike Shinoda Drums,/Volumes/Jack_Gandy_1TB_SSD/testing-for-NITE-DSP/sample_pack_testing/Mike Shinoda Drums/MPC 1000 Backup/Mike_s Beats #1/BOOM.wav,Impact,Kick,0.212204,0.300567,Kick,full_taxonomy_audio,Kick,0.80333,False,,
Kick  vs  Loop,Mike Shinoda Drums,/Volumes/Jack_Gandy_1TB_SSD/testing-for-NITE-DSP/sample_pack_testing/Mike Shinoda Drums/MS BEATS/bitty loop Samples/45bpmBD8_SP1200R.wav,Loop,Kick,0.431531,0.389584,Kick,full_taxonomy_audio,Kick,0.84667,False,,
Kick  vs  Pluck,Sounds of KSHMR Vol.3,/Volumes/Jack_Gandy_1TB_SSD/testing-for-NITE-DSP/sample_pack_testing/Sounds of KSHMR Vol.3/KSHMR_Synths/KSHMR_Bass_Shots/KSHMR_Bass_Pluck/KSHMR_Bass_Pluck_12_E.wav,Pluck,Kick,0.297189,0.354967,Kick,full_taxonomy_audio,Kick,0.78667,False,,
Kick  vs  Snare,Breaks,/Volumes/Jack_Gandy_1TB_SSD/testing-for-NITE-DSP/sample_pack_testing/Breaks/The Drum Broker - International Breaks & Essential Kicks/The Drum Broker - International Breaks 1/CHOPS/RUSH SNARE 1.wav,Snare,Kick,0.142594,0.187039,Snare,trusted_filename_override,Snare,0.92,False,,
Kick Loop  vs  Drum Loop,Black Octopus Sound - Pure Analog Sweeps IV (2021),/Volumes/Jack_Gandy_1TB_SSD/testing-for-NITE-DSP/sample_pack_testing/Black Octopus Sound - Pure Analog Sweeps IV (2021)/Xtra Loops/Diamaudix_Audio_PAS_IV_Full_Drum_Loop_01_118bpm.wav,Drum Loop,Kick Loop,0.173832,0.348869,Drum Loop,trusted_filename_override,Drum Loop,0.78,False,,
Kick Loop  vs  Impact,Breaks,/Volumes/Jack_Gandy_1TB_SSD/testing-for-NITE-DSP/sample_pack_testing/Breaks/The Drum Broker - International Breaks & Essential Kicks/The Drum Broker - International Breaks 3/BOOM BAP.wav,Impact,Kick Loop,0.237462,0.308696,Kick Loop,full_taxonomy_audio,Percussion Loop,0.76,False,,
Kick Loop  vs  Kick,Breaks,/Volumes/Jack_Gandy_1TB_SSD/testing-for-NITE-DSP/sample_pack_testing/Breaks/The Drum Broker - International Breaks & Essential Kicks/The Drum Broker - International Breaks 3/808.wav,Kick,Kick Loop,0.186335,0.25693,Kick,trusted_filename_override,Drum Loop,0.78333,False,,
Kick Loop  vs  Loop,Just Jared - OP1 Drums,/Volumes/Jack_Gandy_1TB_SSD/testing-for-NITE-DSP/sample_pack_testing/Just Jared - OP1 Drums/Drum Loops/Just Jared - OP1 Drums Loop 8 (81 BPM).wav,Loop,Kick Loop,0.193902,0.295085,Kick Loop,full_taxonomy_audio,Drum Loop,0.81,False,,
Kick Loop  vs  Snare,Sounds of KSHMR Vol.3,/Volumes/Jack_Gandy_1TB_SSD/testing-for-NITE-DSP/sample_pack_testing/Sounds of KSHMR Vol.3/KSHMR_VIP_Friends_of_KSHMR/ZEDD/ZEDD_Claps_Snare_Done_with_Love_128.wav,Snare,Kick Loop,0.147739,0.186246,Snare,trusted_filename_override,Percussion Loop,0.76,False,,
Other/none  vs  Brass,Sounds of KSHMR Vol.3,/Volumes/Jack_Gandy_1TB_SSD/testing-for-NITE-DSP/sample_pack_testing/Sounds of KSHMR Vol.3/KSHMR_Live_Instruments/KSHMR_Orchestral_Instruments/KSHMR_Brass/KSHMR_Brass_Loops/KSHMR_Brass_Loop_19_152_C#.wav,Brass,Other/none,0.149296,0.310856,Other/none,full_taxonomy_audio,Foley Loop,0.76,False,,
Other/none  vs  Lead,MGF Mega Pack,/Volumes/Jack_Gandy_1TB_SSD/testing-for-NITE-DSP/sample_pack_testing/MGF Mega Pack/Multisamples/MGF Sub Phatty 1/Tape Lead 2/Tape Lead 2-22 D#0.wav,Lead,Other/none,0.161988,0.430975,Other/none,full_taxonomy_audio,Percussion Loop,0.84667,False,,
Other/none  vs  Loop,Loaded Samples - Lo-Fi Memphis 2,/Volumes/Jack_Gandy_1TB_SSD/testing-for-NITE-DSP/sample_pack_testing/Loaded Samples - Lo-Fi Memphis 2/MELODIES (X3 & DR5)/Stems (Cassette Processed)/STEM_Player Haters #3 [77 BPM] (F).wav,Loop,Other/none,0.137942,0.368209,Other/none,full_taxonomy_audio,Percussion Loop,0.81,False,,
Other/none  vs  Organ,Loaded Samples - Lo-Fi Memphis 2,/Volumes/Jack_Gandy_1TB_SSD/testing-for-NITE-DSP/sample_pack_testing/Loaded Samples - Lo-Fi Memphis 2/MELODIES (X3 & DR5)/Stems (Cassette Processed)/STEM_Organ Donor #5 [75 BPM] (B).wav,Organ,Other/none,0.175776,0.412808,Other/none,full_taxonomy_audio,Percussion Loop,0.81333,False,,
Other/none  vs  Pad,MGF Mega Pack,/Volumes/Jack_Gandy_1TB_SSD/testing-for-NITE-DSP/sample_pack_testing/MGF Mega Pack/Multisamples/MGF JX3P Vol 5/Washboard Pad/Washboard Pad C0.wav,Pad,Other/none,0.136413,0.364088,Other/none,full_taxonomy_audio,Percussion Loop,0.85,False,,
Other/none  vs  Percussion Loop,Sounds of KSHMR Vol.3,/Volumes/Jack_Gandy_1TB_SSD/testing-for-NITE-DSP/sample_pack_testing/Sounds of KSHMR Vol.3/KSHMR_World_Sounds/KSHMR_India/KSHMR_India_PL_Sitar_and_Percussion_Loop_80_C#.wav,Percussion Loop,Other/none,0.115164,0.16832,Percussion Loop,trusted_filename_override,Percussion Loop,1.0,False,,
Pad  vs  Lead,MGF Mega Pack,/Volumes/Jack_Gandy_1TB_SSD/testing-for-NITE-DSP/sample_pack_testing/MGF Mega Pack/Multisamples/MGF Alpha Juno Vol 1/G Star Lead/G Star Lead - F#2.wav,Lead,Pad,0.140385,0.391327,Pad,full_taxonomy_audio,Percussion Loop,0.84333,False,,
Pad  vs  Loop,Loaded Samples - Lo-Fi Memphis 2,/Volumes/Jack_Gandy_1TB_SSD/testing-for-NITE-DSP/sample_pack_testing/Loaded Samples - Lo-Fi Memphis 2/MELODIES (X3 & DR5)/Stems (OG Versions)/OGSTEM_In My Brain #2 [76 BPM] (F#).wav,Loop,Pad,0.233675,0.516896,Pad,full_taxonomy_audio,Percussion Loop,0.81333,False,,
Pad  vs  Strings,Sounds of KSHMR Vol.3,/Volumes/Jack_Gandy_1TB_SSD/testing-for-NITE-DSP/sample_pack_testing/Sounds of KSHMR Vol.3/KSHMR_Live_Instruments/KSHMR_Orchestral_Instruments/KSHMR_Strings/KSHMR_String_Loops/KSHMR_String_Loop_04_105_Fm.wav,Strings,Pad,0.159319,0.325602,Pad,full_taxonomy_audio,Percussion Loop,0.79333,False,,
Percussion  vs  Kick,Loaded Samples - Lo-Fi Memphis 2,/Volumes/Jack_Gandy_1TB_SSD/testing-for-NITE-DSP/sample_pack_testing/Loaded Samples - Lo-Fi Memphis 2/DRUMS/Perc/LFM2_Cowbell 808_REV (3).wav,Kick,Percussion,0.237214,0.299022,Kick,trusted_filename_override,Kick,0.97,False,,
Percussion  vs  Snare,Organic Drum Kit,/Volumes/Jack_Gandy_1TB_SSD/testing-for-NITE-DSP/sample_pack_testing/Organic Drum Kit/5 Percussion/2 Cajon Box/1 Cajon Box/2 Snare Slap/Organic - Cajon Snare_A (19).wav,Snare,Percussion,0.266559,0.374803,Snare,trusted_filename_override,Snare,0.92,False,,
Percussion Loop  vs  Drum Loop,Breaks,/Volumes/Jack_Gandy_1TB_SSD/testing-for-NITE-DSP/sample_pack_testing/Breaks/Laidback Breaks/blockparty break.wav,Drum Loop,Percussion Loop,0.12449,0.25753,Drum Loop,trusted_filename_override,Drum Loop,0.78,False,,
Percussion Loop  vs  Guitar,Sounds of KSHMR Vol.3,/Volumes/Jack_Gandy_1TB_SSD/testing-for-NITE-DSP/sample_pack_testing/Sounds of KSHMR Vol.3/KSHMR_Live_Instruments/KSHMR_Main_Instruments/KSHMR_Guitar/KSHMR_Guitar_Chords/KSHMR_Acoustic_Chords/KSHMR_Acoustic_Guitar_Chords_29_128_D-Bm-F#m-A_Muted.wav,Guitar,Percussion Loop,0.178593,0.347698,Percussion Loop,full_taxonomy_audio,Drum Loop,0.81,False,,
Percussion Loop  vs  Kick,Organic Drum Kit,/Volumes/Jack_Gandy_1TB_SSD/testing-for-NITE-DSP/sample_pack_testing/Organic Drum Kit/8 Drum Loops/Percussion Loops/No Kick LP - 90 BPM (A).wav,Kick,Percussion Loop,0.261183,0.294594,Kick,trusted_filename_override,Percussion Loop,0.76667,False,,
Percussion Loop  vs  Loop,Minimal Audio,/Volumes/Jack_Gandy_1TB_SSD/testing-for-NITE-DSP/sample_pack_testing/Minimal Audio/REFLECT/1 - Drums/1 - Loops/1 - Full Loops /Drums - Punch Shuffler - 130 BPM.wav,Loop,Percussion Loop,0.194541,0.324722,Percussion Loop,full_taxonomy_audio,Drum Loop,0.80333,False,,
Percussion Loop  vs  Percussion,Breaks,/Volumes/Jack_Gandy_1TB_SSD/testing-for-NITE-DSP/sample_pack_testing/Breaks/The Drum Broker - International Breaks & Essential Kicks/The Drum Broker - International Breaks 4/COWBELL.wav,Percussion,Percussion Loop,0.21652,0.306574,Percussion Loop,full_taxonomy_audio,Drum Loop,0.86667,False,,
Percussion Loop  vs  Snare,Organic Drum Kit,/Volumes/Jack_Gandy_1TB_SSD/testing-for-NITE-DSP/sample_pack_testing/Organic Drum Kit/5 Percussion/2 Cajon Box/1 Cajon Box/2 Snare Slap/Organic - Cajon Snare_A (22).wav,Snare,Percussion Loop,0.169539,0.227902,Snare,trusted_filename_override,Snare,0.92,False,,
Percussion Loop  vs  Snare Loop,Sounds of KSHMR Vol.3,/Volumes/Jack_Gandy_1TB_SSD/testing-for-NITE-DSP/sample_pack_testing/Sounds of KSHMR Vol.3/KSHMR_Drums_Loops/KSHMR_Drum_Loops_Solo/KSHMR_Snare_Drum_Loops/KSHMR_Snare_Loop_06_130.wav,Snare Loop,Percussion Loop,0.181101,0.221075,Percussion Loop,full_taxonomy_audio,Percussion Loop,0.91333,False,,
Percussion Loop  vs  Strings,Sounds of KSHMR Vol.3,/Volumes/Jack_Gandy_1TB_SSD/testing-for-NITE-DSP/sample_pack_testing/Sounds of KSHMR Vol.3/KSHMR_Live_Instruments/KSHMR_Orchestral_Instruments/KSHMR_Strings/KSHMR_String_Loops/KSHMR_String_Loop_15_128_Fm_Col_Legno.wav,Strings,Percussion Loop,0.278119,0.344507,Percussion Loop,full_taxonomy_audio,Percussion Loop,0.8,False,,
Rimshot  vs  Clap,Black Octopus Sound - Pure Analog Sweeps IV (2021),/Volumes/Jack_Gandy_1TB_SSD/testing-for-NITE-DSP/sample_pack_testing/Black Octopus Sound - Pure Analog Sweeps IV (2021)/Xtra One Shots/Diamaudix_Audio_PAS_IV_Clap_03.wav,Clap,Rimshot,0.511126,0.624056,Clap,trusted_filename_override,Clap,0.9,False,,
Rimshot  vs  Drum Loop,Breaks,/Volumes/Jack_Gandy_1TB_SSD/testing-for-NITE-DSP/sample_pack_testing/Breaks/Laidback Breaks/back and forth break.wav,Drum Loop,Rimshot,0.129641,0.167519,Drum Loop,trusted_filename_override,Drum Loop,0.78,False,,
Rimshot  vs  Hi-Hat,Black Octopus Sound - Pure Analog Sweeps IV (2021),/Volumes/Jack_Gandy_1TB_SSD/testing-for-NITE-DSP/sample_pack_testing/Black Octopus Sound - Pure Analog Sweeps IV (2021)/Xtra One Shots/Diamaudix_Audio_PAS_IV_Ohh_04.wav,Hi-Hat,Rimshot,0.289499,0.41523,Hi-Hat,trusted_filename_override,Hi-Hat,0.94,False,,
Rimshot  vs  Kick,Capsun ProAudio - City Pop,/Volumes/Jack_Gandy_1TB_SSD/testing-for-NITE-DSP/sample_pack_testing/Capsun ProAudio - City Pop/One_Shots/Drum_One_Shots/Kicks/CPA_TCP_kick_ladies_night.wav,Kick,Rimshot,0.452856,0.492468,Kick,trusted_filename_override,Kick,0.97,False,,
Rimshot  vs  Percussion Loop,Black Octopus Sound - Pure Analog Sweeps IV (2021),/Volumes/Jack_Gandy_1TB_SSD/testing-for-NITE-DSP/sample_pack_testing/Black Octopus Sound - Pure Analog Sweeps IV (2021)/Xtra Loops/Diamaudix_Audio_PAS_IV_Perc_Loop_01_118bpm.wav,Percussion Loop,Rimshot,0.143835,0.197345,Percussion Loop,trusted_filename_override,Percussion Loop,1.0,False,,
Rimshot  vs  Piano,Drum Recollection,/Volumes/Jack_Gandy_1TB_SSD/testing-for-NITE-DSP/sample_pack_testing/Drum Recollection/2023 Drums/(Clap) Got The Keys.wav,Piano,Rimshot,0.473193,0.623847,Rimshot,full_taxonomy_audio,Clap,0.85,False,,
Rimshot  vs  Snare,Breaks,/Volumes/Jack_Gandy_1TB_SSD/testing-for-NITE-DSP/sample_pack_testing/Breaks/Gems From The Crates/Snares/AKT-SNR-A044_bip.wav,Snare,Rimshot,0.192229,0.285246,Snare,trusted_filename_override,Snare,0.92,False,,
SFX  vs  Crash,Minimal Audio,/Volumes/Jack_Gandy_1TB_SSD/testing-for-NITE-DSP/sample_pack_testing/Minimal Audio/ELEMENT/5 - Deep Textures/Texture - Bowed Cymbal High.wav,Crash,SFX,0.184282,0.317226,Crash,trusted_filename_override,Crash,0.89,False,,
SFX  vs  Lead,MGF Mega Pack,/Volumes/Jack_Gandy_1TB_SSD/testing-for-NITE-DSP/sample_pack_testing/MGF Mega Pack/Multisamples/MGF Alpha Juno Vol 1/G Star Lead/G Star Lead - F#5.wav,Lead,SFX,0.112321,0.19258,SFX,full_taxonomy_audio,Percussion Loop,0.76333,False,,
SFX  vs  Loop,Loaded Samples - Lo-Fi Memphis 2,/Volumes/Jack_Gandy_1TB_SSD/testing-for-NITE-DSP/sample_pack_testing/Loaded Samples - Lo-Fi Memphis 2/MELODIES (X3 & DR5)/Stems (OG Versions)/OGSTEM_The Prophecy #4 [72 BPM] (A#).wav,Loop,SFX,0.124396,0.370662,SFX,full_taxonomy_audio,Percussion Loop,0.77333,False,,
SFX  vs  Organ,MGF Mega Pack,/Volumes/Jack_Gandy_1TB_SSD/testing-for-NITE-DSP/sample_pack_testing/MGF Mega Pack/Multisamples/MGF JX3P Vol 5/Hard Cider/Hard Cider Sync 27 B3.wav,Organ,SFX,0.186553,0.294416,SFX,full_taxonomy_audio,Percussion Loop,0.84333,False,,
SFX  vs  Pad,MGF Mega Pack,/Volumes/Jack_Gandy_1TB_SSD/testing-for-NITE-DSP/sample_pack_testing/MGF Mega Pack/Multisamples/MGF JX3P Vol 5/Washboard Pad/Washboard Pad 2 E0.wav,Pad,SFX,0.136225,0.368021,SFX,full_taxonomy_audio,Percussion Loop,0.85,False,,
SFX  vs  Snare,Sounds of KSHMR Vol.3,/Volumes/Jack_Gandy_1TB_SSD/testing-for-NITE-DSP/sample_pack_testing/Sounds of KSHMR Vol.3/KSHMR_Drums/KSHMR_Snares/KSHMR_Big_Snares/KSHMR_Big_Snare_08.wav,Snare,SFX,0.11871,0.16324,Snare,trusted_filename_override,Snare,0.92,False,,
SFX  vs  Strings,MGF Mega Pack,/Volumes/Jack_Gandy_1TB_SSD/testing-for-NITE-DSP/sample_pack_testing/MGF Mega Pack/Analogue Collection/Chords - Pads/JX3P Strings D5 Fmaj7.wav,Strings,SFX,0.306681,0.476949,SFX,full_taxonomy_audio,Percussion Loop,0.77667,False,,
Snare  vs  Clap,Black Octopus Sound - Pure Analog Sweeps IV (2021),/Volumes/Jack_Gandy_1TB_SSD/testing-for-NITE-DSP/sample_pack_testing/Black Octopus Sound - Pure Analog Sweeps IV (2021)/Xtra One Shots/Diamaudix_Audio_PAS_IV_Clap_04.wav,Clap,Snare,0.438294,0.577101,Clap,trusted_filename_override,Clap,0.9,False,,
Snare  vs  Drum Loop,Breaks,/Volumes/Jack_Gandy_1TB_SSD/testing-for-NITE-DSP/sample_pack_testing/Breaks/The Drum Broker - International Breaks & Essential Kicks/The Drum Broker - International Breaks 3/7 FIRES BKK BREAK_3.wav,Drum Loop,Snare,0.192402,0.224213,Drum Loop,trusted_filename_override,Drum Loop,0.78,False,,
Snare  vs  Hi-Hat,Koan Sound,/Volumes/Jack_Gandy_1TB_SSD/testing-for-NITE-DSP/sample_pack_testing/Koan Sound/Koan Sound Samples/Raw Drums/Raw/Raw Hat 06.wav,Hi-Hat,Snare,0.301697,0.517049,Hi-Hat,trusted_filename_override,Hi-Hat,0.94,False,,
Snare  vs  Kick,Loaded Samples - Lo-Fi Memphis 2,/Volumes/Jack_Gandy_1TB_SSD/testing-for-NITE-DSP/sample_pack_testing/Loaded Samples - Lo-Fi Memphis 2/DRUMS/Snares/LFM2_Snare 808_REV (2).wav,Kick,Snare,0.412928,0.407612,Kick,trusted_filename_override,Kick,0.97,False,,
Snare  vs  Loop,Mike Shinoda Drums,/Volumes/Jack_Gandy_1TB_SSD/testing-for-NITE-DSP/sample_pack_testing/Mike Shinoda Drums/MS BEATS/Auckland2013 Samples/45bpmSD9_SP1200F.wav,Loop,Snare,0.658794,0.607052,Snare,full_taxonomy_audio,Snare,0.81,False,,
Synth Loop  vs  Brass,Sounds of KSHMR Vol.3,/Volumes/Jack_Gandy_1TB_SSD/testing-for-NITE-DSP/sample_pack_testing/Sounds of KSHMR Vol.3/KSHMR_Live_Instruments/KSHMR_Orchestral_Instruments/KSHMR_Brass/KSHMR_Brass_Loops/KSHMR_Brass_Loop_15_140_E_Arabic.wav,Brass,Synth Loop,0.119499,0.249087,Synth Loop,full_taxonomy_audio,Foley Loop,0.76,False,,
Synth Loop  vs  Guitar,Capsun ProAudio - City Pop,/Volumes/Jack_Gandy_1TB_SSD/testing-for-NITE-DSP/sample_pack_testing/Capsun ProAudio - City Pop/Loops/Melodic_Loops/Melodic_Stack_no_guitar/CPA_TCP_100_melodic_stack_traffic_control_no_guitar_E.wav,Guitar,Synth Loop,0.275581,0.523446,Synth Loop,full_taxonomy_audio,Percussion Loop,0.84333,False,,
Synth Loop  vs  Lead,Sounds of KSHMR Vol.3,/Volumes/Jack_Gandy_1TB_SSD/testing-for-NITE-DSP/sample_pack_testing/Sounds of KSHMR Vol.3/KSHMR_Song_Starters/KSHMR_Song_Starters_Hip_Hop/KSHMR_Song_Starter_Hip_Hop_Lavish_140_Fm_Lead.wav,Lead,Synth Loop,0.224343,0.412347,Synth Loop,full_taxonomy_audio,Percussion Loop,0.76,False,,
Synth Loop  vs  Loop,Black Octopus Sound - Pure Analog Sweeps IV (2021),/Volumes/Jack_Gandy_1TB_SSD/testing-for-NITE-DSP/sample_pack_testing/Black Octopus Sound - Pure Analog Sweeps IV (2021)/Xtra Loops/Diamaudix_Audio_PAS_IV_120_Arp_Loop_Gm.wav,Loop,Synth Loop,0.303064,0.469413,Synth Loop,full_taxonomy_audio,Percussion Loop,0.80667,False,,
Synth Loop  vs  Piano,IMANU,/Volumes/Jack_Gandy_1TB_SSD/testing-for-NITE-DSP/sample_pack_testing/IMANU/IMANU Patreon January 2022 Samples/Breakthrough Piano F harmonic minor.wav,Piano,Synth Loop,0.265981,0.532647,Synth Loop,full_taxonomy_audio,Percussion Loop,0.91333,False,,
Synth Loop  vs  Strings,Sounds of KSHMR Vol.3,/Volumes/Jack_Gandy_1TB_SSD/testing-for-NITE-DSP/sample_pack_testing/Sounds of KSHMR Vol.3/KSHMR_Live_Instruments/KSHMR_Orchestral_Instruments/KSHMR_Strings/KSHMR_String_Loops/KSHMR_String_Loop_14_128_Fm.wav,Strings,Synth Loop,0.294558,0.535809,Synth Loop,full_taxonomy_audio,Percussion Loop,0.87,False,,
Synth One-Shot  vs  Downlifter,Sounds of KSHMR Vol.3,/Volumes/Jack_Gandy_1TB_SSD/testing-for-NITE-DSP/sample_pack_testing/Sounds of KSHMR Vol.3/KSHMR_FX_Elements/KSHMR_Sub_Drops/KSHMR_Sub_Drop_01_A.wav,Downlifter,Synth One-Shot,0.360958,0.452409,Synth One-Shot,full_taxonomy_audio,Kick,0.77333,False,,
Synth One-Shot  vs  Kick,Drum Recollection,/Volumes/Jack_Gandy_1TB_SSD/testing-for-NITE-DSP/sample_pack_testing/Drum Recollection/Official Drum Kit Vol. 1/808s/Another Spinz 808 .wav,Kick,Synth One-Shot,0.164629,0.27606,Kick,trusted_filename_override,Kick,0.97,False,,
Synth One-Shot  vs  Lead,MGF Mega Pack,/Volumes/Jack_Gandy_1TB_SSD/testing-for-NITE-DSP/sample_pack_testing/MGF Mega Pack/Analogue Collection/Singles/P08_LEAD_23 C2.wav,Lead,Synth One-Shot,0.164003,0.385488,Synth One-Shot,full_taxonomy_audio,Percussion Loop,0.88,False,,
Synth One-Shot  vs  Loop,Loaded Samples - Lo-Fi Memphis 2,/Volumes/Jack_Gandy_1TB_SSD/testing-for-NITE-DSP/sample_pack_testing/Loaded Samples - Lo-Fi Memphis 2/MELODIES (X3 & DR5)/Stems (OG Versions)/OGSTEM_Hollow Tips #4 [70 BPM] (E).wav,Loop,Synth One-Shot,0.202471,0.326417,Synth One-Shot,full_taxonomy_audio,Percussion Loop,0.75,False,,
Synth One-Shot  vs  Organ,MGF Mega Pack,/Volumes/Jack_Gandy_1TB_SSD/testing-for-NITE-DSP/sample_pack_testing/MGF Mega Pack/Retro Digital Collection/Bass/DX21 RGB Organ C1.wav,Organ,Synth One-Shot,0.195603,0.407888,Synth One-Shot,full_taxonomy_audio,Percussion Loop,0.76667,False,,
Synth One-Shot  vs  Pad,MGF Mega Pack,/Volumes/Jack_Gandy_1TB_SSD/testing-for-NITE-DSP/sample_pack_testing/MGF Mega Pack/Multisamples/MGF JX3P Vol 5/Washboard Pad/Washboard Pad 18 G2.wav,Pad,Synth One-Shot,0.191359,0.467205,Synth One-Shot,full_taxonomy_audio,Percussion Loop,0.83333,False,,
Synth One-Shot  vs  Ride,Loaded Samples - Lo-Fi Memphis 2,/Volumes/Jack_Gandy_1TB_SSD/testing-for-NITE-DSP/sample_pack_testing/Loaded Samples - Lo-Fi Memphis 2/MELODIES (X3 & DR5)/Stems (Cassette Processed)/STEM_Down to Ride #2 [74 BPM] (G).wav,Ride,Synth One-Shot,0.137222,0.280312,Synth One-Shot,full_taxonomy_audio,Percussion Loop,0.88,False,,
Vocal Loop  vs  Drum Fill,Sounds of KSHMR Vol.3,/Volumes/Jack_Gandy_1TB_SSD/testing-for-NITE-DSP/sample_pack_testing/Sounds of KSHMR Vol.3/KSHMR_Fills/KSHMR_Synth_Fills/KSHMR_Synth_Fill_21_155_Dm.wav,Drum Fill,Vocal Loop,0.120557,0.190784,Vocal Loop,full_taxonomy_audio,Drum Loop,0.84,False,,
Vocal Loop  vs  Hi-Hat,Drum Recollection,/Volumes/Jack_Gandy_1TB_SSD/testing-for-NITE-DSP/sample_pack_testing/Drum Recollection/Essentials Drumkit Vol. 002/Open Hats/Sandman Open Hat.wav,Hi-Hat,Vocal Loop,0.144854,0.214237,Hi-Hat,trusted_filename_override,Hi-Hat,0.94,False,,
Vocal Loop  vs  Loop,Sounds of KSHMR Vol.3,/Volumes/Jack_Gandy_1TB_SSD/testing-for-NITE-DSP/sample_pack_testing/Sounds of KSHMR Vol.3/KSHMR_Synths/KSHMR_Synth_Loops/KSHMR_Synth_Loop_28_128_F#m.wav,Loop,Vocal Loop,0.153803,0.315377,Vocal Loop,full_taxonomy_audio,Percussion Loop,0.85,False,,
Vocal One-Shot  vs  Hi-Hat,Drum Recollection,/Volumes/Jack_Gandy_1TB_SSD/testing-for-NITE-DSP/sample_pack_testing/Drum Recollection/Essentials Drum Kit Vol. 001/Open Hats/Reversed Slingshot Open Hat.wav,Hi-Hat,Vocal One-Shot,0.129583,0.193297,Hi-Hat,trusted_filename_override,Hi-Hat,0.94,False,,
Vocal One-Shot  vs  Lead,MGF Mega Pack,/Volumes/Jack_Gandy_1TB_SSD/testing-for-NITE-DSP/sample_pack_testing/MGF Mega Pack/Multisamples/MGF Alpha Juno Vol 1/G Star Lead/G Star Lead - F#6.wav,Lead,Vocal One-Shot,0.114614,0.180313,Vocal One-Shot,full_taxonomy_audio,Percussion Loop,0.79667,False,,
Vocal One-Shot  vs  Loop,Loaded Samples - Lo-Fi Memphis 2,/Volumes/Jack_Gandy_1TB_SSD/testing-for-NITE-DSP/sample_pack_testing/Loaded Samples - Lo-Fi Memphis 2/MELODIES (X3 & DR5)/Stems (Cassette Processed)/STEM_Still Mobbin #2 [73 BPM] (F#).wav,Loop,Vocal One-Shot,0.124082,0.225003,Vocal One-Shot,full_taxonomy_audio,Percussion Loop,0.75333,False,,
Weather/Nature Atmos  vs  Drum Loop,Koan Sound,/Volumes/Jack_Gandy_1TB_SSD/testing-for-NITE-DSP/sample_pack_testing/Koan Sound/Koan Sound Samples/Sentient/sentient_bass+drums+fx/Sentient - Break.wav,Drum Loop,Weather/Nature Atmos,0.401968,0.39938,Drum Loop,trusted_filename_override,Drum Loop,0.78,False,,
Weather/Nature Atmos  vs  Foley,Koan Sound,/Volumes/Jack_Gandy_1TB_SSD/testing-for-NITE-DSP/sample_pack_testing/Koan Sound/Koan Sound Samples/Silk Wave Stems/Drums - Foley.wav,Foley,Weather/Nature Atmos,0.402526,0.399304,Weather/Nature Atmos,full_taxonomy_audio,Percussion Loop,0.85667,False,,
Weather/Nature Atmos  vs  Guitar,Koan Sound,/Volumes/Jack_Gandy_1TB_SSD/testing-for-NITE-DSP/sample_pack_testing/Koan Sound/Koan Sound Samples/The Zulla Stems/The Zulla - Guitar.wav,Guitar,Weather/Nature Atmos,0.399019,0.397925,Weather/Nature Atmos,full_taxonomy_audio,Percussion Loop,0.8,False,,
Weather/Nature Atmos  vs  Hi-Hat,Drum Recollection,/Volumes/Jack_Gandy_1TB_SSD/testing-for-NITE-DSP/sample_pack_testing/Drum Recollection/New Wave Drum Kit Vol. 2/Open Hats/@prod.ksubi - Le wa Open Hat.wav,Hi-Hat,Weather/Nature Atmos,0.110493,0.160756,Hi-Hat,trusted_filename_override,Hi-Hat,0.94,False,,
Weather/Nature Atmos  vs  Kick,Koan Sound,/Volumes/Jack_Gandy_1TB_SSD/testing-for-NITE-DSP/sample_pack_testing/Koan Sound/Koan Sound Samples/Sentient/sentient_bass+drums+fx/Sentient - Kick.wav,Kick,Weather/Nature Atmos,0.401968,0.39938,Kick,trusted_filename_override,Drum Loop,0.83333,False,,
Weather/Nature Atmos  vs  Loop,Loaded Samples - Lo-Fi Memphis 2,/Volumes/Jack_Gandy_1TB_SSD/testing-for-NITE-DSP/sample_pack_testing/Loaded Samples - Lo-Fi Memphis 2/MELODIES (X3 & DR5)/Stems (Cassette Processed)/STEM_Deadly Theme #3 [73 BPM] (G).wav,Loop,Weather/Nature Atmos,0.154445,0.253768,Weather/Nature Atmos,full_taxonomy_audio,Percussion Loop,0.82333,False,,
Weather/Nature Atmos  vs  Percussion,Koan Sound,/Volumes/Jack_Gandy_1TB_SSD/testing-for-NITE-DSP/sample_pack_testing/Koan Sound/Koan Sound Samples/The Zulla Stems/The Zulla - Percussion.wav,Percussion,Weather/Nature Atmos,0.399019,0.397925,Weather/Nature Atmos,full_taxonomy_audio,Drum Loop,0.85333,False,,
Bass Hit  vs  Kick,Loaded Samples - Lo-Fi Memphis 2,/Volumes/Jack_Gandy_1TB_SSD/testing-for-NITE-DSP/sample_pack_testing/Loaded Samples - Lo-Fi Memphis 2/DRUMS/Kicks & 808s/LFM2_808 Heavy (3) (G).wav,Kick,Bass Hit,0.164539,0.303079,Kick,trusted_filename_override,Kick,0.97,False,,
Bass Hit  vs  Loop,Minimal Audio,/Volumes/Jack_Gandy_1TB_SSD/testing-for-NITE-DSP/sample_pack_testing/Minimal Audio/ELEMENT/3 - Bass Loops/Bass - Electric Boomerang - Emin - 78 BPM.wav,Loop,Bass Hit,0.137989,0.211747,Bass Hit,full_taxonomy_audio,Percussion Loop,0.76,False,,
Bass Loop  vs  Drum Loop,Home Clouds - Pop Rock,/Volumes/Jack_Gandy_1TB_SSD/testing-for-NITE-DSP/sample_pack_testing/Home Clouds - Pop Rock/splice-export__home-clouds-at-rubber-tracks-london-pop-up/loop/Drums/RT_Home_Clouds_Drum_Loop_13_Drums_Will_Allen_132_loop.wav,Drum Loop,Bass Loop,0.221458,0.317096,Drum Loop,trusted_filename_override,Drum Loop,0.78,False,,
Bass Loop  vs  Foley,Minimal Audio,/Volumes/Jack_Gandy_1TB_SSD/testing-for-NITE-DSP/sample_pack_testing/Minimal Audio/REFLECT/1 - Drums/1 - Loops/5 - Foley Loops/Foley - Filtered Vinyl - 130 BPM.wav,Foley,Bass Loop,0.239521,0.317105,Bass Loop,full_taxonomy_audio,Percussion Loop,0.85333,False,,
Bass Loop  vs  Guitar,Sounds of KSHMR Vol.3,/Volumes/Jack_Gandy_1TB_SSD/testing-for-NITE-DSP/sample_pack_testing/Sounds of KSHMR Vol.3/KSHMR_Live_Instruments/KSHMR_Main_Instruments/KSHMR_Guitar/KSHMR_Guitar_Chords/KSHMR_Acoustic_Chords/KSHMR_Acoustic_Guitar_Chords_34_140_Am-G-F-G.wav,Guitar,Bass Loop,0.162166,0.351522,Bass Loop,full_taxonomy_audio,Drum Loop,0.98,False,,
Bass Loop  vs  Impact,Mike Shinoda Drums,/Volumes/Jack_Gandy_1TB_SSD/testing-for-NITE-DSP/sample_pack_testing/Mike Shinoda Drums/MS BEATS/Cool EFX Samples/Impact HasItAll.wav,Impact,Bass Loop,0.264974,0.354854,Bass Loop,full_taxonomy_audio,Drum Loop,0.76333,False,,
Bass Loop  vs  Kick,Minimal Audio,/Volumes/Jack_Gandy_1TB_SSD/testing-for-NITE-DSP/sample_pack_testing/Minimal Audio/MICROTECH/1 - Loops/1 - Kick - 172 BPM/Kick - Snap Cellar 2 - 172 BPM.wav,Kick,Bass Loop,0.173771,0.301101,Kick,trusted_filename_override,Percussion Loop,0.80333,False,,
Bass Loop  vs  Loop,Minimal Audio,/Volumes/Jack_Gandy_1TB_SSD/testing-for-NITE-DSP/sample_pack_testing/Minimal Audio/ELEMENT/3 - Bass Loops/Bass - Cycle - CMaj - 78 BPM.wav,Loop,Bass Loop,0.156811,0.353019,Bass Loop,full_taxonomy_audio,Percussion Loop,0.84,False,,
Bass Loop  vs  Piano,IMANU,/Volumes/Jack_Gandy_1TB_SSD/testing-for-NITE-DSP/sample_pack_testing/IMANU/IMANU Patreon August 2024 Samples/piano reese Cm.wav,Piano,Bass Loop,0.240764,0.433758,Bass Loop,full_taxonomy_audio,Percussion Loop,0.76333,False,,
Chord Loop  vs  Crash,Sounds of KSHMR Vol.3,/Volumes/Jack_Gandy_1TB_SSD/testing-for-NITE-DSP/sample_pack_testing/Sounds of KSHMR Vol.3/KSHMR_Drums/KSHMR_Orchestral_Drums/KSHMR_Cymbals/KSHMR_Crashes_Scary/KSHMR_Orchestral_Crash_Scary_06.wav,Crash,Chord Loop,0.251065,0.419504,Crash,trusted_filename_override,Crash,0.89,False,,
Chord Loop  vs  Drum Loop,Sounds of KSHMR Vol.3,/Volumes/Jack_Gandy_1TB_SSD/testing-for-NITE-DSP/sample_pack_testing/Sounds of KSHMR Vol.3/KSHMR_Drums_Loops/KSHMR_Drum_Loops_Full/KSHMR_Cinematic_Drum_Loops/KSHMR_Cinematic_Drum_Loop_10_100.wav,Drum Loop,Chord Loop,0.122051,0.196785,Drum Loop,trusted_filename_override,Drum Loop,0.78,False,,
Chord Loop  vs  Guitar,Old Movies 1 - Vintage Collection (Drum Kit),/Volumes/Jack_Gandy_1TB_SSD/testing-for-NITE-DSP/sample_pack_testing/Old Movies 1 - Vintage Collection (Drum Kit)/Melodic Elements (Old Movies)/DK_Guitar.wav,Guitar,Chord Loop,0.50507,0.549287,Chord Loop,full_taxonomy_audio,Percussion Loop,0.80667,False,,
Chord Loop  vs  Impact,Sounds of KSHMR Vol.3,/Volumes/Jack_Gandy_1TB_SSD/testing-for-NITE-DSP/sample_pack_testing/Sounds of KSHMR Vol.3/KSHMR_Drums/KSHMR_Orchestral_Drums/KSHMR_Deep_Impacts/KSHMR_Orchestral_Deep_Impact_02.wav,Impact,Chord Loop,0.147067,0.266955,Chord Loop,full_taxonomy_audio,Kick,0.84667,False,,
Chord Loop  vs  Kick,Minimal Audio,/Volumes/Jack_Gandy_1TB_SSD/testing-for-NITE-DSP/sample_pack_testing/Minimal Audio/ELEMENT/1 - Drums/1 - Drum Loops/2 - Kick Loops/Kick - Refresh 2 - 64 BPM.wav,Kick,Chord Loop,0.12919,0.257368,Kick,trusted_filename_override,Percussion Loop,0.83667,False,,
Chord Loop  vs  Lead,MGF Mega Pack,/Volumes/Jack_Gandy_1TB_SSD/testing-for-NITE-DSP/sample_pack_testing/MGF Mega Pack/Retro Digital Collection/Singles/SY OPL Lead 9 - C3.wav,Lead,Chord Loop,0.158555,0.34339,Chord Loop,full_taxonomy_audio,Percussion Loop,0.82667,False,,
Chord Loop  vs  Loop,IMANU,/Volumes/Jack_Gandy_1TB_SSD/testing-for-NITE-DSP/sample_pack_testing/IMANU/IMANU Patreon January 2023 Samples/diva mood F#phrygian harmonic minor or whatever dude 154 bpm_2.wav,Loop,Chord Loop,0.488369,0.606987,Chord Loop,full_taxonomy_audio,Percussion Loop,0.82333,False,,
Chord Loop  vs  Organ,MGF Mega Pack,/Volumes/Jack_Gandy_1TB_SSD/testing-for-NITE-DSP/sample_pack_testing/MGF Mega Pack/Analogue Collection/Chords - Pads/JX3P Organ 2 4th.wav,Organ,Chord Loop,0.197293,0.410274,Chord Loop,full_taxonomy_audio,Percussion Loop,0.83333,False,,
Chord Loop  vs  Pad,IMANU,/Volumes/Jack_Gandy_1TB_SSD/testing-for-NITE-DSP/sample_pack_testing/IMANU/IMANU Patreon August 2022 Samples/charming pad Em.wav,Pad,Chord Loop,0.437991,0.587173,Chord Loop,full_taxonomy_audio,Percussion Loop,0.82333,False,,
Chord Loop  vs  Piano,IMANU,/Volumes/Jack_Gandy_1TB_SSD/testing-for-NITE-DSP/sample_pack_testing/IMANU/IMANU Patreon June 2022 Samples/weird piano arp G#m with an extra A.wav,Piano,Chord Loop,0.180948,0.377291,Chord Loop,full_taxonomy_audio,Percussion Loop,0.78333,False,,
Chord Loop  vs  Pluck,MGF Mega Pack,/Volumes/Jack_Gandy_1TB_SSD/testing-for-NITE-DSP/sample_pack_testing/MGF Mega Pack/Multisamples/MGF Sub Phatty 1/Slight Pluck Lead/Slight Pluck Lead-2 F#2.wav,Pluck,Chord Loop,0.222255,0.444609,Chord Loop,full_taxonomy_audio,Percussion Loop,0.92,False,,
Chord Loop  vs  Snare,Organic Electronics 2 J.Views,/Volumes/Jack_Gandy_1TB_SSD/testing-for-NITE-DSP/sample_pack_testing/Organic Electronics 2 J.Views/JVIEWS_countryside/JVIEWS_countryside_one_shots/JVIEWS_hollow_tree_snare_01.wav,Snare,Chord Loop,0.170691,0.24273,Snare,trusted_filename_override,Snare,0.92,False,,
Chord Loop  vs  Strings,Sounds of KSHMR Vol.3,/Volumes/Jack_Gandy_1TB_SSD/testing-for-NITE-DSP/sample_pack_testing/Sounds of KSHMR Vol.3/KSHMR_VIP_Friends_of_KSHMR/THE_GOLDEN_ARMY/GOLDEN_ARMY_Strings_Loop_G_140.wav,Strings,Chord Loop,0.151443,0.323793,Chord Loop,full_taxonomy_audio,Foley Loop,0.75333,False,,
Chord Loop  vs  Vocal Chop,Old Movies 1 - Vintage Collection (Drum Kit),/Volumes/Jack_Gandy_1TB_SSD/testing-for-NITE-DSP/sample_pack_testing/Old Movies 1 - Vintage Collection (Drum Kit)/Melodic Elements (Old Movies)/McLintock 1963 Chop I.wav,Vocal Chop,Chord Loop,0.456361,0.572674,Chord Loop,full_taxonomy_audio,Percussion Loop,0.78,False,,
Clap  vs  Hi-Hat,Minimal Audio,/Volumes/Jack_Gandy_1TB_SSD/testing-for-NITE-DSP/sample_pack_testing/Minimal Audio/REFLECT/1 - Drums/5 - Hats & Cymbals/Hi Hat - Basin.wav,Hi-Hat,Clap,0.324474,0.414484,Hi-Hat,trusted_filename_override,Hi-Hat,0.94,False,,
Clap  vs  Kick,Mike Shinoda Drums,/Volumes/Jack_Gandy_1TB_SSD/testing-for-NITE-DSP/sample_pack_testing/Mike Shinoda Drums/MPC 1000 Backup/RICK 808/808 2.WAV,Kick,Clap,0.602406,0.562348,Kick,trusted_filename_override,Kick,0.97,False,,
Clap  vs  Snare,Koan Sound,/Volumes/Jack_Gandy_1TB_SSD/testing-for-NITE-DSP/sample_pack_testing/Koan Sound/Koan Sound Samples/Foley Pack 01/Foley Drums/Snare 12.wav,Snare,Clap,0.405401,0.605343,Snare,trusted_filename_override,Snare,0.92,False,,
Crash  vs  Hi-Hat,Ian Chang - Dirty Drums,/Volumes/Jack_Gandy_1TB_SSD/testing-for-NITE-DSP/sample_pack_testing/Ian Chang - Dirty Drums/splice-export__ian-chang-dirty-drums/one_shot/Drums/Hat/RT_Ian_Chang_Open_Hi_Hat_Soft_Drums_Ian_Chang_one_shot.wav,Hi-Hat,Crash,0.471662,0.421639,Hi-Hat,trusted_filename_override,Hi-Hat,0.94,False,,
Crash  vs  Kick,MGF Mega Pack,/Volumes/Jack_Gandy_1TB_SSD/testing-for-NITE-DSP/sample_pack_testing/MGF Mega Pack/Analogue Collection/Perc/MOD_KICK 14.wav,Kick,Crash,0.157048,0.222417,Kick,trusted_filename_override,Kick,0.97,False,,
Crash  vs  Snare,Organic Electronics 2 J.Views,/Volumes/Jack_Gandy_1TB_SSD/testing-for-NITE-DSP/sample_pack_testing/Organic Electronics 2 J.Views/JVIEWS_studio/JVIEWS_studio_one_shots/JVIEWS_analog_machine_drum_snare_02.wav,Snare,Crash,0.150153,0.215087,Snare,trusted_filename_override,Snare,0.92,False,,
Drum Loop  vs  Loop,Ian Chang - Dirty Drums,/Volumes/Jack_Gandy_1TB_SSD/testing-for-NITE-DSP/sample_pack_testing/Ian Chang - Dirty Drums/splice-export__ian-chang-dirty-drums/loop/Drums/Dirty-Loop/RT_Ian_Chang_Dirty_Loop_147_Drums_Ian_Chang_72_loop.wav,Loop,Drum Loop,0.350634,0.397172,Drum Loop,full_taxonomy_audio,Drum Loop,0.75,False,,
Drum Loop  vs  Snare,Mike Shinoda Drums,/Volumes/Jack_Gandy_1TB_SSD/testing-for-NITE-DSP/sample_pack_testing/Mike Shinoda Drums/MPC 1000 Backup/Xero Current/MOBB1_SN.wav,Snare,Drum Loop,0.242126,0.280394,Snare,trusted_filename_override,Snare,0.92,False,,
Foley  vs  Clap,Drum Recollection,/Volumes/Jack_Gandy_1TB_SSD/testing-for-NITE-DSP/sample_pack_testing/Drum Recollection/Official Drum Kit Vol. 2/Claps/Orlando 100x Clap.wav,Clap,Foley,0.208625,0.262191,Clap,trusted_filename_override,Clap,0.9,False,,
Foley  vs  Crash,Sounds of KSHMR Vol.3,/Volumes/Jack_Gandy_1TB_SSD/testing-for-NITE-DSP/sample_pack_testing/Sounds of KSHMR Vol.3/KSHMR_FX_Elements/KSHMR_Ambiance_and_Foley/KSHMR_Ambiance_Elemental/KSHMR_Water/KSHMR_Water_04_Splash.wav,Crash,Foley,0.166333,0.233856,Crash,trusted_filename_override,Crash,0.89,False,,
Foley  vs  Drum Loop,Mike Shinoda Drums,/Volumes/Jack_Gandy_1TB_SSD/testing-for-NITE-DSP/sample_pack_testing/Mike Shinoda Drums/MPC 1000 Backup/MPC1000 FILES/FUGITIVE/BREAK_6.WAV,Drum Loop,Foley,0.318888,0.363999,Drum Loop,trusted_filename_override,Drum Loop,0.78,False,,
Foley  vs  Hi-Hat,Loaded Samples - Lo-Fi Memphis 2,/Volumes/Jack_Gandy_1TB_SSD/testing-for-NITE-DSP/sample_pack_testing/Loaded Samples - Lo-Fi Memphis 2/DRUMS/Hats/LFM2_Phase OHH (1).wav,Hi-Hat,Foley,0.172931,0.226765,Hi-Hat,trusted_filename_override,Hi-Hat,0.94,False,,
Foley  vs  Kick,Drum Recollection,/Volumes/Jack_Gandy_1TB_SSD/testing-for-NITE-DSP/sample_pack_testing/Drum Recollection/New Wave Drum Kit Vol. 2/808s/Places 808.wav,Kick,Foley,0.13707,0.197558,Kick,trusted_filename_override,Kick,0.97,False,,
Foley  vs  Snare,Drum Recollection,/Volumes/Jack_Gandy_1TB_SSD/testing-for-NITE-DSP/sample_pack_testing/Drum Recollection/New Wave Drum Kit Vol. 2/Snares/@prod.ksubi - A With A Ding Snare.wav,Snare,Foley,0.189074,0.244856,Snare,trusted_filename_override,Snare,0.92,False,,
Foley Loop  vs  Drum Loop,Minimal Audio,/Volumes/Jack_Gandy_1TB_SSD/testing-for-NITE-DSP/sample_pack_testing/Minimal Audio/ELEMENT/1 - Drums/1 - Drum Loops/3 - Snare Loops/Clap - Abominable Break - 78 BPM.wav,Drum Loop,Foley Loop,0.155363,0.2064,Drum Loop,trusted_filename_override,Drum Loop,0.78,False,,
Foley Loop  vs  Foley,Minimal Audio,/Volumes/Jack_Gandy_1TB_SSD/testing-for-NITE-DSP/sample_pack_testing/Minimal Audio/REFLECT/1 - Drums/1 - Loops/5 - Foley Loops/Foley - Skipper 1 - 130 BPM.wav,Foley,Foley Loop,0.322531,0.417863,Foley Loop,full_taxonomy_audio,Percussion Loop,0.80667,False,,
Foley Loop  vs  Loop,Minimal Audio,/Volumes/Jack_Gandy_1TB_SSD/testing-for-NITE-DSP/sample_pack_testing/Minimal Audio/MICROTECH/1 - Loops/5 - Glitch FX - 172 BPM/SFX - Expo Sweep - 172 BPM.wav,Loop,Foley Loop,0.132085,0.191382,Foley Loop,full_taxonomy_audio,Percussion Loop,0.76,False,,
Foley Loop  vs  Pad,Mike Shinoda Drums,/Volumes/Jack_Gandy_1TB_SSD/testing-for-NITE-DSP/sample_pack_testing/Mike Shinoda Drums/MS BEATS/Cool EFX Samples/Drone SpaceMirror.wav,Pad,Foley Loop,0.175274,0.342152,Foley Loop,full_taxonomy_audio,Percussion Loop,0.82333,False,,
Foley Loop  vs  Percussion,Organic Electronics 2 J.Views,/Volumes/Jack_Gandy_1TB_SSD/testing-for-NITE-DSP/sample_pack_testing/Organic Electronics 2 J.Views/JVIEWS_desert/JVIEWS_desert_loops/JVIEWS_percussion_rattle_01_120.wav,Percussion,Foley Loop,0.258692,0.342245,Foley Loop,full_taxonomy_audio,Percussion Loop,0.79,False,,
Foley Loop  vs  Percussion Loop,Loaded Samples - Lo-Fi Memphis 2,/Volumes/Jack_Gandy_1TB_SSD/testing-for-NITE-DSP/sample_pack_testing/Loaded Samples - Lo-Fi Memphis 2/DRUMS & PERC LOOPS/808 Clave Loop #8 [65BPM] (E).wav,Percussion Loop,Foley Loop,0.137532,0.260673,Percussion Loop,trusted_filename_override,Percussion Loop,1.0,False,,
Hi-Hat  vs  Clap,Mike Shinoda Drums,/Volumes/Jack_Gandy_1TB_SSD/testing-for-NITE-DSP/sample_pack_testing/Mike Shinoda Drums/MPC 1000 Backup/LOOSESAMPLES/CLAP.WAV,Clap,Hi-Hat,0.296026,0.501452,Clap,trusted_filename_override,Clap,0.9,False,,
Hi-Hat  vs  Crash,Minimal Audio,/Volumes/Jack_Gandy_1TB_SSD/testing-for-NITE-DSP/sample_pack_testing/Minimal Audio/ELEMENT/1 - Drums/4 - Hats/Hi-Hat - Junk Splash.wav,Crash,Hi-Hat,0.441887,0.48221,Crash,trusted_filename_override,Crash,0.89,False,,
Hi-Hat  vs  Kick,Koan Sound,/Volumes/Jack_Gandy_1TB_SSD/testing-for-NITE-DSP/sample_pack_testing/Koan Sound/Koan_Sound_2025/Shaper Table Track Project/Samples/Imported/Hihat Open Vinyl Kick.wav,Kick,Hi-Hat,0.35893,0.434704,Kick,trusted_filename_override,Kick,0.97,False,,
Hi-Hat  vs  Snare,Loaded Samples - Lo-Fi Memphis 2,/Volumes/Jack_Gandy_1TB_SSD/testing-for-NITE-DSP/sample_pack_testing/Loaded Samples - Lo-Fi Memphis 2/DRUMS/Snares/LFM2_Snare Phase Tite.wav,Snare,Hi-Hat,0.638188,0.61327,Snare,trusted_filename_override,Snare,0.92,False,,
Hi-Hat Loop  vs  Crash,Sounds of KSHMR Vol.3,/Volumes/Jack_Gandy_1TB_SSD/testing-for-NITE-DSP/sample_pack_testing/Sounds of KSHMR Vol.3/KSHMR_Drums_Loops/KSHMR_Drum_Loops_Solo/KSHMR_Hihat_and_Cymbal_Loops/KSHMR_Cymbal_Loops/KSHMR_Cymbal_Loop_02_110_Hand_Cymbals.wav,Crash,Hi-Hat Loop,0.224794,0.276097,Crash,trusted_filename_override,Percussion Loop,0.82,False,,
Hi-Hat Loop  vs  Drum Loop,Breaks,/Volumes/Jack_Gandy_1TB_SSD/testing-for-NITE-DSP/sample_pack_testing/Breaks/Laidback Breaks/weedem break.wav,Drum Loop,Hi-Hat Loop,0.093784,0.108897,Drum Loop,trusted_filename_override,Drum Loop,0.78,False,,
Hi-Hat Loop  vs  Hi-Hat,Minimal Audio,/Volumes/Jack_Gandy_1TB_SSD/testing-for-NITE-DSP/sample_pack_testing/Minimal Audio/MICROTECH/1 - Loops/4 - Hi Hat - 172 BPM/Hi Hat - Click Space Slow - 172 BPM.wav,Hi-Hat,Hi-Hat Loop,0.387806,0.392753,Hi-Hat,trusted_filename_override,Percussion Loop,0.78,False,,
Hi-Hat Loop  vs  Kick,Organic Electronics 2 J.Views,/Volumes/Jack_Gandy_1TB_SSD/testing-for-NITE-DSP/sample_pack_testing/Organic Electronics 2 J.Views/JVIEWS_studio/JVIEWS_studio_loops/JVIEWS_analog_machine_drum_06_no_kick_126_F#.wav,Kick,Hi-Hat Loop,0.130059,0.264936,Kick,trusted_filename_override,Drum Loop,0.96,False,,
Hi-Hat Loop  vs  Loop,Just Jared - OP1 Drums,/Volumes/Jack_Gandy_1TB_SSD/testing-for-NITE-DSP/sample_pack_testing/Just Jared - OP1 Drums/Drum Loops/Just Jared - OP1 Drums Loop 1 (72 BPM).wav,Loop,Hi-Hat Loop,0.281705,0.331213,Hi-Hat Loop,full_taxonomy_audio,Drum Loop,0.86333,False,,
Hi-Hat Loop  vs  Percussion,KRANE Samples,/Volumes/Jack_Gandy_1TB_SSD/testing-for-NITE-DSP/sample_pack_testing/KRANE Samples/KRNE_SpliceSamplePack/Drums/Loops/KRNE_126_Summer_Perc.wav,Percussion,Hi-Hat Loop,0.29651,0.351546,Hi-Hat Loop,full_taxonomy_audio,Percussion Loop,0.87333,False,,
Hi-Hat Loop  vs  Percussion Loop,Capsun ProAudio - City Pop,/Volumes/Jack_Gandy_1TB_SSD/testing-for-NITE-DSP/sample_pack_testing/Capsun ProAudio - City Pop/Loops/Drum_Loops/Percussion/TCP_77_perc_loop_romantics.wav,Percussion Loop,Hi-Hat Loop,0.395953,0.481241,Percussion Loop,trusted_filename_override,Percussion Loop,1.0,False,,
Kick  vs  Drum Loop,Mike Shinoda Drums,/Volumes/Jack_Gandy_1TB_SSD/testing-for-NITE-DSP/sample_pack_testing/Mike Shinoda Drums/MPC 1000 Backup/MPC1000 FILES/FUGITIVE/BREAK_4.WAV,Drum Loop,Kick,0.430088,0.408293,Drum Loop,trusted_filename_override,Drum Loop,0.78,False,,
Kick  vs  Snare,Ian Chang - Dirty Drums,/Volumes/Jack_Gandy_1TB_SSD/testing-for-NITE-DSP/sample_pack_testing/Ian Chang - Dirty Drums/splice-export__ian-chang-dirty-drums/one_shot/Drums/Snare/RT_Ian_Chang_Tea_Towel_Open_Snare_1_Medium_Drums_Ian_Chang_one_shot.wav,Snare,Kick,0.372765,0.404578,Snare,trusted_filename_override,Snare,0.92,False,,
Kick Loop  vs  Drum Loop,Breaks,/Volumes/Jack_Gandy_1TB_SSD/testing-for-NITE-DSP/sample_pack_testing/Breaks/Laidback Breaks/likethis break.wav,Drum Loop,Kick Loop,0.196628,0.22419,Drum Loop,trusted_filename_override,Drum Loop,0.78,False,,
Kick Loop  vs  Kick,Minimal Audio,/Volumes/Jack_Gandy_1TB_SSD/testing-for-NITE-DSP/sample_pack_testing/Minimal Audio/REFLECT/1 - Drums/1 - Loops/2 - Kick/Kick - Topaz - 130 BPM.wav,Kick,Kick Loop,0.200395,0.254823,Kick,trusted_filename_override,Percussion Loop,0.77333,False,,
Kick Loop  vs  Loop,Minimal Audio,/Volumes/Jack_Gandy_1TB_SSD/testing-for-NITE-DSP/sample_pack_testing/Minimal Audio/ELEMENT/3 - Bass Loops/Bass - Dub Jug - E - 78 BPM.wav,Loop,Kick Loop,0.218642,0.356825,Kick Loop,full_taxonomy_audio,Percussion Loop,0.83333,False,,
Other/none  vs  Organ,MGF Mega Pack,/Volumes/Jack_Gandy_1TB_SSD/testing-for-NITE-DSP/sample_pack_testing/MGF Mega Pack/Retro Digital Collection/Bass/DX21 RGB Organ A0.wav,Organ,Other/none,0.180244,0.394383,Other/none,full_taxonomy_audio,Percussion Loop,0.84,False,,
Pad  vs  Loop,Minimal Audio,/Volumes/Jack_Gandy_1TB_SSD/testing-for-NITE-DSP/sample_pack_testing/Minimal Audio/ELEMENT/4 - Atmospheric Loops/Atmosphere - Aurora - Emin - 64 BPM.wav,Loop,Pad,0.264681,0.515963,Pad,full_taxonomy_audio,Percussion Loop,0.81,False,,
Percussion  vs  Kick,Mike Shinoda Drums,/Volumes/Jack_Gandy_1TB_SSD/testing-for-NITE-DSP/sample_pack_testing/Mike Shinoda Drums/MPC 1000 Backup/RICK 808/808 1.WAV,Kick,Percussion,0.19075,0.261018,Kick,trusted_filename_override,Kick,0.97,False,,
Percussion Loop  vs  Drum Loop,Mike Shinoda Drums,/Volumes/Jack_Gandy_1TB_SSD/testing-for-NITE-DSP/sample_pack_testing/Mike Shinoda Drums/MPC 1000 Backup/Mike_s Beats #1/BREAK_1.wav,Drum Loop,Percussion Loop,0.242604,0.289391,Drum Loop,trusted_filename_override,Drum Loop,0.78,False,,
Percussion Loop  vs  Loop,Organic Drum Kit,/Volumes/Jack_Gandy_1TB_SSD/testing-for-NITE-DSP/sample_pack_testing/Organic Drum Kit/8 Drum Loops/Percussion Loops/Zill Rythm - 105 BPM (5).wav,Loop,Percussion Loop,0.160247,0.215377,Percussion Loop,full_taxonomy_audio,Percussion Loop,0.75,False,,
Percussion Loop  vs  Percussion,Old Movies 1 - Vintage Collection (Drum Kit),/Volumes/Jack_Gandy_1TB_SSD/testing-for-NITE-DSP/sample_pack_testing/Old Movies 1 - Vintage Collection (Drum Kit)/Melodic Elements (Old Movies)/TNW_Drum & Percussion.wav,Percussion,Percussion Loop,0.255475,0.364547,Percussion Loop,full_taxonomy_audio,Percussion Loop,0.84333,False,,
Rimshot  vs  Clap,Drum Recollection,/Volumes/Jack_Gandy_1TB_SSD/testing-for-NITE-DSP/sample_pack_testing/Drum Recollection/Essentials Drumkit Vol. 002/Claps/Preset Clap.wav,Clap,Rimshot,0.209403,0.251116,Clap,trusted_filename_override,Clap,0.9,False,,
Rimshot  vs  Drum Loop,Mike Shinoda Drums,/Volumes/Jack_Gandy_1TB_SSD/testing-for-NITE-DSP/sample_pack_testing/Mike Shinoda Drums/MPC 1000 Backup/MPC1000 FILES/FUGITIVE/BREAK_3.WAV,Drum Loop,Rimshot,0.402443,0.543738,Drum Loop,trusted_filename_override,Drum Loop,0.78,False,,
Rimshot  vs  Hi-Hat,Drum Recollection,/Volumes/Jack_Gandy_1TB_SSD/testing-for-NITE-DSP/sample_pack_testing/Drum Recollection/Essentials Drumkit Vol. 002/Hi-Hats/Virtual Hi-Hat.wav,Hi-Hat,Rimshot,0.348318,0.556829,Hi-Hat,trusted_filename_override,Hi-Hat,0.94,False,,
Rimshot  vs  Kick,Just Jared - OP1 Drums,/Volumes/Jack_Gandy_1TB_SSD/testing-for-NITE-DSP/sample_pack_testing/Just Jared - OP1 Drums/Kicks/Just Jared - OP1 Drums Kick 14.wav,Kick,Rimshot,0.274738,0.427403,Kick,trusted_filename_override,Kick,0.97,False,,
Rimshot  vs  Snare,Drum Recollection,/Volumes/Jack_Gandy_1TB_SSD/testing-for-NITE-DSP/sample_pack_testing/Drum Recollection/Essentials Drumkit Vol. 002/Snares/Drops Snare.wav,Snare,Rimshot,0.126983,0.160269,Snare,trusted_filename_override,Snare,0.92,False,,
SFX  vs  Crash,Organic Drum Kit,/Volumes/Jack_Gandy_1TB_SSD/testing-for-NITE-DSP/sample_pack_testing/Organic Drum Kit/6 Cymbals & Toms/1 Cymbals/Organic - Cymbal (14).wav,Crash,SFX,0.348673,0.366292,Crash,trusted_filename_override,Crash,0.89,False,,
SFX  vs  Loop,Sounds of KSHMR Vol.3,/Volumes/Jack_Gandy_1TB_SSD/testing-for-NITE-DSP/sample_pack_testing/Sounds of KSHMR Vol.3/KSHMR_Vocals/KSHMR_Vocals_FX/KSHMR_Crowd/KSHMR_Crowd_Chant/KSHMR_Crowd_Chant_Loop_05_Yeah_Yeah_Yeah_127_Dm.wav,Loop,SFX,0.22421,0.29126,SFX,full_taxonomy_audio,Foley Loop,0.75,False,,
Snare  vs  Clap,Drum Recollection,/Volumes/Jack_Gandy_1TB_SSD/testing-for-NITE-DSP/sample_pack_testing/Drum Recollection/2023 Drums/(Clap) Venom Attraction.wav,Clap,Snare,0.38489,0.579759,Clap,trusted_filename_override,Clap,0.9,False,,
Snare  vs  Drum Loop,Mike Shinoda Drums,/Volumes/Jack_Gandy_1TB_SSD/testing-for-NITE-DSP/sample_pack_testing/Mike Shinoda Drums/MPC 1000 Backup/MPC1000 FILES/FUGITIVE/BREAK_5.WAV,Drum Loop,Snare,0.454935,0.573448,Drum Loop,trusted_filename_override,Drum Loop,0.78,False,,
Snare  vs  Hi-Hat,MGF Mega Pack,/Volumes/Jack_Gandy_1TB_SSD/testing-for-NITE-DSP/sample_pack_testing/MGF Mega Pack/Misc + Found Sound/UTS Foley 1/Short/Foot Hat-4.wav,Hi-Hat,Snare,0.230725,0.356459,Hi-Hat,trusted_filename_override,Hi-Hat,0.94,False,,
Snare  vs  Kick,Mike Shinoda Drums,/Volumes/Jack_Gandy_1TB_SSD/testing-for-NITE-DSP/sample_pack_testing/Mike Shinoda Drums/MS BEATS/Fois Gras 2 Samples/Kick Klevines.wav,Kick,Snare,0.26706,0.44718,Kick,trusted_filename_override,Kick,0.97,False,,
Synth Loop  vs  Guitar,Sounds of KSHMR Vol.3,/Volumes/Jack_Gandy_1TB_SSD/testing-for-NITE-DSP/sample_pack_testing/Sounds of KSHMR Vol.3/KSHMR_Fills/KSHMR_Instrumental_Fills/KSHMR_Instrumental_Fill_04_100_Guitar_Dm.wav,Guitar,Synth Loop,0.304986,0.522971,Synth Loop,full_taxonomy_audio,Percussion Loop,0.77,False,,
Synth Loop  vs  Loop,Loaded Samples - Lo-Fi Memphis 2,/Volumes/Jack_Gandy_1TB_SSD/testing-for-NITE-DSP/sample_pack_testing/Loaded Samples - Lo-Fi Memphis 2/MELODIES (X3 & DR5)/Stems (Cassette Processed)/STEM_Low Down #1 [75 BPM] (C#).wav,Loop,Synth Loop,0.233397,0.465155,Synth Loop,full_taxonomy_audio,Percussion Loop,0.83,False,,
Synth One-Shot  vs  Kick,Loaded Samples - Lo-Fi Memphis 2,/Volumes/Jack_Gandy_1TB_SSD/testing-for-NITE-DSP/sample_pack_testing/Loaded Samples - Lo-Fi Memphis 2/DRUMS/Kicks & 808s/LFM2_808 Clean #2 (BASS ONLY) (G).wav,Kick,Synth One-Shot,0.233438,0.375023,Kick,trusted_filename_override,Kick,0.97,False,,
Vocal Loop  vs  Hi-Hat,Sounds of KSHMR Vol.3,/Volumes/Jack_Gandy_1TB_SSD/testing-for-NITE-DSP/sample_pack_testing/Sounds of KSHMR Vol.3/KSHMR_Vocals/KSHMR_Vocals_FX/KSHMR_Crowd/KSHMR_Crowd_Chant/KSHMR_Crowd_Chant_Loop_01_Ohh_Ohh_124.wav,Hi-Hat,Vocal Loop,0.106439,0.13554,Hi-Hat,trusted_filename_override,Hi-Hat,0.94,False,,
Vocal One-Shot  vs  Hi-Hat,Sounds of KSHMR Vol.3,/Volumes/Jack_Gandy_1TB_SSD/testing-for-NITE-DSP/sample_pack_testing/Sounds of KSHMR Vol.3/KSHMR_Vocals/KSHMR_Vocals_Ethnic/KSHMR_Indian_Vocals/KSHMR_Bhangra_Shouts/KSHMR_Bhangra_Shout_10_Ohh_Ha_F.wav,Hi-Hat,Vocal One-Shot,0.157017,0.249701,Hi-Hat,trusted_filename_override,Hi-Hat,0.94,False,,
Weather/Nature Atmos  vs  Hi-Hat,IMANU,/Volumes/Jack_Gandy_1TB_SSD/testing-for-NITE-DSP/sample_pack_testing/IMANU/es tu reel stems/etr_00_11 chord pitchbend experiments_3_alasen hat 22.wav,Hi-Hat,Weather/Nature Atmos,0.411638,0.396833,Hi-Hat,trusted_filename_override,Percussion Loop,0.79333,False,,
Weather/Nature Atmos  vs  Kick,Mike Shinoda Drums,/Volumes/Jack_Gandy_1TB_SSD/testing-for-NITE-DSP/sample_pack_testing/Mike Shinoda Drums/MPC 1000 Backup/DRE SAMPLES/808_RVSE_CALI.wav,Kick,Weather/Nature Atmos,0.123916,0.224422,Kick,trusted_filename_override,Kick,0.97,False,,
Bass Hit  vs  Kick,MGF Mega Pack,/Volumes/Jack_Gandy_1TB_SSD/testing-for-NITE-DSP/sample_pack_testing/MGF Mega Pack/Analogue Collection/Perc/MOD_KICK 07.wav,Kick,Bass Hit,0.172767,0.314542,Kick,trusted_filename_override,Kick,0.97,False,,
Bass Loop  vs  Drum Loop,KORE - Grooves,/Volumes/Jack_Gandy_1TB_SSD/testing-for-NITE-DSP/sample_pack_testing/KORE - Grooves/splice-export__kore-london-grooves/loop/Drums/RT_Kore_Players_Drum_Loop_62_Drums_Sarah_Jones_135_loop.wav,Drum Loop,Bass Loop,0.269875,0.371689,Drum Loop,trusted_filename_override,Drum Loop,0.78,False,,
Bass Loop  vs  Impact,Sounds of KSHMR Vol.3,/Volumes/Jack_Gandy_1TB_SSD/testing-for-NITE-DSP/sample_pack_testing/Sounds of KSHMR Vol.3/KSHMR_Drums/KSHMR_Orchestral_Drums/KSHMR_Deep_Impacts/KSHMR_Orchestral_Deep_Impact_03.wav,Impact,Bass Loop,0.200087,0.328801,Bass Loop,full_taxonomy_audio,Kick,0.75667,False,,
Bass Loop  vs  Kick,Sounds of KSHMR Vol.3,/Volumes/Jack_Gandy_1TB_SSD/testing-for-NITE-DSP/sample_pack_testing/Sounds of KSHMR Vol.3/KSHMR_Drums/KSHMR_Kicks/KSHMR_Hardstyle_Kicks/KSHMR_Sickdellz_Kick_Madness_All_Keys/KSHMR_x_SD_Madness_Kick_04_F#.wav,Kick,Bass Loop,0.118792,0.167577,Kick,trusted_filename_override,Kick,0.97,False,,
Bass Loop  vs  Loop,Organic Drum Kit,/Volumes/Jack_Gandy_1TB_SSD/testing-for-NITE-DSP/sample_pack_testing/Organic Drum Kit/8 Drum Loops/Percussion Loops/Frame Drum Rythm 1 LP - 115 BPM (A).wav,Loop,Bass Loop,0.229307,0.401422,Bass Loop,full_taxonomy_audio,Percussion Loop,0.86,False,,
Chord Loop  vs  Guitar,Organic Electronics 2 J.Views,/Volumes/Jack_Gandy_1TB_SSD/testing-for-NITE-DSP/sample_pack_testing/Organic Electronics 2 J.Views/JVIEWS_countryside/JVIEWS_countryside_tonal/JVIEWS_outdoor_tape_guitar_140_F.wav,Guitar,Chord Loop,0.246294,0.438327,Chord Loop,full_taxonomy_audio,Percussion Loop,0.87667,False,,
Chord Loop  vs  Loop,Loaded Samples - Lo-Fi Memphis 2,/Volumes/Jack_Gandy_1TB_SSD/testing-for-NITE-DSP/sample_pack_testing/Loaded Samples - Lo-Fi Memphis 2/MELODIES (X3 & DR5)/Stems (Cassette Processed)/STEM_The Prophecy #4 [72 BPM] (A#).wav,Loop,Chord Loop,0.154164,0.408281,Chord Loop,full_taxonomy_audio,Percussion Loop,0.79,False,,
Chord Loop  vs  Pad,MGF Mega Pack,/Volumes/Jack_Gandy_1TB_SSD/testing-for-NITE-DSP/sample_pack_testing/MGF Mega Pack/Multisamples/MGF JX3P Vol 5/Washboard Pad/Washboard Pad 5 A0.wav,Pad,Chord Loop,0.139076,0.348899,Chord Loop,full_taxonomy_audio,Percussion Loop,0.88667,False,,
Chord Loop  vs  Piano,Koan Sound,/Volumes/Jack_Gandy_1TB_SSD/testing-for-NITE-DSP/sample_pack_testing/Koan Sound/Koan Sound Samples/The Zulla Stems/The Zulla - Piano.wav,Piano,Chord Loop,0.24711,0.438341,Chord Loop,full_taxonomy_audio,Percussion Loop,0.86,False,,
Chord Loop  vs  Pluck,Sounds of KSHMR Vol.3,/Volumes/Jack_Gandy_1TB_SSD/testing-for-NITE-DSP/sample_pack_testing/Sounds of KSHMR Vol.3/KSHMR_Song_Starters/KSHMR_Song_Starters_Main/KSHMR_Song_Starter_37_Tears_On_A_Harp_120_Cm-A#-Fm.wav,Pluck,Chord Loop,0.345619,0.541865,Chord Loop,full_taxonomy_audio,Percussion Loop,0.79667,False,,
Clap  vs  Hi-Hat,Sounds of KSHMR Vol.3,/Volumes/Jack_Gandy_1TB_SSD/testing-for-NITE-DSP/sample_pack_testing/Sounds of KSHMR Vol.3/KSHMR_Drums/KSHMR_Cymbals/KSHMR_Hi_Hats_Closed/KSHMR_Closed_Hat_13_Dirty.wav,Hi-Hat,Clap,0.161671,0.248722,Hi-Hat,trusted_filename_override,Hi-Hat,0.94,False,,
Clap  vs  Kick,Organic Electronics 2 J.Views,/Volumes/Jack_Gandy_1TB_SSD/testing-for-NITE-DSP/sample_pack_testing/Organic Electronics 2 J.Views/JVIEWS_countryside/JVIEWS_countryside_one_shots/JVIEWS_kick_helper_crunchy_leaves_03.wav,Kick,Clap,0.299027,0.376836,Kick,trusted_filename_override,Kick,0.97,False,,
Clap  vs  Snare,Minimal Audio,/Volumes/Jack_Gandy_1TB_SSD/testing-for-NITE-DSP/sample_pack_testing/Minimal Audio/ELEMENT/1 - Drums/3 - Snare/Snare - Skimming.wav,Snare,Clap,0.502727,0.593766,Snare,trusted_filename_override,Snare,0.92,False,,
Crash  vs  Hi-Hat,Loaded Samples - Lo-Fi Memphis 2,/Volumes/Jack_Gandy_1TB_SSD/testing-for-NITE-DSP/sample_pack_testing/Loaded Samples - Lo-Fi Memphis 2/DRUMS/Hats/LFM2_Real OHH.wav,Hi-Hat,Crash,0.378112,0.351637,Hi-Hat,trusted_filename_override,Hi-Hat,0.94,False,,
Crash  vs  Kick,Mike Shinoda Drums,/Volumes/Jack_Gandy_1TB_SSD/testing-for-NITE-DSP/sample_pack_testing/Mike Shinoda Drums/MPC 1000 Backup/RICK 808/808 11.WAV,Kick,Crash,0.293028,0.300596,Kick,trusted_filename_override,Kick,0.97,False,,
Crash  vs  Snare,Sounds of KSHMR Vol.3,/Volumes/Jack_Gandy_1TB_SSD/testing-for-NITE-DSP/sample_pack_testing/Sounds of KSHMR Vol.3/KSHMR_Drums/KSHMR_Orchestral_Drums/KSHMR_Snares/KSHMR_Orchestral_Snare_06_Short_Roll.wav,Snare,Crash,0.143034,0.17627,Snare,trusted_filename_override,Snare,0.92,False,,
Drum Loop  vs  Loop,Just Jared - OP1 Drums,/Volumes/Jack_Gandy_1TB_SSD/testing-for-NITE-DSP/sample_pack_testing/Just Jared - OP1 Drums/Drum Loops/Just Jared - OP1 Drums Loop 3 (74 BPM).wav,Loop,Drum Loop,0.211413,0.301769,Drum Loop,full_taxonomy_audio,Drum Loop,0.89667,False,,
Drum Loop  vs  Snare,Sounds of KSHMR Vol.3,/Volumes/Jack_Gandy_1TB_SSD/testing-for-NITE-DSP/sample_pack_testing/Sounds of KSHMR Vol.3/KSHMR_VIP_Friends_of_KSHMR/7SKIES/7SKIES_Taico_Snare_Fill.wav,Snare,Drum Loop,0.182455,0.216522,Snare,trusted_filename_override,Snare,0.92,False,,
Foley  vs  Clap,Mike Shinoda Drums,/Volumes/Jack_Gandy_1TB_SSD/testing-for-NITE-DSP/sample_pack_testing/Mike Shinoda Drums/MPC 1000 Backup/NEPTUNES SAMPLES/CLAP young.wav,Clap,Foley,0.306738,0.417302,Clap,trusted_filename_override,Clap,0.9,False,,
Foley  vs  Hi-Hat,Mike Shinoda Drums,/Volumes/Jack_Gandy_1TB_SSD/testing-for-NITE-DSP/sample_pack_testing/Mike Shinoda Drums/MPC 1000 Backup/neptunes/hat grime.wav,Hi-Hat,Foley,0.179747,0.232256,Hi-Hat,trusted_filename_override,Hi-Hat,0.94,False,,
Foley  vs  Kick,Just Jared - OP1 Drums,/Volumes/Jack_Gandy_1TB_SSD/testing-for-NITE-DSP/sample_pack_testing/Just Jared - OP1 Drums/Kicks/Just Jared - OP1 Drums Kick 12.wav,Kick,Foley,0.294832,0.381781,Kick,trusted_filename_override,Kick,0.97,False,,
Foley  vs  Snare,Just Jared - OP1 Drums,/Volumes/Jack_Gandy_1TB_SSD/testing-for-NITE-DSP/sample_pack_testing/Just Jared - OP1 Drums/Snares/Just Jared - OP1 Drums Snare 6.wav,Snare,Foley,0.487858,0.450126,Snare,trusted_filename_override,Snare,0.92,False,,
Foley Loop  vs  Drum Loop,Sounds of KSHMR Vol.3,/Volumes/Jack_Gandy_1TB_SSD/testing-for-NITE-DSP/sample_pack_testing/Sounds of KSHMR Vol.3/KSHMR_Drums_Loops/KSHMR_Drum_Loops_Full/KSHMR_Acoustic_Drum_Loops/KSHMR_Acoustic_Drum_Loop_17_128.wav,Drum Loop,Foley Loop,0.108003,0.15476,Drum Loop,trusted_filename_override,Drum Loop,0.78,False,,
Foley Loop  vs  Foley,Old Movies 1 - Vintage Collection (Drum Kit),/Volumes/Jack_Gandy_1TB_SSD/testing-for-NITE-DSP/sample_pack_testing/Old Movies 1 - Vintage Collection (Drum Kit)/Foley & Percussion (Old Movies)/TBTWD_Foley 1.wav,Foley,Foley Loop,0.203971,0.290546,Foley Loop,full_taxonomy_audio,Percussion Loop,0.77667,False,,
Foley Loop  vs  Pad,Minimal Audio,/Volumes/Jack_Gandy_1TB_SSD/testing-for-NITE-DSP/sample_pack_testing/Minimal Audio/REFLECT/2 - Melodics/1 - Pads/Pad - Beneath - Cmaj.wav,Pad,Foley Loop,0.189753,0.370179,Foley Loop,full_taxonomy_audio,Percussion Loop,0.86,False,,
Foley Loop  vs  Percussion,Sounds of KSHMR Vol.3,/Volumes/Jack_Gandy_1TB_SSD/testing-for-NITE-DSP/sample_pack_testing/Sounds of KSHMR Vol.3/KSHMR_Drums/KSHMR_Percussion/KSHMR_Tambourines/KSHMR_Tambourine_Shake_03.wav,Percussion,Foley Loop,0.124649,0.218746,Foley Loop,full_taxonomy_audio,Percussion Loop,0.80667,False,,
Foley Loop  vs  Percussion Loop,Sounds of KSHMR Vol.3,/Volumes/Jack_Gandy_1TB_SSD/testing-for-NITE-DSP/sample_pack_testing/Sounds of KSHMR Vol.3/KSHMR_Drums_Loops/KSHMR_Drum_Loops_Full/KSHMR_Percussion_Loops/KSHMR_Percussion_Loop_30_128.wav,Percussion Loop,Foley Loop,0.11823,0.181819,Percussion Loop,trusted_filename_override,Percussion Loop,1.0,False,,
Hi-Hat  vs  Clap,Sounds of KSHMR Vol.3,/Volumes/Jack_Gandy_1TB_SSD/testing-for-NITE-DSP/sample_pack_testing/Sounds of KSHMR Vol.3/KSHMR_Drums/KSHMR_Claps/KSHMR_Drop_Claps/KSHMR_Drop_Clap_05_128.wav,Clap,Hi-Hat,0.207536,0.253692,Clap,trusted_filename_override,Clap,0.9,False,,
Hi-Hat  vs  Crash,Organic Drum Kit,/Volumes/Jack_Gandy_1TB_SSD/testing-for-NITE-DSP/sample_pack_testing/Organic Drum Kit/5 Percussion/4 Metalic/3 Zill Finger Cymbals/Organic - Zill Finger Cymbal (12).wav,Crash,Hi-Hat,0.181465,0.246387,Crash,trusted_filename_override,Crash,0.89,False,,
Hi-Hat  vs  Kick,Mike Shinoda Drums,/Volumes/Jack_Gandy_1TB_SSD/testing-for-NITE-DSP/sample_pack_testing/Mike Shinoda Drums/MPC 1000 Backup/RICK 808/808 10.WAV,Kick,Hi-Hat,0.233697,0.261924,Kick,trusted_filename_override,Kick,0.97,False,,
Hi-Hat  vs  Snare,Minimal Audio,/Volumes/Jack_Gandy_1TB_SSD/testing-for-NITE-DSP/sample_pack_testing/Minimal Audio/MICROTECH/2 - One Shots/2 - Snare/Snare - Data Punch 2.wav,Snare,Hi-Hat,0.32254,0.447253,Snare,trusted_filename_override,Snare,0.92,False,,
Hi-Hat Loop  vs  Drum Loop,Capsun ProAudio - City Pop,/Volumes/Jack_Gandy_1TB_SSD/testing-for-NITE-DSP/sample_pack_testing/Capsun ProAudio - City Pop/Loops/Drum_Loops/Drum_loops_full/TCP_85_drum_loop_glitterball.wav,Drum Loop,Hi-Hat Loop,0.192244,0.315775,Drum Loop,trusted_filename_override,Drum Loop,0.78,False,,
Hi-Hat Loop  vs  Loop,Minimal Audio,/Volumes/Jack_Gandy_1TB_SSD/testing-for-NITE-DSP/sample_pack_testing/Minimal Audio/ELEMENT/1 - Drums/1 - Drum Loops/1 - Full Loops/Drums - Quarter Tattdrum - 64 BPM.wav,Loop,Hi-Hat Loop,0.237685,0.359414,Hi-Hat Loop,full_taxonomy_audio,Drum Loop,0.81,False,,
Hi-Hat Loop  vs  Percussion,Minimal Audio,/Volumes/Jack_Gandy_1TB_SSD/testing-for-NITE-DSP/sample_pack_testing/Minimal Audio/MICROTECH/1 - Loops/3 - Perc - 172 BPM/Perc - Terminal Tops 2 - 172 BPM.wav,Percussion,Hi-Hat Loop,0.352886,0.381643,Hi-Hat Loop,full_taxonomy_audio,Percussion Loop,0.82333,False,,
Hi-Hat Loop  vs  Percussion Loop,Drum Recollection,/Volumes/Jack_Gandy_1TB_SSD/testing-for-NITE-DSP/sample_pack_testing/Drum Recollection/2023 Drums/(Percussion Loop) Don't Be Hating 140bpm.wav,Percussion Loop,Hi-Hat Loop,0.203708,0.270106,Percussion Loop,trusted_filename_override,Percussion Loop,1.0,False,,
Kick  vs  Snare,Sounds of KSHMR Vol.3,/Volumes/Jack_Gandy_1TB_SSD/testing-for-NITE-DSP/sample_pack_testing/Sounds of KSHMR Vol.3/KSHMR_Drums/KSHMR_Snares/KSHMR_Big_Snares/KSHMR_Big_Snare_21.wav,Snare,Kick,0.107964,0.147288,Snare,trusted_filename_override,Snare,0.92,False,,
Kick Loop  vs  Drum Loop,KORE - Grooves,/Volumes/Jack_Gandy_1TB_SSD/testing-for-NITE-DSP/sample_pack_testing/KORE - Grooves/splice-export__kore-london-grooves/loop/Drums/RT_Kore_Players_Drum_Loop_4_Drums_Sarah_Jones_114_loop.wav,Drum Loop,Kick Loop,0.551389,0.512171,Drum Loop,trusted_filename_override,Drum Loop,0.78,False,,
Kick Loop  vs  Kick,Sounds of KSHMR Vol.3,/Volumes/Jack_Gandy_1TB_SSD/testing-for-NITE-DSP/sample_pack_testing/Sounds of KSHMR Vol.3/KSHMR_VIP_Friends_of_KSHMR/ZEDD/ZEDD_Kick_01_I_Want_You_to_Know.wav,Kick,Kick Loop,0.447679,0.506116,Kick,trusted_filename_override,Kick,0.97,False,,
Percussion Loop  vs  Drum Loop,Organic Drum Kit,/Volumes/Jack_Gandy_1TB_SSD/testing-for-NITE-DSP/sample_pack_testing/Organic Drum Kit/8 Drum Loops/Drum Loops/Drum Loop 9 - 93 BPM (A).wav,Drum Loop,Percussion Loop,0.178613,0.301224,Drum Loop,trusted_filename_override,Drum Loop,0.78,False,,
Percussion Loop  vs  Loop,Sounds of KSHMR Vol.3,/Volumes/Jack_Gandy_1TB_SSD/testing-for-NITE-DSP/sample_pack_testing/Sounds of KSHMR Vol.3/KSHMR_World_Sounds/KSHMR_India/KSHMR_India_PL_Tumbi_Loop_100_A_Arabic.wav,Loop,Percussion Loop,0.239187,0.39843,Percussion Loop,full_taxonomy_audio,Foley Loop,0.80667,False,,
Percussion Loop  vs  Percussion,Organic Drum Kit,/Volumes/Jack_Gandy_1TB_SSD/testing-for-NITE-DSP/sample_pack_testing/Organic Drum Kit/8 Drum Loops/Percussion Loops/Shaker LP - 85 BPM (2).wav,Percussion,Percussion Loop,0.184297,0.246539,Percussion Loop,full_taxonomy_audio,Percussion Loop,0.85,False,,
Rimshot  vs  Clap,Just Jared - OP1 Drums,/Volumes/Jack_Gandy_1TB_SSD/testing-for-NITE-DSP/sample_pack_testing/Just Jared - OP1 Drums/Snares/Just Jared - OP1 Drums Clap 1.wav,Clap,Rimshot,0.510322,0.634396,Clap,trusted_filename_override,Clap,0.9,False,,
Rimshot  vs  Hi-Hat,Just Jared - OP1 Drums,/Volumes/Jack_Gandy_1TB_SSD/testing-for-NITE-DSP/sample_pack_testing/Just Jared - OP1 Drums/Hihats/Just Jared - OP1 Drums Hihat 4.wav,Hi-Hat,Rimshot,0.341837,0.472642,Hi-Hat,trusted_filename_override,Hi-Hat,0.94,False,,
Rimshot  vs  Kick,Loaded Samples - Lo-Fi Memphis 2,/Volumes/Jack_Gandy_1TB_SSD/testing-for-NITE-DSP/sample_pack_testing/Loaded Samples - Lo-Fi Memphis 2/DRUMS/Perc/LFM2_Clap 808_REV (2).wav,Kick,Rimshot,0.384105,0.42059,Kick,trusted_filename_override,Kick,0.97,False,,
Rimshot  vs  Snare,Just Jared - OP1 Drums,/Volumes/Jack_Gandy_1TB_SSD/testing-for-NITE-DSP/sample_pack_testing/Just Jared - OP1 Drums/Snares/Just Jared - OP1 Drums Snare 5.wav,Snare,Rimshot,0.209205,0.275902,Snare,trusted_filename_override,Snare,0.92,False,,
SFX  vs  Crash,Sounds of KSHMR Vol.3,/Volumes/Jack_Gandy_1TB_SSD/testing-for-NITE-DSP/sample_pack_testing/Sounds of KSHMR Vol.3/KSHMR_Drums/KSHMR_Orchestral_Drums/KSHMR_Cymbals/KSHMR_Crashes_Scary/KSHMR_Orchestral_Crash_Scary_05.wav,Crash,SFX,0.148249,0.294722,Crash,trusted_filename_override,Crash,0.89,False,,
Snare  vs  Clap,Mike Shinoda Drums,/Volumes/Jack_Gandy_1TB_SSD/testing-for-NITE-DSP/sample_pack_testing/Mike Shinoda Drums/MS BEATS/JoBurg Samples/Clap Ektl B.wav,Clap,Snare,0.310039,0.40779,Clap,trusted_filename_override,Clap,0.9,False,,
Snare  vs  Hi-Hat,Mike Shinoda Drums,/Volumes/Jack_Gandy_1TB_SSD/testing-for-NITE-DSP/sample_pack_testing/Mike Shinoda Drums/MS BEATS/Victory March Samples/HH_AlienSoul2_60s.wav,Hi-Hat,Snare,0.47854,0.586257,Hi-Hat,trusted_filename_override,Hi-Hat,0.94,False,,
Snare  vs  Kick,Sounds of KSHMR Vol.3,/Volumes/Jack_Gandy_1TB_SSD/testing-for-NITE-DSP/sample_pack_testing/Sounds of KSHMR Vol.3/KSHMR_Drums/KSHMR_Drum_Enhancers/KSHMR_Kick_Enhancer_06_Stomp.wav,Kick,Snare,0.184882,0.311924,Kick,trusted_filename_override,Kick,0.97,False,,
Synth Loop  vs  Loop,Sounds of KSHMR Vol.3,/Volumes/Jack_Gandy_1TB_SSD/testing-for-NITE-DSP/sample_pack_testing/Sounds of KSHMR Vol.3/KSHMR_Synths/KSHMR_Synth_Loops/KSHMR_Synth_Loop_07_100_F#m.wav,Loop,Synth Loop,0.133312,0.261519,Synth Loop,full_taxonomy_audio,Percussion Loop,0.84667,False,,
Synth One-Shot  vs  Kick,Mike Shinoda Drums,/Volumes/Jack_Gandy_1TB_SSD/testing-for-NITE-DSP/sample_pack_testing/Mike Shinoda Drums/MS BEATS/Pizzaria Samples/Kick ZeroCash 9.wav,Kick,Synth One-Shot,0.213469,0.352161,Kick,trusted_filename_override,Kick,0.97,False,,
Weather/Nature Atmos  vs  Hi-Hat,Just Jared - OP1 Drums,/Volumes/Jack_Gandy_1TB_SSD/testing-for-NITE-DSP/sample_pack_testing/Just Jared - OP1 Drums/Hihats/Just Jared - OP1 Drums Hihat 3.wav,Hi-Hat,Weather/Nature Atmos,0.319028,0.379374,Hi-Hat,trusted_filename_override,Hi-Hat,0.94,False,,
Bass Hit  vs  Kick,Mike Shinoda Drums,/Volumes/Jack_Gandy_1TB_SSD/testing-for-NITE-DSP/sample_pack_testing/Mike Shinoda Drums/MS BEATS/Lille Samples/BD_Fat808Long_01_Tran.wav,Kick,Bass Hit,0.240855,0.367161,Kick,trusted_filename_override,Kick,0.97,False,,
Bass Loop  vs  Drum Loop,Machines For Music Volume 1,/Volumes/Jack_Gandy_1TB_SSD/testing-for-NITE-DSP/sample_pack_testing/Machines For Music Volume 1/Machines_For_Music_Volume_1_copy/24_Bit_Wav_Samples/Loops/M4M_Loops/M4M_90_Drunk_Half_Beat_Full_Drum_Loop.wav,Drum Loop,Bass Loop,0.172179,0.295985,Drum Loop,trusted_filename_override,Drum Loop,0.78,False,,
Bass Loop  vs  Loop,Sounds of KSHMR Vol.3,/Volumes/Jack_Gandy_1TB_SSD/testing-for-NITE-DSP/sample_pack_testing/Sounds of KSHMR Vol.3/KSHMR_Live_Instruments/KSHMR_Action_Loops/KSHMR_Action_Loop_26_128_G#.wav,Loop,Bass Loop,0.297591,0.435684,Bass Loop,full_taxonomy_audio,Percussion Loop,0.81,False,,
Chord Loop  vs  Guitar,Sounds of KSHMR Vol.3,/Volumes/Jack_Gandy_1TB_SSD/testing-for-NITE-DSP/sample_pack_testing/Sounds of KSHMR Vol.3/KSHMR_Live_Instruments/KSHMR_Main_Instruments/KSHMR_Guitar/KSHMR_Guitar_Chords/KSHMR_Acoustic_Chords/KSHMR_Acoustic_Guitar_Chords_30_128_D#m-Em.wav,Guitar,Chord Loop,0.187259,0.383183,Chord Loop,full_taxonomy_audio,Drum Loop,0.76333,False,,
Chord Loop  vs  Loop,Minimal Audio,/Volumes/Jack_Gandy_1TB_SSD/testing-for-NITE-DSP/sample_pack_testing/Minimal Audio/ELEMENT/3 - Bass Loops/Bass - Basic Sign - C - 78 BPM.wav,Loop,Chord Loop,0.103028,0.245584,Chord Loop,full_taxonomy_audio,Percussion Loop,0.80667,False,,
Chord Loop  vs  Pad,Minimal Audio,/Volumes/Jack_Gandy_1TB_SSD/testing-for-NITE-DSP/sample_pack_testing/Minimal Audio/ELEMENT/3 - Bass Loops/Bass - Remote Drone 2 - G - 78 BPM.wav,Pad,Chord Loop,0.195059,0.37861,Chord Loop,full_taxonomy_audio,Kick,0.76,False,,
Chord Loop  vs  Piano,Loaded Samples - Lo-Fi Memphis 2,/Volumes/Jack_Gandy_1TB_SSD/testing-for-NITE-DSP/sample_pack_testing/Loaded Samples - Lo-Fi Memphis 2/MELODIES (X3 & DR5)/Loops (Cassette Processed)/Descend Piano #1 [80 BPM] (D#).wav,Piano,Chord Loop,0.392572,0.545177,Chord Loop,full_taxonomy_audio,Percussion Loop,0.79333,False,,
Clap  vs  Kick,Sounds of KSHMR Vol.3,/Volumes/Jack_Gandy_1TB_SSD/testing-for-NITE-DSP/sample_pack_testing/Sounds of KSHMR Vol.3/KSHMR_Drums/KSHMR_Kicks/KSHMR_Hardstyle_Kicks/KSHMR_Hardstyle_Kicks/KSHMR_Hardstyle_Kick_06_C.wav,Kick,Clap,0.205134,0.291165,Kick,trusted_filename_override,Kick,0.97,False,,
Clap  vs  Snare,Old Movies 1 - Vintage Collection (Drum Kit),/Volumes/Jack_Gandy_1TB_SSD/testing-for-NITE-DSP/sample_pack_testing/Old Movies 1 - Vintage Collection (Drum Kit)/Snares/Snare 25.wav,Snare,Clap,0.408371,0.634692,Snare,trusted_filename_override,Snare,0.92,False,,
Crash  vs  Hi-Hat,MGF Mega Pack,/Volumes/Jack_Gandy_1TB_SSD/testing-for-NITE-DSP/sample_pack_testing/MGF Mega Pack/Misc + Found Sound/UTS Foley 1/Long + Med/Open Hat-4.wav,Hi-Hat,Crash,0.337011,0.385655,Hi-Hat,trusted_filename_override,Hi-Hat,0.94,False,,
Crash  vs  Kick,Sounds of KSHMR Vol.3,/Volumes/Jack_Gandy_1TB_SSD/testing-for-NITE-DSP/sample_pack_testing/Sounds of KSHMR Vol.3/KSHMR_Drums/KSHMR_Cymbals/KSHMR_Hi_Hats_Open/KSHMR_Open_Hat_15_808.wav,Kick,Crash,0.262912,0.29862,Kick,trusted_filename_override,Kick,0.97,False,,
Drum Loop  vs  Loop,KJ SAWKA 40x40x40 DRUM PACK,/Volumes/Jack_Gandy_1TB_SSD/testing-for-NITE-DSP/sample_pack_testing/KJ SAWKA 40x40x40 DRUM PACK/kj_sawka_40x40x40_beat_folder/KJ_SAWKA_87_BPM_LOOPS/KJ_SAWKA_London_Bridge_2013_87_bpm_4bar6_Dry.wav,Loop,Drum Loop,0.248842,0.357282,Drum Loop,full_taxonomy_audio,Drum Loop,0.98333,False,,
Foley  vs  Clap,Minimal Audio,/Volumes/Jack_Gandy_1TB_SSD/testing-for-NITE-DSP/sample_pack_testing/Minimal Audio/REFLECT/1 - Drums/4 - Claps/Clap - Aether.wav,Clap,Foley,0.244739,0.349862,Clap,trusted_filename_override,Clap,0.9,False,,
Foley  vs  Hi-Hat,Minimal Audio,/Volumes/Jack_Gandy_1TB_SSD/testing-for-NITE-DSP/sample_pack_testing/Minimal Audio/ELEMENT/1 - Drums/4 - Hats/Hi-Hat - Toy Open.wav,Hi-Hat,Foley,0.325316,0.417129,Hi-Hat,trusted_filename_override,Hi-Hat,0.94,False,,
Foley  vs  Kick,Loaded Samples - Lo-Fi Memphis 2,/Volumes/Jack_Gandy_1TB_SSD/testing-for-NITE-DSP/sample_pack_testing/Loaded Samples - Lo-Fi Memphis 2/DRUMS/Perc/LFM2_Clave 808_REV.wav,Kick,Foley,0.159816,0.216757,Kick,trusted_filename_override,Kick,0.97,False,,
Foley  vs  Snare,Koan Sound,/Volumes/Jack_Gandy_1TB_SSD/testing-for-NITE-DSP/sample_pack_testing/Koan Sound/Koan Sound Samples/Foley Pack 01/Foley Drums/Snare 11.wav,Snare,Foley,0.343749,0.476593,Snare,trusted_filename_override,Snare,0.92,False,,
Foley Loop  vs  Pad,Sounds of KSHMR Vol.3,/Volumes/Jack_Gandy_1TB_SSD/testing-for-NITE-DSP/sample_pack_testing/Sounds of KSHMR Vol.3/KSHMR_FX_Elements/KSHMR_Ambiance_and_Foley/KSHMR_Ambiance_Designed/KSHMR_Drones/KSHMR_Ambiance_Drone_14_F.wav,Pad,Foley Loop,0.227076,0.426084,Foley Loop,full_taxonomy_audio,Percussion Loop,0.78667,False,,
Hi-Hat  vs  Kick,Sounds of KSHMR Vol.3,/Volumes/Jack_Gandy_1TB_SSD/testing-for-NITE-DSP/sample_pack_testing/Sounds of KSHMR Vol.3/KSHMR_Drums/KSHMR_Cymbals/KSHMR_Hi_Hats_Open/KSHMR_Open_Hat_16_808.wav,Kick,Hi-Hat,0.263102,0.285091,Kick,trusted_filename_override,Kick,0.97,False,,
Hi-Hat  vs  Snare,Organic Drum Kit,/Volumes/Jack_Gandy_1TB_SSD/testing-for-NITE-DSP/sample_pack_testing/Organic Drum Kit/2 Snares/Organic - Snare (3).wav,Snare,Hi-Hat,0.351884,0.43706,Snare,trusted_filename_override,Snare,0.92,False,,
Hi-Hat Loop  vs  Drum Loop,Loaded Samples - Lo-Fi Memphis 2,/Volumes/Jack_Gandy_1TB_SSD/testing-for-NITE-DSP/sample_pack_testing/Loaded Samples - Lo-Fi Memphis 2/DRUMS & PERC LOOPS/Drum Loop F [73BPM].wav,Drum Loop,Hi-Hat Loop,0.264113,0.303893,Drum Loop,trusted_filename_override,Drum Loop,0.78,False,,
Hi-Hat Loop  vs  Loop,Organic Drum Kit,/Volumes/Jack_Gandy_1TB_SSD/testing-for-NITE-DSP/sample_pack_testing/Organic Drum Kit/8 Drum Loops/Percussion Loops/Zill Rythm - 105 BPM (4).wav,Loop,Hi-Hat Loop,0.122132,0.169161,Hi-Hat Loop,full_taxonomy_audio,Percussion Loop,0.77,False,,
Hi-Hat Loop  vs  Percussion,Organic Drum Kit,/Volumes/Jack_Gandy_1TB_SSD/testing-for-NITE-DSP/sample_pack_testing/Organic Drum Kit/8 Drum Loops/Percussion Loops/Shaker LP - 90 BPM (2).wav,Percussion,Hi-Hat Loop,0.200186,0.274808,Hi-Hat Loop,full_taxonomy_audio,Percussion Loop,0.87667,False,,
Hi-Hat Loop  vs  Percussion Loop,Sounds of KSHMR Vol.3,/Volumes/Jack_Gandy_1TB_SSD/testing-for-NITE-DSP/sample_pack_testing/Sounds of KSHMR Vol.3/KSHMR_Drums_Loops/KSHMR_Drum_Loops_Full/KSHMR_Percussion_Loops/KSHMR_Percussion_Loop_50_150.wav,Percussion Loop,Hi-Hat Loop,0.229397,0.265809,Percussion Loop,trusted_filename_override,Percussion Loop,1.0,False,,
Kick Loop  vs  Drum Loop,Minimal Audio,/Volumes/Jack_Gandy_1TB_SSD/testing-for-NITE-DSP/sample_pack_testing/Minimal Audio/ELEMENT/1 - Drums/1 - Drum Loops/2 - Kick Loops/Kick - Abominable Break - 78 BPM.wav,Drum Loop,Kick Loop,0.489548,0.491676,Drum Loop,trusted_filename_override,Drum Loop,0.78,False,,
Percussion Loop  vs  Drum Loop,Sounds of KSHMR Vol.3,/Volumes/Jack_Gandy_1TB_SSD/testing-for-NITE-DSP/sample_pack_testing/Sounds of KSHMR Vol.3/KSHMR_Drums_Loops/KSHMR_Drum_Loops_Full/KSHMR_Cinematic_Drum_Loops/KSHMR_Cinematic_Drum_Loop_16_120.wav,Drum Loop,Percussion Loop,0.151528,0.204469,Drum Loop,trusted_filename_override,Drum Loop,0.78,False,,
Percussion Loop  vs  Percussion,Organic Electronics 2 J.Views,/Volumes/Jack_Gandy_1TB_SSD/testing-for-NITE-DSP/sample_pack_testing/Organic Electronics 2 J.Views/JVIEWS_desert/JVIEWS_desert_loops/JVIEWS_percussion_shaker_amp_110.wav,Percussion,Percussion Loop,0.239062,0.35321,Percussion Loop,full_taxonomy_audio,Percussion Loop,0.82333,False,,
Rimshot  vs  Clap,Mike Shinoda Drums,/Volumes/Jack_Gandy_1TB_SSD/testing-for-NITE-DSP/sample_pack_testing/Mike Shinoda Drums/MS BEATS/Amethyst Samples/Clap AR60sLate V127 1.wav,Clap,Rimshot,0.328061,0.402641,Clap,trusted_filename_override,Clap,0.9,False,,
Rimshot  vs  Hi-Hat,Koan Sound,/Volumes/Jack_Gandy_1TB_SSD/testing-for-NITE-DSP/sample_pack_testing/Koan Sound/Koan Sound Samples/Raw Drums/Raw/Raw Hat 04.wav,Hi-Hat,Rimshot,0.309546,0.466846,Hi-Hat,trusted_filename_override,Hi-Hat,0.94,False,,
Rimshot  vs  Kick,Mike Shinoda Drums,/Volumes/Jack_Gandy_1TB_SSD/testing-for-NITE-DSP/sample_pack_testing/Mike Shinoda Drums/MS BEATS/Andes Samples/Kick Bonaparte 5.wav,Kick,Rimshot,0.319084,0.507539,Kick,trusted_filename_override,Kick,0.97,False,,
Rimshot  vs  Snare,Koan Sound,/Volumes/Jack_Gandy_1TB_SSD/testing-for-NITE-DSP/sample_pack_testing/Koan Sound/Koan Sound Samples/Foley Pack 01/Foley Drums/Snare 04.wav,Snare,Rimshot,0.291982,0.495762,Snare,trusted_filename_override,Snare,0.92,False,,
Snare  vs  Clap,Minimal Audio,/Volumes/Jack_Gandy_1TB_SSD/testing-for-NITE-DSP/sample_pack_testing/Minimal Audio/REFLECT/1 - Drums/4 - Claps/Clap - Elm.wav,Clap,Snare,0.298127,0.527649,Clap,trusted_filename_override,Clap,0.9,False,,
Snare  vs  Hi-Hat,Minimal Audio,/Volumes/Jack_Gandy_1TB_SSD/testing-for-NITE-DSP/sample_pack_testing/Minimal Audio/ELEMENT/1 - Drums/4 - Hats/Hi-Hat - Acoustic Real.wav,Hi-Hat,Snare,0.278618,0.552754,Hi-Hat,trusted_filename_override,Hi-Hat,0.94,False,,
Synth One-Shot  vs  Kick,Sounds of KSHMR Vol.3,/Volumes/Jack_Gandy_1TB_SSD/testing-for-NITE-DSP/sample_pack_testing/Sounds of KSHMR Vol.3/KSHMR_Drums/KSHMR_Kicks/KSHMR_Hip_Hop_kicks/KSHMR_808s/KSHMR_808_01_Clean_C.wav,Kick,Synth One-Shot,0.170584,0.32017,Kick,trusted_filename_override,Kick,0.97,False,,
Weather/Nature Atmos  vs  Hi-Hat,Koan Sound,/Volumes/Jack_Gandy_1TB_SSD/testing-for-NITE-DSP/sample_pack_testing/Koan Sound/Koan Sound Samples/Sentient/sentient_bass+drums+fx/Sentient - Hi-Hat.wav,Hi-Hat,Weather/Nature Atmos,0.401968,0.39938,Hi-Hat,trusted_filename_override,Percussion Loop,0.84,False,,
Bass Hit  vs  Kick,Sounds of KSHMR Vol.3,/Volumes/Jack_Gandy_1TB_SSD/testing-for-NITE-DSP/sample_pack_testing/Sounds of KSHMR Vol.3/KSHMR_Drums/KSHMR_Beatboxing/KSHMR_Beatbox_Kick_07_D#.wav,Kick,Bass Hit,0.135104,0.199174,Kick,trusted_filename_override,Kick,0.97,False,,
Bass Loop  vs  Drum Loop,Minimal Audio,/Volumes/Jack_Gandy_1TB_SSD/testing-for-NITE-DSP/sample_pack_testing/Minimal Audio/ELEMENT/1 - Drums/1 - Drum Loops/1 - Full Loops/Drums - Abominable Break - 78 BPM.wav,Drum Loop,Bass Loop,0.186033,0.310717,Drum Loop,trusted_filename_override,Drum Loop,0.78,False,,
Chord Loop  vs  Loop,Old Movies 1 - Vintage Collection (Drum Kit),/Volumes/Jack_Gandy_1TB_SSD/testing-for-NITE-DSP/sample_pack_testing/Old Movies 1 - Vintage Collection (Drum Kit)/Melodic Elements (Old Movies)/Mysterious Loop 4.wav,Loop,Chord Loop,0.274847,0.442383,Chord Loop,full_taxonomy_audio,Percussion Loop,0.84333,False,,
Chord Loop  vs  Pad,Organic Electronics 2 J.Views,/Volumes/Jack_Gandy_1TB_SSD/testing-for-NITE-DSP/sample_pack_testing/Organic Electronics 2 J.Views/JVIEWS_city/JVIEWS_city_tonal/JVIEWS_distant_train_intercity_pad_Emin.wav,Pad,Chord Loop,0.264391,0.432452,Chord Loop,full_taxonomy_audio,Percussion Loop,0.83667,False,,
Chord Loop  vs  Piano,Old Movies 1 - Vintage Collection (Drum Kit),/Volumes/Jack_Gandy_1TB_SSD/testing-for-NITE-DSP/sample_pack_testing/Old Movies 1 - Vintage Collection (Drum Kit)/Melodic Elements (Old Movies)/TNK_Piano 1.wav,Piano,Chord Loop,0.24313,0.34898,Chord Loop,full_taxonomy_audio,Percussion Loop,0.80333,False,,
Clap  vs  Snare,Organic Drum Kit,/Volumes/Jack_Gandy_1TB_SSD/testing-for-NITE-DSP/sample_pack_testing/Organic Drum Kit/2 Snares/Organic - Snare (73).wav,Snare,Clap,0.24732,0.327066,Snare,trusted_filename_override,Snare,0.92,False,,
Crash  vs  Hi-Hat,Minimal Audio,/Volumes/Jack_Gandy_1TB_SSD/testing-for-NITE-DSP/sample_pack_testing/Minimal Audio/REFLECT/1 - Drums/5 - Hats & Cymbals/Hi Hat - Wind.wav,Hi-Hat,Crash,0.828744,0.645104,Crash,full_taxonomy_audio,Hi-Hat,0.94,False,,
Drum Loop  vs  Loop,Koan Sound,/Volumes/Jack_Gandy_1TB_SSD/testing-for-NITE-DSP/sample_pack_testing/Koan Sound/Koan_Sound_2025/Shaper Table Track Project/Samples/Imported/Funk 111 bpm.aif,Loop,Drum Loop,0.403505,0.46652,Drum Loop,full_taxonomy_audio,Drum Loop,0.89667,False,,
Foley  vs  Clap,Organic Drum Kit,/Volumes/Jack_Gandy_1TB_SSD/testing-for-NITE-DSP/sample_pack_testing/Organic Drum Kit/3 Claps/Organic - Clap (70).wav,Clap,Foley,0.355425,0.404284,Clap,trusted_filename_override,Clap,0.9,False,,
Foley  vs  Hi-Hat,Old Movies 1 - Vintage Collection (Drum Kit),/Volumes/Jack_Gandy_1TB_SSD/testing-for-NITE-DSP/sample_pack_testing/Old Movies 1 - Vintage Collection (Drum Kit)/Hats/Open Hat 1.wav,Hi-Hat,Foley,0.154932,0.238309,Hi-Hat,trusted_filename_override,Hi-Hat,0.94,False,,
Foley  vs  Kick,MGF Mega Pack,/Volumes/Jack_Gandy_1TB_SSD/testing-for-NITE-DSP/sample_pack_testing/MGF Mega Pack/Analogue Collection/Perc/VOY_Mini Kick 2.wav,Kick,Foley,0.245457,0.356635,Kick,trusted_filename_override,Kick,0.97,False,,
Foley  vs  Snare,Mike Shinoda Drums,/Volumes/Jack_Gandy_1TB_SSD/testing-for-NITE-DSP/sample_pack_testing/Mike Shinoda Drums/MS BEATS/Amethyst Samples/Snare AR60sLate V24 1.wav,Snare,Foley,0.142821,0.192733,Snare,trusted_filename_override,Snare,0.92,False,,
Hi-Hat  vs  Snare,Sounds of KSHMR Vol.3,/Volumes/Jack_Gandy_1TB_SSD/testing-for-NITE-DSP/sample_pack_testing/Sounds of KSHMR Vol.3/KSHMR_Drums/KSHMR_Snares/KSHMR_Hip_Hop_Snares/KSHMR_Hip_Hop_Snare_10_D.wav,Snare,Hi-Hat,0.297397,0.412651,Snare,trusted_filename_override,Snare,0.92,False,,
Hi-Hat Loop  vs  Drum Loop,MGF Mega Pack,/Volumes/Jack_Gandy_1TB_SSD/testing-for-NITE-DSP/sample_pack_testing/MGF Mega Pack/Misc + Found Sound/Casiotone 501/Drums/Casiotone 501 Drum Loop 1.wav,Drum Loop,Hi-Hat Loop,0.328793,0.381796,Drum Loop,trusted_filename_override,Drum Loop,0.78,False,,
Hi-Hat Loop  vs  Loop,Sounds of KSHMR Vol.3,/Volumes/Jack_Gandy_1TB_SSD/testing-for-NITE-DSP/sample_pack_testing/Sounds of KSHMR Vol.3/KSHMR_VIP_Friends_of_KSHMR/MRBLACK/MRBLACK_Psy_Loop.wav,Loop,Hi-Hat Loop,0.216779,0.317631,Hi-Hat Loop,full_taxonomy_audio,Percussion Loop,0.75333,False,,
Hi-Hat Loop  vs  Percussion,Sounds of KSHMR Vol.3,/Volumes/Jack_Gandy_1TB_SSD/testing-for-NITE-DSP/sample_pack_testing/Sounds of KSHMR Vol.3/KSHMR_Drums_Loops/KSHMR_Drum_Loops_Solo/KSHMR_Tambourine_Loops/KSHMR_Tambourine_Loop_16_140.wav,Percussion,Hi-Hat Loop,0.199501,0.275423,Hi-Hat Loop,full_taxonomy_audio,Percussion Loop,0.75333,False,,
Kick Loop  vs  Drum Loop,Organic Drum Kit,/Volumes/Jack_Gandy_1TB_SSD/testing-for-NITE-DSP/sample_pack_testing/Organic Drum Kit/8 Drum Loops/Drum Loops/Drum Loop 11 - 83 BPM (A).wav,Drum Loop,Kick Loop,0.156226,0.261708,Drum Loop,trusted_filename_override,Drum Loop,0.78,False,,
Percussion Loop  vs  Percussion,Sounds of KSHMR Vol.3,/Volumes/Jack_Gandy_1TB_SSD/testing-for-NITE-DSP/sample_pack_testing/Sounds of KSHMR Vol.3/KSHMR_Drums_Loops/KSHMR_Drum_Loops_Solo/KSHMR_Tambourine_Loops/KSHMR_Tambourine_Loop_17_140.wav,Percussion,Percussion Loop,0.214591,0.272122,Percussion Loop,full_taxonomy_audio,Percussion Loop,0.90333,False,,
Rimshot  vs  Clap,Minimal Audio,/Volumes/Jack_Gandy_1TB_SSD/testing-for-NITE-DSP/sample_pack_testing/Minimal Audio/ELEMENT/1 - Drums/3 - Snare/Clap - Abominable.wav,Clap,Rimshot,0.257884,0.33991,Clap,trusted_filename_override,Clap,0.9,False,,
Rimshot  vs  Hi-Hat,Mike Shinoda Drums,/Volumes/Jack_Gandy_1TB_SSD/testing-for-NITE-DSP/sample_pack_testing/Mike Shinoda Drums/MPC 1000 Backup/LOOSESAMPLES/OP_HH.WAV,Hi-Hat,Rimshot,0.176318,0.286493,Hi-Hat,trusted_filename_override,Hi-Hat,0.94,False,,
Rimshot  vs  Kick,Sounds of KSHMR Vol.3,/Volumes/Jack_Gandy_1TB_SSD/testing-for-NITE-DSP/sample_pack_testing/Sounds of KSHMR Vol.3/KSHMR_Drums/KSHMR_Beatboxing/KSHMR_Beatbox_Kick_01.wav,Kick,Rimshot,0.1371,0.212795,Kick,trusted_filename_override,Kick,0.97,False,,
Rimshot  vs  Snare,Mike Shinoda Drums,/Volumes/Jack_Gandy_1TB_SSD/testing-for-NITE-DSP/sample_pack_testing/Mike Shinoda Drums/MS BEATS/Amethyst Samples/Snare AR60sLate V24 3.wav,Snare,Rimshot,0.203045,0.255196,Snare,trusted_filename_override,Snare,0.92,False,,
Snare  vs  Clap,Organic Drum Kit,/Volumes/Jack_Gandy_1TB_SSD/testing-for-NITE-DSP/sample_pack_testing/Organic Drum Kit/3 Claps/Organic - Clap (8).wav,Clap,Snare,0.175488,0.21851,Clap,trusted_filename_override,Clap,0.9,False,,
Snare  vs  Hi-Hat,Organic Drum Kit,/Volumes/Jack_Gandy_1TB_SSD/testing-for-NITE-DSP/sample_pack_testing/Organic Drum Kit/4 Hi-Hats/1 Closed Hats/Organic - HiHat_G (2).wav,Hi-Hat,Snare,0.295356,0.532133,Hi-Hat,trusted_filename_override,Hi-Hat,0.94,False,,
Weather/Nature Atmos  vs  Hi-Hat,Loaded Samples - Lo-Fi Memphis 2,/Volumes/Jack_Gandy_1TB_SSD/testing-for-NITE-DSP/sample_pack_testing/Loaded Samples - Lo-Fi Memphis 2/DRUMS/Hats/LFM2_Bright OHH #1.wav,Hi-Hat,Weather/Nature Atmos,0.211309,0.270137,Hi-Hat,trusted_filename_override,Hi-Hat,0.94,False,,
Bass Loop  vs  Drum Loop,Organic Drum Kit,/Volumes/Jack_Gandy_1TB_SSD/testing-for-NITE-DSP/sample_pack_testing/Organic Drum Kit/8 Drum Loops/Drum Loops/Drum Loop 3 - 115 BPM (A).wav,Drum Loop,Bass Loop,0.191741,0.296194,Drum Loop,trusted_filename_override,Drum Loop,0.78,False,,
Chord Loop  vs  Loop,Sounds of KSHMR Vol.3,/Volumes/Jack_Gandy_1TB_SSD/testing-for-NITE-DSP/sample_pack_testing/Sounds of KSHMR Vol.3/KSHMR_Synths/KSHMR_Synth_Loops/KSHMR_Synth_Loop_09_102_Gm.wav,Loop,Chord Loop,0.204548,0.484346,Chord Loop,full_taxonomy_audio,Percussion Loop,0.83,False,,
Chord Loop  vs  Pad,Sounds of KSHMR Vol.3,/Volumes/Jack_Gandy_1TB_SSD/testing-for-NITE-DSP/sample_pack_testing/Sounds of KSHMR Vol.3/KSHMR_FX_Elements/KSHMR_Ambiance_and_Foley/KSHMR_Ambiance_Designed/KSHMR_Drones/KSHMR_Ambiance_Drone_08_D#.wav,Pad,Chord Loop,0.190822,0.393166,Chord Loop,full_taxonomy_audio,Percussion Loop,0.87667,False,,
Chord Loop  vs  Piano,Organic Electronics 2 J.Views,/Volumes/Jack_Gandy_1TB_SSD/testing-for-NITE-DSP/sample_pack_testing/Organic Electronics 2 J.Views/JVIEWS_studio/JVIEWS_studio_tonal/JVIEWS_cassette_keys_130_Dmin.wav,Piano,Chord Loop,0.33334,0.513778,Chord Loop,full_taxonomy_audio,Percussion Loop,0.82667,False,,
Clap  vs  Snare,Sounds of KSHMR Vol.3,/Volumes/Jack_Gandy_1TB_SSD/testing-for-NITE-DSP/sample_pack_testing/Sounds of KSHMR Vol.3/KSHMR_Drums/KSHMR_Snares/KSHMR_Big_Snares/KSHMR_Big_Snare_20.wav,Snare,Clap,0.184574,0.211486,Snare,trusted_filename_override,Snare,0.92,False,,
Crash  vs  Hi-Hat,Old Movies 1 - Vintage Collection (Drum Kit),/Volumes/Jack_Gandy_1TB_SSD/testing-for-NITE-DSP/sample_pack_testing/Old Movies 1 - Vintage Collection (Drum Kit)/Hats/Open Hat 6.wav,Hi-Hat,Crash,0.27001,0.288841,Hi-Hat,trusted_filename_override,Hi-Hat,0.94,False,,
Drum Loop  vs  Loop,Sounds of KSHMR Vol.3,/Volumes/Jack_Gandy_1TB_SSD/testing-for-NITE-DSP/sample_pack_testing/Sounds of KSHMR Vol.3/KSHMR_Drums_Loops/KSHMR_Drum_Loops_Full/KSHMR_Stadium_Loops/KSHMR_Stadium_Loop_13_180.wav,Loop,Drum Loop,0.105502,0.187489,Drum Loop,full_taxonomy_audio,Drum Loop,0.83333,False,,
Foley  vs  Clap,Organic Electronics 2 J.Views,/Volumes/Jack_Gandy_1TB_SSD/testing-for-NITE-DSP/sample_pack_testing/Organic Electronics 2 J.Views/JVIEWS_countryside/JVIEWS_countryside_one_shots/JVIEWS_hollow_tree_clap.wav,Clap,Foley,0.321332,0.344657,Clap,trusted_filename_override,Clap,0.9,False,,
Foley  vs  Hi-Hat,Organic Drum Kit,/Volumes/Jack_Gandy_1TB_SSD/testing-for-NITE-DSP/sample_pack_testing/Organic Drum Kit/Maschine Kits/Neptune Kit Samples/Organic - HiHat_I (2).wav,Hi-Hat,Foley,0.378997,0.377871,Hi-Hat,trusted_filename_override,Hi-Hat,0.94,False,,
Foley  vs  Kick,Mike Shinoda Drums,/Volumes/Jack_Gandy_1TB_SSD/testing-for-NITE-DSP/sample_pack_testing/Mike Shinoda Drums/MS BEATS/Gnarly Tribal Samples/Kick PlatBounce 5.wav,Kick,Foley,0.143226,0.193838,Kick,trusted_filename_override,Kick,0.97,False,,
Foley  vs  Snare,Minimal Audio,/Volumes/Jack_Gandy_1TB_SSD/testing-for-NITE-DSP/sample_pack_testing/Minimal Audio/ELEMENT/1 - Drums/3 - Snare/Snare - Quarter Tatt.wav,Snare,Foley,0.139641,0.187268,Snare,trusted_filename_override,Snare,0.92,False,,
Hi-Hat Loop  vs  Drum Loop,Minimal Audio,/Volumes/Jack_Gandy_1TB_SSD/testing-for-NITE-DSP/sample_pack_testing/Minimal Audio/ELEMENT/1 - Drums/1 - Drum Loops/4 - Top Loops/Perc - Abominable Break - 78 BPM.wav,Drum Loop,Hi-Hat Loop,0.249305,0.366484,Drum Loop,trusted_filename_override,Drum Loop,0.78,False,,
Kick Loop  vs  Drum Loop,Sounds of KSHMR Vol.3,/Volumes/Jack_Gandy_1TB_SSD/testing-for-NITE-DSP/sample_pack_testing/Sounds of KSHMR Vol.3/KSHMR_Drums_Loops/KSHMR_Drum_Loops_Full/KSHMR_Cinematic_Drum_Loops/KSHMR_Cinematic_Drum_Loop_26_128.wav,Drum Loop,Kick Loop,0.204731,0.252168,Drum Loop,trusted_filename_override,Drum Loop,0.78,False,,
Rimshot  vs  Clap,Old Movies 1 - Vintage Collection (Drum Kit),/Volumes/Jack_Gandy_1TB_SSD/testing-for-NITE-DSP/sample_pack_testing/Old Movies 1 - Vintage Collection (Drum Kit)/Snares/Clap 2.wav,Clap,Rimshot,0.619857,0.679562,Clap,trusted_filename_override,Clap,0.9,False,,
Rimshot  vs  Hi-Hat,Minimal Audio,/Volumes/Jack_Gandy_1TB_SSD/testing-for-NITE-DSP/sample_pack_testing/Minimal Audio/ELEMENT/1 - Drums/4 - Hats/Hi-Hat - Rezz.wav,Hi-Hat,Rimshot,0.229977,0.312358,Hi-Hat,trusted_filename_override,Hi-Hat,0.94,False,,
Rimshot  vs  Snare,Minimal Audio,/Volumes/Jack_Gandy_1TB_SSD/testing-for-NITE-DSP/sample_pack_testing/Minimal Audio/MICROTECH/2 - One Shots/2 - Snare/Snare - Tone Snap 1.wav,Snare,Rimshot,0.263683,0.421542,Snare,trusted_filename_override,Snare,0.92,False,,
Snare  vs  Clap,Sounds of KSHMR Vol.3,/Volumes/Jack_Gandy_1TB_SSD/testing-for-NITE-DSP/sample_pack_testing/Sounds of KSHMR Vol.3/KSHMR_Drums/KSHMR_Claps/KSHMR_Regular_Claps/KSHMR_Clap_Heavy_05.wav,Clap,Snare,0.288355,0.337843,Clap,trusted_filename_override,Clap,0.9,False,,
Weather/Nature Atmos  vs  Hi-Hat,Mike Shinoda Drums,/Volumes/Jack_Gandy_1TB_SSD/testing-for-NITE-DSP/sample_pack_testing/Mike Shinoda Drums/MPC 1000 Backup/LOOSESAMPLES/CL_HH.WAV,Hi-Hat,Weather/Nature Atmos,0.163771,0.222512,Hi-Hat,trusted_filename_override,Hi-Hat,0.94,False,,
Bass Loop  vs  Drum Loop,Sounds of KSHMR Vol.3,/Volumes/Jack_Gandy_1TB_SSD/testing-for-NITE-DSP/sample_pack_testing/Sounds of KSHMR Vol.3/KSHMR_Drums_Loops/KSHMR_Drum_Loops_Full/KSHMR_Acoustic_Drum_Loops/KSHMR_Acoustic_Drum_Loop_14_128.wav,Drum Loop,Bass Loop,0.132057,0.241718,Drum Loop,trusted_filename_override,Drum Loop,0.78,False,,
Crash  vs  Hi-Hat,Organic Drum Kit,/Volumes/Jack_Gandy_1TB_SSD/testing-for-NITE-DSP/sample_pack_testing/Organic Drum Kit/Maschine Kits/New Age Kit 1 Samples/Organic - O.HiHat_(15).wav,Hi-Hat,Crash,0.205165,0.262479,Hi-Hat,trusted_filename_override,Hi-Hat,0.94,False,,
Foley  vs  Clap,Sounds of KSHMR Vol.3,/Volumes/Jack_Gandy_1TB_SSD/testing-for-NITE-DSP/sample_pack_testing/Sounds of KSHMR Vol.3/KSHMR_Drums/KSHMR_Claps/KSHMR_Pre-Shifted_Claps/KSHMR_Pre_Shifted_Clap_03.wav,Clap,Foley,0.393466,0.457694,Clap,trusted_filename_override,Clap,0.9,False,,
Foley  vs  Hi-Hat,Sounds of KSHMR Vol.3,/Volumes/Jack_Gandy_1TB_SSD/testing-for-NITE-DSP/sample_pack_testing/Sounds of KSHMR Vol.3/KSHMR_Drums/KSHMR_Cymbals/KSHMR_Hi_Hats_Closed/KSHMR_Closed_Hat_12_Dirty.wav,Hi-Hat,Foley,0.238202,0.270821,Hi-Hat,trusted_filename_override,Hi-Hat,0.94,False,,
Foley  vs  Kick,Organic Electronics 2 J.Views,/Volumes/Jack_Gandy_1TB_SSD/testing-for-NITE-DSP/sample_pack_testing/Organic Electronics 2 J.Views/JVIEWS_desert/JVIEWS_desert_one_shots/JVIEWS_desertwood_kick_01.wav,Kick,Foley,0.223297,0.312842,Kick,trusted_filename_override,Kick,0.97,False,,
Foley  vs  Snare,Old Movies 1 - Vintage Collection (Drum Kit),/Volumes/Jack_Gandy_1TB_SSD/testing-for-NITE-DSP/sample_pack_testing/Old Movies 1 - Vintage Collection (Drum Kit)/Foley & Percussion (Old Movies)/possible snare.wav,Snare,Foley,0.27725,0.29119,Snare,trusted_filename_override,Snare,0.92,False,,
Hi-Hat Loop  vs  Drum Loop,Organic Drum Kit,/Volumes/Jack_Gandy_1TB_SSD/testing-for-NITE-DSP/sample_pack_testing/Organic Drum Kit/8 Drum Loops/Drum Loops/Drum Loop 8 - 93 BPM (A).wav,Drum Loop,Hi-Hat Loop,0.147724,0.242406,Drum Loop,trusted_filename_override,Drum Loop,0.78,False,,
Rimshot  vs  Clap,Organic Drum Kit,/Volumes/Jack_Gandy_1TB_SSD/testing-for-NITE-DSP/sample_pack_testing/Organic Drum Kit/3 Claps/Organic - Clap (79).wav,Clap,Rimshot,0.328043,0.45082,Clap,trusted_filename_override,Clap,0.9,False,,
Rimshot  vs  Hi-Hat,Organic Drum Kit,/Volumes/Jack_Gandy_1TB_SSD/testing-for-NITE-DSP/sample_pack_testing/Organic Drum Kit/Maschine Kits/New Age Kit 2 Samples/Organic - HiHat (4).wav,Hi-Hat,Rimshot,0.300281,0.461305,Hi-Hat,trusted_filename_override,Hi-Hat,0.94,False,,
Rimshot  vs  Snare,Old Movies 1 - Vintage Collection (Drum Kit),/Volumes/Jack_Gandy_1TB_SSD/testing-for-NITE-DSP/sample_pack_testing/Old Movies 1 - Vintage Collection (Drum Kit)/Snares/Snare 34.wav,Snare,Rimshot,0.293756,0.350501,Snare,trusted_filename_override,Snare,0.92,False,,
Weather/Nature Atmos  vs  Hi-Hat,Old Movies 1 - Vintage Collection (Drum Kit),/Volumes/Jack_Gandy_1TB_SSD/testing-for-NITE-DSP/sample_pack_testing/Old Movies 1 - Vintage Collection (Drum Kit)/Hats/Hat Roll 3.wav,Hi-Hat,Weather/Nature Atmos,0.158267,0.212645,Hi-Hat,trusted_filename_override,Hi-Hat,0.94,False,,
