path,full_taxonomy_class,full_taxonomy_confidence,full_taxonomy_similarity,old_audio_class,old_audio_confidence,filename_class,action,reason
/Volumes/Jack_Gandy_1TB_SSD/testing-for-NITE-DSP/sample_pack_testing/Black Octopus Sound - Pure Analog Sweeps IV (2021)/Xtra One Shots/Diamaudix_Audio_PAS_IV_Clap_05.wav,Clap,0.829135,0.734114,Clap,0.9,Clap,review,full-taxonomy class precision not yet qualified for action
/Volumes/Jack_Gandy_1TB_SSD/testing-for-NITE-DSP/sample_pack_testing/Black Octopus Sound - Pure Analog Sweeps IV (2021)/Xtra One Shots/Diamaudix_Audio_PAS_IV_Kick_A_01.wav,Kick,0.949446,0.845792,Kick,0.97,Kick,review,full-taxonomy class precision not yet qualified for action
/Volumes/Jack_Gandy_1TB_SSD/testing-for-NITE-DSP/sample_pack_testing/Black Octopus Sound - Pure Analog Sweeps IV (2021)/Xtra One Shots/Diamaudix_Audio_PAS_IV_Kick_F_01.wav,Kick,0.92383,0.800972,Kick,0.97,Kick,review,full-taxonomy class precision not yet qualified for action
/Volumes/Jack_Gandy_1TB_SSD/testing-for-NITE-DSP/sample_pack_testing/Breaks/Gems From The Crates/Claps/AKT-CLP-A005_bip.wav,Clap,0.877607,0.732152,Clap,0.9,Clap,review,full-taxonomy class precision not yet qualified for action
/Volumes/Jack_Gandy_1TB_SSD/testing-for-NITE-DSP/sample_pack_testing/Breaks/Gems From The Crates/Claps/AKT-CLP-A011_bip.wav,Clap,0.876725,0.766556,Clap,0.9,Clap,review,full-taxonomy class precision not yet qualified for action
/Volumes/Jack_Gandy_1TB_SSD/testing-for-NITE-DSP/sample_pack_testing/Breaks/Gems From The Crates/Claps/AKT-CLP-A013_bip.wav,Clap,0.879329,0.738362,Clap,0.9,Clap,review,full-taxonomy class precision not yet qualified for action
/Volumes/Jack_Gandy_1TB_SSD/testing-for-NITE-DSP/sample_pack_testing/Breaks/The Drum Broker - International Breaks & Essential Kicks/The Drum Broker - Essential Kicks/Cookies_2.wav,Kick,0.900167,0.734863,Kick,0.89667,,review,full-taxonomy class precision not yet qualified for action
/Volumes/Jack_Gandy_1TB_SSD/testing-for-NITE-DSP/sample_pack_testing/Breaks/The Drum Broker - International Breaks & Essential Kicks/The Drum Broker - Essential Kicks/Cookies_3.wav,Kick,0.900167,0.734863,Kick,0.89667,,review,full-taxonomy class precision not yet qualified for action
/Volumes/Jack_Gandy_1TB_SSD/testing-for-NITE-DSP/sample_pack_testing/Breaks/The Drum Broker - International Breaks & Essential Kicks/The Drum Broker - Essential Kicks/Regret.wav,Kick,0.905561,0.76445,Kick,0.75667,,review,full-taxonomy class precision not yet qualified for action
/Volumes/Jack_Gandy_1TB_SSD/testing-for-NITE-DSP/sample_pack_testing/Capsun ProAudio - City Pop/One_Shots/Drum_One_Shots/Hihats/CPA_TCP_hihat_dirty_dancers.wav,Hi-Hat,0.910001,0.798966,Hi-Hat,0.94,Hi-Hat,review,full-taxonomy class precision not yet qualified for action
/Volumes/Jack_Gandy_1TB_SSD/testing-for-NITE-DSP/sample_pack_testing/Capsun ProAudio - City Pop/One_Shots/Drum_One_Shots/Hihats/CPA_TCP_hihat_power_stance.wav,Hi-Hat,0.830814,0.811471,Hi-Hat,0.94,Hi-Hat,review,full-taxonomy class precision not yet qualified for action
/Volumes/Jack_Gandy_1TB_SSD/testing-for-NITE-DSP/sample_pack_testing/Capsun ProAudio - City Pop/One_Shots/Drum_One_Shots/Kicks/CPA_TCP_kick_dirty_dancers.wav,Kick,0.90307,0.743772,Kick,0.97,Kick,review,full-taxonomy class precision not yet qualified for action
/Volumes/Jack_Gandy_1TB_SSD/testing-for-NITE-DSP/sample_pack_testing/Capsun ProAudio - City Pop/One_Shots/Drum_One_Shots/Kicks/CPA_TCP_kick_duvet.wav,Kick,0.906996,0.756547,Kick,0.97,Kick,review,full-taxonomy class precision not yet qualified for action
/Volumes/Jack_Gandy_1TB_SSD/testing-for-NITE-DSP/sample_pack_testing/Capsun ProAudio - City Pop/One_Shots/Drum_One_Shots/Kicks/CPA_TCP_kick_glitterball.wav,Kick,0.93235,0.793066,Kick,0.97,Kick,review,full-taxonomy class precision not yet qualified for action
/Volumes/Jack_Gandy_1TB_SSD/testing-for-NITE-DSP/sample_pack_testing/Capsun ProAudio - City Pop/One_Shots/Drum_One_Shots/Kicks/CPA_TCP_kick_power_stance.wav,Kick,0.936911,0.797324,Kick,0.97,Kick,review,full-taxonomy class precision not yet qualified for action
/Volumes/Jack_Gandy_1TB_SSD/testing-for-NITE-DSP/sample_pack_testing/Capsun ProAudio - City Pop/One_Shots/Drum_One_Shots/Kicks/CPA_TCP_kick_romantics.wav,Kick,0.924768,0.776063,Kick,0.97,Kick,review,full-taxonomy class precision not yet qualified for action
/Volumes/Jack_Gandy_1TB_SSD/testing-for-NITE-DSP/sample_pack_testing/Capsun ProAudio - City Pop/One_Shots/Drum_One_Shots/Snares/CPA_TCP_clap_in_the_room.wav,Clap,0.839407,0.768409,Clap,0.9,Clap,review,full-taxonomy class precision not yet qualified for action
/Volumes/Jack_Gandy_1TB_SSD/testing-for-NITE-DSP/sample_pack_testing/Drum Recollection/2023 Drums/(Hi-Hat) Don't Sleep.wav,Hi-Hat,0.927831,0.80322,Hi-Hat,0.94,Hi-Hat,review,full-taxonomy class precision not yet qualified for action
/Volumes/Jack_Gandy_1TB_SSD/testing-for-NITE-DSP/sample_pack_testing/Drum Recollection/2023 Drums/(Hi-Hat) Find A Way.wav,Hi-Hat,0.913367,0.780411,Hi-Hat,0.94,Hi-Hat,review,full-taxonomy class precision not yet qualified for action
/Volumes/Jack_Gandy_1TB_SSD/testing-for-NITE-DSP/sample_pack_testing/Drum Recollection/Essentials Drum Kit Vol. 001/Kicks/Bomber Man Kick.wav,Kick,0.88317,0.726325,Kick,0.97,Kick,review,full-taxonomy class precision not yet qualified for action
/Volumes/Jack_Gandy_1TB_SSD/testing-for-NITE-DSP/sample_pack_testing/Drum Recollection/Essentials Drum Kit Vol. 001/Kicks/Drill Kick Please_.wav,Kick,0.896059,0.735018,Kick,0.97,Kick,review,full-taxonomy class precision not yet qualified for action
/Volumes/Jack_Gandy_1TB_SSD/testing-for-NITE-DSP/sample_pack_testing/Drum Recollection/Essentials Drum Kit Vol. 001/Kicks/Turn That Velocity Up.wav,Kick,0.911009,0.737331,Kick,0.75333,,review,full-taxonomy class precision not yet qualified for action
/Volumes/Jack_Gandy_1TB_SSD/testing-for-NITE-DSP/sample_pack_testing/Drum Recollection/Essentials Drumkit Vol. 002/Kicks/Roland Cloud Kick.wav,Kick,0.899722,0.729487,Kick,0.97,Kick,review,full-taxonomy class precision not yet qualified for action
/Volumes/Jack_Gandy_1TB_SSD/testing-for-NITE-DSP/sample_pack_testing/Drum Recollection/Essentials Drumkit Vol. 002/Kicks/WTFIT Kick.wav,Kick,0.931791,0.795529,Kick,0.97,Kick,review,full-taxonomy class precision not yet qualified for action
/Volumes/Jack_Gandy_1TB_SSD/testing-for-NITE-DSP/sample_pack_testing/Drum Recollection/New Wave Drum Kit Vol. 1/New Wave Drum Kit/Kicks/Draco Kick .wav,Kick,0.923763,0.759741,Kick,0.97,Kick,review,full-taxonomy class precision not yet qualified for action
/Volumes/Jack_Gandy_1TB_SSD/testing-for-NITE-DSP/sample_pack_testing/Drum Recollection/New Wave Drum Kit Vol. 1/New Wave Drum Kit/Kicks/Engine Kick .wav,Kick,0.899473,0.722175,Kick,0.97,Kick,review,full-taxonomy class precision not yet qualified for action
/Volumes/Jack_Gandy_1TB_SSD/testing-for-NITE-DSP/sample_pack_testing/Drum Recollection/New Wave Drum Kit Vol. 1/New Wave Drum Kit/Kicks/Rackity Kick  .wav,Kick,0.918953,0.752411,Kick,0.97,Kick,review,full-taxonomy class precision not yet qualified for action
/Volumes/Jack_Gandy_1TB_SSD/testing-for-NITE-DSP/sample_pack_testing/Drum Recollection/New Wave Drum Kit Vol. 1/New Wave Drum Kit/Kicks/Use For Drill Kick  .wav,Kick,0.935036,0.782542,Kick,0.97,Kick,review,full-taxonomy class precision not yet qualified for action
/Volumes/Jack_Gandy_1TB_SSD/testing-for-NITE-DSP/sample_pack_testing/Drum Recollection/New Wave Drum Kit Vol. 2/Snares/No Savage Snare.wav,Snare,0.831976,0.769586,Snare,0.92,Snare,review,full-taxonomy class precision not yet qualified for action
/Volumes/Jack_Gandy_1TB_SSD/testing-for-NITE-DSP/sample_pack_testing/Drum Recollection/Official Drum Kit Vol. 1/Hi Hats/All In One Hi Hat .wav,Hi-Hat,0.857932,0.733567,Hi-Hat,0.94,Hi-Hat,review,full-taxonomy class precision not yet qualified for action
/Volumes/Jack_Gandy_1TB_SSD/testing-for-NITE-DSP/sample_pack_testing/Drum Recollection/Official Drum Kit Vol. 1/Hi Hats/Favorite Hi Hat .wav,Hi-Hat,0.853049,0.71963,Hi-Hat,0.94,Hi-Hat,review,full-taxonomy class precision not yet qualified for action
/Volumes/Jack_Gandy_1TB_SSD/testing-for-NITE-DSP/sample_pack_testing/Drum Recollection/Official Drum Kit Vol. 1/Kicks/Akai Kick .wav,Kick,0.926444,0.787135,Kick,0.97,Kick,review,full-taxonomy class precision not yet qualified for action
/Volumes/Jack_Gandy_1TB_SSD/testing-for-NITE-DSP/sample_pack_testing/Drum Recollection/Official Drum Kit Vol. 1/Kicks/Bourne Kick .wav,Kick,0.906077,0.74457,Kick,0.97,Kick,review,full-taxonomy class precision not yet qualified for action
/Volumes/Jack_Gandy_1TB_SSD/testing-for-NITE-DSP/sample_pack_testing/Drum Recollection/Official Drum Kit Vol. 1/Kicks/Dragon Ball Kick .wav,Kick,0.921079,0.758748,Kick,0.97,Kick,review,full-taxonomy class precision not yet qualified for action
/Volumes/Jack_Gandy_1TB_SSD/testing-for-NITE-DSP/sample_pack_testing/Drum Recollection/Official Drum Kit Vol. 1/Kicks/Dust Kick .wav,Kick,0.940083,0.782696,Kick,0.97,Kick,review,full-taxonomy class precision not yet qualified for action
/Volumes/Jack_Gandy_1TB_SSD/testing-for-NITE-DSP/sample_pack_testing/Drum Recollection/Official Drum Kit Vol. 1/Kicks/Jeffe Kick .wav,Kick,0.924108,0.776957,Kick,0.97,Kick,review,full-taxonomy class precision not yet qualified for action
/Volumes/Jack_Gandy_1TB_SSD/testing-for-NITE-DSP/sample_pack_testing/Drum Recollection/Official Drum Kit Vol. 1/Kicks/MacBook Kick .wav,Kick,0.922682,0.762769,Kick,0.97,Kick,review,full-taxonomy class precision not yet qualified for action
/Volumes/Jack_Gandy_1TB_SSD/testing-for-NITE-DSP/sample_pack_testing/Drum Recollection/Official Drum Kit Vol. 1/Kicks/N9 Kick .wav,Kick,0.896988,0.717632,Kick,0.97,Kick,review,full-taxonomy class precision not yet qualified for action
/Volumes/Jack_Gandy_1TB_SSD/testing-for-NITE-DSP/sample_pack_testing/Drum Recollection/Official Drum Kit Vol. 1/Kicks/Rackz 2.0 Kick .wav,Kick,0.919168,0.764204,Kick,0.97,Kick,review,full-taxonomy class precision not yet qualified for action
/Volumes/Jack_Gandy_1TB_SSD/testing-for-NITE-DSP/sample_pack_testing/Drum Recollection/Official Drum Kit Vol. 2/Kicks/Diff Kick Okay!.wav,Kick,0.901328,0.749519,Kick,0.97,Kick,review,full-taxonomy class precision not yet qualified for action
/Volumes/Jack_Gandy_1TB_SSD/testing-for-NITE-DSP/sample_pack_testing/Drum Recollection/Official Drum Kit Vol. 2/Kicks/Hard Pi'erre Kick.wav,Kick,0.92657,0.78315,Kick,0.97,Kick,review,full-taxonomy class precision not yet qualified for action
/Volumes/Jack_Gandy_1TB_SSD/testing-for-NITE-DSP/sample_pack_testing/Drum Recollection/Official Drum Kit Vol. 2/Kicks/Hard Rack Kick.wav,Kick,0.897024,0.729969,Kick,0.97,Kick,review,full-taxonomy class precision not yet qualified for action
/Volumes/Jack_Gandy_1TB_SSD/testing-for-NITE-DSP/sample_pack_testing/Drum Recollection/Official Drum Kit Vol. 2/Kicks/I Hate Kicks Kick.wav,Kick,0.902372,0.729075,Kick,0.97,Kick,review,full-taxonomy class precision not yet qualified for action
/Volumes/Jack_Gandy_1TB_SSD/testing-for-NITE-DSP/sample_pack_testing/Drum Recollection/Official Drum Kit Vol. 2/Kicks/Owen Starlight Kick.wav,Kick,0.903266,0.733842,Kick,0.97,Kick,review,full-taxonomy class precision not yet qualified for action
/Volumes/Jack_Gandy_1TB_SSD/testing-for-NITE-DSP/sample_pack_testing/Drum Recollection/Official Drum Kit Vol. 2/Kicks/Pain Kick.wav,Kick,0.90417,0.749038,Kick,0.97,Kick,review,full-taxonomy class precision not yet qualified for action
/Volumes/Jack_Gandy_1TB_SSD/testing-for-NITE-DSP/sample_pack_testing/Just Jared - OP1 Drums/Hihats/Just Jared - OP1 Drums Hihat 14.wav,Hi-Hat,0.909275,0.848671,Hi-Hat,0.94,Hi-Hat,review,full-taxonomy class precision not yet qualified for action
/Volumes/Jack_Gandy_1TB_SSD/testing-for-NITE-DSP/sample_pack_testing/Just Jared - OP1 Drums/Kicks/Just Jared - OP1 Drums Kick 1.wav,Kick,0.904438,0.72663,Kick,0.97,Kick,review,full-taxonomy class precision not yet qualified for action
/Volumes/Jack_Gandy_1TB_SSD/testing-for-NITE-DSP/sample_pack_testing/Just Jared - OP1 Drums/Kicks/Just Jared - OP1 Drums Kick 16.wav,Kick,0.903023,0.738933,Kick,0.97,Kick,review,full-taxonomy class precision not yet qualified for action
/Volumes/Jack_Gandy_1TB_SSD/testing-for-NITE-DSP/sample_pack_testing/Just Jared - OP1 Drums/Kicks/Just Jared - OP1 Drums Kick 3.wav,Kick,0.930354,0.78134,Kick,0.97,Kick,review,full-taxonomy class precision not yet qualified for action
/Volumes/Jack_Gandy_1TB_SSD/testing-for-NITE-DSP/sample_pack_testing/Koan Sound/Koan Sound Samples/Raw Drums/Processed/Kick Processed 2.wav,Kick,0.900139,0.766829,Kick,0.97,Kick,review,full-taxonomy class precision not yet qualified for action
/Volumes/Jack_Gandy_1TB_SSD/testing-for-NITE-DSP/sample_pack_testing/Koan Sound/Koan Sound Samples/Raw Drums/Processed/Kick Processed 4.wav,Kick,0.931561,0.811782,Kick,0.97,Kick,review,full-taxonomy class precision not yet qualified for action
/Volumes/Jack_Gandy_1TB_SSD/testing-for-NITE-DSP/sample_pack_testing/Loaded Samples - Lo-Fi Memphis 2/DRUMS/Hats/LFM2_Anotha CHH #1.wav,Hi-Hat,0.907872,0.778095,Hi-Hat,0.94,Hi-Hat,review,full-taxonomy class precision not yet qualified for action
/Volumes/Jack_Gandy_1TB_SSD/testing-for-NITE-DSP/sample_pack_testing/Loaded Samples - Lo-Fi Memphis 2/DRUMS/Hats/LFM2_Bright CHH #2.wav,Hi-Hat,0.874843,0.74706,Hi-Hat,0.94,Hi-Hat,review,full-taxonomy class precision not yet qualified for action
/Volumes/Jack_Gandy_1TB_SSD/testing-for-NITE-DSP/sample_pack_testing/Loaded Samples - Lo-Fi Memphis 2/DRUMS/Kicks & 808s/LFM2_808 Kick (1) (G).wav,Kick,0.914589,0.738244,Kick,0.97,Kick,review,full-taxonomy class precision not yet qualified for action
/Volumes/Jack_Gandy_1TB_SSD/testing-for-NITE-DSP/sample_pack_testing/Loaded Samples - Lo-Fi Memphis 2/DRUMS/Kicks & 808s/LFM2_Kick 909 Punch (1) (G).wav,Kick,0.943341,0.819718,Kick,0.97,Kick,review,full-taxonomy class precision not yet qualified for action
/Volumes/Jack_Gandy_1TB_SSD/testing-for-NITE-DSP/sample_pack_testing/Loaded Samples - Lo-Fi Memphis 2/DRUMS/Kicks & 808s/LFM2_Kick 909 Punch (2) (G).wav,Kick,0.927871,0.762034,Kick,0.97,Kick,review,full-taxonomy class precision not yet qualified for action
/Volumes/Jack_Gandy_1TB_SSD/testing-for-NITE-DSP/sample_pack_testing/Loaded Samples - Lo-Fi Memphis 2/DRUMS/Kicks & 808s/LFM2_Kick 909 Reg (1) (G).wav,Kick,0.931266,0.77611,Kick,0.97,Kick,review,full-taxonomy class precision not yet qualified for action
/Volumes/Jack_Gandy_1TB_SSD/testing-for-NITE-DSP/sample_pack_testing/Loaded Samples - Lo-Fi Memphis 2/DRUMS/Kicks & 808s/LFM2_Kick 909 Reg (2) (G).wav,Kick,0.926169,0.765776,Kick,0.97,Kick,review,full-taxonomy class precision not yet qualified for action
/Volumes/Jack_Gandy_1TB_SSD/testing-for-NITE-DSP/sample_pack_testing/Loaded Samples - Lo-Fi Memphis 2/DRUMS/Kicks & 808s/LFM2_Kick A1 (1).wav,Kick,0.912425,0.769014,Kick,0.97,Kick,review,full-taxonomy class precision not yet qualified for action
/Volumes/Jack_Gandy_1TB_SSD/testing-for-NITE-DSP/sample_pack_testing/Loaded Samples - Lo-Fi Memphis 2/DRUMS/Kicks & 808s/LFM2_Kick A1 (2).wav,Kick,0.898359,0.753194,Kick,0.97,Kick,review,full-taxonomy class precision not yet qualified for action
/Volumes/Jack_Gandy_1TB_SSD/testing-for-NITE-DSP/sample_pack_testing/Loaded Samples - Lo-Fi Memphis 2/DRUMS/Kicks & 808s/LFM2_Kick Airy (1) (G).wav,Kick,0.922914,0.755898,Kick,0.97,Kick,review,full-taxonomy class precision not yet qualified for action
/Volumes/Jack_Gandy_1TB_SSD/testing-for-NITE-DSP/sample_pack_testing/Loaded Samples - Lo-Fi Memphis 2/DRUMS/Kicks & 808s/LFM2_Kick Bitcrush (1) (G).wav,Kick,0.923154,0.770256,Kick,0.97,Kick,review,full-taxonomy class precision not yet qualified for action
/Volumes/Jack_Gandy_1TB_SSD/testing-for-NITE-DSP/sample_pack_testing/Loaded Samples - Lo-Fi Memphis 2/DRUMS/Kicks & 808s/LFM2_Kick Club (1).wav,Kick,0.908874,0.76056,Kick,0.97,Kick,review,full-taxonomy class precision not yet qualified for action
/Volumes/Jack_Gandy_1TB_SSD/testing-for-NITE-DSP/sample_pack_testing/Loaded Samples - Lo-Fi Memphis 2/DRUMS/Kicks & 808s/LFM2_Kick Club (2).wav,Kick,0.904086,0.716909,Kick,0.97,Kick,review,full-taxonomy class precision not yet qualified for action
/Volumes/Jack_Gandy_1TB_SSD/testing-for-NITE-DSP/sample_pack_testing/Loaded Samples - Lo-Fi Memphis 2/DRUMS/Kicks & 808s/LFM2_Kick Elec (C).wav,Kick,0.92783,0.787333,Kick,0.97,Kick,review,full-taxonomy class precision not yet qualified for action
/Volumes/Jack_Gandy_1TB_SSD/testing-for-NITE-DSP/sample_pack_testing/Loaded Samples - Lo-Fi Memphis 2/DRUMS/Snares/LFM2_Snare 808 #2 (2).wav,Snare,0.879487,0.737714,Kick,0.97,Kick,review,full-taxonomy class precision not yet qualified for action
/Volumes/Jack_Gandy_1TB_SSD/testing-for-NITE-DSP/sample_pack_testing/Loaded Samples - Lo-Fi Memphis 2/DRUMS/Snares/LFM2_Snare 808 Hi (1).wav,Snare,0.860935,0.745509,Kick,0.97,Kick,review,full-taxonomy class precision not yet qualified for action
/Volumes/Jack_Gandy_1TB_SSD/testing-for-NITE-DSP/sample_pack_testing/Loaded Samples - Lo-Fi Memphis 2/DRUMS/Snares/LFM2_Snare 808 Medium (1).wav,Snare,0.85587,0.743164,Kick,0.97,Kick,review,full-taxonomy class precision not yet qualified for action
/Volumes/Jack_Gandy_1TB_SSD/testing-for-NITE-DSP/sample_pack_testing/Loaded Samples - Lo-Fi Memphis 2/DRUMS/Snares/LFM2_Snare 808 Medium (2).wav,Snare,0.841618,0.725889,Kick,0.97,Kick,review,full-taxonomy class precision not yet qualified for action
/Volumes/Jack_Gandy_1TB_SSD/testing-for-NITE-DSP/sample_pack_testing/Loaded Samples - Lo-Fi Memphis 2/DRUMS/Snares/LFM2_Snare Clap (2).wav,Snare,0.893019,0.757997,Snare,0.92,Snare,review,full-taxonomy class precision not yet qualified for action
/Volumes/Jack_Gandy_1TB_SSD/testing-for-NITE-DSP/sample_pack_testing/MGF Mega Pack/Analogue Collection/Perc/SP Kicky12.wav,Kick,0.907353,0.72319,Kick,0.93,,review,full-taxonomy class precision not yet qualified for action
/Volumes/Jack_Gandy_1TB_SSD/testing-for-NITE-DSP/sample_pack_testing/MGF Mega Pack/Analogue Collection/Perc/SP Kicky7.wav,Kick,0.92848,0.764954,Kick,0.78333,,review,full-taxonomy class precision not yet qualified for action
/Volumes/Jack_Gandy_1TB_SSD/testing-for-NITE-DSP/sample_pack_testing/MGF Mega Pack/Misc + Found Sound/Abstract Hits/MGF-DigiHits-125.wav,Kick,0.922212,0.732112,Kick,0.9,,review,full-taxonomy class precision not yet qualified for action
/Volumes/Jack_Gandy_1TB_SSD/testing-for-NITE-DSP/sample_pack_testing/MGF Mega Pack/Misc + Found Sound/Abstract Hits/MGF-DigiHits-25.wav,Kick,0.916875,0.733467,Kick,0.76333,,review,full-taxonomy class precision not yet qualified for action
/Volumes/Jack_Gandy_1TB_SSD/testing-for-NITE-DSP/sample_pack_testing/MGF Mega Pack/Misc + Found Sound/Abstract Hits/MGF-DigiHits-53.wav,Kick,0.932324,0.770707,Kick,0.78333,,review,full-taxonomy class precision not yet qualified for action
/Volumes/Jack_Gandy_1TB_SSD/testing-for-NITE-DSP/sample_pack_testing/Mike Shinoda Drums/MPC 1000 Backup/Beat Bits 2/B54-PiSh_01.L.wav,Kick,0.918518,0.752094,Kick,0.79,,review,full-taxonomy class precision not yet qualified for action
/Volumes/Jack_Gandy_1TB_SSD/testing-for-NITE-DSP/sample_pack_testing/Mike Shinoda Drums/MPC 1000 Backup/Beat Bits 3/808_lng_.wav,Kick,0.891235,0.727172,Kick,0.97,Kick,review,full-taxonomy class precision not yet qualified for action
/Volumes/Jack_Gandy_1TB_SSD/testing-for-NITE-DSP/sample_pack_testing/Mike Shinoda Drums/MPC 1000 Backup/DRE SAMPLES/HAT 2_MBS.wav,Hi-Hat,0.89424,0.828267,Hi-Hat,0.94,Hi-Hat,review,full-taxonomy class precision not yet qualified for action
/Volumes/Jack_Gandy_1TB_SSD/testing-for-NITE-DSP/sample_pack_testing/Mike Shinoda Drums/MPC 1000 Backup/DRE SAMPLES/HAT_FT.wav,Hi-Hat,0.938296,0.825085,Hi-Hat,0.94,Hi-Hat,review,full-taxonomy class precision not yet qualified for action
/Volumes/Jack_Gandy_1TB_SSD/testing-for-NITE-DSP/sample_pack_testing/Mike Shinoda Drums/MPC 1000 Backup/DRE SAMPLES/HAT_SOB.wav,Hi-Hat,0.891312,0.726257,Hi-Hat,0.94,Hi-Hat,review,full-taxonomy class precision not yet qualified for action
/Volumes/Jack_Gandy_1TB_SSD/testing-for-NITE-DSP/sample_pack_testing/Mike Shinoda Drums/MPC 1000 Backup/DRE SAMPLES/HAT_WR.wav,Hi-Hat,0.918816,0.765109,Hi-Hat,0.94,Hi-Hat,review,full-taxonomy class precision not yet qualified for action
/Volumes/Jack_Gandy_1TB_SSD/testing-for-NITE-DSP/sample_pack_testing/Mike Shinoda Drums/MPC 1000 Backup/DRE SAMPLES/KIK_BLP.wav,Kick,0.924771,0.757507,Kick,0.97,Kick,review,full-taxonomy class precision not yet qualified for action
/Volumes/Jack_Gandy_1TB_SSD/testing-for-NITE-DSP/sample_pack_testing/Mike Shinoda Drums/MPC 1000 Backup/DRE SAMPLES/KIK_MPS.wav,Kick,0.927533,0.754154,Kick,0.97,Kick,review,full-taxonomy class precision not yet qualified for action
/Volumes/Jack_Gandy_1TB_SSD/testing-for-NITE-DSP/sample_pack_testing/Mike Shinoda Drums/MPC 1000 Backup/LORAX/808_LNG_.WAV,Kick,0.905959,0.759588,Kick,0.97,Kick,review,full-taxonomy class precision not yet qualified for action
/Volumes/Jack_Gandy_1TB_SSD/testing-for-NITE-DSP/sample_pack_testing/Mike Shinoda Drums/MPC 1000 Backup/MPC1000 FILES/LEFTRIGHT/808_LNG_.WAV,Kick,0.905488,0.757907,Kick,0.97,Kick,review,full-taxonomy class precision not yet qualified for action
/Volumes/Jack_Gandy_1TB_SSD/testing-for-NITE-DSP/sample_pack_testing/Mike Shinoda Drums/MPC 1000 Backup/MPC1000 FILES/PABLO/3briwilkic4.WAV,Kick,0.906321,0.734198,Kick,0.85333,,review,full-taxonomy class precision not yet qualified for action
/Volumes/Jack_Gandy_1TB_SSD/testing-for-NITE-DSP/sample_pack_testing/Mike Shinoda Drums/MPC 1000 Backup/MPC1000 FILES/PABLO/8delkic90.WAV,Kick,0.928705,0.765773,Kick,0.90667,,review,full-taxonomy class precision not yet qualified for action
/Volumes/Jack_Gandy_1TB_SSD/testing-for-NITE-DSP/sample_pack_testing/Mike Shinoda Drums/MPC 1000 Backup/MPC1000 FILES/PACMANNY/PENKCK1.WAV,Kick,0.943662,0.797939,Kick,0.97,,review,full-taxonomy class precision not yet qualified for action
/Volumes/Jack_Gandy_1TB_SSD/testing-for-NITE-DSP/sample_pack_testing/Mike Shinoda Drums/MPC 1000 Backup/Mike_s Beats #1/808_lng_.wav,Kick,0.904266,0.746278,Kick,0.97,Kick,review,full-taxonomy class precision not yet qualified for action
/Volumes/Jack_Gandy_1TB_SSD/testing-for-NITE-DSP/sample_pack_testing/Mike Shinoda Drums/MPC 1000 Backup/Mike_s Beats #1/A_KICK1.wav,Kick,0.925751,0.765945,Kick,0.96667,,review,full-taxonomy class precision not yet qualified for action
/Volumes/Jack_Gandy_1TB_SSD/testing-for-NITE-DSP/sample_pack_testing/Mike Shinoda Drums/MPC 1000 Backup/NEPTUNES SAMPLES/KIK lo serious.wav,Kick,0.910952,0.73811,Kick,0.97,Kick,review,full-taxonomy class precision not yet qualified for action
/Volumes/Jack_Gandy_1TB_SSD/testing-for-NITE-DSP/sample_pack_testing/Mike Shinoda Drums/MPC 1000 Backup/NewFinishesA/808_lng_.wav,Kick,0.904571,0.745339,Kick,0.97,Kick,review,full-taxonomy class precision not yet qualified for action
/Volumes/Jack_Gandy_1TB_SSD/testing-for-NITE-DSP/sample_pack_testing/Mike Shinoda Drums/MPC 1000 Backup/NewFinishesA/PENKCK1.wav,Kick,0.931821,0.772961,Kick,0.97,,review,full-taxonomy class precision not yet qualified for action
/Volumes/Jack_Gandy_1TB_SSD/testing-for-NITE-DSP/sample_pack_testing/Mike Shinoda Drums/MPC 1000 Backup/Xero Current/808_lng_.wav,Kick,0.900826,0.74147,Kick,0.97,Kick,review,full-taxonomy class precision not yet qualified for action
/Volumes/Jack_Gandy_1TB_SSD/testing-for-NITE-DSP/sample_pack_testing/Mike Shinoda Drums/MPC 1000 Backup/neptunes/KIK lo serious.wav,Kick,0.910952,0.73811,Kick,0.97,Kick,review,full-taxonomy class precision not yet qualified for action
/Volumes/Jack_Gandy_1TB_SSD/testing-for-NITE-DSP/sample_pack_testing/Mike Shinoda Drums/MS BEATS/Aerial Samples/Kick AllOver 2.wav,Kick,0.926367,0.785749,Kick,0.97,Kick,review,full-taxonomy class precision not yet qualified for action
/Volumes/Jack_Gandy_1TB_SSD/testing-for-NITE-DSP/sample_pack_testing/Mike Shinoda Drums/MS BEATS/Andes Samples/Kick AllOver 2.wav,Kick,0.916515,0.767285,Kick,0.97,Kick,review,full-taxonomy class precision not yet qualified for action
/Volumes/Jack_Gandy_1TB_SSD/testing-for-NITE-DSP/sample_pack_testing/Mike Shinoda Drums/MS BEATS/Animals Beat Samples/Clap_ClapTrapLayer_03.wav,Clap,0.914308,0.733844,Clap,0.9,Clap,review,full-taxonomy class precision not yet qualified for action
/Volumes/Jack_Gandy_1TB_SSD/testing-for-NITE-DSP/sample_pack_testing/Mike Shinoda Drums/MS BEATS/Animals Beat Samples/Clap_ClapTrapLayer_07.wav,Clap,0.902527,0.777967,Clap,0.9,Clap,review,full-taxonomy class precision not yet qualified for action
/Volumes/Jack_Gandy_1TB_SSD/testing-for-NITE-DSP/sample_pack_testing/Mike Shinoda Drums/MS BEATS/Animals Beat Samples/Clap_LastMin1st_SP12R.wav,Clap,0.918999,0.847265,Clap,0.9,Clap,review,full-taxonomy class precision not yet qualified for action
/Volumes/Jack_Gandy_1TB_SSD/testing-for-NITE-DSP/sample_pack_testing/Mike Shinoda Drums/MS BEATS/Animals Beat Samples/Clap_LastMin2st_SP12R.wav,Clap,0.869388,0.740094,Clap,0.9,Clap,review,full-taxonomy class precision not yet qualified for action
/Volumes/Jack_Gandy_1TB_SSD/testing-for-NITE-DSP/sample_pack_testing/Mike Shinoda Drums/MS BEATS/Auckland2013 Samples/Kick Gamsay 2.wav,Kick,0.938414,0.780117,Kick,0.97,Kick,review,full-taxonomy class precision not yet qualified for action
/Volumes/Jack_Gandy_1TB_SSD/testing-for-NITE-DSP/sample_pack_testing/Mike Shinoda Drums/MS BEATS/Bowser Meat Samples/Kick Absynth B 3.wav,Kick,0.912953,0.746633,Kick,0.97,Kick,review,full-taxonomy class precision not yet qualified for action
/Volumes/Jack_Gandy_1TB_SSD/testing-for-NITE-DSP/sample_pack_testing/Mike Shinoda Drums/MS BEATS/Bowser Meat Samples/Snare EricSneo 3 V3.wav,Snare,0.847913,0.731827,Snare,0.92,Snare,review,full-taxonomy class precision not yet qualified for action
/Volumes/Jack_Gandy_1TB_SSD/testing-for-NITE-DSP/sample_pack_testing/Mike Shinoda Drums/MS BEATS/Castle Of Glass Remix2 Samples/Kick Paper.wav,Kick,0.924972,0.751732,Kick,0.97,Kick,review,full-taxonomy class precision not yet qualified for action
/Volumes/Jack_Gandy_1TB_SSD/testing-for-NITE-DSP/sample_pack_testing/Mike Shinoda Drums/MS BEATS/Chocolate Samples/Kick Argon 2.wav,Kick,0.908322,0.744761,Kick,0.97,Kick,review,full-taxonomy class precision not yet qualified for action
/Volumes/Jack_Gandy_1TB_SSD/testing-for-NITE-DSP/sample_pack_testing/Mike Shinoda Drums/MS BEATS/Confetti Samples/BD_GoldDust004_MPC60.wav,Kick,0.93685,0.79579,Kick,0.97,Kick,review,full-taxonomy class precision not yet qualified for action
/Volumes/Jack_Gandy_1TB_SSD/testing-for-NITE-DSP/sample_pack_testing/Mike Shinoda Drums/MS BEATS/Confetti Samples/BD_GoldDust006_MPC60.wav,Kick,0.947283,0.832725,Kick,0.97,Kick,review,full-taxonomy class precision not yet qualified for action
/Volumes/Jack_Gandy_1TB_SSD/testing-for-NITE-DSP/sample_pack_testing/Mike Shinoda Drums/MS BEATS/Confetti Samples/BD_GoldDust007_MPC60.wav,Kick,0.945142,0.833463,Kick,0.97,Kick,review,full-taxonomy class precision not yet qualified for action
/Volumes/Jack_Gandy_1TB_SSD/testing-for-NITE-DSP/sample_pack_testing/Mike Shinoda Drums/MS BEATS/Confetti Samples/BD_GoldDust008_MPC60.wav,Kick,0.953016,0.8473,Kick,0.97,Kick,review,full-taxonomy class precision not yet qualified for action
/Volumes/Jack_Gandy_1TB_SSD/testing-for-NITE-DSP/sample_pack_testing/Mike Shinoda Drums/MS BEATS/Confetti Samples/BD_GoldRing001_MPC60.wav,Kick,0.911288,0.743558,Kick,0.97,Kick,review,full-taxonomy class precision not yet qualified for action
/Volumes/Jack_Gandy_1TB_SSD/testing-for-NITE-DSP/sample_pack_testing/Mike Shinoda Drums/MS BEATS/Croissant Samples/BD_Fat808_01_Tran.wav,Kick,0.936839,0.807735,Kick,0.97,Kick,review,full-taxonomy class precision not yet qualified for action
/Volumes/Jack_Gandy_1TB_SSD/testing-for-NITE-DSP/sample_pack_testing/Mike Shinoda Drums/MS BEATS/Croissant Samples/BD_Fat909_001.wav,Kick,0.907062,0.733598,Kick,0.97,Kick,review,full-taxonomy class precision not yet qualified for action
/Volumes/Jack_Gandy_1TB_SSD/testing-for-NITE-DSP/sample_pack_testing/Mike Shinoda Drums/MS BEATS/Croissant Samples/Kick Autopsy 3.wav,Kick,0.919459,0.756307,Kick,0.97,Kick,review,full-taxonomy class precision not yet qualified for action
/Volumes/Jack_Gandy_1TB_SSD/testing-for-NITE-DSP/sample_pack_testing/Mike Shinoda Drums/MS BEATS/Dance Rock Samples/Snare Gold 5.wav,Snare,0.876346,0.719947,Snare,0.92,Snare,review,full-taxonomy class precision not yet qualified for action
/Volumes/Jack_Gandy_1TB_SSD/testing-for-NITE-DSP/sample_pack_testing/Mike Shinoda Drums/MS BEATS/Denver Samples/Kick AwakeArise 1.wav,Kick,0.939635,0.79512,Kick,0.97,Kick,review,full-taxonomy class precision not yet qualified for action
/Volumes/Jack_Gandy_1TB_SSD/testing-for-NITE-DSP/sample_pack_testing/Mike Shinoda Drums/MS BEATS/Denver Samples/Kick Bionic 2.wav,Kick,0.92945,0.767394,Kick,0.97,Kick,review,full-taxonomy class precision not yet qualified for action
/Volumes/Jack_Gandy_1TB_SSD/testing-for-NITE-DSP/sample_pack_testing/Mike Shinoda Drums/MS BEATS/Denver Samples/Snare EricSneo 3 V3.wav,Snare,0.848579,0.732564,Snare,0.92,Snare,review,full-taxonomy class precision not yet qualified for action
/Volumes/Jack_Gandy_1TB_SSD/testing-for-NITE-DSP/sample_pack_testing/Mike Shinoda Drums/MS BEATS/Digi folk Samples/BD_GoldBar001_MPC60.wav,Kick,0.922285,0.758528,Kick,0.97,Kick,review,full-taxonomy class precision not yet qualified for action
/Volumes/Jack_Gandy_1TB_SSD/testing-for-NITE-DSP/sample_pack_testing/Mike Shinoda Drums/MS BEATS/Digi folk Samples/BD_GoldChain3_MPC60.wav,Kick,0.889879,0.732081,Kick,0.97,Kick,review,full-taxonomy class precision not yet qualified for action
/Volumes/Jack_Gandy_1TB_SSD/testing-for-NITE-DSP/sample_pack_testing/Mike Shinoda Drums/MS BEATS/Digi folk Samples/BD_Goldbabe4_MPC60.wav,Kick,0.872345,0.7484,Kick,0.97,Kick,review,full-taxonomy class precision not yet qualified for action
/Volumes/Jack_Gandy_1TB_SSD/testing-for-NITE-DSP/sample_pack_testing/Mike Shinoda Drums/MS BEATS/Digi folk Samples/Kick Fiasco 3.wav,Kick,0.943074,0.802426,Kick,0.97,Kick,review,full-taxonomy class precision not yet qualified for action
/Volumes/Jack_Gandy_1TB_SSD/testing-for-NITE-DSP/sample_pack_testing/Mike Shinoda Drums/MS BEATS/Dubby Samples/Kick Absynth B 3.wav,Kick,0.902809,0.728736,Kick,0.97,Kick,review,full-taxonomy class precision not yet qualified for action
/Volumes/Jack_Gandy_1TB_SSD/testing-for-NITE-DSP/sample_pack_testing/Mike Shinoda Drums/MS BEATS/Gadd9 Drums Samples/Kick 909 6.wav,Kick,0.934182,0.794381,Kick,0.97,Kick,review,full-taxonomy class precision not yet qualified for action
/Volumes/Jack_Gandy_1TB_SSD/testing-for-NITE-DSP/sample_pack_testing/Mike Shinoda Drums/MS BEATS/Gadd9 Drums Samples/Kick Absynth A 1.wav,Kick,0.903308,0.747889,Kick,0.97,Kick,review,full-taxonomy class precision not yet qualified for action
/Volumes/Jack_Gandy_1TB_SSD/testing-for-NITE-DSP/sample_pack_testing/Mike Shinoda Drums/MS BEATS/Gyoza Samples/Kick 909 6.wav,Kick,0.931507,0.790983,Kick,0.97,Kick,review,full-taxonomy class precision not yet qualified for action
/Volumes/Jack_Gandy_1TB_SSD/testing-for-NITE-DSP/sample_pack_testing/Mike Shinoda Drums/MS BEATS/Gyoza Samples/Kick Absynth A 1.wav,Kick,0.901375,0.745862,Kick,0.97,Kick,review,full-taxonomy class precision not yet qualified for action
/Volumes/Jack_Gandy_1TB_SSD/testing-for-NITE-DSP/sample_pack_testing/Mike Shinoda Drums/MS BEATS/Horizons Samples/Kick Greedy.wav,Kick,0.921766,0.811757,Kick,0.97,Kick,review,full-taxonomy class precision not yet qualified for action
/Volumes/Jack_Gandy_1TB_SSD/testing-for-NITE-DSP/sample_pack_testing/Mike Shinoda Drums/MS BEATS/Humanoid  Samples/Kick CLP 3.wav,Kick,0.927775,0.768928,Kick,0.97,Kick,review,full-taxonomy class precision not yet qualified for action
/Volumes/Jack_Gandy_1TB_SSD/testing-for-NITE-DSP/sample_pack_testing/Mike Shinoda Drums/MS BEATS/Invader Samples/Kick AwakeArise 1.wav,Kick,0.939702,0.79553,Kick,0.97,Kick,review,full-taxonomy class precision not yet qualified for action
/Volumes/Jack_Gandy_1TB_SSD/testing-for-NITE-DSP/sample_pack_testing/Mike Shinoda Drums/MS BEATS/Invader Samples/Kick Bionic 2.wav,Kick,0.928941,0.765166,Kick,0.97,Kick,review,full-taxonomy class precision not yet qualified for action
/Volumes/Jack_Gandy_1TB_SSD/testing-for-NITE-DSP/sample_pack_testing/Mike Shinoda Drums/MS BEATS/Invader Samples/Snare EricSneo 3 V3.wav,Snare,0.849561,0.734665,Snare,0.92,Snare,review,full-taxonomy class precision not yet qualified for action
/Volumes/Jack_Gandy_1TB_SSD/testing-for-NITE-DSP/sample_pack_testing/Mike Shinoda Drums/MS BEATS/Jackboot Stone Cyn Samples/Kick CottonLow.wav,Kick,0.937717,0.794011,Kick,0.97,Kick,review,full-taxonomy class precision not yet qualified for action
/Volumes/Jack_Gandy_1TB_SSD/testing-for-NITE-DSP/sample_pack_testing/Mike Shinoda Drums/MS BEATS/JoBurg Samples/Kick Ektl B 1.wav,Kick,0.914931,0.72493,Kick,0.97,Kick,review,full-taxonomy class precision not yet qualified for action
/Volumes/Jack_Gandy_1TB_SSD/testing-for-NITE-DSP/sample_pack_testing/Mike Shinoda Drums/MS BEATS/Jungle Gym Samples/Kick DownBelow 1.wav,Kick,0.915087,0.738301,Kick,0.97,Kick,review,full-taxonomy class precision not yet qualified for action
/Volumes/Jack_Gandy_1TB_SSD/testing-for-NITE-DSP/sample_pack_testing/Mike Shinoda Drums/MS BEATS/Jungle Gym Samples/Snare KaiTracid 3.wav,Snare,0.833595,0.718169,Snare,0.92,Snare,review,full-taxonomy class precision not yet qualified for action
/Volumes/Jack_Gandy_1TB_SSD/testing-for-NITE-DSP/sample_pack_testing/Mike Shinoda Drums/MS BEATS/Killing Fields Samples/Kick Potions 1.wav,Kick,0.92916,0.790558,Kick,0.97,Kick,review,full-taxonomy class precision not yet qualified for action
/Volumes/Jack_Gandy_1TB_SSD/testing-for-NITE-DSP/sample_pack_testing/Mike Shinoda Drums/MS BEATS/Luna FOR PRINT Samples/Kick 909 5.wav,Kick,0.957087,0.854637,Kick,0.97,Kick,review,full-taxonomy class precision not yet qualified for action
/Volumes/Jack_Gandy_1TB_SSD/testing-for-NITE-DSP/sample_pack_testing/Mike Shinoda Drums/MS BEATS/Luna Samples/Kick 909 5.wav,Kick,0.957087,0.854637,Kick,0.97,Kick,review,full-taxonomy class precision not yet qualified for action
/Volumes/Jack_Gandy_1TB_SSD/testing-for-NITE-DSP/sample_pack_testing/Mike Shinoda Drums/MS BEATS/Luna2 Samples/Kick 909 5.wav,Kick,0.957148,0.855649,Kick,0.97,Kick,review,full-taxonomy class precision not yet qualified for action
/Volumes/Jack_Gandy_1TB_SSD/testing-for-NITE-DSP/sample_pack_testing/Mike Shinoda Drums/MS BEATS/PaperWeight Samples/Kick ZeroCash 1.wav,Kick,0.931856,0.808522,Kick,0.97,Kick,review,full-taxonomy class precision not yet qualified for action
/Volumes/Jack_Gandy_1TB_SSD/testing-for-NITE-DSP/sample_pack_testing/Mike Shinoda Drums/MS BEATS/PaperWeight Samples/Kick ZeroCash 5.wav,Kick,0.85608,0.721347,Kick,0.97,Kick,review,full-taxonomy class precision not yet qualified for action
/Volumes/Jack_Gandy_1TB_SSD/testing-for-NITE-DSP/sample_pack_testing/Mike Shinoda Drums/MS BEATS/Pizzaria Samples/Kick Vertical 1.wav,Kick,0.895532,0.723651,Kick,0.97,Kick,review,full-taxonomy class precision not yet qualified for action
/Volumes/Jack_Gandy_1TB_SSD/testing-for-NITE-DSP/sample_pack_testing/Mike Shinoda Drums/MS BEATS/RECHARGE THEME 1 Samples/BD_AlienAnalog008.wav,Kick,0.921597,0.755547,Kick,0.97,Kick,review,full-taxonomy class precision not yet qualified for action
/Volumes/Jack_Gandy_1TB_SSD/testing-for-NITE-DSP/sample_pack_testing/Mike Shinoda Drums/MS BEATS/RYU 1 Turtles3 Samples/BD_AlienAnalog011.wav,Kick,0.898923,0.734548,Kick,0.97,Kick,review,full-taxonomy class precision not yet qualified for action
/Volumes/Jack_Gandy_1TB_SSD/testing-for-NITE-DSP/sample_pack_testing/Mike Shinoda Drums/MS BEATS/RYU 1 Turtles3 Samples/Kick Autopsy 3.wav,Kick,0.918841,0.755215,Kick,0.97,Kick,review,full-taxonomy class precision not yet qualified for action
/Volumes/Jack_Gandy_1TB_SSD/testing-for-NITE-DSP/sample_pack_testing/Mike Shinoda Drums/MS BEATS/Recharged Samples/BD_AlienAnalog008.wav,Kick,0.920618,0.774179,Kick,0.97,Kick,review,full-taxonomy class precision not yet qualified for action
/Volumes/Jack_Gandy_1TB_SSD/testing-for-NITE-DSP/sample_pack_testing/Mike Shinoda Drums/MS BEATS/Recharged Samples/Kick JumpRope 2.wav,Kick,0.930833,0.784131,Kick,0.97,Kick,review,full-taxonomy class precision not yet qualified for action
/Volumes/Jack_Gandy_1TB_SSD/testing-for-NITE-DSP/sample_pack_testing/Mike Shinoda Drums/MS BEATS/Regalia Samples/Kick Downbeat 1.WAV,Kick,0.907047,0.743701,Kick,0.97,Kick,review,full-taxonomy class precision not yet qualified for action
/Volumes/Jack_Gandy_1TB_SSD/testing-for-NITE-DSP/sample_pack_testing/Mike Shinoda Drums/MS BEATS/Regalia Samples/Kick Dragon 2.wav,Kick,0.881185,0.725287,Kick,0.97,Kick,review,full-taxonomy class precision not yet qualified for action
/Volumes/Jack_Gandy_1TB_SSD/testing-for-NITE-DSP/sample_pack_testing/Mike Shinoda Drums/MS BEATS/Regalia Samples/Kick DriveBy 1.wav,Kick,0.922118,0.759558,Kick,0.97,Kick,review,full-taxonomy class precision not yet qualified for action
/Volumes/Jack_Gandy_1TB_SSD/testing-for-NITE-DSP/sample_pack_testing/Mike Shinoda Drums/MS BEATS/Ryu 3 Samples/Clap_Layered004_MPC60_st.wav,Clap,0.900895,0.768207,Clap,0.9,Clap,review,full-taxonomy class precision not yet qualified for action
/Volumes/Jack_Gandy_1TB_SSD/testing-for-NITE-DSP/sample_pack_testing/Mike Shinoda Drums/MS BEATS/Slammie Samples/Kick Absynth B 1.wav,Kick,0.926433,0.756225,Kick,0.97,Kick,review,full-taxonomy class precision not yet qualified for action
/Volumes/Jack_Gandy_1TB_SSD/testing-for-NITE-DSP/sample_pack_testing/Mike Shinoda Drums/MS BEATS/Spirals Samples/Kick Concrete 2.wav,Kick,0.897387,0.728671,Kick,0.97,Kick,review,full-taxonomy class precision not yet qualified for action
/Volumes/Jack_Gandy_1TB_SSD/testing-for-NITE-DSP/sample_pack_testing/Mike Shinoda Drums/MS BEATS/Spirals Samples/Kick Effervescent 1.wav,Kick,0.895021,0.73459,Kick,0.97,Kick,review,full-taxonomy class precision not yet qualified for action
/Volumes/Jack_Gandy_1TB_SSD/testing-for-NITE-DSP/sample_pack_testing/Mike Shinoda Drums/MS BEATS/Spirals Samples/Kick FlyingAway 1.wav,Kick,0.901532,0.724576,Kick,0.97,Kick,review,full-taxonomy class precision not yet qualified for action
/Volumes/Jack_Gandy_1TB_SSD/testing-for-NITE-DSP/sample_pack_testing/Mike Shinoda Drums/MS BEATS/Spirals Samples/Kick Grizzly 2.wav,Kick,0.937615,0.790432,Kick,0.97,Kick,review,full-taxonomy class precision not yet qualified for action
/Volumes/Jack_Gandy_1TB_SSD/testing-for-NITE-DSP/sample_pack_testing/Mike Shinoda Drums/MS BEATS/Spirals Samples/Kick Line 2.wav,Kick,0.921947,0.764078,Kick,0.97,Kick,review,full-taxonomy class precision not yet qualified for action
/Volumes/Jack_Gandy_1TB_SSD/testing-for-NITE-DSP/sample_pack_testing/Mike Shinoda Drums/MS BEATS/Spirals Samples/Kick MoveSomethin 2.wav,Kick,0.929818,0.773933,Kick,0.97,Kick,review,full-taxonomy class precision not yet qualified for action
/Volumes/Jack_Gandy_1TB_SSD/testing-for-NITE-DSP/sample_pack_testing/Mike Shinoda Drums/MS BEATS/Spirals Samples/Kick SlicenDice 2.wav,Kick,0.919333,0.754753,Kick,0.97,Kick,review,full-taxonomy class precision not yet qualified for action
/Volumes/Jack_Gandy_1TB_SSD/testing-for-NITE-DSP/sample_pack_testing/Mike Shinoda Drums/MS BEATS/Thumper Samples/Clap Gold 4.wav,Clap,0.904643,0.766097,Clap,0.9,Clap,review,full-taxonomy class precision not yet qualified for action
/Volumes/Jack_Gandy_1TB_SSD/testing-for-NITE-DSP/sample_pack_testing/Mike Shinoda Drums/MS BEATS/Thumper Samples/Kick Gold 4.wav,Kick,0.909902,0.75464,Kick,0.97,Kick,review,full-taxonomy class precision not yet qualified for action
/Volumes/Jack_Gandy_1TB_SSD/testing-for-NITE-DSP/sample_pack_testing/Mike Shinoda Drums/MS BEATS/Turtles2 Samples/Kick Autopsy 3.wav,Kick,0.91883,0.755683,Kick,0.97,Kick,review,full-taxonomy class precision not yet qualified for action
/Volumes/Jack_Gandy_1TB_SSD/testing-for-NITE-DSP/sample_pack_testing/Mike Shinoda Drums/MS BEATS/Turtles3 Samples/Kick Autopsy 3.wav,Kick,0.917254,0.753936,Kick,0.97,Kick,review,full-taxonomy class precision not yet qualified for action
/Volumes/Jack_Gandy_1TB_SSD/testing-for-NITE-DSP/sample_pack_testing/Mike Shinoda Drums/MS BEATS/Victimized Remix Samples/BD_808Thudd1_H3500Fat.wav,Kick,0.922792,0.763414,Kick,0.97,Kick,review,full-taxonomy class precision not yet qualified for action
/Volumes/Jack_Gandy_1TB_SSD/testing-for-NITE-DSP/sample_pack_testing/Mike Shinoda Drums/MS BEATS/Victimized Remix Samples/BD_AlienAnalog007.wav,Kick,0.935949,0.790448,Kick,0.97,Kick,review,full-taxonomy class precision not yet qualified for action
/Volumes/Jack_Gandy_1TB_SSD/testing-for-NITE-DSP/sample_pack_testing/Mike Shinoda Drums/MS BEATS/Victory March Samples/Kick CoolKid.wav,Kick,0.912792,0.756035,Kick,0.97,Kick,review,full-taxonomy class precision not yet qualified for action
/Volumes/Jack_Gandy_1TB_SSD/testing-for-NITE-DSP/sample_pack_testing/Mike Shinoda Drums/MS BEATS/Vinyl Kit Samples/Kick AwakeArise 1.wav,Kick,0.940017,0.795661,Kick,0.97,Kick,review,full-taxonomy class precision not yet qualified for action
/Volumes/Jack_Gandy_1TB_SSD/testing-for-NITE-DSP/sample_pack_testing/Mike Shinoda Drums/MS BEATS/Vinyl Kit Samples/Kick Bionic 2.wav,Kick,0.932068,0.772967,Kick,0.97,Kick,review,full-taxonomy class precision not yet qualified for action
/Volumes/Jack_Gandy_1TB_SSD/testing-for-NITE-DSP/sample_pack_testing/Mike Shinoda Drums/MS BEATS/Vinyl Kit Samples/Snare EricSneo 3 V3.wav,Snare,0.854758,0.739969,Snare,0.92,Snare,review,full-taxonomy class precision not yet qualified for action
/Volumes/Jack_Gandy_1TB_SSD/testing-for-NITE-DSP/sample_pack_testing/Mike Shinoda Drums/MS BEATS/Water Taxi Samples/B54-PiSh_01.L.wav,Kick,0.91912,0.751159,Kick,0.79,,review,full-taxonomy class precision not yet qualified for action
/Volumes/Jack_Gandy_1TB_SSD/testing-for-NITE-DSP/sample_pack_testing/Mike Shinoda Drums/MS BEATS/maschine ms test 1 Samples/Kick SwayDay 2.wav,Kick,0.902576,0.723695,Kick,0.97,Kick,review,full-taxonomy class precision not yet qualified for action
/Volumes/Jack_Gandy_1TB_SSD/testing-for-NITE-DSP/sample_pack_testing/Minimal Audio/ELEMENT/1 - Drums/2 - Kick/Kick - Batter.wav,Kick,0.914133,0.77757,Kick,0.97,Kick,review,full-taxonomy class precision not yet qualified for action
/Volumes/Jack_Gandy_1TB_SSD/testing-for-NITE-DSP/sample_pack_testing/Minimal Audio/ELEMENT/1 - Drums/2 - Kick/Kick - Booted.wav,Kick,0.912374,0.753783,Kick,0.97,Kick,review,full-taxonomy class precision not yet qualified for action
/Volumes/Jack_Gandy_1TB_SSD/testing-for-NITE-DSP/sample_pack_testing/Minimal Audio/ELEMENT/1 - Drums/2 - Kick/Kick - Deformed.wav,Kick,0.907305,0.751317,Kick,0.97,Kick,review,full-taxonomy class precision not yet qualified for action
/Volumes/Jack_Gandy_1TB_SSD/testing-for-NITE-DSP/sample_pack_testing/Minimal Audio/ELEMENT/1 - Drums/2 - Kick/Kick - Muffler.wav,Kick,0.91983,0.755618,Kick,0.97,Kick,review,full-taxonomy class precision not yet qualified for action
/Volumes/Jack_Gandy_1TB_SSD/testing-for-NITE-DSP/sample_pack_testing/Minimal Audio/ELEMENT/1 - Drums/2 - Kick/Kick - Punky.wav,Kick,0.9103,0.767853,Kick,0.97,Kick,review,full-taxonomy class precision not yet qualified for action
/Volumes/Jack_Gandy_1TB_SSD/testing-for-NITE-DSP/sample_pack_testing/Minimal Audio/MICROTECH/2 - One Shots/1 - Kick/Kick - Deep Chunk 1.wav,Kick,0.923148,0.785631,Kick,0.97,Kick,review,full-taxonomy class precision not yet qualified for action
/Volumes/Jack_Gandy_1TB_SSD/testing-for-NITE-DSP/sample_pack_testing/Minimal Audio/MICROTECH/2 - One Shots/1 - Kick/Kick - Terminate.wav,Kick,0.876047,0.735656,Kick,0.97,Kick,review,full-taxonomy class precision not yet qualified for action
/Volumes/Jack_Gandy_1TB_SSD/testing-for-NITE-DSP/sample_pack_testing/Minimal Audio/REFLECT/1 - Drums/2 - Kick /Kick - Beige.wav,Kick,0.92509,0.778312,Kick,0.97,Kick,review,full-taxonomy class precision not yet qualified for action
/Volumes/Jack_Gandy_1TB_SSD/testing-for-NITE-DSP/sample_pack_testing/Minimal Audio/REFLECT/1 - Drums/2 - Kick /Kick - Buff.wav,Kick,0.9373,0.822213,Kick,0.97,Kick,review,full-taxonomy class precision not yet qualified for action
/Volumes/Jack_Gandy_1TB_SSD/testing-for-NITE-DSP/sample_pack_testing/Minimal Audio/REFLECT/1 - Drums/2 - Kick /Kick - Grainer.wav,Kick,0.908888,0.743066,Kick,0.97,Kick,review,full-taxonomy class precision not yet qualified for action
/Volumes/Jack_Gandy_1TB_SSD/testing-for-NITE-DSP/sample_pack_testing/Minimal Audio/REFLECT/1 - Drums/2 - Kick /Kick - Khaki.wav,Kick,0.950132,0.836724,Kick,0.97,Kick,review,full-taxonomy class precision not yet qualified for action
/Volumes/Jack_Gandy_1TB_SSD/testing-for-NITE-DSP/sample_pack_testing/Minimal Audio/REFLECT/1 - Drums/2 - Kick /Kick - Sand.wav,Kick,0.906661,0.76011,Kick,0.97,Kick,review,full-taxonomy class precision not yet qualified for action
/Volumes/Jack_Gandy_1TB_SSD/testing-for-NITE-DSP/sample_pack_testing/Minimal Audio/REFLECT/1 - Drums/2 - Kick /Kick - Taupe.wav,Kick,0.95269,0.840067,Kick,0.97,Kick,review,full-taxonomy class precision not yet qualified for action
/Volumes/Jack_Gandy_1TB_SSD/testing-for-NITE-DSP/sample_pack_testing/Minimal Audio/REFLECT/1 - Drums/2 - Kick /Kick - Topaz.wav,Kick,0.920192,0.775674,Kick,0.97,Kick,review,full-taxonomy class precision not yet qualified for action
/Volumes/Jack_Gandy_1TB_SSD/testing-for-NITE-DSP/sample_pack_testing/Minimal Audio/REFLECT/1 - Drums/2 - Kick /Kick - Umber.wav,Kick,0.895404,0.716903,Kick,0.97,Kick,review,full-taxonomy class precision not yet qualified for action
/Volumes/Jack_Gandy_1TB_SSD/testing-for-NITE-DSP/sample_pack_testing/Minimal Audio/REFLECT/1 - Drums/5 - Hats & Cymbals/Hi Hat - Rich.wav,Hi-Hat,0.866587,0.761524,Hi-Hat,0.94,Hi-Hat,review,full-taxonomy class precision not yet qualified for action
/Volumes/Jack_Gandy_1TB_SSD/testing-for-NITE-DSP/sample_pack_testing/Old Movies 1 - Vintage Collection (Drum Kit)/Kicks/Kick 1.wav,Kick,0.941439,0.804097,Kick,0.97,Kick,review,full-taxonomy class precision not yet qualified for action
/Volumes/Jack_Gandy_1TB_SSD/testing-for-NITE-DSP/sample_pack_testing/Old Movies 1 - Vintage Collection (Drum Kit)/Kicks/Kick 10.wav,Kick,0.894956,0.729771,Kick,0.97,Kick,review,full-taxonomy class precision not yet qualified for action
/Volumes/Jack_Gandy_1TB_SSD/testing-for-NITE-DSP/sample_pack_testing/Old Movies 1 - Vintage Collection (Drum Kit)/Kicks/Kick 11.wav,Kick,0.953538,0.855945,Kick,0.97,Kick,review,full-taxonomy class precision not yet qualified for action
/Volumes/Jack_Gandy_1TB_SSD/testing-for-NITE-DSP/sample_pack_testing/Old Movies 1 - Vintage Collection (Drum Kit)/Kicks/Kick 13.wav,Kick,0.903886,0.771394,Kick,0.97,Kick,review,full-taxonomy class precision not yet qualified for action
/Volumes/Jack_Gandy_1TB_SSD/testing-for-NITE-DSP/sample_pack_testing/Old Movies 1 - Vintage Collection (Drum Kit)/Kicks/Kick 14.wav,Kick,0.909092,0.76167,Kick,0.97,Kick,review,full-taxonomy class precision not yet qualified for action
/Volumes/Jack_Gandy_1TB_SSD/testing-for-NITE-DSP/sample_pack_testing/Old Movies 1 - Vintage Collection (Drum Kit)/Kicks/Kick 15.wav,Kick,0.934946,0.782344,Kick,0.97,Kick,review,full-taxonomy class precision not yet qualified for action
/Volumes/Jack_Gandy_1TB_SSD/testing-for-NITE-DSP/sample_pack_testing/Old Movies 1 - Vintage Collection (Drum Kit)/Kicks/Kick 17.wav,Kick,0.910598,0.763835,Kick,0.97,Kick,review,full-taxonomy class precision not yet qualified for action
/Volumes/Jack_Gandy_1TB_SSD/testing-for-NITE-DSP/sample_pack_testing/Old Movies 1 - Vintage Collection (Drum Kit)/Kicks/Kick 18.wav,Kick,0.930244,0.796859,Kick,0.97,Kick,review,full-taxonomy class precision not yet qualified for action
/Volumes/Jack_Gandy_1TB_SSD/testing-for-NITE-DSP/sample_pack_testing/Old Movies 1 - Vintage Collection (Drum Kit)/Kicks/Kick 19.wav,Kick,0.897042,0.721986,Kick,0.97,Kick,review,full-taxonomy class precision not yet qualified for action
/Volumes/Jack_Gandy_1TB_SSD/testing-for-NITE-DSP/sample_pack_testing/Old Movies 1 - Vintage Collection (Drum Kit)/Kicks/Kick 2.wav,Kick,0.902496,0.721525,Kick,0.97,Kick,review,full-taxonomy class precision not yet qualified for action
/Volumes/Jack_Gandy_1TB_SSD/testing-for-NITE-DSP/sample_pack_testing/Old Movies 1 - Vintage Collection (Drum Kit)/Kicks/Kick 20.wav,Kick,0.937787,0.79461,Kick,0.97,Kick,review,full-taxonomy class precision not yet qualified for action
/Volumes/Jack_Gandy_1TB_SSD/testing-for-NITE-DSP/sample_pack_testing/Old Movies 1 - Vintage Collection (Drum Kit)/Kicks/Kick 21.wav,Kick,0.890879,0.725193,Kick,0.97,Kick,review,full-taxonomy class precision not yet qualified for action
/Volumes/Jack_Gandy_1TB_SSD/testing-for-NITE-DSP/sample_pack_testing/Old Movies 1 - Vintage Collection (Drum Kit)/Kicks/Kick 22.wav,Kick,0.919184,0.763465,Kick,0.97,Kick,review,full-taxonomy class precision not yet qualified for action
/Volumes/Jack_Gandy_1TB_SSD/testing-for-NITE-DSP/sample_pack_testing/Old Movies 1 - Vintage Collection (Drum Kit)/Kicks/Kick 23.wav,Kick,0.920062,0.766793,Kick,0.97,Kick,review,full-taxonomy class precision not yet qualified for action
/Volumes/Jack_Gandy_1TB_SSD/testing-for-NITE-DSP/sample_pack_testing/Old Movies 1 - Vintage Collection (Drum Kit)/Kicks/Kick 24.wav,Kick,0.930815,0.789149,Kick,0.97,Kick,review,full-taxonomy class precision not yet qualified for action
/Volumes/Jack_Gandy_1TB_SSD/testing-for-NITE-DSP/sample_pack_testing/Old Movies 1 - Vintage Collection (Drum Kit)/Kicks/Kick 25.wav,Kick,0.912538,0.753005,Kick,0.97,Kick,review,full-taxonomy class precision not yet qualified for action
/Volumes/Jack_Gandy_1TB_SSD/testing-for-NITE-DSP/sample_pack_testing/Old Movies 1 - Vintage Collection (Drum Kit)/Kicks/Kick 26.wav,Kick,0.914733,0.760363,Kick,0.97,Kick,review,full-taxonomy class precision not yet qualified for action
/Volumes/Jack_Gandy_1TB_SSD/testing-for-NITE-DSP/sample_pack_testing/Old Movies 1 - Vintage Collection (Drum Kit)/Kicks/Kick 29.wav,Kick,0.870884,0.723191,Kick,0.97,Kick,review,full-taxonomy class precision not yet qualified for action
/Volumes/Jack_Gandy_1TB_SSD/testing-for-NITE-DSP/sample_pack_testing/Old Movies 1 - Vintage Collection (Drum Kit)/Kicks/Kick 3.wav,Kick,0.927797,0.783228,Kick,0.97,Kick,review,full-taxonomy class precision not yet qualified for action
/Volumes/Jack_Gandy_1TB_SSD/testing-for-NITE-DSP/sample_pack_testing/Old Movies 1 - Vintage Collection (Drum Kit)/Kicks/Kick 30.wav,Kick,0.906569,0.766278,Kick,0.97,Kick,review,full-taxonomy class precision not yet qualified for action
/Volumes/Jack_Gandy_1TB_SSD/testing-for-NITE-DSP/sample_pack_testing/Old Movies 1 - Vintage Collection (Drum Kit)/Kicks/Kick 33.wav,Kick,0.951653,0.838443,Kick,0.97,Kick,review,full-taxonomy class precision not yet qualified for action
/Volumes/Jack_Gandy_1TB_SSD/testing-for-NITE-DSP/sample_pack_testing/Old Movies 1 - Vintage Collection (Drum Kit)/Kicks/Kick 34.wav,Kick,0.915221,0.763089,Kick,0.97,Kick,review,full-taxonomy class precision not yet qualified for action
/Volumes/Jack_Gandy_1TB_SSD/testing-for-NITE-DSP/sample_pack_testing/Old Movies 1 - Vintage Collection (Drum Kit)/Kicks/Kick 4.wav,Kick,0.908814,0.733366,Kick,0.97,Kick,review,full-taxonomy class precision not yet qualified for action
/Volumes/Jack_Gandy_1TB_SSD/testing-for-NITE-DSP/sample_pack_testing/Old Movies 1 - Vintage Collection (Drum Kit)/Kicks/Kick 5.wav,Kick,0.899307,0.736495,Kick,0.97,Kick,review,full-taxonomy class precision not yet qualified for action
/Volumes/Jack_Gandy_1TB_SSD/testing-for-NITE-DSP/sample_pack_testing/Old Movies 1 - Vintage Collection (Drum Kit)/Kicks/Kick 6.wav,Kick,0.911332,0.744332,Kick,0.97,Kick,review,full-taxonomy class precision not yet qualified for action
/Volumes/Jack_Gandy_1TB_SSD/testing-for-NITE-DSP/sample_pack_testing/Old Movies 1 - Vintage Collection (Drum Kit)/Kicks/Kick 8.wav,Kick,0.934264,0.808223,Kick,0.97,Kick,review,full-taxonomy class precision not yet qualified for action
/Volumes/Jack_Gandy_1TB_SSD/testing-for-NITE-DSP/sample_pack_testing/Old Movies 1 - Vintage Collection (Drum Kit)/Snares/Snare 23.wav,Snare,0.872986,0.731425,Snare,0.92,Snare,review,full-taxonomy class precision not yet qualified for action
/Volumes/Jack_Gandy_1TB_SSD/testing-for-NITE-DSP/sample_pack_testing/Organic Drum Kit/1 Kicks/Organic - Kick (10).wav,Kick,0.923309,0.78679,Kick,0.97,Kick,review,full-taxonomy class precision not yet qualified for action
/Volumes/Jack_Gandy_1TB_SSD/testing-for-NITE-DSP/sample_pack_testing/Organic Drum Kit/1 Kicks/Organic - Kick (104).wav,Kick,0.927489,0.813135,Kick,0.97,Kick,review,full-taxonomy class precision not yet qualified for action
/Volumes/Jack_Gandy_1TB_SSD/testing-for-NITE-DSP/sample_pack_testing/Organic Drum Kit/1 Kicks/Organic - Kick (11).wav,Kick,0.931455,0.794085,Kick,0.97,Kick,review,full-taxonomy class precision not yet qualified for action
/Volumes/Jack_Gandy_1TB_SSD/testing-for-NITE-DSP/sample_pack_testing/Organic Drum Kit/1 Kicks/Organic - Kick (119).wav,Kick,0.899753,0.761287,Kick,0.97,Kick,review,full-taxonomy class precision not yet qualified for action
/Volumes/Jack_Gandy_1TB_SSD/testing-for-NITE-DSP/sample_pack_testing/Organic Drum Kit/1 Kicks/Organic - Kick (12).wav,Kick,0.941446,0.823182,Kick,0.97,Kick,review,full-taxonomy class precision not yet qualified for action
/Volumes/Jack_Gandy_1TB_SSD/testing-for-NITE-DSP/sample_pack_testing/Organic Drum Kit/1 Kicks/Organic - Kick (126).wav,Kick,0.914579,0.738395,Kick,0.97,Kick,review,full-taxonomy class precision not yet qualified for action
/Volumes/Jack_Gandy_1TB_SSD/testing-for-NITE-DSP/sample_pack_testing/Organic Drum Kit/1 Kicks/Organic - Kick (13).wav,Kick,0.901802,0.755505,Kick,0.97,Kick,review,full-taxonomy class precision not yet qualified for action
/Volumes/Jack_Gandy_1TB_SSD/testing-for-NITE-DSP/sample_pack_testing/Organic Drum Kit/1 Kicks/Organic - Kick (130).wav,Kick,0.89955,0.759706,Kick,0.97,Kick,review,full-taxonomy class precision not yet qualified for action
/Volumes/Jack_Gandy_1TB_SSD/testing-for-NITE-DSP/sample_pack_testing/Organic Drum Kit/1 Kicks/Organic - Kick (142).wav,Kick,0.928333,0.784849,Kick,0.97,Kick,review,full-taxonomy class precision not yet qualified for action
/Volumes/Jack_Gandy_1TB_SSD/testing-for-NITE-DSP/sample_pack_testing/Organic Drum Kit/1 Kicks/Organic - Kick (15).wav,Kick,0.902229,0.769511,Kick,0.97,Kick,review,full-taxonomy class precision not yet qualified for action
/Volumes/Jack_Gandy_1TB_SSD/testing-for-NITE-DSP/sample_pack_testing/Organic Drum Kit/1 Kicks/Organic - Kick (16).wav,Kick,0.951201,0.826878,Kick,0.97,Kick,review,full-taxonomy class precision not yet qualified for action
/Volumes/Jack_Gandy_1TB_SSD/testing-for-NITE-DSP/sample_pack_testing/Organic Drum Kit/1 Kicks/Organic - Kick (17).wav,Kick,0.897347,0.728301,Kick,0.97,Kick,review,full-taxonomy class precision not yet qualified for action
/Volumes/Jack_Gandy_1TB_SSD/testing-for-NITE-DSP/sample_pack_testing/Organic Drum Kit/1 Kicks/Organic - Kick (24).wav,Kick,0.944239,0.822189,Kick,0.97,Kick,review,full-taxonomy class precision not yet qualified for action
/Volumes/Jack_Gandy_1TB_SSD/testing-for-NITE-DSP/sample_pack_testing/Organic Drum Kit/1 Kicks/Organic - Kick (25).wav,Kick,0.946398,0.827286,Kick,0.97,Kick,review,full-taxonomy class precision not yet qualified for action
/Volumes/Jack_Gandy_1TB_SSD/testing-for-NITE-DSP/sample_pack_testing/Organic Drum Kit/1 Kicks/Organic - Kick (28).wav,Kick,0.936169,0.806042,Kick,0.97,Kick,review,full-taxonomy class precision not yet qualified for action
/Volumes/Jack_Gandy_1TB_SSD/testing-for-NITE-DSP/sample_pack_testing/Organic Drum Kit/1 Kicks/Organic - Kick (29).wav,Kick,0.911217,0.76179,Kick,0.97,Kick,review,full-taxonomy class precision not yet qualified for action
/Volumes/Jack_Gandy_1TB_SSD/testing-for-NITE-DSP/sample_pack_testing/Organic Drum Kit/1 Kicks/Organic - Kick (30).wav,Kick,0.915596,0.746286,Kick,0.97,Kick,review,full-taxonomy class precision not yet qualified for action
/Volumes/Jack_Gandy_1TB_SSD/testing-for-NITE-DSP/sample_pack_testing/Organic Drum Kit/1 Kicks/Organic - Kick (4).wav,Kick,0.901576,0.732229,Kick,0.97,Kick,review,full-taxonomy class precision not yet qualified for action
/Volumes/Jack_Gandy_1TB_SSD/testing-for-NITE-DSP/sample_pack_testing/Organic Drum Kit/1 Kicks/Organic - Kick (51).wav,Kick,0.912123,0.732872,Kick,0.97,Kick,review,full-taxonomy class precision not yet qualified for action
/Volumes/Jack_Gandy_1TB_SSD/testing-for-NITE-DSP/sample_pack_testing/Organic Drum Kit/1 Kicks/Organic - Kick (57).wav,Kick,0.900807,0.718539,Kick,0.97,Kick,review,full-taxonomy class precision not yet qualified for action
/Volumes/Jack_Gandy_1TB_SSD/testing-for-NITE-DSP/sample_pack_testing/Organic Drum Kit/1 Kicks/Organic - Kick (60).wav,Kick,0.892449,0.727355,Kick,0.97,Kick,review,full-taxonomy class precision not yet qualified for action
/Volumes/Jack_Gandy_1TB_SSD/testing-for-NITE-DSP/sample_pack_testing/Organic Drum Kit/1 Kicks/Organic - Kick (62).wav,Kick,0.92937,0.779487,Kick,0.97,Kick,review,full-taxonomy class precision not yet qualified for action
/Volumes/Jack_Gandy_1TB_SSD/testing-for-NITE-DSP/sample_pack_testing/Organic Drum Kit/1 Kicks/Organic - Kick (65).wav,Kick,0.904083,0.725489,Kick,0.97,Kick,review,full-taxonomy class precision not yet qualified for action
/Volumes/Jack_Gandy_1TB_SSD/testing-for-NITE-DSP/sample_pack_testing/Organic Drum Kit/1 Kicks/Organic - Kick (86).wav,Kick,0.86829,0.72506,Kick,0.97,Kick,review,full-taxonomy class precision not yet qualified for action
/Volumes/Jack_Gandy_1TB_SSD/testing-for-NITE-DSP/sample_pack_testing/Organic Drum Kit/1 Kicks/Organic - Kick (9).wav,Kick,0.923638,0.78248,Kick,0.97,Kick,review,full-taxonomy class precision not yet qualified for action
/Volumes/Jack_Gandy_1TB_SSD/testing-for-NITE-DSP/sample_pack_testing/Organic Drum Kit/2 Snares/Organic - Snare (102).wav,Snare,0.851572,0.740389,Snare,0.92,Snare,review,full-taxonomy class precision not yet qualified for action
/Volumes/Jack_Gandy_1TB_SSD/testing-for-NITE-DSP/sample_pack_testing/Organic Drum Kit/2 Snares/Organic - Snare (24).wav,Snare,0.897198,0.780812,Snare,0.92,Snare,review,full-taxonomy class precision not yet qualified for action
/Volumes/Jack_Gandy_1TB_SSD/testing-for-NITE-DSP/sample_pack_testing/Organic Drum Kit/2 Snares/Organic - Snare (28).wav,Snare,0.828,0.736585,Snare,0.92,Snare,review,full-taxonomy class precision not yet qualified for action
/Volumes/Jack_Gandy_1TB_SSD/testing-for-NITE-DSP/sample_pack_testing/Organic Drum Kit/2 Snares/Organic - Snare (5).wav,Snare,0.876611,0.728031,Snare,0.92,Snare,review,full-taxonomy class precision not yet qualified for action
/Volumes/Jack_Gandy_1TB_SSD/testing-for-NITE-DSP/sample_pack_testing/Organic Drum Kit/2 Snares/Organic - Snare (77).wav,Snare,0.89674,0.79973,Snare,0.92,Snare,review,full-taxonomy class precision not yet qualified for action
/Volumes/Jack_Gandy_1TB_SSD/testing-for-NITE-DSP/sample_pack_testing/Organic Drum Kit/2 Snares/Organic - Snare (92).wav,Snare,0.871263,0.725626,Snare,0.92,Snare,review,full-taxonomy class precision not yet qualified for action
/Volumes/Jack_Gandy_1TB_SSD/testing-for-NITE-DSP/sample_pack_testing/Organic Drum Kit/3 Claps/Organic - Clap (14).wav,Clap,0.851099,0.755639,Clap,0.9,Clap,review,full-taxonomy class precision not yet qualified for action
/Volumes/Jack_Gandy_1TB_SSD/testing-for-NITE-DSP/sample_pack_testing/Organic Drum Kit/3 Claps/Organic - Clap (17).wav,Clap,0.920488,0.760113,Clap,0.9,Clap,review,full-taxonomy class precision not yet qualified for action
/Volumes/Jack_Gandy_1TB_SSD/testing-for-NITE-DSP/sample_pack_testing/Organic Drum Kit/3 Claps/Organic - Clap (25).wav,Clap,0.916571,0.775208,Clap,0.9,Clap,review,full-taxonomy class precision not yet qualified for action
/Volumes/Jack_Gandy_1TB_SSD/testing-for-NITE-DSP/sample_pack_testing/Organic Drum Kit/3 Claps/Organic - Clap (41).wav,Clap,0.908239,0.7233,Clap,0.9,Clap,review,full-taxonomy class precision not yet qualified for action
/Volumes/Jack_Gandy_1TB_SSD/testing-for-NITE-DSP/sample_pack_testing/Organic Drum Kit/4 Hi-Hats/1 Closed Hats/Organic - HiHat (13).wav,Hi-Hat,0.869232,0.719844,Hi-Hat,0.94,Hi-Hat,review,full-taxonomy class precision not yet qualified for action
/Volumes/Jack_Gandy_1TB_SSD/testing-for-NITE-DSP/sample_pack_testing/Organic Drum Kit/4 Hi-Hats/1 Closed Hats/Organic - HiHat (5).wav,Hi-Hat,0.915155,0.762561,Hi-Hat,0.94,Hi-Hat,review,full-taxonomy class precision not yet qualified for action
/Volumes/Jack_Gandy_1TB_SSD/testing-for-NITE-DSP/sample_pack_testing/Organic Drum Kit/4 Hi-Hats/1 Closed Hats/Organic - HiHat (8).wav,Hi-Hat,0.888812,0.73012,Hi-Hat,0.94,Hi-Hat,review,full-taxonomy class precision not yet qualified for action
/Volumes/Jack_Gandy_1TB_SSD/testing-for-NITE-DSP/sample_pack_testing/Organic Drum Kit/4 Hi-Hats/1 Closed Hats/Organic - HiHat (9).wav,Hi-Hat,0.906593,0.770653,Hi-Hat,0.94,Hi-Hat,review,full-taxonomy class precision not yet qualified for action
/Volumes/Jack_Gandy_1TB_SSD/testing-for-NITE-DSP/sample_pack_testing/Organic Drum Kit/4 Hi-Hats/1 Closed Hats/Organic - HiHat_A (2).wav,Hi-Hat,0.826969,0.749404,Hi-Hat,0.94,Hi-Hat,review,full-taxonomy class precision not yet qualified for action
/Volumes/Jack_Gandy_1TB_SSD/testing-for-NITE-DSP/sample_pack_testing/Organic Drum Kit/4 Hi-Hats/1 Closed Hats/Organic - HiHat_A (3).wav,Hi-Hat,0.844332,0.748003,Hi-Hat,0.94,Hi-Hat,review,full-taxonomy class precision not yet qualified for action
/Volumes/Jack_Gandy_1TB_SSD/testing-for-NITE-DSP/sample_pack_testing/Organic Drum Kit/4 Hi-Hats/1 Closed Hats/Organic - HiHat_B (2).wav,Hi-Hat,0.849392,0.792948,Hi-Hat,0.94,Hi-Hat,review,full-taxonomy class precision not yet qualified for action
/Volumes/Jack_Gandy_1TB_SSD/testing-for-NITE-DSP/sample_pack_testing/Organic Drum Kit/4 Hi-Hats/1 Closed Hats/Organic - HiHat_B (3).wav,Hi-Hat,0.86076,0.802641,Hi-Hat,0.94,Hi-Hat,review,full-taxonomy class precision not yet qualified for action
/Volumes/Jack_Gandy_1TB_SSD/testing-for-NITE-DSP/sample_pack_testing/Organic Drum Kit/4 Hi-Hats/1 Closed Hats/Organic - HiHat_C (1).wav,Hi-Hat,0.864785,0.786463,Hi-Hat,0.94,Hi-Hat,review,full-taxonomy class precision not yet qualified for action
/Volumes/Jack_Gandy_1TB_SSD/testing-for-NITE-DSP/sample_pack_testing/Organic Drum Kit/4 Hi-Hats/1 Closed Hats/Organic - HiHat_C (2).wav,Hi-Hat,0.854413,0.755197,Hi-Hat,0.94,Hi-Hat,review,full-taxonomy class precision not yet qualified for action
/Volumes/Jack_Gandy_1TB_SSD/testing-for-NITE-DSP/sample_pack_testing/Organic Drum Kit/4 Hi-Hats/1 Closed Hats/Organic - HiHat_C (3).wav,Hi-Hat,0.885305,0.791129,Hi-Hat,0.94,Hi-Hat,review,full-taxonomy class precision not yet qualified for action
/Volumes/Jack_Gandy_1TB_SSD/testing-for-NITE-DSP/sample_pack_testing/Organic Drum Kit/4 Hi-Hats/1 Closed Hats/Organic - HiHat_D (1).wav,Hi-Hat,0.840099,0.793806,Hi-Hat,0.94,Hi-Hat,review,full-taxonomy class precision not yet qualified for action
/Volumes/Jack_Gandy_1TB_SSD/testing-for-NITE-DSP/sample_pack_testing/Organic Drum Kit/4 Hi-Hats/1 Closed Hats/Organic - HiHat_D (2).wav,Hi-Hat,0.851458,0.793293,Hi-Hat,0.94,Hi-Hat,review,full-taxonomy class precision not yet qualified for action
/Volumes/Jack_Gandy_1TB_SSD/testing-for-NITE-DSP/sample_pack_testing/Organic Drum Kit/4 Hi-Hats/1 Closed Hats/Organic - HiHat_H (1).wav,Hi-Hat,0.876156,0.738188,Hi-Hat,0.94,Hi-Hat,review,full-taxonomy class precision not yet qualified for action
/Volumes/Jack_Gandy_1TB_SSD/testing-for-NITE-DSP/sample_pack_testing/Organic Drum Kit/4 Hi-Hats/1 Closed Hats/Organic - HiHat_I (5).wav,Hi-Hat,0.872166,0.775395,Hi-Hat,0.94,Hi-Hat,review,full-taxonomy class precision not yet qualified for action
/Volumes/Jack_Gandy_1TB_SSD/testing-for-NITE-DSP/sample_pack_testing/Organic Drum Kit/4 Hi-Hats/1 Closed Hats/Organic - HiHat_I (6).wav,Hi-Hat,0.873257,0.79603,Hi-Hat,0.94,Hi-Hat,review,full-taxonomy class precision not yet qualified for action
/Volumes/Jack_Gandy_1TB_SSD/testing-for-NITE-DSP/sample_pack_testing/Organic Drum Kit/4 Hi-Hats/1 Closed Hats/Organic - HiHat_J (1).wav,Hi-Hat,0.901005,0.79902,Hi-Hat,0.94,Hi-Hat,review,full-taxonomy class precision not yet qualified for action
/Volumes/Jack_Gandy_1TB_SSD/testing-for-NITE-DSP/sample_pack_testing/Organic Drum Kit/4 Hi-Hats/1 Closed Hats/Organic - HiHat_J (2).wav,Hi-Hat,0.916863,0.809346,Hi-Hat,0.94,Hi-Hat,review,full-taxonomy class precision not yet qualified for action
/Volumes/Jack_Gandy_1TB_SSD/testing-for-NITE-DSP/sample_pack_testing/Organic Drum Kit/4 Hi-Hats/1 Closed Hats/Organic - HiHat_K (1).wav,Hi-Hat,0.922424,0.792266,Hi-Hat,0.94,Hi-Hat,review,full-taxonomy class precision not yet qualified for action
/Volumes/Jack_Gandy_1TB_SSD/testing-for-NITE-DSP/sample_pack_testing/Organic Drum Kit/4 Hi-Hats/1 Closed Hats/Organic - HiHat_K (2).wav,Hi-Hat,0.926564,0.805683,Hi-Hat,0.94,Hi-Hat,review,full-taxonomy class precision not yet qualified for action
/Volumes/Jack_Gandy_1TB_SSD/testing-for-NITE-DSP/sample_pack_testing/Organic Drum Kit/4 Hi-Hats/1 Closed Hats/Organic - HiHat_L (1).wav,Hi-Hat,0.861149,0.804671,Hi-Hat,0.94,Hi-Hat,review,full-taxonomy class precision not yet qualified for action
/Volumes/Jack_Gandy_1TB_SSD/testing-for-NITE-DSP/sample_pack_testing/Organic Drum Kit/4 Hi-Hats/1 Closed Hats/Organic - HiHat_M (3).wav,Hi-Hat,0.877993,0.736812,Hi-Hat,0.94,Hi-Hat,review,full-taxonomy class precision not yet qualified for action
/Volumes/Jack_Gandy_1TB_SSD/testing-for-NITE-DSP/sample_pack_testing/Organic Drum Kit/4 Hi-Hats/1 Closed Hats/Organic - HiHat_N (1).wav,Hi-Hat,0.87926,0.786235,Hi-Hat,0.94,Hi-Hat,review,full-taxonomy class precision not yet qualified for action
/Volumes/Jack_Gandy_1TB_SSD/testing-for-NITE-DSP/sample_pack_testing/Organic Drum Kit/4 Hi-Hats/1 Closed Hats/Organic - HiHat_N (2).wav,Hi-Hat,0.884312,0.773808,Hi-Hat,0.94,Hi-Hat,review,full-taxonomy class precision not yet qualified for action
/Volumes/Jack_Gandy_1TB_SSD/testing-for-NITE-DSP/sample_pack_testing/Organic Drum Kit/4 Hi-Hats/1 Closed Hats/Organic - HiHat_N (3).wav,Hi-Hat,0.867694,0.748477,Hi-Hat,0.94,Hi-Hat,review,full-taxonomy class precision not yet qualified for action
/Volumes/Jack_Gandy_1TB_SSD/testing-for-NITE-DSP/sample_pack_testing/Organic Drum Kit/4 Hi-Hats/1 Closed Hats/Organic - HiHat_O (1).wav,Hi-Hat,0.835257,0.771502,Hi-Hat,0.94,Hi-Hat,review,full-taxonomy class precision not yet qualified for action
/Volumes/Jack_Gandy_1TB_SSD/testing-for-NITE-DSP/sample_pack_testing/Organic Drum Kit/4 Hi-Hats/1 Closed Hats/Organic - HiHat_P (1).wav,Hi-Hat,0.865718,0.802515,Hi-Hat,0.94,Hi-Hat,review,full-taxonomy class precision not yet qualified for action
/Volumes/Jack_Gandy_1TB_SSD/testing-for-NITE-DSP/sample_pack_testing/Organic Drum Kit/4 Hi-Hats/1 Closed Hats/Organic - HiHat_P (2).wav,Hi-Hat,0.874143,0.810433,Hi-Hat,0.94,Hi-Hat,review,full-taxonomy class precision not yet qualified for action
/Volumes/Jack_Gandy_1TB_SSD/testing-for-NITE-DSP/sample_pack_testing/Organic Drum Kit/4 Hi-Hats/2 Open Hats/Organic - O.HiHat_H (1).wav,Hi-Hat,0.841835,0.764507,Hi-Hat,0.94,Hi-Hat,review,full-taxonomy class precision not yet qualified for action
/Volumes/Jack_Gandy_1TB_SSD/testing-for-NITE-DSP/sample_pack_testing/Organic Drum Kit/6 Cymbals & Toms/1 Cymbals/Organic - Cymbal (22).wav,Crash,0.923863,0.724944,Crash,0.89,Crash,review,full-taxonomy class precision not yet qualified for action
/Volumes/Jack_Gandy_1TB_SSD/testing-for-NITE-DSP/sample_pack_testing/Organic Drum Kit/Maschine Kits/Coast2coast Kit Samples/Organic - HiHat_C (2).wav,Hi-Hat,0.860068,0.765268,Hi-Hat,0.94,Hi-Hat,review,full-taxonomy class precision not yet qualified for action
/Volumes/Jack_Gandy_1TB_SSD/testing-for-NITE-DSP/sample_pack_testing/Organic Drum Kit/Maschine Kits/Deep Impact Kit Samples/Organic - Kick (142).wav,Kick,0.929654,0.786305,Kick,0.97,Kick,review,full-taxonomy class precision not yet qualified for action
/Volumes/Jack_Gandy_1TB_SSD/testing-for-NITE-DSP/sample_pack_testing/Organic Drum Kit/Maschine Kits/Domination Kit Samples/Organic - Kick (126).wav,Kick,0.912819,0.73713,Kick,0.97,Kick,review,full-taxonomy class precision not yet qualified for action
/Volumes/Jack_Gandy_1TB_SSD/testing-for-NITE-DSP/sample_pack_testing/Organic Drum Kit/Maschine Kits/Ethnic Stomp Kit Samples/Organic - Clap (14).wav,Clap,0.839173,0.746065,Clap,0.9,Clap,review,full-taxonomy class precision not yet qualified for action
/Volumes/Jack_Gandy_1TB_SSD/testing-for-NITE-DSP/sample_pack_testing/Organic Drum Kit/Maschine Kits/Head Trauma Kit Samples/Organic - Snare (28).wav,Snare,0.831418,0.736684,Snare,0.92,Snare,review,full-taxonomy class precision not yet qualified for action
/Volumes/Jack_Gandy_1TB_SSD/testing-for-NITE-DSP/sample_pack_testing/Organic Drum Kit/Maschine Kits/Imagination Kit Samples/Organic - Kick (30).wav,Kick,0.916999,0.74767,Kick,0.97,Kick,review,full-taxonomy class precision not yet qualified for action
/Volumes/Jack_Gandy_1TB_SSD/testing-for-NITE-DSP/sample_pack_testing/Organic Drum Kit/Maschine Kits/Imperial Kit Samples/Organic - Kick (104).wav,Kick,0.921606,0.797503,Kick,0.97,Kick,review,full-taxonomy class precision not yet qualified for action
/Volumes/Jack_Gandy_1TB_SSD/testing-for-NITE-DSP/sample_pack_testing/Organic Drum Kit/Maschine Kits/Juggernaut Kit Samples/Organic - HiHat_D (2).wav,Hi-Hat,0.859478,0.75265,Hi-Hat,0.94,Hi-Hat,review,full-taxonomy class precision not yet qualified for action
/Volumes/Jack_Gandy_1TB_SSD/testing-for-NITE-DSP/sample_pack_testing/Organic Drum Kit/Maschine Kits/Jungle Thump Kit Samples/Organic - Snare (24).wav,Snare,0.89312,0.766346,Snare,0.92,Snare,review,full-taxonomy class precision not yet qualified for action
/Volumes/Jack_Gandy_1TB_SSD/testing-for-NITE-DSP/sample_pack_testing/Organic Drum Kit/Maschine Kits/Sun Tzu Kit Samples/Organic - Snare (5).wav,Snare,0.879407,0.730689,Snare,0.92,Snare,review,full-taxonomy class precision not yet qualified for action
/Volumes/Jack_Gandy_1TB_SSD/testing-for-NITE-DSP/sample_pack_testing/Organic Drum Kit/Maschine Kits/Vintage Kit Samples/Organic - HiHat_D (2).wav,Hi-Hat,0.833382,0.718269,Hi-Hat,0.94,Hi-Hat,review,full-taxonomy class precision not yet qualified for action
/Volumes/Jack_Gandy_1TB_SSD/testing-for-NITE-DSP/sample_pack_testing/Organic Electronics 2 J.Views/JVIEWS_studio/JVIEWS_studio_one_shots/JVIEWS_analog_kick_F.wav,Kick,0.905945,0.724704,Kick,0.97,Kick,review,full-taxonomy class precision not yet qualified for action
/Volumes/Jack_Gandy_1TB_SSD/testing-for-NITE-DSP/sample_pack_testing/Organic Electronics 2 J.Views/JVIEWS_studio/JVIEWS_studio_one_shots/JVIEWS_analog_machine_drum_kick.wav,Kick,0.897585,0.721812,Kick,0.97,Kick,review,full-taxonomy class precision not yet qualified for action
/Volumes/Jack_Gandy_1TB_SSD/testing-for-NITE-DSP/sample_pack_testing/Organic Electronics 2 J.Views/JVIEWS_studio/JVIEWS_studio_one_shots/JVIEWS_deep_kick_01.wav,Kick,0.895277,0.728018,Kick,0.97,Kick,review,full-taxonomy class precision not yet qualified for action
/Volumes/Jack_Gandy_1TB_SSD/testing-for-NITE-DSP/sample_pack_testing/Organic Electronics 2 J.Views/JVIEWS_studio/JVIEWS_studio_one_shots/JVIEWS_deep_kick_02_trans_hihat.wav,Kick,0.904014,0.751105,Kick,0.97,Kick,review,full-taxonomy class precision not yet qualified for action
/Volumes/Jack_Gandy_1TB_SSD/testing-for-NITE-DSP/sample_pack_testing/Sounds of KSHMR Vol.3/KSHMR_Drums/KSHMR_Acoustic_Drums/Hi-Hat/kshmr_acoustic_closed_hat_01_clean.wav,Hi-Hat,0.83901,0.796024,Hi-Hat,0.94,Hi-Hat,review,full-taxonomy class precision not yet qualified for action
/Volumes/Jack_Gandy_1TB_SSD/testing-for-NITE-DSP/sample_pack_testing/Sounds of KSHMR Vol.3/KSHMR_Drums/KSHMR_Acoustic_Drums/Hi-Hat/kshmr_acoustic_closed_hat_03_clean.wav,Hi-Hat,0.835937,0.745609,Hi-Hat,0.94,Hi-Hat,review,full-taxonomy class precision not yet qualified for action
/Volumes/Jack_Gandy_1TB_SSD/testing-for-NITE-DSP/sample_pack_testing/Sounds of KSHMR Vol.3/KSHMR_Drums/KSHMR_Acoustic_Drums/Hi-Hat/kshmr_acoustic_closed_hat_04_clean.wav,Hi-Hat,0.887764,0.799567,Hi-Hat,0.94,Hi-Hat,review,full-taxonomy class precision not yet qualified for action
/Volumes/Jack_Gandy_1TB_SSD/testing-for-NITE-DSP/sample_pack_testing/Sounds of KSHMR Vol.3/KSHMR_Drums/KSHMR_Acoustic_Drums/Hi-Hat/kshmr_acoustic_closed_hat_10_hard.wav,Hi-Hat,0.851482,0.782043,Hi-Hat,0.94,Hi-Hat,review,full-taxonomy class precision not yet qualified for action
/Volumes/Jack_Gandy_1TB_SSD/testing-for-NITE-DSP/sample_pack_testing/Sounds of KSHMR Vol.3/KSHMR_Drums/KSHMR_Claps/KSHMR_Natural_Hand_Claps/KSHMR_Single_Claps/KSHMR_Human_Single_Clap_12.wav,Clap,0.851831,0.784287,Clap,0.9,Clap,review,full-taxonomy class precision not yet qualified for action
/Volumes/Jack_Gandy_1TB_SSD/testing-for-NITE-DSP/sample_pack_testing/Sounds of KSHMR Vol.3/KSHMR_Drums/KSHMR_Claps/KSHMR_Natural_Hand_Claps/KSHMR_Stacks/KSHMR_Human_Stack_Clap_03_Horse.wav,Clap,0.8922,0.75395,Clap,0.9,Clap,review,full-taxonomy class precision not yet qualified for action
/Volumes/Jack_Gandy_1TB_SSD/testing-for-NITE-DSP/sample_pack_testing/Sounds of KSHMR Vol.3/KSHMR_Drums/KSHMR_Claps/KSHMR_Natural_Hand_Claps/KSHMR_Stacks/KSHMR_Human_Stack_Clap_04_Horse.wav,Clap,0.865755,0.755674,Clap,0.9,Clap,review,full-taxonomy class precision not yet qualified for action
/Volumes/Jack_Gandy_1TB_SSD/testing-for-NITE-DSP/sample_pack_testing/Sounds of KSHMR Vol.3/KSHMR_Drums/KSHMR_Claps/KSHMR_Natural_Hand_Claps/KSHMR_Stacks/KSHMR_Human_Stack_Clap_05_Squishy.wav,Clap,0.842887,0.778295,Clap,0.9,Clap,review,full-taxonomy class precision not yet qualified for action
/Volumes/Jack_Gandy_1TB_SSD/testing-for-NITE-DSP/sample_pack_testing/Sounds of KSHMR Vol.3/KSHMR_Drums/KSHMR_Claps/KSHMR_Natural_Hand_Claps/KSHMR_Stacks/KSHMR_Human_Stack_Clap_06_Squishy.wav,Clap,0.921282,0.791539,Clap,0.9,Clap,review,full-taxonomy class precision not yet qualified for action
/Volumes/Jack_Gandy_1TB_SSD/testing-for-NITE-DSP/sample_pack_testing/Sounds of KSHMR Vol.3/KSHMR_Drums/KSHMR_Claps/KSHMR_Natural_Hand_Claps/KSHMR_Stacks/KSHMR_Human_Stack_Clap_07_Squishy.wav,Clap,0.882065,0.755175,Clap,0.9,Clap,review,full-taxonomy class precision not yet qualified for action
/Volumes/Jack_Gandy_1TB_SSD/testing-for-NITE-DSP/sample_pack_testing/Sounds of KSHMR Vol.3/KSHMR_Drums/KSHMR_Claps/KSHMR_Natural_Hand_Claps/KSHMR_Stacks/KSHMR_Human_Stack_Clap_08_Squishy.wav,Clap,0.90676,0.76697,Clap,0.9,Clap,review,full-taxonomy class precision not yet qualified for action
/Volumes/Jack_Gandy_1TB_SSD/testing-for-NITE-DSP/sample_pack_testing/Sounds of KSHMR Vol.3/KSHMR_Drums/KSHMR_Claps/KSHMR_Natural_Hand_Claps/KSHMR_Stacks/KSHMR_Human_Stack_Clap_09_Squishy.wav,Clap,0.888514,0.774234,Clap,0.9,Clap,review,full-taxonomy class precision not yet qualified for action
/Volumes/Jack_Gandy_1TB_SSD/testing-for-NITE-DSP/sample_pack_testing/Sounds of KSHMR Vol.3/KSHMR_Drums/KSHMR_Claps/KSHMR_Pre-Shifted_Claps/KSHMR_Pre_Shifted_Clap_16.wav,Clap,0.880483,0.776841,Clap,0.9,Clap,review,full-taxonomy class precision not yet qualified for action
/Volumes/Jack_Gandy_1TB_SSD/testing-for-NITE-DSP/sample_pack_testing/Sounds of KSHMR Vol.3/KSHMR_Drums/KSHMR_Claps/KSHMR_Pre-Shifted_Claps/KSHMR_Pre_Shifted_Clap_21.wav,Clap,0.830646,0.753762,Clap,0.9,Clap,review,full-taxonomy class precision not yet qualified for action
/Volumes/Jack_Gandy_1TB_SSD/testing-for-NITE-DSP/sample_pack_testing/Sounds of KSHMR Vol.3/KSHMR_Drums/KSHMR_Claps/KSHMR_Pre-Shifted_Claps/KSHMR_Pre_Shifted_Clap_22.wav,Clap,0.91964,0.801625,Clap,0.9,Clap,review,full-taxonomy class precision not yet qualified for action
/Volumes/Jack_Gandy_1TB_SSD/testing-for-NITE-DSP/sample_pack_testing/Sounds of KSHMR Vol.3/KSHMR_Drums/KSHMR_Claps/KSHMR_Regular_Claps/KSHMR_Clap_Classic_02.wav,Clap,0.914852,0.780914,Clap,0.9,Clap,review,full-taxonomy class precision not yet qualified for action
/Volumes/Jack_Gandy_1TB_SSD/testing-for-NITE-DSP/sample_pack_testing/Sounds of KSHMR Vol.3/KSHMR_Drums/KSHMR_Claps/KSHMR_Regular_Claps/KSHMR_Clap_Classic_06.wav,Clap,0.831408,0.760095,Clap,0.9,Clap,review,full-taxonomy class precision not yet qualified for action
/Volumes/Jack_Gandy_1TB_SSD/testing-for-NITE-DSP/sample_pack_testing/Sounds of KSHMR Vol.3/KSHMR_Drums/KSHMR_Claps/KSHMR_Regular_Claps/KSHMR_Clap_Classic_08.wav,Clap,0.898355,0.777194,Clap,0.9,Clap,review,full-taxonomy class precision not yet qualified for action
/Volumes/Jack_Gandy_1TB_SSD/testing-for-NITE-DSP/sample_pack_testing/Sounds of KSHMR Vol.3/KSHMR_Drums/KSHMR_Claps/KSHMR_Regular_Claps/KSHMR_Clap_Hard_02.wav,Clap,0.870736,0.757118,Clap,0.9,Clap,review,full-taxonomy class precision not yet qualified for action
/Volumes/Jack_Gandy_1TB_SSD/testing-for-NITE-DSP/sample_pack_testing/Sounds of KSHMR Vol.3/KSHMR_Drums/KSHMR_Claps/KSHMR_Regular_Claps/KSHMR_Clap_Wide_Clap_01.wav,Clap,0.845398,0.76758,Clap,0.9,Clap,review,full-taxonomy class precision not yet qualified for action
/Volumes/Jack_Gandy_1TB_SSD/testing-for-NITE-DSP/sample_pack_testing/Sounds of KSHMR Vol.3/KSHMR_Drums/KSHMR_Claps/KSHMR_Regular_Claps/KSHMR_Clap_Wide_Clap_02.wav,Clap,0.882182,0.779826,Clap,0.9,Clap,review,full-taxonomy class precision not yet qualified for action
/Volumes/Jack_Gandy_1TB_SSD/testing-for-NITE-DSP/sample_pack_testing/Sounds of KSHMR Vol.3/KSHMR_Drums/KSHMR_Claps/KSHMR_Regular_Claps/KSHMR_Clap_Wide_Clap_03.wav,Clap,0.922188,0.833653,Clap,0.9,Clap,review,full-taxonomy class precision not yet qualified for action
/Volumes/Jack_Gandy_1TB_SSD/testing-for-NITE-DSP/sample_pack_testing/Sounds of KSHMR Vol.3/KSHMR_Drums/KSHMR_Claps/KSHMR_Trap_Claps/KSHMR_Trap_Clap_02.wav,Clap,0.856076,0.724785,Clap,0.9,Clap,review,full-taxonomy class precision not yet qualified for action
/Volumes/Jack_Gandy_1TB_SSD/testing-for-NITE-DSP/sample_pack_testing/Sounds of KSHMR Vol.3/KSHMR_Drums/KSHMR_Claps/KSHMR_Trap_Claps/KSHMR_Trap_Clap_08.wav,Clap,0.834417,0.751325,Clap,0.9,Clap,review,full-taxonomy class precision not yet qualified for action
/Volumes/Jack_Gandy_1TB_SSD/testing-for-NITE-DSP/sample_pack_testing/Sounds of KSHMR Vol.3/KSHMR_Drums/KSHMR_Cymbals/KSHMR_Hi_Hats_Closed/KSHMR_Closed_Hat_01_Clean.wav,Hi-Hat,0.905223,0.747354,Hi-Hat,0.94,Hi-Hat,review,full-taxonomy class precision not yet qualified for action
/Volumes/Jack_Gandy_1TB_SSD/testing-for-NITE-DSP/sample_pack_testing/Sounds of KSHMR Vol.3/KSHMR_Drums/KSHMR_Cymbals/KSHMR_Hi_Hats_Closed/KSHMR_Closed_Hat_03_Clean.wav,Hi-Hat,0.913248,0.778181,Hi-Hat,0.94,Hi-Hat,review,full-taxonomy class precision not yet qualified for action
/Volumes/Jack_Gandy_1TB_SSD/testing-for-NITE-DSP/sample_pack_testing/Sounds of KSHMR Vol.3/KSHMR_Drums/KSHMR_Cymbals/KSHMR_Hi_Hats_Closed/KSHMR_Closed_Hat_04_Clean.wav,Hi-Hat,0.901317,0.754523,Hi-Hat,0.94,Hi-Hat,review,full-taxonomy class precision not yet qualified for action
/Volumes/Jack_Gandy_1TB_SSD/testing-for-NITE-DSP/sample_pack_testing/Sounds of KSHMR Vol.3/KSHMR_Drums/KSHMR_Cymbals/KSHMR_Hi_Hats_Closed/KSHMR_Closed_Hat_05_Clean.wav,Hi-Hat,0.907917,0.764433,Hi-Hat,0.94,Hi-Hat,review,full-taxonomy class precision not yet qualified for action
/Volumes/Jack_Gandy_1TB_SSD/testing-for-NITE-DSP/sample_pack_testing/Sounds of KSHMR Vol.3/KSHMR_Drums/KSHMR_Cymbals/KSHMR_Hi_Hats_Closed/KSHMR_Closed_Hat_07_Clean.wav,Hi-Hat,0.859487,0.753887,Hi-Hat,0.94,Hi-Hat,review,full-taxonomy class precision not yet qualified for action
/Volumes/Jack_Gandy_1TB_SSD/testing-for-NITE-DSP/sample_pack_testing/Sounds of KSHMR Vol.3/KSHMR_Drums/KSHMR_Cymbals/KSHMR_Hi_Hats_Closed/KSHMR_Closed_Hat_08_Clean.wav,Hi-Hat,0.897088,0.735564,Hi-Hat,0.94,Hi-Hat,review,full-taxonomy class precision not yet qualified for action
/Volumes/Jack_Gandy_1TB_SSD/testing-for-NITE-DSP/sample_pack_testing/Sounds of KSHMR Vol.3/KSHMR_Drums/KSHMR_Cymbals/KSHMR_Hi_Hats_Closed/KSHMR_Closed_Hat_11_Dirty.wav,Hi-Hat,0.874958,0.784511,Hi-Hat,0.94,Hi-Hat,review,full-taxonomy class precision not yet qualified for action
/Volumes/Jack_Gandy_1TB_SSD/testing-for-NITE-DSP/sample_pack_testing/Sounds of KSHMR Vol.3/KSHMR_Drums/KSHMR_Cymbals/KSHMR_Hi_Hats_Closed/KSHMR_Closed_Hat_14_Vinyl.wav,Hi-Hat,0.908555,0.805562,Hi-Hat,0.94,Hi-Hat,review,full-taxonomy class precision not yet qualified for action
/Volumes/Jack_Gandy_1TB_SSD/testing-for-NITE-DSP/sample_pack_testing/Sounds of KSHMR Vol.3/KSHMR_Drums/KSHMR_Cymbals/KSHMR_Hi_Hats_Closed/KSHMR_Closed_Hat_17_Vinyl.wav,Hi-Hat,0.865985,0.79194,Hi-Hat,0.94,Hi-Hat,review,full-taxonomy class precision not yet qualified for action
/Volumes/Jack_Gandy_1TB_SSD/testing-for-NITE-DSP/sample_pack_testing/Sounds of KSHMR Vol.3/KSHMR_Drums/KSHMR_Cymbals/KSHMR_Hi_Hats_Closed/KSHMR_Closed_Hat_19_Wide.wav,Hi-Hat,0.887169,0.738875,Hi-Hat,0.94,Hi-Hat,review,full-taxonomy class precision not yet qualified for action
/Volumes/Jack_Gandy_1TB_SSD/testing-for-NITE-DSP/sample_pack_testing/Sounds of KSHMR Vol.3/KSHMR_Drums/KSHMR_Cymbals/KSHMR_Hi_Hats_Closed/KSHMR_Closed_Hat_21_Wide.wav,Hi-Hat,0.905343,0.758406,Hi-Hat,0.94,Hi-Hat,review,full-taxonomy class precision not yet qualified for action
/Volumes/Jack_Gandy_1TB_SSD/testing-for-NITE-DSP/sample_pack_testing/Sounds of KSHMR Vol.3/KSHMR_Drums/KSHMR_Cymbals/KSHMR_Hi_Hats_Open/KSHMR_Open_Hat_01_Short.wav,Hi-Hat,0.874195,0.775486,Hi-Hat,0.94,Hi-Hat,review,full-taxonomy class precision not yet qualified for action
/Volumes/Jack_Gandy_1TB_SSD/testing-for-NITE-DSP/sample_pack_testing/Sounds of KSHMR Vol.3/KSHMR_Drums/KSHMR_Cymbals/KSHMR_Hi_Hats_Open/KSHMR_Open_Hat_03_Short.wav,Hi-Hat,0.888187,0.789721,Hi-Hat,0.94,Hi-Hat,review,full-taxonomy class precision not yet qualified for action
/Volumes/Jack_Gandy_1TB_SSD/testing-for-NITE-DSP/sample_pack_testing/Sounds of KSHMR Vol.3/KSHMR_Drums/KSHMR_Cymbals/KSHMR_Hi_Hats_Open/KSHMR_Open_Hat_05_Short.wav,Hi-Hat,0.848768,0.748266,Hi-Hat,0.94,Hi-Hat,review,full-taxonomy class precision not yet qualified for action
/Volumes/Jack_Gandy_1TB_SSD/testing-for-NITE-DSP/sample_pack_testing/Sounds of KSHMR Vol.3/KSHMR_Drums/KSHMR_Kicks/KSHMR_Big_Kicks/KSHMR_Big_Kick_02_D.wav,Kick,0.929258,0.771319,Kick,0.97,Kick,review,full-taxonomy class precision not yet qualified for action
/Volumes/Jack_Gandy_1TB_SSD/testing-for-NITE-DSP/sample_pack_testing/Sounds of KSHMR Vol.3/KSHMR_Drums/KSHMR_Kicks/KSHMR_Big_Kicks/KSHMR_Big_Kick_06_E.wav,Kick,0.901658,0.724908,Kick,0.97,Kick,review,full-taxonomy class precision not yet qualified for action
/Volumes/Jack_Gandy_1TB_SSD/testing-for-NITE-DSP/sample_pack_testing/Sounds of KSHMR Vol.3/KSHMR_Drums/KSHMR_Kicks/KSHMR_Hip_Hop_kicks/KSHMR_Chest_Kicks/KSHMR_Chest_Kick_01.wav,Kick,0.915873,0.76543,Kick,0.97,Kick,review,full-taxonomy class precision not yet qualified for action
/Volumes/Jack_Gandy_1TB_SSD/testing-for-NITE-DSP/sample_pack_testing/Sounds of KSHMR Vol.3/KSHMR_Drums/KSHMR_Kicks/KSHMR_Hip_Hop_kicks/KSHMR_Chest_Kicks/KSHMR_Chest_Kick_02.wav,Kick,0.918281,0.774806,Kick,0.97,Kick,review,full-taxonomy class precision not yet qualified for action
/Volumes/Jack_Gandy_1TB_SSD/testing-for-NITE-DSP/sample_pack_testing/Sounds of KSHMR Vol.3/KSHMR_Drums/KSHMR_Kicks/KSHMR_Hip_Hop_kicks/KSHMR_Chest_Kicks/KSHMR_Chest_Kick_05.wav,Kick,0.870562,0.722863,Kick,0.97,Kick,review,full-taxonomy class precision not yet qualified for action
/Volumes/Jack_Gandy_1TB_SSD/testing-for-NITE-DSP/sample_pack_testing/Sounds of KSHMR Vol.3/KSHMR_Drums/KSHMR_Kicks/KSHMR_Hip_Hop_kicks/KSHMR_Chest_Kicks/KSHMR_Chest_Kick_06.wav,Kick,0.94439,0.812125,Kick,0.97,Kick,review,full-taxonomy class precision not yet qualified for action
/Volumes/Jack_Gandy_1TB_SSD/testing-for-NITE-DSP/sample_pack_testing/Sounds of KSHMR Vol.3/KSHMR_Drums/KSHMR_Kicks/KSHMR_Hip_Hop_kicks/KSHMR_Distorted_Kicks/KSHMR_Distorted_Kick_05_E.wav,Kick,0.894725,0.716829,Kick,0.97,Kick,review,full-taxonomy class precision not yet qualified for action
/Volumes/Jack_Gandy_1TB_SSD/testing-for-NITE-DSP/sample_pack_testing/Sounds of KSHMR Vol.3/KSHMR_Drums/KSHMR_Kicks/KSHMR_Hip_Hop_kicks/KSHMR_Jungle_Kicks/KSHMR_Jungle_Kick_04.wav,Kick,0.939988,0.820262,Kick,0.97,Kick,review,full-taxonomy class precision not yet qualified for action
/Volumes/Jack_Gandy_1TB_SSD/testing-for-NITE-DSP/sample_pack_testing/Sounds of KSHMR Vol.3/KSHMR_Drums/KSHMR_Kicks/KSHMR_Hip_Hop_kicks/KSHMR_Jungle_Kicks/KSHMR_Jungle_Kick_05.wav,Kick,0.91839,0.740195,Kick,0.97,Kick,review,full-taxonomy class precision not yet qualified for action
/Volumes/Jack_Gandy_1TB_SSD/testing-for-NITE-DSP/sample_pack_testing/Sounds of KSHMR Vol.3/KSHMR_Drums/KSHMR_Kicks/KSHMR_Hip_Hop_kicks/KSHMR_Stomp_Kicks/KSHMR_Stomp_Kick_13.wav,Kick,0.90349,0.774798,Kick,0.97,Kick,review,full-taxonomy class precision not yet qualified for action
/Volumes/Jack_Gandy_1TB_SSD/testing-for-NITE-DSP/sample_pack_testing/Sounds of KSHMR Vol.3/KSHMR_Drums/KSHMR_Kicks/KSHMR_Hip_Hop_kicks/KSHMR_Thump_Kicks/KSHMR_Thump_Kick_01.wav,Kick,0.944391,0.808167,Kick,0.97,Kick,review,full-taxonomy class precision not yet qualified for action
/Volumes/Jack_Gandy_1TB_SSD/testing-for-NITE-DSP/sample_pack_testing/Sounds of KSHMR Vol.3/KSHMR_Drums/KSHMR_Kicks/KSHMR_Hip_Hop_kicks/KSHMR_Thump_Kicks/KSHMR_Thump_Kick_02.wav,Kick,0.947851,0.832815,Kick,0.97,Kick,review,full-taxonomy class precision not yet qualified for action
/Volumes/Jack_Gandy_1TB_SSD/testing-for-NITE-DSP/sample_pack_testing/Sounds of KSHMR Vol.3/KSHMR_Drums/KSHMR_Kicks/KSHMR_Hip_Hop_kicks/KSHMR_Thump_Kicks/KSHMR_Thump_Kick_03.wav,Kick,0.951465,0.838334,Kick,0.97,Kick,review,full-taxonomy class precision not yet qualified for action
/Volumes/Jack_Gandy_1TB_SSD/testing-for-NITE-DSP/sample_pack_testing/Sounds of KSHMR Vol.3/KSHMR_Drums/KSHMR_Kicks/KSHMR_Hip_Hop_kicks/KSHMR_Thump_Kicks/KSHMR_Thump_Kick_04.wav,Kick,0.94905,0.806174,Kick,0.97,Kick,review,full-taxonomy class precision not yet qualified for action
/Volumes/Jack_Gandy_1TB_SSD/testing-for-NITE-DSP/sample_pack_testing/Sounds of KSHMR Vol.3/KSHMR_Drums/KSHMR_Kicks/KSHMR_Hip_Hop_kicks/KSHMR_Thump_Kicks/KSHMR_Thump_Kick_05.wav,Kick,0.936923,0.829456,Kick,0.97,Kick,review,full-taxonomy class precision not yet qualified for action
/Volumes/Jack_Gandy_1TB_SSD/testing-for-NITE-DSP/sample_pack_testing/Sounds of KSHMR Vol.3/KSHMR_Drums/KSHMR_Kicks/KSHMR_Hip_Hop_kicks/KSHMR_Thump_Kicks/KSHMR_Thump_Kick_06.wav,Kick,0.912178,0.737136,Kick,0.97,Kick,review,full-taxonomy class precision not yet qualified for action
/Volumes/Jack_Gandy_1TB_SSD/testing-for-NITE-DSP/sample_pack_testing/Sounds of KSHMR Vol.3/KSHMR_Drums/KSHMR_Kicks/KSHMR_Hip_Hop_kicks/KSHMR_Thump_Kicks/KSHMR_Thump_Kick_07.wav,Kick,0.928392,0.761516,Kick,0.97,Kick,review,full-taxonomy class precision not yet qualified for action
/Volumes/Jack_Gandy_1TB_SSD/testing-for-NITE-DSP/sample_pack_testing/Sounds of KSHMR Vol.3/KSHMR_Drums/KSHMR_Kicks/KSHMR_Hip_Hop_kicks/KSHMR_Thump_Kicks/KSHMR_Thump_Kick_08.wav,Kick,0.924488,0.768546,Kick,0.97,Kick,review,full-taxonomy class precision not yet qualified for action
/Volumes/Jack_Gandy_1TB_SSD/testing-for-NITE-DSP/sample_pack_testing/Sounds of KSHMR Vol.3/KSHMR_Drums/KSHMR_Kicks/KSHMR_Hip_Hop_kicks/KSHMR_Vinyl_Kicks/KSHMR_Vinyl_Kick_01.wav,Kick,0.85652,0.75469,Kick,0.97,Kick,review,full-taxonomy class precision not yet qualified for action
/Volumes/Jack_Gandy_1TB_SSD/testing-for-NITE-DSP/sample_pack_testing/Sounds of KSHMR Vol.3/KSHMR_Drums/KSHMR_Kicks/KSHMR_Psy_Kicks/KSHMR_Psy_Kick_01_A.wav,Kick,0.925664,0.760417,Kick,0.97,Kick,review,full-taxonomy class precision not yet qualified for action
/Volumes/Jack_Gandy_1TB_SSD/testing-for-NITE-DSP/sample_pack_testing/Sounds of KSHMR Vol.3/KSHMR_Drums/KSHMR_Kicks/KSHMR_Psy_Kicks/KSHMR_Psy_Kick_03_A#.wav,Kick,0.921419,0.771541,Kick,0.97,Kick,review,full-taxonomy class precision not yet qualified for action
/Volumes/Jack_Gandy_1TB_SSD/testing-for-NITE-DSP/sample_pack_testing/Sounds of KSHMR Vol.3/KSHMR_Drums/KSHMR_Kicks/KSHMR_Psy_Kicks/KSHMR_Psy_Kick_04_A#.wav,Kick,0.922875,0.773329,Kick,0.97,Kick,review,full-taxonomy class precision not yet qualified for action
/Volumes/Jack_Gandy_1TB_SSD/testing-for-NITE-DSP/sample_pack_testing/Sounds of KSHMR Vol.3/KSHMR_Drums/KSHMR_Kicks/KSHMR_Psy_Kicks/KSHMR_Psy_Kick_05_A#.wav,Kick,0.92966,0.771466,Kick,0.97,Kick,review,full-taxonomy class precision not yet qualified for action
/Volumes/Jack_Gandy_1TB_SSD/testing-for-NITE-DSP/sample_pack_testing/Sounds of KSHMR Vol.3/KSHMR_Drums/KSHMR_Kicks/KSHMR_Psy_Kicks/KSHMR_Psy_Kick_06_B.wav,Kick,0.928255,0.755089,Kick,0.97,Kick,review,full-taxonomy class precision not yet qualified for action
/Volumes/Jack_Gandy_1TB_SSD/testing-for-NITE-DSP/sample_pack_testing/Sounds of KSHMR Vol.3/KSHMR_Drums/KSHMR_Kicks/KSHMR_Psy_Kicks/KSHMR_Psy_Kick_08_D#.wav,Kick,0.953614,0.829755,Kick,0.97,Kick,review,full-taxonomy class precision not yet qualified for action
/Volumes/Jack_Gandy_1TB_SSD/testing-for-NITE-DSP/sample_pack_testing/Sounds of KSHMR Vol.3/KSHMR_Drums/KSHMR_Kicks/KSHMR_Psy_Kicks/KSHMR_Psy_Kick_09_F.wav,Kick,0.944579,0.820266,Kick,0.97,Kick,review,full-taxonomy class precision not yet qualified for action
/Volumes/Jack_Gandy_1TB_SSD/testing-for-NITE-DSP/sample_pack_testing/Sounds of KSHMR Vol.3/KSHMR_Drums/KSHMR_Kicks/KSHMR_Psy_Kicks/KSHMR_Psy_Kick_10_F#.wav,Kick,0.917827,0.767424,Kick,0.97,Kick,review,full-taxonomy class precision not yet qualified for action
/Volumes/Jack_Gandy_1TB_SSD/testing-for-NITE-DSP/sample_pack_testing/Sounds of KSHMR Vol.3/KSHMR_Drums/KSHMR_Kicks/KSHMR_Psy_Kicks/KSHMR_Psy_Kick_11_F#.wav,Kick,0.914053,0.780468,Kick,0.97,Kick,review,full-taxonomy class precision not yet qualified for action
/Volumes/Jack_Gandy_1TB_SSD/testing-for-NITE-DSP/sample_pack_testing/Sounds of KSHMR Vol.3/KSHMR_Drums/KSHMR_Kicks/KSHMR_Psy_Kicks/KSHMR_Psy_Kick_12_F#.wav,Kick,0.921065,0.749385,Kick,0.97,Kick,review,full-taxonomy class precision not yet qualified for action
/Volumes/Jack_Gandy_1TB_SSD/testing-for-NITE-DSP/sample_pack_testing/Sounds of KSHMR Vol.3/KSHMR_Drums/KSHMR_Kicks/KSHMR_Psy_Kicks/KSHMR_Psy_Kick_13_F#.wav,Kick,0.912536,0.750892,Kick,0.97,Kick,review,full-taxonomy class precision not yet qualified for action
/Volumes/Jack_Gandy_1TB_SSD/testing-for-NITE-DSP/sample_pack_testing/Sounds of KSHMR Vol.3/KSHMR_Drums/KSHMR_Kicks/KSHMR_Psy_Kicks/KSHMR_Psy_Kick_14_G.wav,Kick,0.942668,0.808086,Kick,0.97,Kick,review,full-taxonomy class precision not yet qualified for action
/Volumes/Jack_Gandy_1TB_SSD/testing-for-NITE-DSP/sample_pack_testing/Sounds of KSHMR Vol.3/KSHMR_Drums/KSHMR_Kicks/KSHMR_Psy_Kicks/KSHMR_Psy_Kick_16_G#.wav,Kick,0.9393,0.812428,Kick,0.97,Kick,review,full-taxonomy class precision not yet qualified for action
/Volumes/Jack_Gandy_1TB_SSD/testing-for-NITE-DSP/sample_pack_testing/Sounds of KSHMR Vol.3/KSHMR_Drums/KSHMR_Kicks/KSHMR_Punchy_Kicks/KSHMR_Punchy_Kick_01_A.wav,Kick,0.94929,0.852001,Kick,0.97,Kick,review,full-taxonomy class precision not yet qualified for action
/Volumes/Jack_Gandy_1TB_SSD/testing-for-NITE-DSP/sample_pack_testing/Sounds of KSHMR Vol.3/KSHMR_Drums/KSHMR_Kicks/KSHMR_Punchy_Kicks/KSHMR_Punchy_Kick_02_A.wav,Kick,0.931646,0.778457,Kick,0.97,Kick,review,full-taxonomy class precision not yet qualified for action
/Volumes/Jack_Gandy_1TB_SSD/testing-for-NITE-DSP/sample_pack_testing/Sounds of KSHMR Vol.3/KSHMR_Drums/KSHMR_Kicks/KSHMR_Punchy_Kicks/KSHMR_Punchy_Kick_03_C#.wav,Kick,0.942743,0.806917,Kick,0.97,Kick,review,full-taxonomy class precision not yet qualified for action
/Volumes/Jack_Gandy_1TB_SSD/testing-for-NITE-DSP/sample_pack_testing/Sounds of KSHMR Vol.3/KSHMR_Drums/KSHMR_Kicks/KSHMR_Punchy_Kicks/KSHMR_Punchy_Kick_04_D.wav,Kick,0.929881,0.79316,Kick,0.97,Kick,review,full-taxonomy class precision not yet qualified for action
/Volumes/Jack_Gandy_1TB_SSD/testing-for-NITE-DSP/sample_pack_testing/Sounds of KSHMR Vol.3/KSHMR_Drums/KSHMR_Kicks/KSHMR_Punchy_Kicks/KSHMR_Punchy_Kick_05_D#.wav,Kick,0.909891,0.767806,Kick,0.97,Kick,review,full-taxonomy class precision not yet qualified for action
/Volumes/Jack_Gandy_1TB_SSD/testing-for-NITE-DSP/sample_pack_testing/Sounds of KSHMR Vol.3/KSHMR_Drums/KSHMR_Kicks/KSHMR_Punchy_Kicks/KSHMR_Punchy_Kick_06_D#.wav,Kick,0.884126,0.740551,Kick,0.97,Kick,review,full-taxonomy class precision not yet qualified for action
/Volumes/Jack_Gandy_1TB_SSD/testing-for-NITE-DSP/sample_pack_testing/Sounds of KSHMR Vol.3/KSHMR_Drums/KSHMR_Kicks/KSHMR_Punchy_Kicks/KSHMR_Punchy_Kick_08_E.wav,Kick,0.904059,0.75128,Kick,0.97,Kick,review,full-taxonomy class precision not yet qualified for action
/Volumes/Jack_Gandy_1TB_SSD/testing-for-NITE-DSP/sample_pack_testing/Sounds of KSHMR Vol.3/KSHMR_Drums/KSHMR_Kicks/KSHMR_Punchy_Kicks/KSHMR_Punchy_Kick_09_E.wav,Kick,0.914595,0.76188,Kick,0.97,Kick,review,full-taxonomy class precision not yet qualified for action
/Volumes/Jack_Gandy_1TB_SSD/testing-for-NITE-DSP/sample_pack_testing/Sounds of KSHMR Vol.3/KSHMR_Drums/KSHMR_Kicks/KSHMR_Punchy_Kicks/KSHMR_Punchy_Kick_10_E.wav,Kick,0.920944,0.760551,Kick,0.97,Kick,review,full-taxonomy class precision not yet qualified for action
/Volumes/Jack_Gandy_1TB_SSD/testing-for-NITE-DSP/sample_pack_testing/Sounds of KSHMR Vol.3/KSHMR_Drums/KSHMR_Kicks/KSHMR_Punchy_Kicks/KSHMR_Punchy_Kick_11_E.wav,Kick,0.944464,0.828822,Kick,0.97,Kick,review,full-taxonomy class precision not yet qualified for action
/Volumes/Jack_Gandy_1TB_SSD/testing-for-NITE-DSP/sample_pack_testing/Sounds of KSHMR Vol.3/KSHMR_Drums/KSHMR_Kicks/KSHMR_Punchy_Kicks/KSHMR_Punchy_Kick_12_F.wav,Kick,0.92588,0.777453,Kick,0.97,Kick,review,full-taxonomy class precision not yet qualified for action
/Volumes/Jack_Gandy_1TB_SSD/testing-for-NITE-DSP/sample_pack_testing/Sounds of KSHMR Vol.3/KSHMR_Drums/KSHMR_Kicks/KSHMR_Punchy_Kicks/KSHMR_Punchy_Kick_14_F.wav,Kick,0.929736,0.795683,Kick,0.97,Kick,review,full-taxonomy class precision not yet qualified for action
/Volumes/Jack_Gandy_1TB_SSD/testing-for-NITE-DSP/sample_pack_testing/Sounds of KSHMR Vol.3/KSHMR_Drums/KSHMR_Kicks/KSHMR_Punchy_Kicks/KSHMR_Punchy_Kick_15_F.wav,Kick,0.93911,0.799036,Kick,0.97,Kick,review,full-taxonomy class precision not yet qualified for action
/Volumes/Jack_Gandy_1TB_SSD/testing-for-NITE-DSP/sample_pack_testing/Sounds of KSHMR Vol.3/KSHMR_Drums/KSHMR_Kicks/KSHMR_Punchy_Kicks/KSHMR_Punchy_Kick_16_F.wav,Kick,0.918715,0.758637,Kick,0.97,Kick,review,full-taxonomy class precision not yet qualified for action
/Volumes/Jack_Gandy_1TB_SSD/testing-for-NITE-DSP/sample_pack_testing/Sounds of KSHMR Vol.3/KSHMR_Drums/KSHMR_Kicks/KSHMR_Punchy_Kicks/KSHMR_Punchy_Kick_17_F_Soft.wav,Kick,0.910325,0.75406,Kick,0.97,Kick,review,full-taxonomy class precision not yet qualified for action
/Volumes/Jack_Gandy_1TB_SSD/testing-for-NITE-DSP/sample_pack_testing/Sounds of KSHMR Vol.3/KSHMR_Drums/KSHMR_Kicks/KSHMR_Punchy_Kicks/KSHMR_Punchy_Kick_18_F.wav,Kick,0.898649,0.728267,Kick,0.97,Kick,review,full-taxonomy class precision not yet qualified for action
/Volumes/Jack_Gandy_1TB_SSD/testing-for-NITE-DSP/sample_pack_testing/Sounds of KSHMR Vol.3/KSHMR_Drums/KSHMR_Kicks/KSHMR_Punchy_Kicks/KSHMR_Punchy_Kick_19_F.wav,Kick,0.919866,0.788357,Kick,0.97,Kick,review,full-taxonomy class precision not yet qualified for action
/Volumes/Jack_Gandy_1TB_SSD/testing-for-NITE-DSP/sample_pack_testing/Sounds of KSHMR Vol.3/KSHMR_Drums/KSHMR_Kicks/KSHMR_Punchy_Kicks/KSHMR_Punchy_Kick_20_F.wav,Kick,0.925107,0.767994,Kick,0.97,Kick,review,full-taxonomy class precision not yet qualified for action
/Volumes/Jack_Gandy_1TB_SSD/testing-for-NITE-DSP/sample_pack_testing/Sounds of KSHMR Vol.3/KSHMR_Drums/KSHMR_Kicks/KSHMR_Punchy_Kicks/KSHMR_Punchy_Kick_21_F#.wav,Kick,0.951423,0.851342,Kick,0.97,Kick,review,full-taxonomy class precision not yet qualified for action
/Volumes/Jack_Gandy_1TB_SSD/testing-for-NITE-DSP/sample_pack_testing/Sounds of KSHMR Vol.3/KSHMR_Drums/KSHMR_Kicks/KSHMR_Punchy_Kicks/KSHMR_Punchy_Kick_22_F#.wav,Kick,0.923114,0.764155,Kick,0.97,Kick,review,full-taxonomy class precision not yet qualified for action
/Volumes/Jack_Gandy_1TB_SSD/testing-for-NITE-DSP/sample_pack_testing/Sounds of KSHMR Vol.3/KSHMR_Drums/KSHMR_Kicks/KSHMR_Punchy_Kicks/KSHMR_Punchy_Kick_23_F#.wav,Kick,0.937973,0.801109,Kick,0.97,Kick,review,full-taxonomy class precision not yet qualified for action
/Volumes/Jack_Gandy_1TB_SSD/testing-for-NITE-DSP/sample_pack_testing/Sounds of KSHMR Vol.3/KSHMR_Drums/KSHMR_Kicks/KSHMR_Punchy_Kicks/KSHMR_Punchy_Kick_24_F#_Soft.wav,Kick,0.942695,0.802032,Kick,0.97,Kick,review,full-taxonomy class precision not yet qualified for action
/Volumes/Jack_Gandy_1TB_SSD/testing-for-NITE-DSP/sample_pack_testing/Sounds of KSHMR Vol.3/KSHMR_Drums/KSHMR_Kicks/KSHMR_Punchy_Kicks/KSHMR_Punchy_Kick_25_F#.wav,Kick,0.932865,0.787444,Kick,0.97,Kick,review,full-taxonomy class precision not yet qualified for action
/Volumes/Jack_Gandy_1TB_SSD/testing-for-NITE-DSP/sample_pack_testing/Sounds of KSHMR Vol.3/KSHMR_Drums/KSHMR_Kicks/KSHMR_Punchy_Kicks/KSHMR_Punchy_Kick_26_F#.wav,Kick,0.945471,0.848462,Kick,0.97,Kick,review,full-taxonomy class precision not yet qualified for action
/Volumes/Jack_Gandy_1TB_SSD/testing-for-NITE-DSP/sample_pack_testing/Sounds of KSHMR Vol.3/KSHMR_Drums/KSHMR_Kicks/KSHMR_Punchy_Kicks/KSHMR_Punchy_Kick_27_F#.wav,Kick,0.944586,0.841938,Kick,0.97,Kick,review,full-taxonomy class precision not yet qualified for action
/Volumes/Jack_Gandy_1TB_SSD/testing-for-NITE-DSP/sample_pack_testing/Sounds of KSHMR Vol.3/KSHMR_Drums/KSHMR_Kicks/KSHMR_Punchy_Kicks/KSHMR_Punchy_Kick_28_F#.wav,Kick,0.894322,0.726341,Kick,0.97,Kick,review,full-taxonomy class precision not yet qualified for action
/Volumes/Jack_Gandy_1TB_SSD/testing-for-NITE-DSP/sample_pack_testing/Sounds of KSHMR Vol.3/KSHMR_Drums/KSHMR_Kicks/KSHMR_Punchy_Kicks/KSHMR_Punchy_Kick_29_F#.wav,Kick,0.921476,0.766604,Kick,0.97,Kick,review,full-taxonomy class precision not yet qualified for action
/Volumes/Jack_Gandy_1TB_SSD/testing-for-NITE-DSP/sample_pack_testing/Sounds of KSHMR Vol.3/KSHMR_Drums/KSHMR_Kicks/KSHMR_Punchy_Kicks/KSHMR_Punchy_Kick_30_F#.wav,Kick,0.91974,0.785362,Kick,0.97,Kick,review,full-taxonomy class precision not yet qualified for action
/Volumes/Jack_Gandy_1TB_SSD/testing-for-NITE-DSP/sample_pack_testing/Sounds of KSHMR Vol.3/KSHMR_Drums/KSHMR_Kicks/KSHMR_Punchy_Kicks/KSHMR_Punchy_Kick_31_F#.wav,Kick,0.912991,0.72202,Kick,0.97,Kick,review,full-taxonomy class precision not yet qualified for action
/Volumes/Jack_Gandy_1TB_SSD/testing-for-NITE-DSP/sample_pack_testing/Sounds of KSHMR Vol.3/KSHMR_Drums/KSHMR_Kicks/KSHMR_Punchy_Kicks/KSHMR_Punchy_Kick_32_F#.wav,Kick,0.946231,0.818384,Kick,0.97,Kick,review,full-taxonomy class precision not yet qualified for action
/Volumes/Jack_Gandy_1TB_SSD/testing-for-NITE-DSP/sample_pack_testing/Sounds of KSHMR Vol.3/KSHMR_Drums/KSHMR_Kicks/KSHMR_Punchy_Kicks/KSHMR_Punchy_Kick_33_G.wav,Kick,0.931817,0.792327,Kick,0.97,Kick,review,full-taxonomy class precision not yet qualified for action
/Volumes/Jack_Gandy_1TB_SSD/testing-for-NITE-DSP/sample_pack_testing/Sounds of KSHMR Vol.3/KSHMR_Drums/KSHMR_Kicks/KSHMR_Punchy_Kicks/KSHMR_Punchy_Kick_34_G.wav,Kick,0.901512,0.750831,Kick,0.97,Kick,review,full-taxonomy class precision not yet qualified for action
/Volumes/Jack_Gandy_1TB_SSD/testing-for-NITE-DSP/sample_pack_testing/Sounds of KSHMR Vol.3/KSHMR_Drums/KSHMR_Kicks/KSHMR_Punchy_Kicks/KSHMR_Punchy_Kick_35_G.wav,Kick,0.954757,0.853193,Kick,0.97,Kick,review,full-taxonomy class precision not yet qualified for action
/Volumes/Jack_Gandy_1TB_SSD/testing-for-NITE-DSP/sample_pack_testing/Sounds of KSHMR Vol.3/KSHMR_Drums/KSHMR_Kicks/KSHMR_Punchy_Kicks/KSHMR_Punchy_Kick_36_G_Soft.wav,Kick,0.907284,0.762585,Kick,0.97,Kick,review,full-taxonomy class precision not yet qualified for action
/Volumes/Jack_Gandy_1TB_SSD/testing-for-NITE-DSP/sample_pack_testing/Sounds of KSHMR Vol.3/KSHMR_Drums/KSHMR_Kicks/KSHMR_Punchy_Kicks/KSHMR_Punchy_Kick_37_G.wav,Kick,0.937975,0.807438,Kick,0.97,Kick,review,full-taxonomy class precision not yet qualified for action
/Volumes/Jack_Gandy_1TB_SSD/testing-for-NITE-DSP/sample_pack_testing/Sounds of KSHMR Vol.3/KSHMR_Drums/KSHMR_Kicks/KSHMR_Punchy_Kicks/KSHMR_Punchy_Kick_38_G.wav,Kick,0.941485,0.815099,Kick,0.97,Kick,review,full-taxonomy class precision not yet qualified for action
/Volumes/Jack_Gandy_1TB_SSD/testing-for-NITE-DSP/sample_pack_testing/Sounds of KSHMR Vol.3/KSHMR_Drums/KSHMR_Kicks/KSHMR_Punchy_Kicks/KSHMR_Punchy_Kick_39_G.wav,Kick,0.946975,0.827209,Kick,0.97,Kick,review,full-taxonomy class precision not yet qualified for action
/Volumes/Jack_Gandy_1TB_SSD/testing-for-NITE-DSP/sample_pack_testing/Sounds of KSHMR Vol.3/KSHMR_Drums/KSHMR_Kicks/KSHMR_Punchy_Kicks/KSHMR_Punchy_Kick_40_G.wav,Kick,0.903551,0.724362,Kick,0.97,Kick,review,full-taxonomy class precision not yet qualified for action
/Volumes/Jack_Gandy_1TB_SSD/testing-for-NITE-DSP/sample_pack_testing/Sounds of KSHMR Vol.3/KSHMR_Drums/KSHMR_Kicks/KSHMR_Punchy_Kicks/KSHMR_Punchy_Kick_41_G#.wav,Kick,0.918305,0.774294,Kick,0.97,Kick,review,full-taxonomy class precision not yet qualified for action
/Volumes/Jack_Gandy_1TB_SSD/testing-for-NITE-DSP/sample_pack_testing/Sounds of KSHMR Vol.3/KSHMR_Drums/KSHMR_Kicks/KSHMR_Punchy_Kicks/KSHMR_Punchy_Kick_42_G#.wav,Kick,0.846761,0.762428,Kick,0.97,Kick,review,full-taxonomy class precision not yet qualified for action
/Volumes/Jack_Gandy_1TB_SSD/testing-for-NITE-DSP/sample_pack_testing/Sounds of KSHMR Vol.3/KSHMR_Drums/KSHMR_Kicks/KSHMR_Punchy_Kicks/KSHMR_Punchy_Kick_43_G#.wav,Kick,0.942258,0.807377,Kick,0.97,Kick,review,full-taxonomy class precision not yet qualified for action
/Volumes/Jack_Gandy_1TB_SSD/testing-for-NITE-DSP/sample_pack_testing/Sounds of KSHMR Vol.3/KSHMR_Drums/KSHMR_Kicks/KSHMR_Punchy_Kicks/KSHMR_Punchy_Kick_44_G#_Soft.wav,Kick,0.880137,0.732594,Kick,0.97,Kick,review,full-taxonomy class precision not yet qualified for action
/Volumes/Jack_Gandy_1TB_SSD/testing-for-NITE-DSP/sample_pack_testing/Sounds of KSHMR Vol.3/KSHMR_Drums/KSHMR_Kicks/KSHMR_Signature_Kicks/KSHMR_Signature_Kick_01_Back_To_Me_C.wav,Kick,0.916032,0.760864,Kick,0.97,Kick,review,full-taxonomy class precision not yet qualified for action
/Volumes/Jack_Gandy_1TB_SSD/testing-for-NITE-DSP/sample_pack_testing/Sounds of KSHMR Vol.3/KSHMR_Drums/KSHMR_Kicks/KSHMR_Signature_Kicks/KSHMR_Signature_Kick_02_Carry_Me_Home_A.wav,Kick,0.923122,0.750249,Kick,0.97,Kick,review,full-taxonomy class precision not yet qualified for action
/Volumes/Jack_Gandy_1TB_SSD/testing-for-NITE-DSP/sample_pack_testing/Sounds of KSHMR Vol.3/KSHMR_Drums/KSHMR_Kicks/KSHMR_Signature_Kicks/KSHMR_Signature_Kick_03_Divination_G#.wav,Kick,0.891992,0.726786,Kick,0.97,Kick,review,full-taxonomy class precision not yet qualified for action
/Volumes/Jack_Gandy_1TB_SSD/testing-for-NITE-DSP/sample_pack_testing/Sounds of KSHMR Vol.3/KSHMR_Drums/KSHMR_Kicks/KSHMR_Signature_Kicks/KSHMR_Signature_Kick_04_Festival_of_Lights_D.wav,Kick,0.917431,0.76004,Kick,0.97,Kick,review,full-taxonomy class precision not yet qualified for action
/Volumes/Jack_Gandy_1TB_SSD/testing-for-NITE-DSP/sample_pack_testing/Sounds of KSHMR Vol.3/KSHMR_Drums/KSHMR_Kicks/KSHMR_Signature_Kicks/KSHMR_Signature_Kick_05_Game_of_Thrones_F#.wav,Kick,0.900602,0.746003,Kick,0.97,Kick,review,full-taxonomy class precision not yet qualified for action
/Volumes/Jack_Gandy_1TB_SSD/testing-for-NITE-DSP/sample_pack_testing/Sounds of KSHMR Vol.3/KSHMR_Drums/KSHMR_Kicks/KSHMR_Signature_Kicks/KSHMR_Signature_Kick_06_Gladiator_Kick_F#.wav,Kick,0.918295,0.740821,Kick,0.97,Kick,review,full-taxonomy class precision not yet qualified for action
/Volumes/Jack_Gandy_1TB_SSD/testing-for-NITE-DSP/sample_pack_testing/Sounds of KSHMR Vol.3/KSHMR_Drums/KSHMR_Kicks/KSHMR_Signature_Kicks/KSHMR_Signature_Kick_07_Good_Vibes_Soldier_G#.wav,Kick,0.931515,0.783498,Kick,0.97,Kick,review,full-taxonomy class precision not yet qualified for action
/Volumes/Jack_Gandy_1TB_SSD/testing-for-NITE-DSP/sample_pack_testing/Sounds of KSHMR Vol.3/KSHMR_Drums/KSHMR_Kicks/KSHMR_Signature_Kicks/KSHMR_Signature_Kick_09_Harder_A#.wav,Kick,0.911901,0.766739,Kick,0.97,Kick,review,full-taxonomy class precision not yet qualified for action
/Volumes/Jack_Gandy_1TB_SSD/testing-for-NITE-DSP/sample_pack_testing/Sounds of KSHMR Vol.3/KSHMR_Drums/KSHMR_Kicks/KSHMR_Signature_Kicks/KSHMR_Signature_Kick_12_Kolkata_F.wav,Kick,0.910409,0.746296,Kick,0.97,Kick,review,full-taxonomy class precision not yet qualified for action
/Volumes/Jack_Gandy_1TB_SSD/testing-for-NITE-DSP/sample_pack_testing/Sounds of KSHMR Vol.3/KSHMR_Drums/KSHMR_Kicks/KSHMR_Signature_Kicks/KSHMR_Signature_Kick_15_Magic_G#.wav,Kick,0.946836,0.808399,Kick,0.97,Kick,review,full-taxonomy class precision not yet qualified for action
/Volumes/Jack_Gandy_1TB_SSD/testing-for-NITE-DSP/sample_pack_testing/Sounds of KSHMR Vol.3/KSHMR_Drums/KSHMR_Kicks/KSHMR_Signature_Kicks/KSHMR_Signature_Kick_16_Mandala_E.wav,Kick,0.919879,0.750794,Kick,0.97,Kick,review,full-taxonomy class precision not yet qualified for action
/Volumes/Jack_Gandy_1TB_SSD/testing-for-NITE-DSP/sample_pack_testing/Sounds of KSHMR Vol.3/KSHMR_Drums/KSHMR_Kicks/KSHMR_Signature_Kicks/KSHMR_Signature_Kick_18_Power_F.wav,Kick,0.930823,0.789574,Kick,0.97,Kick,review,full-taxonomy class precision not yet qualified for action
/Volumes/Jack_Gandy_1TB_SSD/testing-for-NITE-DSP/sample_pack_testing/Sounds of KSHMR Vol.3/KSHMR_Drums/KSHMR_Kicks/KSHMR_Signature_Kicks/KSHMR_Signature_Kick_19_Shiva_D#.wav,Kick,0.890251,0.717963,Kick,0.97,Kick,review,full-taxonomy class precision not yet qualified for action
/Volumes/Jack_Gandy_1TB_SSD/testing-for-NITE-DSP/sample_pack_testing/Sounds of KSHMR Vol.3/KSHMR_Drums/KSHMR_Kicks/KSHMR_Signature_Kicks/KSHMR_Signature_Kick_20_Strange_Lands_G#.wav,Kick,0.928348,0.777723,Kick,0.97,Kick,review,full-taxonomy class precision not yet qualified for action
/Volumes/Jack_Gandy_1TB_SSD/testing-for-NITE-DSP/sample_pack_testing/Sounds of KSHMR Vol.3/KSHMR_Drums/KSHMR_Kicks/KSHMR_Signature_Kicks/KSHMR_Signature_Kick_24_Underwater_C#.wav,Kick,0.930737,0.776929,Kick,0.97,Kick,review,full-taxonomy class precision not yet qualified for action
/Volumes/Jack_Gandy_1TB_SSD/testing-for-NITE-DSP/sample_pack_testing/Sounds of KSHMR Vol.3/KSHMR_Drums/KSHMR_Snares/KSHMR_Tight_Snares/KSHMR_Tight_Snare_03_A.wav,Snare,0.836575,0.742539,Snare,0.92,Snare,review,full-taxonomy class precision not yet qualified for action
/Volumes/Jack_Gandy_1TB_SSD/testing-for-NITE-DSP/sample_pack_testing/Sounds of KSHMR Vol.3/KSHMR_Drums/KSHMR_Snares/KSHMR_Tight_Snares/KSHMR_Tight_Snare_13_C.wav,Snare,0.841989,0.756196,Snare,0.92,Snare,review,full-taxonomy class precision not yet qualified for action
/Volumes/Jack_Gandy_1TB_SSD/testing-for-NITE-DSP/sample_pack_testing/Sounds of KSHMR Vol.3/KSHMR_Drums/KSHMR_Snares/KSHMR_Tight_Snares/KSHMR_Tight_Snare_18_D#.wav,Snare,0.832085,0.726525,Snare,0.92,Snare,review,full-taxonomy class precision not yet qualified for action
/Volumes/Jack_Gandy_1TB_SSD/testing-for-NITE-DSP/sample_pack_testing/Sounds of KSHMR Vol.3/KSHMR_Drums/KSHMR_Snares/KSHMR_Tight_Snares/KSHMR_Tight_Snare_24_E.wav,Snare,0.846538,0.784695,Snare,0.92,Snare,review,full-taxonomy class precision not yet qualified for action
/Volumes/Jack_Gandy_1TB_SSD/testing-for-NITE-DSP/sample_pack_testing/Sounds of KSHMR Vol.3/KSHMR_Drums/KSHMR_Snares/KSHMR_Tight_Snares/KSHMR_Tight_Snare_34_F#.wav,Snare,0.838596,0.720881,Snare,0.92,Snare,review,full-taxonomy class precision not yet qualified for action
/Volumes/Jack_Gandy_1TB_SSD/testing-for-NITE-DSP/sample_pack_testing/Sounds of KSHMR Vol.3/KSHMR_Drums/KSHMR_Snares/KSHMR_Tight_Snares/KSHMR_Tight_Snare_41_G#.wav,Snare,0.843961,0.762126,Snare,0.92,Snare,review,full-taxonomy class precision not yet qualified for action
/Volumes/Jack_Gandy_1TB_SSD/testing-for-NITE-DSP/sample_pack_testing/Sounds of KSHMR Vol.3/KSHMR_Synths/KSHMR_Bass_PsyTrance/KSHMR_Psy_Bass_One_Shots/KSHMR_Psy_Bass_10_D.wav,Kick,0.909219,0.759999,Kick,0.90333,,review,full-taxonomy class precision not yet qualified for action
/Volumes/Jack_Gandy_1TB_SSD/testing-for-NITE-DSP/sample_pack_testing/Sounds of KSHMR Vol.3/KSHMR_VIP_Friends_of_KSHMR/7SKIES/7SKIES_Kick_F#.wav,Kick,0.943425,0.802367,Kick,0.97,Kick,review,full-taxonomy class precision not yet qualified for action
/Volumes/Jack_Gandy_1TB_SSD/testing-for-NITE-DSP/sample_pack_testing/Sounds of KSHMR Vol.3/KSHMR_VIP_Friends_of_KSHMR/BASSJACKERS/BASSJACKERS_Kick_Zero.wav,Kick,0.936914,0.780304,Kick,0.97,Kick,review,full-taxonomy class precision not yet qualified for action
/Volumes/Jack_Gandy_1TB_SSD/testing-for-NITE-DSP/sample_pack_testing/Sounds of KSHMR Vol.3/KSHMR_VIP_Friends_of_KSHMR/CROSSNADERS/CROSSNADERS_Kick_Poizen_F.wav,Kick,0.836387,0.741365,Kick,0.97,Kick,review,full-taxonomy class precision not yet qualified for action
/Volumes/Jack_Gandy_1TB_SSD/testing-for-NITE-DSP/sample_pack_testing/Sounds of KSHMR Vol.3/KSHMR_VIP_Friends_of_KSHMR/HARDWELL/HARDWELL_Spaceman_Kick.wav,Kick,0.938085,0.793371,Kick,0.97,Kick,review,full-taxonomy class precision not yet qualified for action
/Volumes/Jack_Gandy_1TB_SSD/testing-for-NITE-DSP/sample_pack_testing/Sounds of KSHMR Vol.3/KSHMR_VIP_Friends_of_KSHMR/LUIS_TORRES/LUIS_TORRES_Home_Kick.wav,Kick,0.919089,0.759305,Kick,0.97,Kick,review,full-taxonomy class precision not yet qualified for action
/Volumes/Jack_Gandy_1TB_SSD/testing-for-NITE-DSP/sample_pack_testing/Sounds of KSHMR Vol.3/KSHMR_VIP_Friends_of_KSHMR/MAURICE_WEST/MAURICE_WEST_Voices_In_My_Head_Kick_G#.wav,Kick,0.924669,0.757007,Kick,0.97,Kick,review,full-taxonomy class precision not yet qualified for action
/Volumes/Jack_Gandy_1TB_SSD/testing-for-NITE-DSP/sample_pack_testing/Sounds of KSHMR Vol.3/KSHMR_VIP_Friends_of_KSHMR/RADIOLOGY/RADIOLOGY_Monsta_Kick_G.wav,Kick,0.947519,0.810176,Kick,0.97,Kick,review,full-taxonomy class precision not yet qualified for action
/Volumes/Jack_Gandy_1TB_SSD/testing-for-NITE-DSP/sample_pack_testing/Sounds of KSHMR Vol.3/KSHMR_VIP_Friends_of_KSHMR/ZEDD/ZEDD_Kick_02.wav,Kick,0.927504,0.74594,Kick,0.97,Kick,review,full-taxonomy class precision not yet qualified for action
/Volumes/Jack_Gandy_1TB_SSD/testing-for-NITE-DSP/sample_pack_testing/Sounds of KSHMR Vol.3/KSHMR_VIP_Friends_of_KSHMR/ZEDD/ZEDD_Kick_clean_Happy_Now.wav,Kick,0.937303,0.819063,Kick,0.97,Kick,review,full-taxonomy class precision not yet qualified for action
