boundary_pair,collection,path,filename_class,full_taxonomy_class,full_taxonomy_confidence,full_taxonomy_similarity,fused_taxonomy_class,fusion_source,old_audio_class,old_audio_confidence,accepted_at_calibrated_95,human_label,human_note,waveform_evidence,attack_ms,decay_seconds,sub_energy_ratio,pitch_drop_cents,beating_rate_hz,spectral_purity,harmonicity,transient_strength,noise_tonal_ratio,stereo_width
Bass Hit  vs  Downlifter,Sounds of KSHMR Vol.3,/Volumes/Jack_Gandy_1TB_SSD/testing-for-NITE-DSP/sample_pack_testing/Sounds of KSHMR Vol.3/KSHMR_FX_Elements/KSHMR_Sub_Drops/KSHMR_Sub_Drop_11_F#.wav,Downlifter,Bass Hit,0.219903,0.369784,Bass Hit,full_taxonomy_audio,Kick,0.83667,False,,,strong sub energy (50% below 60Hz); 2250-cent downward pitch glide; long 3.8s decay,64.0,3.816,0.500056,2250.0,0.581395,0.181465,0.0,13.270943,0.001506,0.005979
Bass Hit  vs  Foley,MGF Mega Pack,/Volumes/Jack_Gandy_1TB_SSD/testing-for-NITE-DSP/sample_pack_testing/MGF Mega Pack/Misc + Found Sound/Household Percussion April 2016/HOUSEHOLD_022.wav,Foley,Bass Hit,0.138402,0.241716,Bass Hit,full_taxonomy_audio,Kick,0.78667,False,,,strong sub energy (86% below 60Hz),56.0,0.592,0.861287,90.0,0.664894,0.544251,0.0,15.749004,4e-05,0.0
Bass Hit  vs  Kick,Drum Recollection,/Volumes/Jack_Gandy_1TB_SSD/testing-for-NITE-DSP/sample_pack_testing/Drum Recollection/2023 Drums (Demo)/(808) Me.wav,Kick,Bass Hit,0.132182,0.20277,Kick,trusted_filename_override,Kick,0.97,False,,,strong sub energy (71% below 60Hz); noisy rather than tonal,40.0,0.968,0.710157,-660.0,0.581395,0.371146,0.5,17.710239,0.284897,0.042676
Bass Hit  vs  Loop,Loaded Samples - Lo-Fi Memphis 2,/Volumes/Jack_Gandy_1TB_SSD/testing-for-NITE-DSP/sample_pack_testing/Loaded Samples - Lo-Fi Memphis 2/MELODIES (X3 & DR5)/Stems (OG Versions)/OGSTEM_Still Mobbin #5 [73 BPM] (F#).wav,Loop,Bass Hit,0.178049,0.411822,Bass Hit,full_taxonomy_audio,Percussion Loop,0.83333,False,,,680-cent downward pitch glide; long 4.4s decay; clear harmonic series (f0 46Hz),736.0,4.376,0.335902,680.0,0.69944,0.268944,0.75,52.184956,1.2e-05,0.005412
Bass Hit  vs  Organ,MGF Mega Pack,/Volumes/Jack_Gandy_1TB_SSD/testing-for-NITE-DSP/sample_pack_testing/MGF Mega Pack/Retro Digital Collection/Bass/DX11 E Organ 1 - C1.wav,Organ,Bass Hit,0.26084,0.466618,Bass Hit,full_taxonomy_audio,Kick,0.78,False,,,470-cent downward pitch glide; long 3.4s decay; clear harmonic series (f0 33Hz),32.0,3.44,0.240177,470.0,0.804721,0.147388,1.0,39.957714,0.007698,0.0
Bass Hit  vs  Pluck,Sounds of KSHMR Vol.3,/Volumes/Jack_Gandy_1TB_SSD/testing-for-NITE-DSP/sample_pack_testing/Sounds of KSHMR Vol.3/KSHMR_Synths/KSHMR_Bass_Shots/KSHMR_Bass_Pluck/KSHMR_Bass_Pluck_10_E.wav,Pluck,Bass Hit,0.237796,0.348427,Bass Hit,full_taxonomy_audio,Kick,0.80667,False,,,detuned beating at 2.4Hz; clear harmonic series (f0 41Hz),368.0,0.432,0.259184,-80.0,2.403846,0.154037,1.0,17.424051,1e-06,0.087419
Bass Hit  vs  Vocal Chop,Loaded Samples - Lo-Fi Memphis 2,/Volumes/Jack_Gandy_1TB_SSD/testing-for-NITE-DSP/sample_pack_testing/Loaded Samples - Lo-Fi Memphis 2/MELODY CHOPS/CHOP_Halloween '94 #1 (C#).wav,Vocal Chop,Bass Hit,0.549175,0.491573,Bass Hit,full_taxonomy_audio,Kick,0.78,False,,,detuned beating at 1.5Hz; clear harmonic series (f0 35Hz),32.0,0.464,0.224531,-40.0,1.453488,0.191445,0.916667,20.518469,1.5e-05,0.0
Bass Loop  vs  Drum Fill,Sounds of KSHMR Vol.3,/Volumes/Jack_Gandy_1TB_SSD/testing-for-NITE-DSP/sample_pack_testing/Sounds of KSHMR Vol.3/KSHMR_Fills/KSHMR_Signature_Fills/KSHMR_Signature_Fill_09_Dead_Mans_Hand_3_128.wav,Drum Fill,Bass Loop,0.122213,0.178857,Bass Loop,full_taxonomy_audio,Percussion Loop,0.81,False,,,detuned beating at 8.5Hz; wide stereo image,624.0,0.608,5e-06,0.0,8.528785,0.268823,0.333333,15.632738,0.087865,0.31698
Bass Loop  vs  Drum Loop,Breaks,/Volumes/Jack_Gandy_1TB_SSD/testing-for-NITE-DSP/sample_pack_testing/Breaks/The Drum Broker - International Breaks & Essential Kicks/The Drum Broker - International Breaks 3/7 FIRES BKK BREAK_5.wav,Drum Loop,Bass Loop,0.128215,0.175876,Drum Loop,trusted_filename_override,Drum Loop,0.78,False,,,detuned beating at 3.0Hz; clear harmonic series (f0 0Hz),176.0,0.088,0.101921,0.0,2.976191,0.3488,0.75,10.178379,0.018997,0.149324
Bass Loop  vs  Foley,MGF Mega Pack,/Volumes/Jack_Gandy_1TB_SSD/testing-for-NITE-DSP/sample_pack_testing/MGF Mega Pack/Misc + Found Sound/Household Percussion April 2016/HOUSEHOLD_271.wav,Foley,Bass Loop,0.333745,0.411641,Bass Loop,full_taxonomy_audio,Percussion Loop,0.75667,False,,,300-cent downward pitch glide; detuned beating at 4.5Hz; clear harmonic series (f0 62Hz),600.0,0.056,0.083798,300.0,4.530917,0.117302,0.666667,16.980629,0.007124,0.0
Bass Loop  vs  Guitar,Koan Sound,/Volumes/Jack_Gandy_1TB_SSD/testing-for-NITE-DSP/sample_pack_testing/Koan Sound/Koan Sound Samples/ks-samples-01/Bass Guitar Stab 2_F.wav,Guitar,Bass Loop,0.270772,0.343344,Bass Loop,full_taxonomy_audio,Kick,0.77,False,,,strong sub energy (92% below 60Hz); 890-cent downward pitch glide; long 3.6s decay; near-pure sine (83% of energy at the fundamental); clear harmonic series (f0 44Hz),80.0,3.648,0.91718,890.0,0.747012,0.832675,0.666667,26.531288,0.000379,0.042157
Bass Loop  vs  Impact,Loaded Samples - Lo-Fi Memphis 2,/Volumes/Jack_Gandy_1TB_SSD/testing-for-NITE-DSP/sample_pack_testing/Loaded Samples - Lo-Fi Memphis 2/MELODIES (X3 & DR5)/Stems (Cassette Processed)/STEM_Impact Pt2 #5 [71 BPM] (D).wav,Impact,Bass Loop,0.385971,0.500109,Bass Loop,full_taxonomy_audio,Kick,0.80333,False,,,560-cent downward pitch glide; detuned beating at 2.4Hz; clear harmonic series (f0 37Hz),240.0,0.856,0.320496,560.0,2.398082,0.128452,0.833333,31.813406,0.180264,0.029048
Bass Loop  vs  Kick,Drum Recollection,/Volumes/Jack_Gandy_1TB_SSD/testing-for-NITE-DSP/sample_pack_testing/Drum Recollection/Essentials Drum Kit Vol. 001/808s/CTM 808 (Without Kick).wav,Kick,Bass Loop,0.115141,0.19343,Kick,trusted_filename_override,Kick,0.97,False,,,strong sub energy (98% below 60Hz); long 1.4s decay; near-pure sine (90% of energy at the fundamental); clear harmonic series (f0 35Hz); noisy rather than tonal,32.0,1.384,0.97639,40.0,0.618812,0.901423,0.666667,10.01425,0.297587,0.045226
Bass Loop  vs  Loop,Loaded Samples - Lo-Fi Memphis 2,/Volumes/Jack_Gandy_1TB_SSD/testing-for-NITE-DSP/sample_pack_testing/Loaded Samples - Lo-Fi Memphis 2/MELODIES (X3 & DR5)/Stems (Cassette Processed)/STEM_Violence #5 [72 BPM] (F).wav,Loop,Bass Loop,0.124621,0.265739,Bass Loop,full_taxonomy_audio,Percussion Loop,0.8,False,,,strong sub energy (51% below 60Hz); clear harmonic series (f0 39Hz); noisy rather than tonal,440.0,0.248,0.506201,-90.0,0.932836,0.222359,0.75,59.273026,0.386168,0.0
Bass Loop  vs  Percussion,Breaks,/Volumes/Jack_Gandy_1TB_SSD/testing-for-NITE-DSP/sample_pack_testing/Breaks/The Drum Broker - International Breaks & Essential Kicks/The Drum Broker - International Breaks 5/MARCH TOMS_3.wav,Percussion,Bass Loop,0.144406,0.212667,Bass Loop,full_taxonomy_audio,Drum Loop,0.88333,False,,,noisy rather than tonal,152.0,0.088,0.043751,-30.0,0.977517,0.234325,0.5,44.298271,0.237533,0.29819
Bass Loop  vs  Piano,Capsun ProAudio - City Pop,/Volumes/Jack_Gandy_1TB_SSD/testing-for-NITE-DSP/sample_pack_testing/Capsun ProAudio - City Pop/Loops/Melodic_Loops/Melodic_Stack_no_keys/CPA_TCP_77_melodic_stack_careful_no_keys_D.wav,Piano,Bass Loop,0.240959,0.435465,Bass Loop,full_taxonomy_audio,Percussion Loop,0.76667,False,,,detuned beating at 1.5Hz,1392.0,0.48,0.013795,-180.0,1.498801,0.389042,0.555556,19.478872,0.000858,0.100759
Bass Loop  vs  Pluck,IMANU,/Volumes/Jack_Gandy_1TB_SSD/testing-for-NITE-DSP/sample_pack_testing/IMANU/IMANU Patreon May 2022 Samples/radiohead ttype pluck Fm 118_2.wav,Pluck,Bass Loop,0.2672,0.42413,Bass Loop,full_taxonomy_audio,Percussion Loop,0.84,False,,,detuned beating at 1.8Hz; clear harmonic series (f0 52Hz); noisy rather than tonal,40.0,0.176,0.003782,-2800.0,1.798561,0.00291,0.666667,49.846466,0.219026,0.064754
Bass Loop  vs  Ride,Loaded Samples - Lo-Fi Memphis 2,/Volumes/Jack_Gandy_1TB_SSD/testing-for-NITE-DSP/sample_pack_testing/Loaded Samples - Lo-Fi Memphis 2/MELODIES (X3 & DR5)/Stems (Cassette Processed)/STEM_Strap In the Ride #5 [72 BPM] (C#).wav,Ride,Bass Loop,0.222569,0.381477,Bass Loop,full_taxonomy_audio,Percussion Loop,0.75667,False,,,strong sub energy (50% below 60Hz); clear harmonic series (f0 35Hz),3160.0,0.632,0.50046,-910.0,0.666311,0.312076,0.916667,52.862671,0.037285,0.0
Bass Loop  vs  Strings,Sounds of KSHMR Vol.3,/Volumes/Jack_Gandy_1TB_SSD/testing-for-NITE-DSP/sample_pack_testing/Sounds of KSHMR Vol.3/KSHMR_Live_Instruments/KSHMR_Orchestral_Instruments/KSHMR_Strings/KSHMR_String_Loops/KSHMR_String_Loop_19_140_Em.wav,Strings,Bass Loop,0.14434,0.292501,Bass Loop,full_taxonomy_audio,Percussion Loop,0.76667,False,,,770-cent downward pitch glide; detuned beating at 1.2Hz; long 3.5s decay; clear harmonic series (f0 82Hz); wide stereo image,3336.0,3.496,0.005638,770.0,1.165501,0.483398,0.666667,7.157098,0.000474,0.333872
Bass Reese  vs  Clap,Mike Shinoda Drums,/Volumes/Jack_Gandy_1TB_SSD/testing-for-NITE-DSP/sample_pack_testing/Mike Shinoda Drums/MS BEATS/Airborne Samples/BigBuzz Eb1 CLP.wav,Clap,Bass Reese,0.168292,0.255339,Clap,trusted_filename_override,Clap,0.9,False,,,detuned beating at 1.3Hz; clear harmonic series (f0 80Hz),936.0,0.456,0.006167,-10.0,1.315789,0.742443,1.0,4.455783,0.002944,0.151473
Bass Reese  vs  Lead,MGF Mega Pack,/Volumes/Jack_Gandy_1TB_SSD/testing-for-NITE-DSP/sample_pack_testing/MGF Mega Pack/Multisamples/MGF Juno 106 1/PWM Lead/PWM Lead - F#1.wav,Lead,Bass Reese,0.18799,0.350929,Bass Reese,full_taxonomy_audio,Percussion Loop,0.82,False,,,detuned beating at 3.1Hz; long 4.6s decay; clear harmonic series (f0 93Hz),40.0,4.64,0.000209,-40.0,3.057554,0.719079,1.0,13.182607,0.002525,0.0
Bass Reese  vs  Loop,Loaded Samples - Lo-Fi Memphis 2,/Volumes/Jack_Gandy_1TB_SSD/testing-for-NITE-DSP/sample_pack_testing/Loaded Samples - Lo-Fi Memphis 2/MELODIES (X3 & DR5)/Loops (Cassette Processed)/Rage DR5 #2 [76 BPM] (D).wav,Loop,Bass Reese,0.169116,0.395793,Bass Reese,full_taxonomy_audio,Percussion Loop,0.8,False,,,strong sub energy (58% below 60Hz); detuned beating at 1.6Hz; long 3.8s decay; clear harmonic series (f0 41Hz),696.0,3.768,0.580186,-670.0,1.582278,0.390326,0.916667,6.899742,0.000114,0.091347
Bass Reese  vs  Pluck,MGF Mega Pack,/Volumes/Jack_Gandy_1TB_SSD/testing-for-NITE-DSP/sample_pack_testing/MGF Mega Pack/Multisamples/MGF Sub Phatty 1/Slight Pluck Lead/Slight Pluck Lead-1 F#1.wav,Pluck,Bass Reese,0.187785,0.364206,Bass Reese,full_taxonomy_audio,Percussion Loop,0.79,False,,,1060-cent downward pitch glide; detuned beating at 2.2Hz; long 4.8s decay; clear harmonic series (f0 92Hz),144.0,4.76,0.000114,1060.0,2.155172,0.657765,1.0,8.044945,0.00095,0.0
Chord Loop  vs  Brass,Sounds of KSHMR Vol.3,/Volumes/Jack_Gandy_1TB_SSD/testing-for-NITE-DSP/sample_pack_testing/Sounds of KSHMR Vol.3/KSHMR_Live_Instruments/KSHMR_Orchestral_Instruments/KSHMR_Brass/KSHMR_Brass_Loops/KSHMR_Brass_Loop_08_128_Dm.wav,Brass,Chord Loop,0.204457,0.373261,Chord Loop,full_taxonomy_audio,Percussion Loop,0.87333,False,,,long 1.8s decay; clear harmonic series (f0 73Hz); wide stereo image,1944.0,1.784,0.003019,-720.0,0.533049,0.021463,0.666667,4.446534,7.4e-05,0.387263
Chord Loop  vs  Crash,Minimal Audio,/Volumes/Jack_Gandy_1TB_SSD/testing-for-NITE-DSP/sample_pack_testing/Minimal Audio/ELEMENT/5 - Deep Textures/Texture - Bowed Cymbal Low.wav,Crash,Chord Loop,0.289695,0.463719,Crash,trusted_filename_override,Crash,0.89,False,,,1630-cent downward pitch glide; long 5.2s decay; clear harmonic series (f0 43Hz),3944.0,5.152,0.127157,1630.0,3.397282,0.076966,0.666667,5.7378,1e-05,0.285089
Chord Loop  vs  Drum Loop,Breaks,/Volumes/Jack_Gandy_1TB_SSD/testing-for-NITE-DSP/sample_pack_testing/Breaks/Laidback Breaks/deergha break.wav,Drum Loop,Chord Loop,0.105584,0.215308,Drum Loop,trusted_filename_override,Drum Loop,0.78,False,,,strong sub energy (38% below 60Hz); detuned beating at 1.3Hz; clear harmonic series (f0 54Hz),5448.0,0.872,0.382217,-490.0,1.298961,0.326663,0.636364,9.768681,0.007717,0.116818
Chord Loop  vs  Foley,Sounds of KSHMR Vol.3,/Volumes/Jack_Gandy_1TB_SSD/testing-for-NITE-DSP/sample_pack_testing/Sounds of KSHMR Vol.3/KSHMR_Song_Starters/KSHMR_Song_Starters_Hip_Hop/KSHMR_Song_Starter_Hip_Hop_Holy_Water_104_Dm.wav,Foley,Chord Loop,0.354901,0.518264,Chord Loop,full_taxonomy_audio,Percussion Loop,0.76333,False,,,3830-cent downward pitch glide,9392.0,0.152,0.00151,3830.0,0.59952,0.235945,0.166667,10.86784,0.001494,0.27828
Chord Loop  vs  Guitar,Capsun ProAudio - City Pop,/Volumes/Jack_Gandy_1TB_SSD/testing-for-NITE-DSP/sample_pack_testing/Capsun ProAudio - City Pop/Loops/Melodic_Loops/Melodic_Stack_no_guitar/CPA_TCP_105_melodic_stack_breeze_no_guitar_F#m.wav,Guitar,Chord Loop,0.356352,0.493541,Chord Loop,full_taxonomy_audio,Percussion Loop,0.80333,False,,,detuned beating at 2.8Hz,3760.0,0.16,0.006604,0.0,2.797762,0.077686,0.5,17.467129,1.6e-05,0.065328
Chord Loop  vs  Impact,Minimal Audio,/Volumes/Jack_Gandy_1TB_SSD/testing-for-NITE-DSP/sample_pack_testing/Minimal Audio/ELEMENT/3 - Bass Loops/Bass - Boom Payback - G - 78 BPM.wav,Impact,Chord Loop,0.214847,0.344915,Chord Loop,full_taxonomy_audio,Percussion Loop,0.76333,False,,,2170-cent downward pitch glide; long 2.7s decay; clear harmonic series (f0 49Hz),112.0,2.664,0.324622,2170.0,0.649351,0.109851,1.0,8.75298,2.2e-05,0.171139
Chord Loop  vs  Kick,Drum Recollection,/Volumes/Jack_Gandy_1TB_SSD/testing-for-NITE-DSP/sample_pack_testing/Drum Recollection/2023 Drums/(808) Me.wav,Kick,Chord Loop,0.110423,0.169444,Kick,trusted_filename_override,Kick,0.97,False,,,strong sub energy (71% below 60Hz); noisy rather than tonal,40.0,0.968,0.710157,-660.0,0.581395,0.371146,0.5,17.710239,0.284897,0.042676
Chord Loop  vs  Lead,IMANU,/Volumes/Jack_Gandy_1TB_SSD/testing-for-NITE-DSP/sample_pack_testing/IMANU/IMANU Patreon June 2024 Samples /Mysterious lead Aharmm.wav,Lead,Chord Loop,0.324838,0.52586,Chord Loop,full_taxonomy_audio,Percussion Loop,0.83,False,,,long 2.9s decay,6992.0,2.928,0.008022,-3530.0,0.899281,0.160503,0.25,10.442806,0.000127,0.236369
Chord Loop  vs  Loop,Breaks,/Volumes/Jack_Gandy_1TB_SSD/testing-for-NITE-DSP/sample_pack_testing/Breaks/The Drum Broker - Kingsway Music Library 2/03 CHBLAP65bpm.wav,Loop,Chord Loop,0.210681,0.380592,Chord Loop,full_taxonomy_audio,Percussion Loop,0.81667,False,,,no distinctive acoustic evidence,72.0,0.472,0.000216,-2640.0,0.799361,0.167206,0.166667,5.810172,5.7e-05,0.05048
Chord Loop  vs  Organ,Loaded Samples - Lo-Fi Memphis 2,/Volumes/Jack_Gandy_1TB_SSD/testing-for-NITE-DSP/sample_pack_testing/Loaded Samples - Lo-Fi Memphis 2/MELODIES (X3 & DR5)/Stems (OG Versions)/OGSTEM_Organ Donor #1 [75 BPM] (B).wav,Organ,Chord Loop,0.270395,0.441422,Chord Loop,full_taxonomy_audio,Percussion Loop,0.82667,False,,,detuned beating at 3.5Hz; clear harmonic series (f0 92Hz),24.0,0.632,0.0003,-50.0,3.468369,0.302773,0.636364,32.305355,0.097675,0.0
Chord Loop  vs  Pad,Capsun ProAudio - City Pop,/Volumes/Jack_Gandy_1TB_SSD/testing-for-NITE-DSP/sample_pack_testing/Capsun ProAudio - City Pop/Loops/Melodic_Loops/Synth/CPA_TCP_110_synth_pad_deep_diver_Cm.wav,Pad,Chord Loop,0.482378,0.61816,Chord Loop,full_taxonomy_audio,Percussion Loop,0.80333,False,,,1210-cent downward pitch glide; detuned beating at 1.6Hz; wide stereo image,48.0,0.616,1e-06,1210.0,1.598721,0.001116,0.416667,11.669024,1.2e-05,0.506938
Chord Loop  vs  Percussion Loop,Loaded Samples - Lo-Fi Memphis 2,/Volumes/Jack_Gandy_1TB_SSD/testing-for-NITE-DSP/sample_pack_testing/Loaded Samples - Lo-Fi Memphis 2/DRUMS & PERC LOOPS/808 Clave Loop #7 [65BPM] (D#).wav,Percussion Loop,Chord Loop,0.154838,0.255365,Percussion Loop,trusted_filename_override,Percussion Loop,1.0,False,,,detuned beating at 1.1Hz; long 1.7s decay,696.0,1.72,0.000355,-710.0,1.082251,0.001244,0.3,16.597399,0.001279,0.0
Chord Loop  vs  Piano,Capsun ProAudio - City Pop,/Volumes/Jack_Gandy_1TB_SSD/testing-for-NITE-DSP/sample_pack_testing/Capsun ProAudio - City Pop/Loops/Melodic_Loops/Melodic_Stack_no_keys/CPA_TCP_77_melodic_stack_careless_no_keys_D.wav,Piano,Chord Loop,0.278326,0.443369,Chord Loop,full_taxonomy_audio,Percussion Loop,0.78333,False,,,470-cent downward pitch glide,4104.0,0.224,0.04358,470.0,0.59952,0.098875,0.416667,14.946946,0.000125,0.142749
Chord Loop  vs  Pluck,IMANU,/Volumes/Jack_Gandy_1TB_SSD/testing-for-NITE-DSP/sample_pack_testing/IMANU/IMANU Patreon January 2022 Samples/Random Delay Pluck G#m.wav,Pluck,Chord Loop,0.306324,0.501127,Chord Loop,full_taxonomy_audio,Percussion Loop,0.84667,False,,,670-cent downward pitch glide; long 3.1s decay,1992.0,3.056,0.002317,670.0,0.59952,0.00135,0.583333,40.152042,3.7e-05,0.202832
Chord Loop  vs  Rimshot,Minimal Audio,/Volumes/Jack_Gandy_1TB_SSD/testing-for-NITE-DSP/sample_pack_testing/Minimal Audio/ELEMENT/1 - Drums/1 - Drum Loops/3 - Snare Loops/Rimshot - Dub Ya - 78 BPM.wav,Rimshot,Chord Loop,0.199554,0.283282,Chord Loop,full_taxonomy_audio,Percussion Loop,0.78,False,,,1330-cent downward pitch glide; detuned beating at 1.3Hz; sharp transient,0.0,0.552,9.4e-05,1330.0,1.298961,0.053656,0.25,55.78112,0.012283,0.226997
Chord Loop  vs  Snare,Old Movies 1 - Vintage Collection (Drum Kit),/Volumes/Jack_Gandy_1TB_SSD/testing-for-NITE-DSP/sample_pack_testing/Old Movies 1 - Vintage Collection (Drum Kit)/Snares/Snare 4.wav,Snare,Chord Loop,0.192783,0.246945,Snare,trusted_filename_override,Snare,0.92,False,,,no distinctive acoustic evidence,24.0,0.288,0.0,0.0,0.550661,0.287981,0.333333,5.81515,0.002953,0.102885
Chord Loop  vs  Strings,MGF Mega Pack,/Volumes/Jack_Gandy_1TB_SSD/testing-for-NITE-DSP/sample_pack_testing/MGF Mega Pack/Analogue Collection/Chords - Pads/JX3P Strings D5 CMaj7.wav,Strings,Chord Loop,0.232784,0.431186,Chord Loop,full_taxonomy_audio,Percussion Loop,0.79333,False,,,detuned beating at 3.0Hz; clear harmonic series (f0 42Hz),8688.0,0.8,2.8e-05,50.0,2.997602,9e-06,0.916667,3.028615,0.00044,0.0
Chord Loop  vs  Vocal Chop,Loaded Samples - Lo-Fi Memphis 2,/Volumes/Jack_Gandy_1TB_SSD/testing-for-NITE-DSP/sample_pack_testing/Loaded Samples - Lo-Fi Memphis 2/MELODY CHOPS/CHOP_Kickin It #1 (C#).wav,Vocal Chop,Chord Loop,0.324885,0.566438,Chord Loop,full_taxonomy_audio,Percussion Loop,0.82,False,,,detuned beating at 1.6Hz; long 6.0s decay; clear harmonic series (f0 138Hz),648.0,6.024,1e-05,20.0,1.621622,3.9e-05,1.0,6.196858,0.043179,0.0
Clap  vs  Drum Loop,Breaks,/Volumes/Jack_Gandy_1TB_SSD/testing-for-NITE-DSP/sample_pack_testing/Breaks/Laidback Breaks/datnew break - 10.wav,Drum Loop,Clap,0.321459,0.527341,Drum Loop,trusted_filename_override,Drum Loop,0.78,False,,,detuned beating at 1.5Hz; clear harmonic series (f0 62Hz),16.0,0.088,0.0038,-40.0,1.470588,0.00991,1.0,23.926907,0.180967,4.2e-05
Clap  vs  Hi-Hat,Just Jared - OP1 Drums,/Volumes/Jack_Gandy_1TB_SSD/testing-for-NITE-DSP/sample_pack_testing/Just Jared - OP1 Drums/Hihats/Just Jared - OP1 Drums Hihat 15.1.wav,Hi-Hat,Clap,0.279681,0.444036,Hi-Hat,trusted_filename_override,Hi-Hat,0.94,False,,,sharp transient; noisy rather than tonal,0.0,0.032,0.0,0.0,0.0,0.323907,0.083333,22.119534,0.282141,0.013195
Clap  vs  Kick,Loaded Samples - Lo-Fi Memphis 2,/Volumes/Jack_Gandy_1TB_SSD/testing-for-NITE-DSP/sample_pack_testing/Loaded Samples - Lo-Fi Memphis 2/DRUMS/Perc/LFM2_Clap 808_REV (3).wav,Kick,Clap,0.261564,0.322768,Kick,trusted_filename_override,Kick,0.97,False,,,noisy rather than tonal,24.0,0.224,0.00228,0.0,0.668449,0.195736,0.083333,11.355112,0.360535,0.0
Clap  vs  Loop,Sounds of KSHMR Vol.3,/Volumes/Jack_Gandy_1TB_SSD/testing-for-NITE-DSP/sample_pack_testing/Sounds of KSHMR Vol.3/KSHMR_Drums_Loops/KSHMR_Drum_Loops_Full/KSHMR_Stadium_Loops/KSHMR_Stadium_Loop_05_128.wav,Loop,Clap,0.17243,0.205554,Clap,full_taxonomy_audio,Percussion Loop,0.78333,False,,,detuned beating at 2.1Hz; long 3.2s decay; clear harmonic series (f0 27Hz); wide stereo image,488.0,3.24,7e-06,0.0,2.132196,0.0,1.0,4.941802,0.068439,0.461751
Clap  vs  Snare,Just Jared - OP1 Drums,/Volumes/Jack_Gandy_1TB_SSD/testing-for-NITE-DSP/sample_pack_testing/Just Jared - OP1 Drums/Snares/Just Jared - OP1 Drums Snare 14.wav,Snare,Clap,0.183382,0.243029,Snare,trusted_filename_override,Snare,0.92,False,,,detuned beating at 1.9Hz; noisy rather than tonal,24.0,0.504,2.7e-05,0.0,1.865672,0.253629,0.083333,3.858675,0.216167,0.010103
Crash  vs  Clap,Sounds of KSHMR Vol.3,/Volumes/Jack_Gandy_1TB_SSD/testing-for-NITE-DSP/sample_pack_testing/Sounds of KSHMR Vol.3/KSHMR_Drums/KSHMR_Claps/KSHMR_Clap_FX/KSHMR_Clap_FX_08_Reverb_Clap_w_Flutter.wav,Clap,Crash,0.151114,0.188058,Clap,trusted_filename_override,Clap,0.9,False,,,clear harmonic series (f0 26Hz); wide stereo image,16.0,0.912,0.0,-60.0,0.521921,0.0,1.0,3.691763,0.131508,0.405656
Crash  vs  Drum Fill,Sounds of KSHMR Vol.3,/Volumes/Jack_Gandy_1TB_SSD/testing-for-NITE-DSP/sample_pack_testing/Sounds of KSHMR Vol.3/KSHMR_Fills/KSHMR_Short_Fills/KSHMR_Short_Fills_130-160/KSHMR_Short_Drum_Fill_17_160.wav,Drum Fill,Crash,0.160549,0.190468,Crash,full_taxonomy_audio,Percussion Loop,0.79,False,,,detuned beating at 3.7Hz,1440.0,0.248,0.000879,-20.0,3.656915,0.022919,0.25,7.85455,0.059794,0.225813
Crash  vs  Drum Loop,Sounds of KSHMR Vol.3,/Volumes/Jack_Gandy_1TB_SSD/testing-for-NITE-DSP/sample_pack_testing/Sounds of KSHMR Vol.3/KSHMR_Drums_Loops/KSHMR_Drum_Loops_Full/KSHMR_Cinematic_Drum_Loops/KSHMR_Cinematic_Drum_Loop_01_64.wav,Drum Loop,Crash,0.171997,0.20127,Drum Loop,trusted_filename_override,Drum Loop,0.78,False,,,wide stereo image,2816.0,0.88,0.162208,-70.0,0.533049,0.210885,0.583333,19.006325,0.013893,0.337251
Crash  vs  Hi-Hat,Drum Recollection,/Volumes/Jack_Gandy_1TB_SSD/testing-for-NITE-DSP/sample_pack_testing/Drum Recollection/2023 Drums/(Open Hat) Destroyed.wav,Hi-Hat,Crash,0.099722,0.133703,Hi-Hat,trusted_filename_override,Hi-Hat,0.94,False,,,noisy rather than tonal; wide stereo image,32.0,0.896,0.000748,0.0,0.581395,0.366548,0.083333,11.540408,0.56386,0.46091
Crash  vs  Kick,Loaded Samples - Lo-Fi Memphis 2,/Volumes/Jack_Gandy_1TB_SSD/testing-for-NITE-DSP/sample_pack_testing/Loaded Samples - Lo-Fi Memphis 2/DRUMS/Cymbals/LFM2_808 Cym (1).wav,Kick,Crash,0.70254,0.493281,Crash,full_taxonomy_audio,Kick,0.97,False,,,clear harmonic series (f0 713Hz),24.0,0.744,5e-05,-10.0,0.798722,0.000207,1.0,5.554348,0.068259,0.0
Crash  vs  Ride,Sounds of KSHMR Vol.3,/Volumes/Jack_Gandy_1TB_SSD/testing-for-NITE-DSP/sample_pack_testing/Sounds of KSHMR Vol.3/KSHMR_Drums/KSHMR_Cymbals/KSHMR_Rides/KSHMR_Ride_06.wav,Ride,Crash,0.798999,0.596305,Crash,full_taxonomy_audio,Crash,0.75,False,,,clear harmonic series (f0 1043Hz); wide stereo image,16.0,0.624,0.0,-10.0,0.811688,4e-06,0.916667,5.319425,0.152018,0.332459
Crash  vs  Riser,IMANU,/Volumes/Jack_Gandy_1TB_SSD/testing-for-NITE-DSP/sample_pack_testing/IMANU/IMANU Patreon January 2022 Samples/FX Riser.wav,Riser,Crash,0.225237,0.277632,Crash,full_taxonomy_audio,Percussion Loop,0.89333,False,,,430-cent downward pitch glide; noisy rather than tonal; wide stereo image,1376.0,0.208,2e-06,430.0,0.64433,0.008135,0.166667,11.390358,0.410085,0.481308
Crash  vs  Snare,Mike Shinoda Drums,/Volumes/Jack_Gandy_1TB_SSD/testing-for-NITE-DSP/sample_pack_testing/Mike Shinoda Drums/MS BEATS/Bowser Meat Samples/Snare EricSneo 3 V2.wav,Snare,Crash,0.21566,0.237054,Snare,trusted_filename_override,Snare,0.92,False,,,clear harmonic series (f0 0Hz),24.0,0.56,0.000525,0.0,0.992063,0.377005,0.916667,5.870973,0.191715,0.000203
Drum Loop  vs  Drum Fill,Sounds of KSHMR Vol.3,/Volumes/Jack_Gandy_1TB_SSD/testing-for-NITE-DSP/sample_pack_testing/Sounds of KSHMR Vol.3/KSHMR_Fills/KSHMR_Long_Fills/KSHMR_Long_Fill_15_140.wav,Drum Fill,Drum Loop,0.251983,0.322522,Drum Loop,full_taxonomy_audio,Percussion Loop,0.75,False,,,2550-cent downward pitch glide; detuned beating at 4.7Hz,32.0,0.552,0.001417,2550.0,4.662004,0.319842,0.5,12.885449,0.068519,0.282247
Drum Loop  vs  Foley,Drum Breaks,/Volumes/Jack_Gandy_1TB_SSD/testing-for-NITE-DSP/sample_pack_testing/Drum Breaks/African Music Machine - Black Water Gold.wav,Foley,Drum Loop,0.149579,0.275171,Drum Loop,full_taxonomy_audio,Drum Loop,0.89667,False,,,detuned beating at 7.6Hz,24.0,0.28,0.006403,-460.0,7.619048,0.291414,0.25,10.118498,0.010449,0.066445
Drum Loop  vs  Impact,Breaks,/Volumes/Jack_Gandy_1TB_SSD/testing-for-NITE-DSP/sample_pack_testing/Breaks/The Drum Broker - International Breaks & Essential Kicks/The Drum Broker - International Breaks 5/FALO BOOM BAP.wav,Impact,Drum Loop,0.247684,0.322136,Drum Loop,full_taxonomy_audio,Drum Loop,0.99333,False,,,detuned beating at 3.5Hz,48.0,0.12,0.059956,30.0,3.514056,0.026061,0.333333,17.050508,0.042638,0.139812
Drum Loop  vs  Kick,Breaks,/Volumes/Jack_Gandy_1TB_SSD/testing-for-NITE-DSP/sample_pack_testing/Breaks/Dirty Arse Drum Breaks/Dirty Arse Drum Breaks 2/85 BPM/Chops/85BPM_3 KICK 2.wav,Kick,Drum Loop,0.184841,0.2408,Kick,trusted_filename_override,Kick,0.97,False,,,detuned beating at 1.4Hz,560.0,0.104,0.012868,0.0,1.388889,0.297683,0.333333,13.665867,0.050061,0.0
Drum Loop  vs  Loop,Breaks,/Volumes/Jack_Gandy_1TB_SSD/testing-for-NITE-DSP/sample_pack_testing/Breaks/Dirty Arse Drum Breaks/Dirty Arse Drum Breaks 1/95 BPM/monosole_95bpm_11.wav,Loop,Drum Loop,0.191141,0.281858,Drum Loop,full_taxonomy_audio,Drum Loop,0.93,False,,,strong sub energy (36% below 60Hz); 770-cent downward pitch glide; detuned beating at 1.6Hz; clear harmonic series (f0 31Hz),24.0,0.328,0.363514,770.0,1.598721,0.079518,0.75,13.892857,0.020615,0.000456
Drum Loop  vs  Snare,Breaks,/Volumes/Jack_Gandy_1TB_SSD/testing-for-NITE-DSP/sample_pack_testing/Breaks/The Drum Broker - International Breaks & Essential Kicks/The Drum Broker - International Breaks 2/CHOPS/CRYSTAL SNARE 1.wav,Snare,Drum Loop,0.12241,0.171204,Snare,trusted_filename_override,Snare,0.92,False,,,1130-cent downward pitch glide; detuned beating at 1.5Hz; sharp transient,0.0,0.048,0.007118,1130.0,1.470588,0.799549,0.2,11.270603,0.048365,0.136097
Drum Loop  vs  Snare Loop,Sounds of KSHMR Vol.3,/Volumes/Jack_Gandy_1TB_SSD/testing-for-NITE-DSP/sample_pack_testing/Sounds of KSHMR Vol.3/KSHMR_Drums_Loops/KSHMR_Drum_Loops_Solo/KSHMR_Marching_Band_Snare_Loops/KSHMR_Marching_Snare_Loop_12_116.wav,Snare Loop,Drum Loop,0.375939,0.452652,Drum Loop,full_taxonomy_audio,Drum Loop,0.86667,False,,,410-cent downward pitch glide; detuned beating at 4.8Hz,784.0,0.072,0.014029,410.0,4.826255,0.080012,0.5,14.059058,0.041799,0.210074
Foley  vs  Clap,Breaks,/Volumes/Jack_Gandy_1TB_SSD/testing-for-NITE-DSP/sample_pack_testing/Breaks/Gems From The Crates/Claps/AKT-CLP-A006_bip.wav,Clap,Foley,0.288391,0.374638,Clap,trusted_filename_override,Clap,0.9,False,,,noisy rather than tonal; wide stereo image,16.0,0.112,0.001072,-40.0,0.672043,0.376984,0.25,27.425896,0.452875,0.492879
Foley  vs  Crash,Organic Drum Kit,/Volumes/Jack_Gandy_1TB_SSD/testing-for-NITE-DSP/sample_pack_testing/Organic Drum Kit/5 Percussion/4 Metalic/3 Zill Finger Cymbals/Organic - Zill Finger Cymbal (18).wav,Crash,Foley,0.131541,0.19472,Crash,trusted_filename_override,Crash,0.89,False,,,clear harmonic series (f0 1138Hz),24.0,0.28,0.000165,-970.0,0.531915,3.3e-05,0.916667,21.340477,0.019576,5e-05
Foley  vs  Drum Loop,Breaks,/Volumes/Jack_Gandy_1TB_SSD/testing-for-NITE-DSP/sample_pack_testing/Breaks/Laidback Breaks/datnew break - 1.wav,Drum Loop,Foley,0.21347,0.262378,Drum Loop,trusted_filename_override,Drum Loop,0.78,False,,,detuned beating at 1.5Hz; clear harmonic series (f0 61Hz),16.0,0.088,0.017662,-80.0,1.470588,0.052976,1.0,8.445071,0.006673,8.3e-05
Foley  vs  Hi-Hat,Drum Recollection,/Volumes/Jack_Gandy_1TB_SSD/testing-for-NITE-DSP/sample_pack_testing/Drum Recollection/2023 Drums/(Perc & Hi Hat) Barber Shop.wav,Hi-Hat,Foley,0.133097,0.212484,Hi-Hat,trusted_filename_override,Hi-Hat,0.94,False,,,noisy rather than tonal; wide stereo image,192.0,0.152,0.000273,0.0,0.581395,0.719483,0.333333,12.237918,0.459366,0.479646
Foley  vs  Kick,Breaks,/Volumes/Jack_Gandy_1TB_SSD/testing-for-NITE-DSP/sample_pack_testing/Breaks/The Drum Broker - International Breaks & Essential Kicks/The Drum Broker - International Breaks 1/CHOPS/WHITE KICK 3.wav,Kick,Foley,0.12979,0.171957,Kick,trusted_filename_override,Kick,0.97,False,,,detuned beating at 1.4Hz; sharp transient; clear harmonic series (f0 25Hz); wide stereo image,0.0,0.104,0.242635,70.0,1.404494,0.015088,0.916667,13.662499,0.018058,0.303221
Foley  vs  Piano,MGF Mega Pack,/Volumes/Jack_Gandy_1TB_SSD/testing-for-NITE-DSP/sample_pack_testing/MGF Mega Pack/Misc + Found Sound/UTS Foley 2/Key Desk.wav,Piano,Foley,0.188608,0.268641,Foley,full_taxonomy_audio,Percussion Loop,0.75333,False,,,clear harmonic series (f0 55Hz),2328.0,0.168,0.000697,-60.0,0.677507,0.000213,1.0,12.425845,0.130823,0.0
Foley  vs  Snare,Breaks,/Volumes/Jack_Gandy_1TB_SSD/testing-for-NITE-DSP/sample_pack_testing/Breaks/The Drum Broker - International Breaks & Essential Kicks/The Drum Broker - International Breaks 1/CHOPS/WHITE SNARE 1_2.wav,Snare,Foley,0.140611,0.241185,Snare,trusted_filename_override,Snare,0.92,False,,,strong sub energy (94% below 60Hz); detuned beating at 2.7Hz; clear harmonic series (f0 25Hz); wide stereo image,40.0,0.304,0.943581,0.0,2.747253,0.170779,0.8,4.467484,0.002782,0.628048
Foley Loop  vs  Clap,Sounds of KSHMR Vol.3,/Volumes/Jack_Gandy_1TB_SSD/testing-for-NITE-DSP/sample_pack_testing/Sounds of KSHMR Vol.3/KSHMR_Drums_Loops/KSHMR_Drum_Loops_Solo/KSHMR_Hand_Clap_Loops/KSHMR_Hand_Clap_Loop_01_100.wav,Clap,Foley Loop,0.209512,0.260911,Clap,trusted_filename_override,Clap,0.9,False,,,detuned beating at 2.5Hz; wide stereo image,784.0,0.224,2e-06,0.0,2.491694,0.203941,0.333333,9.042383,0.016264,0.460051
Foley Loop  vs  Drum Fill,Breaks,/Volumes/Jack_Gandy_1TB_SSD/testing-for-NITE-DSP/sample_pack_testing/Breaks/The Drum Broker - International Breaks & Essential Kicks/The Drum Broker - International Breaks 1/FILL.wav,Drum Fill,Foley Loop,0.173557,0.295887,Foley Loop,full_taxonomy_audio,Drum Loop,0.77333,False,,,detuned beating at 2.2Hz; long 1.0s decay; clear harmonic series (f0 27Hz),4392.0,1.024,0.121439,-40.0,2.198241,0.000162,0.75,10.385244,0.038579,0.058566
Foley Loop  vs  Drum Loop,Breaks,/Volumes/Jack_Gandy_1TB_SSD/testing-for-NITE-DSP/sample_pack_testing/Breaks/Laidback Breaks/watchinu break.wav,Drum Loop,Foley Loop,0.122362,0.244489,Drum Loop,trusted_filename_override,Drum Loop,0.78,False,,,strong sub energy (36% below 60Hz); 670-cent downward pitch glide; detuned beating at 1.5Hz; clear harmonic series (f0 44Hz),24.0,0.936,0.360939,670.0,1.506024,0.247548,0.75,9.122779,0.04842,0.175904
Foley Loop  vs  Foley,MGF Mega Pack,/Volumes/Jack_Gandy_1TB_SSD/testing-for-NITE-DSP/sample_pack_testing/MGF Mega Pack/Misc + Found Sound/Household Percussion April 2016/HOUSEHOLD_378.wav,Foley,Foley Loop,0.169759,0.274057,Foley Loop,full_taxonomy_audio,Percussion Loop,0.78333,False,,,no distinctive acoustic evidence,1816.0,0.16,0.002945,100.0,0.692521,0.880794,0.166667,16.625885,0.000788,0.0
Foley Loop  vs  Guitar,Sounds of KSHMR Vol.3,/Volumes/Jack_Gandy_1TB_SSD/testing-for-NITE-DSP/sample_pack_testing/Sounds of KSHMR Vol.3/KSHMR_Live_Instruments/KSHMR_Main_Instruments/KSHMR_Guitar/KSHMR_Guitar_FX/KSHMR_Guitar_FX_02_Mute_Strum_104_.wav,Guitar,Foley Loop,0.197213,0.312505,Foley Loop,full_taxonomy_audio,Percussion Loop,0.77333,False,,,detuned beating at 6.9Hz; clear harmonic series (f0 26Hz),16.0,0.072,2e-05,0.0,6.932409,2e-06,0.833333,11.158571,0.037932,0.206632
Foley Loop  vs  Hi-Hat,Organic Electronics 2 J.Views,/Volumes/Jack_Gandy_1TB_SSD/testing-for-NITE-DSP/sample_pack_testing/Organic Electronics 2 J.Views/JVIEWS_countryside/JVIEWS_countryside_loops/JVIEWS_hihat_alternative_earth_top_particles_130.wav,Hi-Hat,Foley Loop,0.35788,0.383815,Hi-Hat,trusted_filename_override,Percussion Loop,0.76667,False,,,detuned beating at 1.1Hz; wide stereo image,952.0,0.144,4.3e-05,-10.0,1.082251,0.225533,0.333333,7.607673,0.052753,0.382735
Foley Loop  vs  Loop,Breaks,/Volumes/Jack_Gandy_1TB_SSD/testing-for-NITE-DSP/sample_pack_testing/Breaks/The Drum Broker - International Breaks & Essential Kicks/The Drum Broker - International Breaks 5/CHIKA LOOP.wav,Loop,Foley Loop,0.225523,0.353174,Foley Loop,full_taxonomy_audio,Percussion Loop,0.83667,False,,,300-cent downward pitch glide; detuned beating at 1.9Hz,24.0,0.576,0.109864,300.0,1.92864,0.105393,0.583333,11.904794,0.001772,0.124987
Foley Loop  vs  Pad,IMANU,/Volumes/Jack_Gandy_1TB_SSD/testing-for-NITE-DSP/sample_pack_testing/IMANU/IMANU Patreon August 2024 Samples/DRONE C _2.wav,Pad,Foley Loop,0.24133,0.413979,Foley Loop,full_taxonomy_audio,Percussion Loop,0.81333,False,,,430-cent downward pitch glide; detuned beating at 1.9Hz; clear harmonic series (f0 65Hz); wide stereo image,1744.0,0.504,0.016854,430.0,1.898481,0.266377,0.666667,5.096531,2.2e-05,0.49794
Foley Loop  vs  Percussion,Minimal Audio,/Volumes/Jack_Gandy_1TB_SSD/testing-for-NITE-DSP/sample_pack_testing/Minimal Audio/ELEMENT/1 - Drums/1 - Drum Loops/4 - Top Loops/Perc - Low Slug - 78 BPM.wav,Percussion,Foley Loop,0.254408,0.419955,Foley Loop,full_taxonomy_audio,Percussion Loop,0.82667,False,,,detuned beating at 5.2Hz; wide stereo image,1168.0,0.16,0.000122,0.0,5.195843,0.143883,0.583333,23.849874,0.067469,0.517377
Foley Loop  vs  Percussion Loop,Drum Recollection,/Volumes/Jack_Gandy_1TB_SSD/testing-for-NITE-DSP/sample_pack_testing/Drum Recollection/2023 Drums/(Percussion Loop) Everywhere Percs 140bpm.wav,Percussion Loop,Foley Loop,0.405208,0.408599,Percussion Loop,trusted_filename_override,Percussion Loop,1.0,False,,,2790-cent downward pitch glide; clear harmonic series (f0 405Hz); wide stereo image,432.0,0.872,3.3e-05,2790.0,0.582751,0.001115,0.666667,12.05311,0.006108,0.475101
Foley Loop  vs  Piano,IMANU,/Volumes/Jack_Gandy_1TB_SSD/testing-for-NITE-DSP/sample_pack_testing/IMANU/IMANU Patreon February 2023 Samples/fast piano arp Dm.wav,Piano,Foley Loop,0.261086,0.447539,Foley Loop,full_taxonomy_audio,Percussion Loop,0.82667,False,,,detuned beating at 2.3Hz; long 3.5s decay; wide stereo image,232.0,3.504,0.000213,-1170.0,2.274904,0.026566,0.416667,7.486616,1e-06,0.415536
Foley Loop  vs  Pluck,Koan Sound,/Volumes/Jack_Gandy_1TB_SSD/testing-for-NITE-DSP/sample_pack_testing/Koan Sound/Koan Sound Samples/The Zulla Stems/The Zulla - Kalimba.wav,Pluck,Foley Loop,0.337708,0.465077,Foley Loop,full_taxonomy_audio,Percussion Loop,0.90667,False,,,long 2.6s decay; clear harmonic series (f0 109Hz); wide stereo image,7432.0,2.56,0.000397,-1420.0,0.799361,0.000815,0.833333,12.615574,0.016698,0.387228
Foley Loop  vs  Ride,Loaded Samples - Lo-Fi Memphis 2,/Volumes/Jack_Gandy_1TB_SSD/testing-for-NITE-DSP/sample_pack_testing/Loaded Samples - Lo-Fi Memphis 2/MELODIES (X3 & DR5)/Stems (OG Versions)/OGSTEM_Strap In the Ride #2 [72 BPM] (C#).wav,Ride,Foley Loop,0.113209,0.223542,Foley Loop,full_taxonomy_audio,Percussion Loop,0.81,False,,,690-cent downward pitch glide; detuned beating at 4.8Hz,16.0,0.12,6e-06,690.0,4.797441,0.12386,0.583333,21.693861,0.047105,0.0
Foley Loop  vs  Snare,Minimal Audio,/Volumes/Jack_Gandy_1TB_SSD/testing-for-NITE-DSP/sample_pack_testing/Minimal Audio/MICROTECH/1 - Loops/2 - Snare - 172 BPM/Snare - Broken Transient - 172 BPM.wav,Snare,Foley Loop,0.303835,0.351085,Snare,trusted_filename_override,Percussion Loop,0.77667,False,,,detuned beating at 1.4Hz,104.0,0.104,0.0003,0.0,1.432665,0.170201,0.416667,20.984915,0.160531,0.256753
Hi-Hat  vs  Clap,Drum Recollection,/Volumes/Jack_Gandy_1TB_SSD/testing-for-NITE-DSP/sample_pack_testing/Drum Recollection/New Wave Drum Kit Vol. 2/Claps/@prod.ksubi - Clap + Hi Hat.wav,Clap,Hi-Hat,0.249298,0.309682,Clap,trusted_filename_override,Clap,0.9,False,,,sharp transient; noisy rather than tonal,0.0,0.048,8e-06,0.0,0.581395,0.344578,0.166667,172.21521,0.94495,0.096142
Hi-Hat  vs  Crash,Mike Shinoda Drums,/Volumes/Jack_Gandy_1TB_SSD/testing-for-NITE-DSP/sample_pack_testing/Mike Shinoda Drums/MS BEATS/Dubby Samples/Crash Motherboard.wav,Crash,Hi-Hat,0.242817,0.291065,Crash,trusted_filename_override,Crash,0.89,False,,,detuned beating at 1.9Hz; clear harmonic series (f0 27Hz); noisy rather than tonal,16.0,0.368,0.001763,-70.0,1.865672,0.000491,1.0,7.479197,0.244845,0.0
Hi-Hat  vs  Drum Loop,Mike Shinoda Drums,/Volumes/Jack_Gandy_1TB_SSD/testing-for-NITE-DSP/sample_pack_testing/Mike Shinoda Drums/MPC 1000 Backup/MPC1000 FILES/FUGITIVE/BREAK_7.WAV,Drum Loop,Hi-Hat,0.298032,0.422644,Drum Loop,trusted_filename_override,Drum Loop,0.78,False,,,strong sub energy (45% below 60Hz); 500-cent downward pitch glide; sharp transient,0.0,0.12,0.445327,500.0,0.0,0.038951,0.5,5.987948,0.017562,0.004356
Hi-Hat  vs  Kick,Drum Recollection,/Volumes/Jack_Gandy_1TB_SSD/testing-for-NITE-DSP/sample_pack_testing/Drum Recollection/Official Drum Kit Vol. 2/Open Hats/808 Kylen Open Hat.wav,Kick,Hi-Hat,0.29817,0.316829,Kick,trusted_filename_override,Kick,0.97,False,,,clear harmonic series (f0 665Hz); noisy rather than tonal,24.0,0.392,2.4e-05,0.0,0.541126,2e-06,1.0,62.07988,0.935307,0.0
Hi-Hat  vs  Ride,Minimal Audio,/Volumes/Jack_Gandy_1TB_SSD/testing-for-NITE-DSP/sample_pack_testing/Minimal Audio/REFLECT/1 - Drums/5 - Hats & Cymbals/Ride - Choked.wav,Ride,Hi-Hat,0.801595,0.722863,Hi-Hat,full_taxonomy_audio,Hi-Hat,0.82,True,,,detuned beating at 2.7Hz; clear harmonic series (f0 25Hz); wide stereo image,8.0,0.168,2e-06,0.0,2.717391,0.0,1.0,9.26339,0.059263,0.51133
Hi-Hat  vs  Snare,Drum Recollection,/Volumes/Jack_Gandy_1TB_SSD/testing-for-NITE-DSP/sample_pack_testing/Drum Recollection/2023 Drums/(Snare) Hi End Snare.wav,Snare,Hi-Hat,0.664505,0.70771,Snare,trusted_filename_override,Snare,0.92,False,,,detuned beating at 1.2Hz; sharp transient; clear harmonic series (f0 0Hz); noisy rather than tonal,0.0,0.04,0.000262,0.0,1.157407,0.343443,1.0,84.030922,0.876963,0.112258
Hi-Hat Loop  vs  Clap,Sounds of KSHMR Vol.3,/Volumes/Jack_Gandy_1TB_SSD/testing-for-NITE-DSP/sample_pack_testing/Sounds of KSHMR Vol.3/KSHMR_VIP_Friends_of_KSHMR/NICKY_ROMERO/NICKY_ROMERO_Clap_Toulouse.wav,Clap,Hi-Hat Loop,0.198141,0.21208,Clap,trusted_filename_override,Clap,0.9,False,,,detuned beating at 1.1Hz; clear harmonic series (f0 25Hz); noisy rather than tonal; wide stereo image,2872.0,0.44,1e-06,70.0,1.066098,0.0,0.916667,42.218594,0.358924,0.513465
Hi-Hat Loop  vs  Crash,Breaks,/Volumes/Jack_Gandy_1TB_SSD/testing-for-NITE-DSP/sample_pack_testing/Breaks/The Drum Broker - International Breaks & Essential Kicks/The Drum Broker - International Breaks 5/CHINA 80.wav,Crash,Hi-Hat Loop,0.243385,0.3325,Crash,trusted_filename_override,Drum Loop,0.92333,False,,,1110-cent downward pitch glide; detuned beating at 2.1Hz,7160.0,0.36,0.012045,1110.0,2.123142,0.48307,0.5,18.178637,0.032407,0.257076
Hi-Hat Loop  vs  Downlifter,Sounds of KSHMR Vol.3,/Volumes/Jack_Gandy_1TB_SSD/testing-for-NITE-DSP/sample_pack_testing/Sounds of KSHMR Vol.3/KSHMR_VIP_Friends_of_KSHMR/LUIS_TORRES/LUIS_TORRES_Ride_Fall.wav,Downlifter,Hi-Hat Loop,0.690934,0.508702,Hi-Hat Loop,full_taxonomy_audio,Percussion Loop,0.77333,False,,,detuned beating at 2.1Hz; clear harmonic series (f0 405Hz),16.0,0.352,0.0,-100.0,2.098321,9.5e-05,1.0,17.690132,0.024553,0.20596
Hi-Hat Loop  vs  Drum Fill,Sounds of KSHMR Vol.3,/Volumes/Jack_Gandy_1TB_SSD/testing-for-NITE-DSP/sample_pack_testing/Sounds of KSHMR Vol.3/KSHMR_Fills/KSHMR_Long_Fills/KSHMR_Long_Fill_17_140.wav,Drum Fill,Hi-Hat Loop,0.166169,0.235367,Hi-Hat Loop,full_taxonomy_audio,Drum Loop,0.76667,False,,,detuned beating at 4.7Hz; long 1.8s decay; clear harmonic series (f0 42Hz); wide stereo image,6880.0,1.832,0.168139,-840.0,4.696243,0.088287,0.75,13.84853,0.113896,0.371312
Hi-Hat Loop  vs  Drum Loop,Black Octopus Sound - Pure Analog Sweeps IV (2021),/Volumes/Jack_Gandy_1TB_SSD/testing-for-NITE-DSP/sample_pack_testing/Black Octopus Sound - Pure Analog Sweeps IV (2021)/Xtra Loops/Diamaudix_Audio_PAS_IV_120_Full_Drum_Loop_Gm.wav,Drum Loop,Hi-Hat Loop,0.217589,0.357214,Drum Loop,trusted_filename_override,Drum Loop,0.78,False,,,630-cent downward pitch glide; detuned beating at 2.0Hz,40.0,0.112,0.320697,630.0,1.998002,0.472828,0.0,17.055157,0.087955,0.052994
Hi-Hat Loop  vs  Hi-Hat,Drum Recollection,/Volumes/Jack_Gandy_1TB_SSD/testing-for-NITE-DSP/sample_pack_testing/Drum Recollection/Essentials Drumkit Vol. 002/Open Hats/TwentySix Open Hat.wav,Hi-Hat,Hi-Hat Loop,0.144038,0.179388,Hi-Hat,trusted_filename_override,Hi-Hat,0.94,False,,,clear harmonic series (f0 25Hz); wide stereo image,24.0,0.28,1.1e-05,30.0,0.541126,1e-06,1.0,14.175222,0.093702,0.509315
Hi-Hat Loop  vs  Kick,Breaks,/Volumes/Jack_Gandy_1TB_SSD/testing-for-NITE-DSP/sample_pack_testing/Breaks/The Drum Broker - International Breaks & Essential Kicks/The Drum Broker - International Breaks 2/CHOPS/CRYSTAL KICK 1.wav,Kick,Hi-Hat Loop,0.368741,0.421641,Kick,trusted_filename_override,Drum Loop,0.97667,False,,,detuned beating at 2.9Hz,688.0,0.056,0.03014,0.0,2.931323,0.157548,0.5,15.634459,0.036306,0.149165
Hi-Hat Loop  vs  Loop,Breaks,/Volumes/Jack_Gandy_1TB_SSD/testing-for-NITE-DSP/sample_pack_testing/Breaks/Dirty Arse Drum Breaks/Dirty Arse Drum Breaks 1/100 BPM/monosole_100bpm_10.wav,Loop,Hi-Hat Loop,0.194199,0.300815,Hi-Hat Loop,full_taxonomy_audio,Drum Loop,0.89333,False,,,strong sub energy (54% below 60Hz); 580-cent downward pitch glide; detuned beating at 2.1Hz; clear harmonic series (f0 31Hz),32.0,0.176,0.536055,580.0,2.081599,0.12463,0.916667,18.614557,0.030365,0.000406
Hi-Hat Loop  vs  Percussion,Breaks,/Volumes/Jack_Gandy_1TB_SSD/testing-for-NITE-DSP/sample_pack_testing/Breaks/The Drum Broker - International Breaks & Essential Kicks/The Drum Broker - International Breaks 5/MARCH TOMS.wav,Percussion,Hi-Hat Loop,0.265349,0.339575,Hi-Hat Loop,full_taxonomy_audio,Drum Loop,0.92,False,,,detuned beating at 1.9Hz,136.0,0.28,0.067253,30.0,1.899335,0.295,0.5,12.277827,0.012686,0.263238
Hi-Hat Loop  vs  Percussion Loop,Bendji Allonce - Percussion,/Volumes/Jack_Gandy_1TB_SSD/testing-for-NITE-DSP/sample_pack_testing/Bendji Allonce - Percussion/splice-export__bendji-allonce-percussion-pack_edited/loop/Percussion/RT_Bendji_Allonce_Shaker_Loop_1_Percussion_Bendji_Allonce_120_loop.wav,Percussion Loop,Hi-Hat Loop,0.410167,0.409234,Percussion Loop,trusted_filename_override,Percussion Loop,1.0,False,,,detuned beating at 8.0Hz,2216.0,0.192,5.5e-05,-150.0,7.992008,0.000206,0.416667,10.245446,0.117968,0.296011
Hi-Hat Loop  vs  Snare,Minimal Audio,/Volumes/Jack_Gandy_1TB_SSD/testing-for-NITE-DSP/sample_pack_testing/Minimal Audio/MICROTECH/1 - Loops/2 - Snare - 172 BPM/Snare - Tight Micro - 172 BPM.wav,Snare,Hi-Hat Loop,0.232712,0.315089,Snare,trusted_filename_override,Percussion Loop,0.82333,False,,,680-cent downward pitch glide; detuned beating at 4.3Hz; clear harmonic series (f0 255Hz); wide stereo image,232.0,0.048,3.6e-05,680.0,4.297994,0.343891,0.75,18.752722,0.11373,0.335243
Kick  vs  Crash,Breaks,/Volumes/Jack_Gandy_1TB_SSD/testing-for-NITE-DSP/sample_pack_testing/Breaks/The Drum Broker - International Breaks & Essential Kicks/The Drum Broker - International Breaks 3/CHINA SOUL_2.wav,Crash,Kick,0.19105,0.234939,Crash,trusted_filename_override,Crash,0.89,False,,,detuned beating at 2.1Hz; clear harmonic series (f0 0Hz),504.0,0.176,0.020979,0.0,2.066116,0.363902,0.666667,21.522482,0.001901,0.267031
Kick  vs  Downlifter,Sounds of KSHMR Vol.3,/Volumes/Jack_Gandy_1TB_SSD/testing-for-NITE-DSP/sample_pack_testing/Sounds of KSHMR Vol.3/KSHMR_FX_Elements/KSHMR_Sub_Drops/KSHMR_Sub_Drop_13_G.wav,Downlifter,Kick,0.168892,0.237032,Kick,full_taxonomy_audio,Kick,0.84667,False,,,strong sub energy (86% below 60Hz); 1520-cent downward pitch glide; long 1.6s decay; clear harmonic series (f0 38Hz),32.0,1.576,0.862237,1520.0,0.581395,0.282757,0.666667,6.582991,0.007636,0.030199
Kick  vs  Drum Loop,Breaks,/Volumes/Jack_Gandy_1TB_SSD/testing-for-NITE-DSP/sample_pack_testing/Breaks/Laidback Breaks/hold tight break.wav,Drum Loop,Kick,0.144425,0.206745,Drum Loop,trusted_filename_override,Drum Loop,0.78,False,,,strong sub energy (55% below 60Hz); detuned beating at 1.7Hz,24.0,0.176,0.550726,70.0,1.70068,0.300332,0.5,12.166822,0.107188,0.02234
Kick  vs  Foley,MGF Mega Pack,/Volumes/Jack_Gandy_1TB_SSD/testing-for-NITE-DSP/sample_pack_testing/MGF Mega Pack/Misc + Found Sound/Household Percussion April 2016/HOUSEHOLD_200.wav,Foley,Kick,0.325856,0.345831,Kick,full_taxonomy_audio,Kick,0.79,False,,,strong sub energy (71% below 60Hz); 620-cent downward pitch glide,8.0,0.08,0.714727,620.0,0.0,0.361157,0.0,4.450715,0.001728,0.0
Kick  vs  Guitar,MGF Mega Pack,/Volumes/Jack_Gandy_1TB_SSD/testing-for-NITE-DSP/sample_pack_testing/MGF Mega Pack/Multisamples/MGF DX21 Vol 1/GTR Pluck/GTR Pluck 4 G0.wav,Guitar,Kick,0.57286,0.499953,Kick,full_taxonomy_audio,Kick,0.75667,False,,,detuned beating at 2.0Hz; near-pure sine (93% of energy at the fundamental),24.0,0.432,0.001851,10.0,2.04918,0.930835,0.0,2.576891,0.000341,0.0
Kick  vs  Impact,Mike Shinoda Drums,/Volumes/Jack_Gandy_1TB_SSD/testing-for-NITE-DSP/sample_pack_testing/Mike Shinoda Drums/MPC 1000 Backup/Mike_s Beats #1/BOOM.wav,Impact,Kick,0.212204,0.300567,Kick,full_taxonomy_audio,Kick,0.80333,False,,,strong sub energy (80% below 60Hz); 490-cent downward pitch glide; long 1.1s decay; near-pure sine (79% of energy at the fundamental),72.0,1.064,0.798448,490.0,0.85034,0.785699,0.0,12.218402,1.9e-05,0.0
Kick  vs  Loop,Mike Shinoda Drums,/Volumes/Jack_Gandy_1TB_SSD/testing-for-NITE-DSP/sample_pack_testing/Mike Shinoda Drums/MS BEATS/bitty loop Samples/45bpmBD8_SP1200R.wav,Loop,Kick,0.431531,0.389584,Kick,full_taxonomy_audio,Kick,0.84667,False,,,strong sub energy (40% below 60Hz); detuned beating at 1.9Hz,8.0,0.104,0.400211,0.0,1.893939,0.502607,0.4,19.346849,0.000817,0.0
Kick  vs  Pluck,Sounds of KSHMR Vol.3,/Volumes/Jack_Gandy_1TB_SSD/testing-for-NITE-DSP/sample_pack_testing/Sounds of KSHMR Vol.3/KSHMR_Synths/KSHMR_Bass_Shots/KSHMR_Bass_Pluck/KSHMR_Bass_Pluck_12_E.wav,Pluck,Kick,0.297189,0.354967,Kick,full_taxonomy_audio,Kick,0.78667,False,,,detuned beating at 2.7Hz; clear harmonic series (f0 41Hz),16.0,0.104,0.32216,-170.0,2.659575,0.273218,1.0,10.469262,0.000365,0.001263
Kick  vs  Snare,Breaks,/Volumes/Jack_Gandy_1TB_SSD/testing-for-NITE-DSP/sample_pack_testing/Breaks/The Drum Broker - International Breaks & Essential Kicks/The Drum Broker - International Breaks 1/CHOPS/RUSH SNARE 1.wav,Snare,Kick,0.142594,0.187039,Snare,trusted_filename_override,Snare,0.92,False,,,detuned beating at 1.4Hz; sharp transient,0.0,0.048,0.005781,0.0,1.388889,0.845377,0.583333,12.764281,0.038609,0.112934
Kick Loop  vs  Drum Loop,Black Octopus Sound - Pure Analog Sweeps IV (2021),/Volumes/Jack_Gandy_1TB_SSD/testing-for-NITE-DSP/sample_pack_testing/Black Octopus Sound - Pure Analog Sweeps IV (2021)/Xtra Loops/Diamaudix_Audio_PAS_IV_Full_Drum_Loop_01_118bpm.wav,Drum Loop,Kick Loop,0.173832,0.348869,Drum Loop,trusted_filename_override,Drum Loop,0.78,False,,,strong sub energy (49% below 60Hz); 670-cent downward pitch glide; detuned beating at 2.0Hz,32.0,0.168,0.48524,670.0,1.998401,0.451596,0.5,21.880325,0.067709,0.131313
Kick Loop  vs  Impact,Breaks,/Volumes/Jack_Gandy_1TB_SSD/testing-for-NITE-DSP/sample_pack_testing/Breaks/The Drum Broker - International Breaks & Essential Kicks/The Drum Broker - International Breaks 3/BOOM BAP.wav,Impact,Kick Loop,0.237462,0.308696,Kick Loop,full_taxonomy_audio,Percussion Loop,0.76,False,,,detuned beating at 1.5Hz,640.0,0.192,0.034362,-1020.0,1.529052,0.171293,0.416667,27.963394,0.000648,0.129855
Kick Loop  vs  Kick,Breaks,/Volumes/Jack_Gandy_1TB_SSD/testing-for-NITE-DSP/sample_pack_testing/Breaks/The Drum Broker - International Breaks & Essential Kicks/The Drum Broker - International Breaks 3/808.wav,Kick,Kick Loop,0.186335,0.25693,Kick,trusted_filename_override,Drum Loop,0.78333,False,,,no distinctive acoustic evidence,4096.0,0.816,0.165116,-670.0,0.69944,0.083647,0.444444,40.198891,0.002669,0.246537
Kick Loop  vs  Loop,Just Jared - OP1 Drums,/Volumes/Jack_Gandy_1TB_SSD/testing-for-NITE-DSP/sample_pack_testing/Just Jared - OP1 Drums/Drum Loops/Just Jared - OP1 Drums Loop 8 (81 BPM).wav,Loop,Kick Loop,0.193902,0.295085,Kick Loop,full_taxonomy_audio,Drum Loop,0.81,False,,,strong sub energy (40% below 60Hz),32.0,0.152,0.400822,-30.0,0.69944,0.013277,0.142857,22.567225,0.120646,0.019401
Kick Loop  vs  Snare,Sounds of KSHMR Vol.3,/Volumes/Jack_Gandy_1TB_SSD/testing-for-NITE-DSP/sample_pack_testing/Sounds of KSHMR Vol.3/KSHMR_VIP_Friends_of_KSHMR/ZEDD/ZEDD_Claps_Snare_Done_with_Love_128.wav,Snare,Kick Loop,0.147739,0.186246,Snare,trusted_filename_override,Percussion Loop,0.76,False,,,detuned beating at 1.1Hz; clear harmonic series (f0 25Hz); wide stereo image,40.0,0.144,0.000937,-30.0,1.099121,9e-05,1.0,46.37368,0.110688,0.423487
Other/none  vs  Brass,Sounds of KSHMR Vol.3,/Volumes/Jack_Gandy_1TB_SSD/testing-for-NITE-DSP/sample_pack_testing/Sounds of KSHMR Vol.3/KSHMR_Live_Instruments/KSHMR_Orchestral_Instruments/KSHMR_Brass/KSHMR_Brass_Loops/KSHMR_Brass_Loop_19_152_C#.wav,Brass,Other/none,0.149296,0.310856,Other/none,full_taxonomy_audio,Foley Loop,0.76,False,,,510-cent downward pitch glide; detuned beating at 2.5Hz; long 4.3s decay; clear harmonic series (f0 138Hz); wide stereo image,840.0,4.296,1e-06,510.0,2.531646,0.025778,0.916667,7.002617,0.012722,0.412111
Other/none  vs  Lead,MGF Mega Pack,/Volumes/Jack_Gandy_1TB_SSD/testing-for-NITE-DSP/sample_pack_testing/MGF Mega Pack/Multisamples/MGF Sub Phatty 1/Tape Lead 2/Tape Lead 2-22 D#0.wav,Lead,Other/none,0.161988,0.430975,Other/none,full_taxonomy_audio,Percussion Loop,0.84667,False,,,strong sub energy (52% below 60Hz); detuned beating at 2.0Hz; long 1.9s decay; clear harmonic series (f0 39Hz),136.0,1.872,0.523632,-490.0,2.04918,0.347307,1.0,3.416481,0.00048,0.0
Other/none  vs  Loop,Loaded Samples - Lo-Fi Memphis 2,/Volumes/Jack_Gandy_1TB_SSD/testing-for-NITE-DSP/sample_pack_testing/Loaded Samples - Lo-Fi Memphis 2/MELODIES (X3 & DR5)/Stems (Cassette Processed)/STEM_Player Haters #3 [77 BPM] (F).wav,Loop,Other/none,0.137942,0.368209,Other/none,full_taxonomy_audio,Percussion Loop,0.81,False,,,strong sub energy (54% below 60Hz); 200-cent downward pitch glide; long 3.7s decay,6256.0,3.728,0.542466,200.0,0.59952,0.269661,0.583333,17.645443,1e-06,0.0
Other/none  vs  Organ,Loaded Samples - Lo-Fi Memphis 2,/Volumes/Jack_Gandy_1TB_SSD/testing-for-NITE-DSP/sample_pack_testing/Loaded Samples - Lo-Fi Memphis 2/MELODIES (X3 & DR5)/Stems (Cassette Processed)/STEM_Organ Donor #5 [75 BPM] (B).wav,Organ,Other/none,0.175776,0.412808,Other/none,full_taxonomy_audio,Percussion Loop,0.81333,False,,,670-cent downward pitch glide; clear harmonic series (f0 62Hz),1456.0,0.24,0.212433,670.0,0.971143,0.452205,0.666667,19.264778,0.071746,0.0
Other/none  vs  Pad,MGF Mega Pack,/Volumes/Jack_Gandy_1TB_SSD/testing-for-NITE-DSP/sample_pack_testing/MGF Mega Pack/Multisamples/MGF JX3P Vol 5/Washboard Pad/Washboard Pad C0.wav,Pad,Other/none,0.136413,0.364088,Other/none,full_taxonomy_audio,Percussion Loop,0.85,False,,,620-cent downward pitch glide; detuned beating at 2.4Hz; long 5.7s decay; clear harmonic series (f0 33Hz),1192.0,5.68,0.16202,620.0,2.372627,0.088156,0.833333,14.804304,0.010779,0.0
Other/none  vs  Percussion Loop,Sounds of KSHMR Vol.3,/Volumes/Jack_Gandy_1TB_SSD/testing-for-NITE-DSP/sample_pack_testing/Sounds of KSHMR Vol.3/KSHMR_World_Sounds/KSHMR_India/KSHMR_India_PL_Sitar_and_Percussion_Loop_80_C#.wav,Percussion Loop,Other/none,0.115164,0.16832,Percussion Loop,trusted_filename_override,Percussion Loop,1.0,False,,,long 1.5s decay; clear harmonic series (f0 278Hz); wide stereo image,24.0,1.48,0.00016,0.0,0.664894,0.013896,0.666667,7.723385,0.035597,0.563085
Pad  vs  Lead,MGF Mega Pack,/Volumes/Jack_Gandy_1TB_SSD/testing-for-NITE-DSP/sample_pack_testing/MGF Mega Pack/Multisamples/MGF Alpha Juno Vol 1/G Star Lead/G Star Lead - F#2.wav,Lead,Pad,0.140385,0.391327,Pad,full_taxonomy_audio,Percussion Loop,0.84333,False,,,2530-cent downward pitch glide; long 7.7s decay; clear harmonic series (f0 140Hz),192.0,7.72,0.000131,2530.0,0.567666,0.257177,1.0,7.45775,0.016242,0.0
Pad  vs  Loop,Loaded Samples - Lo-Fi Memphis 2,/Volumes/Jack_Gandy_1TB_SSD/testing-for-NITE-DSP/sample_pack_testing/Loaded Samples - Lo-Fi Memphis 2/MELODIES (X3 & DR5)/Stems (OG Versions)/OGSTEM_In My Brain #2 [76 BPM] (F#).wav,Loop,Pad,0.233675,0.516896,Pad,full_taxonomy_audio,Percussion Loop,0.81333,False,,,1210-cent downward pitch glide; long 6.2s decay; clear harmonic series (f0 82Hz),144.0,6.168,1e-06,1210.0,0.984252,0.0,0.833333,9.21375,0.048097,0.003768
Pad  vs  Strings,Sounds of KSHMR Vol.3,/Volumes/Jack_Gandy_1TB_SSD/testing-for-NITE-DSP/sample_pack_testing/Sounds of KSHMR Vol.3/KSHMR_Live_Instruments/KSHMR_Orchestral_Instruments/KSHMR_Strings/KSHMR_String_Loops/KSHMR_String_Loop_04_105_Fm.wav,Strings,Pad,0.159319,0.325602,Pad,full_taxonomy_audio,Percussion Loop,0.79333,False,,,detuned beating at 1.7Hz; long 3.3s decay; clear harmonic series (f0 87Hz); wide stereo image,2960.0,3.288,0.000211,-1270.0,1.749781,0.479585,0.666667,5.95447,0.000279,0.304657
Percussion  vs  Kick,Loaded Samples - Lo-Fi Memphis 2,/Volumes/Jack_Gandy_1TB_SSD/testing-for-NITE-DSP/sample_pack_testing/Loaded Samples - Lo-Fi Memphis 2/DRUMS/Perc/LFM2_Cowbell 808_REV (3).wav,Kick,Percussion,0.237214,0.299022,Kick,trusted_filename_override,Kick,0.97,False,,,sharp transient; noisy rather than tonal,0.0,0.168,0.00031,60.0,0.618812,0.815517,0.333333,10.144122,0.222897,0.0
Percussion  vs  Snare,Organic Drum Kit,/Volumes/Jack_Gandy_1TB_SSD/testing-for-NITE-DSP/sample_pack_testing/Organic Drum Kit/5 Percussion/2 Cajon Box/1 Cajon Box/2 Snare Slap/Organic - Cajon Snare_A (19).wav,Snare,Percussion,0.266559,0.374803,Snare,trusted_filename_override,Snare,0.92,False,,,detuned beating at 1.0Hz; sharp transient; clear harmonic series (f0 42Hz); noisy rather than tonal,0.0,0.256,0.00243,30.0,1.01626,0.000978,0.833333,17.489815,0.477709,0.019251
Percussion Loop  vs  Drum Loop,Breaks,/Volumes/Jack_Gandy_1TB_SSD/testing-for-NITE-DSP/sample_pack_testing/Breaks/Laidback Breaks/blockparty break.wav,Drum Loop,Percussion Loop,0.12449,0.25753,Drum Loop,trusted_filename_override,Drum Loop,0.78,False,,,420-cent downward pitch glide; detuned beating at 3.6Hz,24.0,0.096,0.013913,420.0,3.597122,0.494538,0.416667,18.04068,0.008157,0.052498
Percussion Loop  vs  Guitar,Sounds of KSHMR Vol.3,/Volumes/Jack_Gandy_1TB_SSD/testing-for-NITE-DSP/sample_pack_testing/Sounds of KSHMR Vol.3/KSHMR_Live_Instruments/KSHMR_Main_Instruments/KSHMR_Guitar/KSHMR_Guitar_Chords/KSHMR_Acoustic_Chords/KSHMR_Acoustic_Guitar_Chords_29_128_D-Bm-F#m-A_Muted.wav,Guitar,Percussion Loop,0.178593,0.347698,Percussion Loop,full_taxonomy_audio,Drum Loop,0.81,False,,,detuned beating at 1.6Hz; long 1.8s decay; wide stereo image,728.0,1.84,0.027807,-700.0,1.599147,0.232543,0.416667,12.677367,0.009064,0.316597
Percussion Loop  vs  Kick,Organic Drum Kit,/Volumes/Jack_Gandy_1TB_SSD/testing-for-NITE-DSP/sample_pack_testing/Organic Drum Kit/8 Drum Loops/Percussion Loops/No Kick LP - 90 BPM (A).wav,Kick,Percussion Loop,0.261183,0.294594,Kick,trusted_filename_override,Percussion Loop,0.76667,False,,,noisy rather than tonal,176.0,0.072,0.00026,50.0,0.749625,0.540574,0.333333,11.826727,0.348631,0.134932
Percussion Loop  vs  Loop,Minimal Audio,/Volumes/Jack_Gandy_1TB_SSD/testing-for-NITE-DSP/sample_pack_testing/Minimal Audio/REFLECT/1 - Drums/1 - Loops/1 - Full Loops /Drums - Punch Shuffler - 130 BPM.wav,Loop,Percussion Loop,0.194541,0.324722,Percussion Loop,full_taxonomy_audio,Drum Loop,0.80333,False,,,strong sub energy (52% below 60Hz); 1930-cent downward pitch glide; detuned beating at 2.2Hz; clear harmonic series (f0 27Hz),40.0,0.216,0.520693,1930.0,2.164502,0.159547,0.916667,23.560688,0.07365,0.156957
Percussion Loop  vs  Percussion,Breaks,/Volumes/Jack_Gandy_1TB_SSD/testing-for-NITE-DSP/sample_pack_testing/Breaks/The Drum Broker - International Breaks & Essential Kicks/The Drum Broker - International Breaks 4/COWBELL.wav,Percussion,Percussion Loop,0.21652,0.306574,Percussion Loop,full_taxonomy_audio,Drum Loop,0.86667,False,,,detuned beating at 3.6Hz,3320.0,0.208,0.014448,-1420.0,3.571429,0.378911,0.416667,11.57412,0.012942,0.17589
Percussion Loop  vs  Snare,Organic Drum Kit,/Volumes/Jack_Gandy_1TB_SSD/testing-for-NITE-DSP/sample_pack_testing/Organic Drum Kit/5 Percussion/2 Cajon Box/1 Cajon Box/2 Snare Slap/Organic - Cajon Snare_A (22).wav,Snare,Percussion Loop,0.169539,0.227902,Snare,trusted_filename_override,Snare,0.92,False,,,detuned beating at 1.0Hz; sharp transient,0.0,0.224,0.002563,0.0,1.01626,0.063411,0.166667,9.282638,0.030792,0.01761
Percussion Loop  vs  Snare Loop,Sounds of KSHMR Vol.3,/Volumes/Jack_Gandy_1TB_SSD/testing-for-NITE-DSP/sample_pack_testing/Sounds of KSHMR Vol.3/KSHMR_Drums_Loops/KSHMR_Drum_Loops_Solo/KSHMR_Snare_Drum_Loops/KSHMR_Snare_Loop_06_130.wav,Snare Loop,Percussion Loop,0.181101,0.221075,Percussion Loop,full_taxonomy_audio,Percussion Loop,0.91333,False,,,detuned beating at 2.7Hz; clear harmonic series (f0 473Hz),376.0,0.16,2e-06,-40.0,2.705628,0.324225,0.833333,31.039028,0.069014,0.124913
Percussion Loop  vs  Strings,Sounds of KSHMR Vol.3,/Volumes/Jack_Gandy_1TB_SSD/testing-for-NITE-DSP/sample_pack_testing/Sounds of KSHMR Vol.3/KSHMR_Live_Instruments/KSHMR_Orchestral_Instruments/KSHMR_Strings/KSHMR_String_Loops/KSHMR_String_Loop_15_128_Fm_Col_Legno.wav,Strings,Percussion Loop,0.278119,0.344507,Percussion Loop,full_taxonomy_audio,Percussion Loop,0.8,False,,,detuned beating at 4.3Hz; long 3.2s decay; wide stereo image,512.0,3.216,9.5e-05,70.0,4.264392,0.393532,0.333333,7.517068,0.04351,0.438141
Rimshot  vs  Clap,Black Octopus Sound - Pure Analog Sweeps IV (2021),/Volumes/Jack_Gandy_1TB_SSD/testing-for-NITE-DSP/sample_pack_testing/Black Octopus Sound - Pure Analog Sweeps IV (2021)/Xtra One Shots/Diamaudix_Audio_PAS_IV_Clap_03.wav,Clap,Rimshot,0.511126,0.624056,Clap,trusted_filename_override,Clap,0.9,False,,,detuned beating at 1.7Hz; noisy rather than tonal,24.0,0.08,0.000175,0.0,1.666667,0.290339,0.166667,19.456476,0.550002,0.103589
Rimshot  vs  Drum Loop,Breaks,/Volumes/Jack_Gandy_1TB_SSD/testing-for-NITE-DSP/sample_pack_testing/Breaks/Laidback Breaks/back and forth break.wav,Drum Loop,Rimshot,0.129641,0.167519,Drum Loop,trusted_filename_override,Drum Loop,0.78,False,,,detuned beating at 1.7Hz; clear harmonic series (f0 49Hz),8.0,0.168,0.157632,0.0,1.70068,0.141248,0.75,28.89341,0.053943,0.051433
Rimshot  vs  Hi-Hat,Black Octopus Sound - Pure Analog Sweeps IV (2021),/Volumes/Jack_Gandy_1TB_SSD/testing-for-NITE-DSP/sample_pack_testing/Black Octopus Sound - Pure Analog Sweeps IV (2021)/Xtra One Shots/Diamaudix_Audio_PAS_IV_Ohh_04.wav,Hi-Hat,Rimshot,0.289499,0.41523,Hi-Hat,trusted_filename_override,Hi-Hat,0.94,False,,,detuned beating at 1.5Hz; noisy rather than tonal,24.0,0.152,2e-06,0.0,1.506024,0.329371,0.25,24.260902,0.434036,0.195518
Rimshot  vs  Kick,Capsun ProAudio - City Pop,/Volumes/Jack_Gandy_1TB_SSD/testing-for-NITE-DSP/sample_pack_testing/Capsun ProAudio - City Pop/One_Shots/Drum_One_Shots/Kicks/CPA_TCP_kick_ladies_night.wav,Kick,Rimshot,0.452856,0.492468,Kick,trusted_filename_override,Kick,0.97,False,,,strong sub energy (57% below 60Hz),16.0,0.096,0.565313,-450.0,0.0,0.237789,0.0,6.79256,0.000281,1e-06
Rimshot  vs  Percussion Loop,Black Octopus Sound - Pure Analog Sweeps IV (2021),/Volumes/Jack_Gandy_1TB_SSD/testing-for-NITE-DSP/sample_pack_testing/Black Octopus Sound - Pure Analog Sweeps IV (2021)/Xtra Loops/Diamaudix_Audio_PAS_IV_Perc_Loop_01_118bpm.wav,Percussion Loop,Rimshot,0.143835,0.197345,Percussion Loop,trusted_filename_override,Percussion Loop,1.0,False,,,detuned beating at 3.9Hz; clear harmonic series (f0 25Hz); noisy rather than tonal; wide stereo image,40.0,0.08,0.0,0.0,3.896883,0.0,1.0,97.319275,0.802606,0.379453
Rimshot  vs  Piano,Drum Recollection,/Volumes/Jack_Gandy_1TB_SSD/testing-for-NITE-DSP/sample_pack_testing/Drum Recollection/2023 Drums/(Clap) Got The Keys.wav,Piano,Rimshot,0.473193,0.623847,Rimshot,full_taxonomy_audio,Clap,0.85,False,,,detuned beating at 2.3Hz; clear harmonic series (f0 26Hz),16.0,0.064,2.1e-05,30.0,2.272727,4e-06,1.0,10.345902,0.015064,0.114142
Rimshot  vs  Snare,Breaks,/Volumes/Jack_Gandy_1TB_SSD/testing-for-NITE-DSP/sample_pack_testing/Breaks/Gems From The Crates/Snares/AKT-SNR-A044_bip.wav,Snare,Rimshot,0.192229,0.285246,Snare,trusted_filename_override,Snare,0.92,False,,,noisy rather than tonal,16.0,0.12,0.005992,0.0,0.672043,0.27182,0.5,32.448284,0.462893,0.124738
SFX  vs  Crash,Minimal Audio,/Volumes/Jack_Gandy_1TB_SSD/testing-for-NITE-DSP/sample_pack_testing/Minimal Audio/ELEMENT/5 - Deep Textures/Texture - Bowed Cymbal High.wav,Crash,SFX,0.184282,0.317226,Crash,trusted_filename_override,Crash,0.89,False,,,long 5.3s decay; clear harmonic series (f0 69Hz); wide stereo image,2560.0,5.344,0.003549,0.0,0.899281,0.007847,0.916667,12.079041,0.005861,0.487701
SFX  vs  Lead,MGF Mega Pack,/Volumes/Jack_Gandy_1TB_SSD/testing-for-NITE-DSP/sample_pack_testing/MGF Mega Pack/Multisamples/MGF Alpha Juno Vol 1/G Star Lead/G Star Lead - F#5.wav,Lead,SFX,0.112321,0.19258,SFX,full_taxonomy_audio,Percussion Loop,0.76333,False,,,long 7.6s decay; clear harmonic series (f0 1118Hz),200.0,7.632,2.4e-05,140.0,0.567666,0.342438,1.0,15.0098,0.018667,0.0
SFX  vs  Loop,Loaded Samples - Lo-Fi Memphis 2,/Volumes/Jack_Gandy_1TB_SSD/testing-for-NITE-DSP/sample_pack_testing/Loaded Samples - Lo-Fi Memphis 2/MELODIES (X3 & DR5)/Stems (OG Versions)/OGSTEM_The Prophecy #4 [72 BPM] (A#).wav,Loop,SFX,0.124396,0.370662,SFX,full_taxonomy_audio,Percussion Loop,0.77333,False,,,strong sub energy (41% below 60Hz); long 7.3s decay; clear harmonic series (f0 58Hz),32.0,7.264,0.413179,0.0,0.899281,0.484698,0.666667,24.350222,1e-06,0.003893
SFX  vs  Organ,MGF Mega Pack,/Volumes/Jack_Gandy_1TB_SSD/testing-for-NITE-DSP/sample_pack_testing/MGF Mega Pack/Multisamples/MGF JX3P Vol 5/Hard Cider/Hard Cider Sync 27 B3.wav,Organ,SFX,0.186553,0.294416,SFX,full_taxonomy_audio,Percussion Loop,0.84333,False,,,long 1.6s decay; clear harmonic series (f0 504Hz),1008.0,1.632,0.000201,10.0,0.748503,0.083488,1.0,17.708265,0.004132,0.0
SFX  vs  Pad,MGF Mega Pack,/Volumes/Jack_Gandy_1TB_SSD/testing-for-NITE-DSP/sample_pack_testing/MGF Mega Pack/Multisamples/MGF JX3P Vol 5/Washboard Pad/Washboard Pad 2 E0.wav,Pad,SFX,0.136225,0.368021,SFX,full_taxonomy_audio,Percussion Loop,0.85,False,,,990-cent downward pitch glide; detuned beating at 2.4Hz; long 5.7s decay; clear harmonic series (f0 42Hz),1040.0,5.688,0.082608,990.0,2.372627,0.075248,0.9,3.220271,0.011952,0.0
SFX  vs  Snare,Sounds of KSHMR Vol.3,/Volumes/Jack_Gandy_1TB_SSD/testing-for-NITE-DSP/sample_pack_testing/Sounds of KSHMR Vol.3/KSHMR_Drums/KSHMR_Snares/KSHMR_Big_Snares/KSHMR_Big_Snare_08.wav,Snare,SFX,0.11871,0.16324,Snare,trusted_filename_override,Snare,0.92,False,,,detuned beating at 1.1Hz; wide stereo image,312.0,0.48,0.001666,-140.0,1.059322,0.482691,0.583333,9.066661,0.061608,0.381835
SFX  vs  Strings,MGF Mega Pack,/Volumes/Jack_Gandy_1TB_SSD/testing-for-NITE-DSP/sample_pack_testing/MGF Mega Pack/Analogue Collection/Chords - Pads/JX3P Strings D5 Fmaj7.wav,Strings,SFX,0.306681,0.476949,SFX,full_taxonomy_audio,Percussion Loop,0.77667,False,,,1920-cent downward pitch glide; detuned beating at 1.6Hz; long 7.4s decay; clear harmonic series (f0 42Hz),1864.0,7.432,9e-06,1920.0,1.598721,3e-06,0.75,3.755032,0.000704,0.0
Snare  vs  Clap,Black Octopus Sound - Pure Analog Sweeps IV (2021),/Volumes/Jack_Gandy_1TB_SSD/testing-for-NITE-DSP/sample_pack_testing/Black Octopus Sound - Pure Analog Sweeps IV (2021)/Xtra One Shots/Diamaudix_Audio_PAS_IV_Clap_04.wav,Clap,Snare,0.438294,0.577101,Clap,trusted_filename_override,Clap,0.9,False,,,detuned beating at 1.7Hz; clear harmonic series (f0 25Hz); wide stereo image,24.0,0.144,1e-05,10.0,1.712329,0.0,1.0,10.973266,0.06232,0.39131
Snare  vs  Drum Loop,Breaks,/Volumes/Jack_Gandy_1TB_SSD/testing-for-NITE-DSP/sample_pack_testing/Breaks/The Drum Broker - International Breaks & Essential Kicks/The Drum Broker - International Breaks 3/7 FIRES BKK BREAK_3.wav,Drum Loop,Snare,0.192402,0.224213,Drum Loop,trusted_filename_override,Drum Loop,0.78,False,,,310-cent downward pitch glide; detuned beating at 1.5Hz,8.0,0.08,0.005532,310.0,1.488095,0.675795,0.083333,11.377959,0.021368,0.140122
Snare  vs  Hi-Hat,Koan Sound,/Volumes/Jack_Gandy_1TB_SSD/testing-for-NITE-DSP/sample_pack_testing/Koan Sound/Koan Sound Samples/Raw Drums/Raw/Raw Hat 06.wav,Hi-Hat,Snare,0.301697,0.517049,Hi-Hat,trusted_filename_override,Hi-Hat,0.94,False,,,sharp transient,0.0,0.072,0.002482,60.0,0.992063,0.0543,0.25,10.128088,0.019538,0.268698
Snare  vs  Kick,Loaded Samples - Lo-Fi Memphis 2,/Volumes/Jack_Gandy_1TB_SSD/testing-for-NITE-DSP/sample_pack_testing/Loaded Samples - Lo-Fi Memphis 2/DRUMS/Snares/LFM2_Snare 808_REV (2).wav,Kick,Snare,0.412928,0.407612,Kick,trusted_filename_override,Kick,0.97,False,,,clear harmonic series (f0 182Hz),8.0,0.072,7.5e-05,90.0,0.791139,0.122323,1.0,7.094286,0.07672,0.0
Snare  vs  Loop,Mike Shinoda Drums,/Volumes/Jack_Gandy_1TB_SSD/testing-for-NITE-DSP/sample_pack_testing/Mike Shinoda Drums/MS BEATS/Auckland2013 Samples/45bpmSD9_SP1200F.wav,Loop,Snare,0.658794,0.607052,Snare,full_taxonomy_audio,Snare,0.81,False,,,detuned beating at 2.4Hz; sharp transient,0.0,0.088,0.00344,0.0,2.35849,0.466058,0.416667,7.210308,0.009318,0.0
Synth Loop  vs  Brass,Sounds of KSHMR Vol.3,/Volumes/Jack_Gandy_1TB_SSD/testing-for-NITE-DSP/sample_pack_testing/Sounds of KSHMR Vol.3/KSHMR_Live_Instruments/KSHMR_Orchestral_Instruments/KSHMR_Brass/KSHMR_Brass_Loops/KSHMR_Brass_Loop_15_140_E_Arabic.wav,Brass,Synth Loop,0.119499,0.249087,Synth Loop,full_taxonomy_audio,Foley Loop,0.76,False,,,detuned beating at 4.7Hz; clear harmonic series (f0 331Hz); wide stereo image,1784.0,0.792,1.8e-05,-110.0,4.662004,0.110483,0.666667,7.856374,0.007939,0.358267
Synth Loop  vs  Guitar,Capsun ProAudio - City Pop,/Volumes/Jack_Gandy_1TB_SSD/testing-for-NITE-DSP/sample_pack_testing/Capsun ProAudio - City Pop/Loops/Melodic_Loops/Melodic_Stack_no_guitar/CPA_TCP_100_melodic_stack_traffic_control_no_guitar_E.wav,Guitar,Synth Loop,0.275581,0.523446,Synth Loop,full_taxonomy_audio,Percussion Loop,0.84333,False,,,700-cent downward pitch glide; detuned beating at 1.7Hz,3920.0,0.944,0.021489,700.0,1.698641,0.030859,0.416667,11.258557,2.9e-05,0.212601
Synth Loop  vs  Lead,Sounds of KSHMR Vol.3,/Volumes/Jack_Gandy_1TB_SSD/testing-for-NITE-DSP/sample_pack_testing/Sounds of KSHMR Vol.3/KSHMR_Song_Starters/KSHMR_Song_Starters_Hip_Hop/KSHMR_Song_Starter_Hip_Hop_Lavish_140_Fm_Lead.wav,Lead,Synth Loop,0.224343,0.412347,Synth Loop,full_taxonomy_audio,Percussion Loop,0.76,False,,,no distinctive acoustic evidence,1952.0,0.696,0.0,-1140.0,0.59952,0.677163,0.166667,13.90762,1e-06,0.079563
Synth Loop  vs  Loop,Black Octopus Sound - Pure Analog Sweeps IV (2021),/Volumes/Jack_Gandy_1TB_SSD/testing-for-NITE-DSP/sample_pack_testing/Black Octopus Sound - Pure Analog Sweeps IV (2021)/Xtra Loops/Diamaudix_Audio_PAS_IV_120_Arp_Loop_Gm.wav,Loop,Synth Loop,0.303064,0.469413,Synth Loop,full_taxonomy_audio,Percussion Loop,0.80667,False,,,detuned beating at 2.0Hz,2792.0,0.208,0.006535,-1200.0,1.998002,0.251927,0.25,13.234062,0.000119,0.110608
Synth Loop  vs  Piano,IMANU,/Volumes/Jack_Gandy_1TB_SSD/testing-for-NITE-DSP/sample_pack_testing/IMANU/IMANU Patreon January 2022 Samples/Breakthrough Piano F harmonic minor.wav,Piano,Synth Loop,0.265981,0.532647,Synth Loop,full_taxonomy_audio,Percussion Loop,0.91333,False,,,430-cent downward pitch glide; detuned beating at 1.2Hz; long 7.3s decay; wide stereo image,2376.0,7.296,0.000419,430.0,1.199041,0.011202,0.5,6.142585,5e-06,0.391074
Synth Loop  vs  Strings,Sounds of KSHMR Vol.3,/Volumes/Jack_Gandy_1TB_SSD/testing-for-NITE-DSP/sample_pack_testing/Sounds of KSHMR Vol.3/KSHMR_Live_Instruments/KSHMR_Orchestral_Instruments/KSHMR_Strings/KSHMR_String_Loops/KSHMR_String_Loop_14_128_Fm.wav,Strings,Synth Loop,0.294558,0.535809,Synth Loop,full_taxonomy_audio,Percussion Loop,0.87,False,,,detuned beating at 4.3Hz; long 2.7s decay; wide stereo image,1920.0,2.656,0.0,-690.0,4.296563,0.309048,0.333333,7.451726,3e-06,0.428023
Synth One-Shot  vs  Downlifter,Sounds of KSHMR Vol.3,/Volumes/Jack_Gandy_1TB_SSD/testing-for-NITE-DSP/sample_pack_testing/Sounds of KSHMR Vol.3/KSHMR_FX_Elements/KSHMR_Sub_Drops/KSHMR_Sub_Drop_01_A.wav,Downlifter,Synth One-Shot,0.360958,0.452409,Synth One-Shot,full_taxonomy_audio,Kick,0.77333,False,,,2200-cent downward pitch glide; long 3.4s decay,32.0,3.376,0.074272,2200.0,0.563063,0.062979,0.0,8.517566,0.0,0.0
Synth One-Shot  vs  Kick,Drum Recollection,/Volumes/Jack_Gandy_1TB_SSD/testing-for-NITE-DSP/sample_pack_testing/Drum Recollection/Official Drum Kit Vol. 1/808s/Another Spinz 808 .wav,Kick,Synth One-Shot,0.164629,0.27606,Kick,trusted_filename_override,Kick,0.97,False,,,strong sub energy (97% below 60Hz); 450-cent downward pitch glide; long 1.7s decay; noisy rather than tonal,32.0,1.736,0.967035,450.0,0.541126,0.560595,0.333333,44.238503,0.75008,0.000348
Synth One-Shot  vs  Lead,MGF Mega Pack,/Volumes/Jack_Gandy_1TB_SSD/testing-for-NITE-DSP/sample_pack_testing/MGF Mega Pack/Analogue Collection/Singles/P08_LEAD_23 C2.wav,Lead,Synth One-Shot,0.164003,0.385488,Synth One-Shot,full_taxonomy_audio,Percussion Loop,0.88,False,,,detuned beating at 5.8Hz; long 4.7s decay; near-pure sine (92% of energy at the fundamental),32.0,4.744,9.6e-05,10.0,5.837359,0.917534,0.0,12.628905,7.6e-05,0.045683
Synth One-Shot  vs  Loop,Loaded Samples - Lo-Fi Memphis 2,/Volumes/Jack_Gandy_1TB_SSD/testing-for-NITE-DSP/sample_pack_testing/Loaded Samples - Lo-Fi Memphis 2/MELODIES (X3 & DR5)/Stems (OG Versions)/OGSTEM_Hollow Tips #4 [70 BPM] (E).wav,Loop,Synth One-Shot,0.202471,0.326417,Synth One-Shot,full_taxonomy_audio,Percussion Loop,0.75,False,,,long 2.9s decay; clear harmonic series (f0 1008Hz); wide stereo image,248.0,2.888,3e-06,-10.0,0.899281,2e-06,0.666667,4.754416,0.000163,0.386058
Synth One-Shot  vs  Organ,MGF Mega Pack,/Volumes/Jack_Gandy_1TB_SSD/testing-for-NITE-DSP/sample_pack_testing/MGF Mega Pack/Retro Digital Collection/Bass/DX21 RGB Organ C1.wav,Organ,Synth One-Shot,0.195603,0.407888,Synth One-Shot,full_taxonomy_audio,Percussion Loop,0.76667,False,,,460-cent downward pitch glide; detuned beating at 2.9Hz; long 4.7s decay; clear harmonic series (f0 65Hz),32.0,4.736,0.037535,460.0,2.911491,0.818709,1.0,25.289553,0.000251,0.0
Synth One-Shot  vs  Pad,MGF Mega Pack,/Volumes/Jack_Gandy_1TB_SSD/testing-for-NITE-DSP/sample_pack_testing/MGF Mega Pack/Multisamples/MGF JX3P Vol 5/Washboard Pad/Washboard Pad 18 G2.wav,Pad,Synth One-Shot,0.191359,0.467205,Synth One-Shot,full_taxonomy_audio,Percussion Loop,0.83333,False,,,detuned beating at 2.2Hz; long 5.5s decay; clear harmonic series (f0 200Hz),1320.0,5.512,0.002905,30.0,2.247752,0.128204,1.0,3.145866,0.007912,0.0
Synth One-Shot  vs  Ride,Loaded Samples - Lo-Fi Memphis 2,/Volumes/Jack_Gandy_1TB_SSD/testing-for-NITE-DSP/sample_pack_testing/Loaded Samples - Lo-Fi Memphis 2/MELODIES (X3 & DR5)/Stems (Cassette Processed)/STEM_Down to Ride #2 [74 BPM] (G).wav,Ride,Synth One-Shot,0.137222,0.280312,Synth One-Shot,full_taxonomy_audio,Percussion Loop,0.88,False,,,730-cent downward pitch glide; noisy rather than tonal; wide stereo image,4928.0,0.232,1.8e-05,730.0,0.799361,0.276841,0.5,59.401051,0.383554,0.322747
Vocal Loop  vs  Drum Fill,Sounds of KSHMR Vol.3,/Volumes/Jack_Gandy_1TB_SSD/testing-for-NITE-DSP/sample_pack_testing/Sounds of KSHMR Vol.3/KSHMR_Fills/KSHMR_Synth_Fills/KSHMR_Synth_Fill_21_155_Dm.wav,Drum Fill,Vocal Loop,0.120557,0.190784,Vocal Loop,full_taxonomy_audio,Drum Loop,0.84,False,,,detuned beating at 1.3Hz; wide stereo image,1424.0,0.456,0.045917,0.0,1.28866,0.110363,0.166667,7.383602,0.09637,0.502571
Vocal Loop  vs  Hi-Hat,Drum Recollection,/Volumes/Jack_Gandy_1TB_SSD/testing-for-NITE-DSP/sample_pack_testing/Drum Recollection/Essentials Drumkit Vol. 002/Open Hats/Sandman Open Hat.wav,Hi-Hat,Vocal Loop,0.144854,0.214237,Hi-Hat,trusted_filename_override,Hi-Hat,0.94,False,,,detuned beating at 2.2Hz; clear harmonic series (f0 50Hz); wide stereo image,160.0,0.2,6e-05,0.0,2.164502,1.2e-05,1.0,7.254405,0.003672,0.485504
Vocal Loop  vs  Loop,Sounds of KSHMR Vol.3,/Volumes/Jack_Gandy_1TB_SSD/testing-for-NITE-DSP/sample_pack_testing/Sounds of KSHMR Vol.3/KSHMR_Synths/KSHMR_Synth_Loops/KSHMR_Synth_Loop_28_128_F#m.wav,Loop,Vocal Loop,0.153803,0.315377,Vocal Loop,full_taxonomy_audio,Percussion Loop,0.85,False,,,detuned beating at 1.1Hz; wide stereo image,24.0,0.32,4.2e-05,70.0,1.066098,0.159904,0.25,22.835419,0.131527,0.425001
Vocal One-Shot  vs  Hi-Hat,Drum Recollection,/Volumes/Jack_Gandy_1TB_SSD/testing-for-NITE-DSP/sample_pack_testing/Drum Recollection/Essentials Drum Kit Vol. 001/Open Hats/Reversed Slingshot Open Hat.wav,Hi-Hat,Vocal One-Shot,0.129583,0.193297,Hi-Hat,trusted_filename_override,Hi-Hat,0.94,False,,,noisy rather than tonal,272.0,0.072,1.6e-05,0.0,0.541126,0.744092,0.166667,46.440456,0.931444,0.114423
Vocal One-Shot  vs  Lead,MGF Mega Pack,/Volumes/Jack_Gandy_1TB_SSD/testing-for-NITE-DSP/sample_pack_testing/MGF Mega Pack/Multisamples/MGF Alpha Juno Vol 1/G Star Lead/G Star Lead - F#6.wav,Lead,Vocal One-Shot,0.114614,0.180313,Vocal One-Shot,full_taxonomy_audio,Percussion Loop,0.79667,False,,,long 7.6s decay; clear harmonic series (f0 1118Hz),160.0,7.624,4.3e-05,90.0,1.589464,1.1e-05,1.0,13.173548,0.018513,0.0
Vocal One-Shot  vs  Loop,Loaded Samples - Lo-Fi Memphis 2,/Volumes/Jack_Gandy_1TB_SSD/testing-for-NITE-DSP/sample_pack_testing/Loaded Samples - Lo-Fi Memphis 2/MELODIES (X3 & DR5)/Stems (Cassette Processed)/STEM_Still Mobbin #2 [73 BPM] (F#).wav,Loop,Vocal One-Shot,0.124082,0.225003,Vocal One-Shot,full_taxonomy_audio,Percussion Loop,0.75333,False,,,180-cent downward pitch glide; detuned beating at 5.9Hz; clear harmonic series (f0 1112Hz),5000.0,0.096,9.3e-05,180.0,5.895284,5.2e-05,0.75,7.158586,0.001684,0.0
Weather/Nature Atmos  vs  Drum Loop,Koan Sound,/Volumes/Jack_Gandy_1TB_SSD/testing-for-NITE-DSP/sample_pack_testing/Koan Sound/Koan Sound Samples/Sentient/sentient_bass+drums+fx/Sentient - Break.wav,Drum Loop,Weather/Nature Atmos,0.401968,0.39938,Drum Loop,trusted_filename_override,Drum Loop,0.78,False,,,no readable waveform evidence,,,,,,,,,,
Weather/Nature Atmos  vs  Foley,Koan Sound,/Volumes/Jack_Gandy_1TB_SSD/testing-for-NITE-DSP/sample_pack_testing/Koan Sound/Koan Sound Samples/Silk Wave Stems/Drums - Foley.wav,Foley,Weather/Nature Atmos,0.402526,0.399304,Weather/Nature Atmos,full_taxonomy_audio,Percussion Loop,0.85667,False,,,no readable waveform evidence,,,,,,,,,,
Weather/Nature Atmos  vs  Guitar,Koan Sound,/Volumes/Jack_Gandy_1TB_SSD/testing-for-NITE-DSP/sample_pack_testing/Koan Sound/Koan Sound Samples/The Zulla Stems/The Zulla - Guitar.wav,Guitar,Weather/Nature Atmos,0.399019,0.397925,Weather/Nature Atmos,full_taxonomy_audio,Percussion Loop,0.8,False,,,no readable waveform evidence,,,,,,,,,,
Weather/Nature Atmos  vs  Hi-Hat,Drum Recollection,/Volumes/Jack_Gandy_1TB_SSD/testing-for-NITE-DSP/sample_pack_testing/Drum Recollection/New Wave Drum Kit Vol. 2/Open Hats/@prod.ksubi - Le wa Open Hat.wav,Hi-Hat,Weather/Nature Atmos,0.110493,0.160756,Hi-Hat,trusted_filename_override,Hi-Hat,0.94,False,,,detuned beating at 2.9Hz; clear harmonic series (f0 421Hz); wide stereo image,24.0,0.216,8.8e-05,-1680.0,2.941176,2e-06,1.0,18.686968,0.013121,0.821633
Weather/Nature Atmos  vs  Kick,Koan Sound,/Volumes/Jack_Gandy_1TB_SSD/testing-for-NITE-DSP/sample_pack_testing/Koan Sound/Koan Sound Samples/Sentient/sentient_bass+drums+fx/Sentient - Kick.wav,Kick,Weather/Nature Atmos,0.401968,0.39938,Kick,trusted_filename_override,Drum Loop,0.83333,False,,,no readable waveform evidence,,,,,,,,,,
Weather/Nature Atmos  vs  Loop,Loaded Samples - Lo-Fi Memphis 2,/Volumes/Jack_Gandy_1TB_SSD/testing-for-NITE-DSP/sample_pack_testing/Loaded Samples - Lo-Fi Memphis 2/MELODIES (X3 & DR5)/Stems (Cassette Processed)/STEM_Deadly Theme #3 [73 BPM] (G).wav,Loop,Weather/Nature Atmos,0.154445,0.253768,Weather/Nature Atmos,full_taxonomy_audio,Percussion Loop,0.82333,False,,,detuned beating at 1.4Hz; clear harmonic series (f0 1171Hz); wide stereo image,240.0,0.992,5.4e-05,-210.0,1.398881,1.2e-05,0.666667,14.820824,0.173633,0.438172
Weather/Nature Atmos  vs  Percussion,Koan Sound,/Volumes/Jack_Gandy_1TB_SSD/testing-for-NITE-DSP/sample_pack_testing/Koan Sound/Koan Sound Samples/The Zulla Stems/The Zulla - Percussion.wav,Percussion,Weather/Nature Atmos,0.399019,0.397925,Weather/Nature Atmos,full_taxonomy_audio,Drum Loop,0.85333,False,,,no readable waveform evidence,,,,,,,,,,
Bass Hit  vs  Kick,Loaded Samples - Lo-Fi Memphis 2,/Volumes/Jack_Gandy_1TB_SSD/testing-for-NITE-DSP/sample_pack_testing/Loaded Samples - Lo-Fi Memphis 2/DRUMS/Kicks & 808s/LFM2_808 Heavy (3) (G).wav,Kick,Bass Hit,0.164539,0.303079,Kick,trusted_filename_override,Kick,0.97,False,,,strong sub energy (98% below 60Hz); 280-cent downward pitch glide; long 3.3s decay; near-pure sine (91% of energy at the fundamental),24.0,3.344,0.977749,280.0,0.501337,0.910534,0.0,7.07169,0.000261,0.0
Bass Hit  vs  Loop,Minimal Audio,/Volumes/Jack_Gandy_1TB_SSD/testing-for-NITE-DSP/sample_pack_testing/Minimal Audio/ELEMENT/3 - Bass Loops/Bass - Electric Boomerang - Emin - 78 BPM.wav,Loop,Bass Hit,0.137989,0.211747,Bass Hit,full_taxonomy_audio,Percussion Loop,0.76,False,,,clear harmonic series (f0 41Hz),5960.0,0.144,0.270154,110.0,0.649351,0.215708,0.8,7.738604,0.000673,0.147643
Bass Loop  vs  Drum Loop,Home Clouds - Pop Rock,/Volumes/Jack_Gandy_1TB_SSD/testing-for-NITE-DSP/sample_pack_testing/Home Clouds - Pop Rock/splice-export__home-clouds-at-rubber-tracks-london-pop-up/loop/Drums/RT_Home_Clouds_Drum_Loop_13_Drums_Will_Allen_132_loop.wav,Drum Loop,Bass Loop,0.221458,0.317096,Drum Loop,trusted_filename_override,Drum Loop,0.78,False,,,250-cent downward pitch glide; detuned beating at 4.4Hz; long 2.2s decay; clear harmonic series (f0 37Hz),32.0,2.24,0.019785,250.0,4.395605,0.001189,0.818182,14.09882,0.00128,0.225166
Bass Loop  vs  Foley,Minimal Audio,/Volumes/Jack_Gandy_1TB_SSD/testing-for-NITE-DSP/sample_pack_testing/Minimal Audio/REFLECT/1 - Drums/1 - Loops/5 - Foley Loops/Foley - Filtered Vinyl - 130 BPM.wav,Foley,Bass Loop,0.239521,0.317105,Bass Loop,full_taxonomy_audio,Percussion Loop,0.85333,False,,,long 1.6s decay; clear harmonic series (f0 25Hz); wide stereo image,1984.0,1.648,3e-06,-30.0,0.541126,0.0,0.916667,4.245635,0.036039,0.366599
Bass Loop  vs  Guitar,Sounds of KSHMR Vol.3,/Volumes/Jack_Gandy_1TB_SSD/testing-for-NITE-DSP/sample_pack_testing/Sounds of KSHMR Vol.3/KSHMR_Live_Instruments/KSHMR_Main_Instruments/KSHMR_Guitar/KSHMR_Guitar_Chords/KSHMR_Acoustic_Chords/KSHMR_Acoustic_Guitar_Chords_34_140_Am-G-F-G.wav,Guitar,Bass Loop,0.162166,0.351522,Bass Loop,full_taxonomy_audio,Drum Loop,0.98,False,,,350-cent downward pitch glide; detuned beating at 1.2Hz; wide stereo image,2200.0,0.24,5.4e-05,350.0,1.199041,0.000109,0.5,11.818412,0.01908,0.469748
Bass Loop  vs  Impact,Mike Shinoda Drums,/Volumes/Jack_Gandy_1TB_SSD/testing-for-NITE-DSP/sample_pack_testing/Mike Shinoda Drums/MS BEATS/Cool EFX Samples/Impact HasItAll.wav,Impact,Bass Loop,0.264974,0.354854,Bass Loop,full_taxonomy_audio,Drum Loop,0.76333,False,,,strong sub energy (64% below 60Hz); detuned beating at 1.2Hz; long 7.7s decay; clear harmonic series (f0 27Hz); wide stereo image,288.0,7.68,0.642088,0.0,1.243781,0.152151,0.833333,7.124074,0.002537,0.386112
Bass Loop  vs  Kick,Minimal Audio,/Volumes/Jack_Gandy_1TB_SSD/testing-for-NITE-DSP/sample_pack_testing/Minimal Audio/MICROTECH/1 - Loops/1 - Kick - 172 BPM/Kick - Snap Cellar 2 - 172 BPM.wav,Kick,Bass Loop,0.173771,0.301101,Kick,trusted_filename_override,Percussion Loop,0.80333,False,,,strong sub energy (85% below 60Hz); detuned beating at 2.9Hz; clear harmonic series (f0 25Hz),16.0,0.24,0.849592,-120.0,2.86533,0.121533,0.714286,36.33765,0.000165,0.29608
Bass Loop  vs  Loop,Minimal Audio,/Volumes/Jack_Gandy_1TB_SSD/testing-for-NITE-DSP/sample_pack_testing/Minimal Audio/ELEMENT/3 - Bass Loops/Bass - Cycle - CMaj - 78 BPM.wav,Loop,Bass Loop,0.156811,0.353019,Bass Loop,full_taxonomy_audio,Percussion Loop,0.84,False,,,strong sub energy (97% below 60Hz); detuned beating at 1.6Hz; long 6.7s decay,144.0,6.688,0.973666,-40.0,1.598721,0.440528,0.333333,8.669397,0.0,0.04844
Bass Loop  vs  Piano,IMANU,/Volumes/Jack_Gandy_1TB_SSD/testing-for-NITE-DSP/sample_pack_testing/IMANU/IMANU Patreon August 2024 Samples/piano reese Cm.wav,Piano,Bass Loop,0.240764,0.433758,Bass Loop,full_taxonomy_audio,Percussion Loop,0.76333,False,,,strong sub energy (65% below 60Hz); 190-cent downward pitch glide; detuned beating at 1.2Hz; long 1.4s decay; clear harmonic series (f0 44Hz); wide stereo image,40.0,1.448,0.651307,190.0,1.199041,0.387371,0.666667,26.521561,5.9e-05,0.324191
Chord Loop  vs  Crash,Sounds of KSHMR Vol.3,/Volumes/Jack_Gandy_1TB_SSD/testing-for-NITE-DSP/sample_pack_testing/Sounds of KSHMR Vol.3/KSHMR_Drums/KSHMR_Orchestral_Drums/KSHMR_Cymbals/KSHMR_Crashes_Scary/KSHMR_Orchestral_Crash_Scary_06.wav,Crash,Chord Loop,0.251065,0.419504,Crash,trusted_filename_override,Crash,0.89,False,,,long 1.5s decay; clear harmonic series (f0 27Hz); wide stereo image,704.0,1.512,5e-06,10.0,0.630517,0.0,1.0,2.753195,0.002518,0.556296
Chord Loop  vs  Drum Loop,Sounds of KSHMR Vol.3,/Volumes/Jack_Gandy_1TB_SSD/testing-for-NITE-DSP/sample_pack_testing/Sounds of KSHMR Vol.3/KSHMR_Drums_Loops/KSHMR_Drum_Loops_Full/KSHMR_Cinematic_Drum_Loops/KSHMR_Cinematic_Drum_Loop_10_100.wav,Drum Loop,Chord Loop,0.122051,0.196785,Drum Loop,trusted_filename_override,Drum Loop,0.78,False,,,wide stereo image,16.0,0.712,0.028992,-160.0,0.62396,0.131323,0.5,19.266068,0.000213,0.319522
Chord Loop  vs  Guitar,Old Movies 1 - Vintage Collection (Drum Kit),/Volumes/Jack_Gandy_1TB_SSD/testing-for-NITE-DSP/sample_pack_testing/Old Movies 1 - Vintage Collection (Drum Kit)/Melodic Elements (Old Movies)/DK_Guitar.wav,Guitar,Chord Loop,0.50507,0.549287,Chord Loop,full_taxonomy_audio,Percussion Loop,0.80667,False,,,1930-cent downward pitch glide; long 3.0s decay,6848.0,2.96,0.000333,1930.0,0.69944,0.000169,0.5,11.193962,6.9e-05,0.009697
Chord Loop  vs  Impact,Sounds of KSHMR Vol.3,/Volumes/Jack_Gandy_1TB_SSD/testing-for-NITE-DSP/sample_pack_testing/Sounds of KSHMR Vol.3/KSHMR_Drums/KSHMR_Orchestral_Drums/KSHMR_Deep_Impacts/KSHMR_Orchestral_Deep_Impact_02.wav,Impact,Chord Loop,0.147067,0.266955,Chord Loop,full_taxonomy_audio,Kick,0.84667,False,,,strong sub energy (87% below 60Hz); long 2.0s decay; wide stereo image,88.0,1.984,0.874463,-530.0,0.748503,0.347994,0.0,12.370953,3.1e-05,0.372466
Chord Loop  vs  Kick,Minimal Audio,/Volumes/Jack_Gandy_1TB_SSD/testing-for-NITE-DSP/sample_pack_testing/Minimal Audio/ELEMENT/1 - Drums/1 - Drum Loops/2 - Kick Loops/Kick - Refresh 2 - 64 BPM.wav,Kick,Chord Loop,0.12919,0.257368,Kick,trusted_filename_override,Percussion Loop,0.83667,False,,,strong sub energy (82% below 60Hz); 1440-cent downward pitch glide,24.0,0.912,0.821961,1440.0,0.59952,0.015704,0.5,3.594411,4e-06,0.081761
Chord Loop  vs  Lead,MGF Mega Pack,/Volumes/Jack_Gandy_1TB_SSD/testing-for-NITE-DSP/sample_pack_testing/MGF Mega Pack/Retro Digital Collection/Singles/SY OPL Lead 9 - C3.wav,Lead,Chord Loop,0.158555,0.34339,Chord Loop,full_taxonomy_audio,Percussion Loop,0.82667,False,,,1650-cent downward pitch glide; detuned beating at 3.2Hz; long 4.4s decay; clear harmonic series (f0 131Hz),32.0,4.408,5.3e-05,1650.0,3.225806,0.086654,1.0,16.779322,0.004764,0.0
Chord Loop  vs  Loop,IMANU,/Volumes/Jack_Gandy_1TB_SSD/testing-for-NITE-DSP/sample_pack_testing/IMANU/IMANU Patreon January 2023 Samples/diva mood F#phrygian harmonic minor or whatever dude 154 bpm_2.wav,Loop,Chord Loop,0.488369,0.606987,Chord Loop,full_taxonomy_audio,Percussion Loop,0.82333,False,,,clear harmonic series (f0 39Hz),56.0,0.6,0.021973,90.0,0.59952,4.6e-05,1.0,27.005117,7e-06,0.151463
Chord Loop  vs  Organ,MGF Mega Pack,/Volumes/Jack_Gandy_1TB_SSD/testing-for-NITE-DSP/sample_pack_testing/MGF Mega Pack/Analogue Collection/Chords - Pads/JX3P Organ 2 4th.wav,Organ,Chord Loop,0.197293,0.410274,Chord Loop,full_taxonomy_audio,Percussion Loop,0.83333,False,,,1680-cent downward pitch glide; long 1.0s decay; clear harmonic series (f0 87Hz),3992.0,1.024,3.3e-05,1680.0,0.916422,0.000144,0.833333,6.349148,0.005826,0.0
Chord Loop  vs  Pad,IMANU,/Volumes/Jack_Gandy_1TB_SSD/testing-for-NITE-DSP/sample_pack_testing/IMANU/IMANU Patreon August 2022 Samples/charming pad Em.wav,Pad,Chord Loop,0.437991,0.587173,Chord Loop,full_taxonomy_audio,Percussion Loop,0.82333,False,,,2200-cent downward pitch glide; long 1.3s decay; clear harmonic series (f0 88Hz); wide stereo image,4288.0,1.32,1e-06,2200.0,0.999201,1e-06,0.666667,1.548111,5.7e-05,0.490967
Chord Loop  vs  Piano,IMANU,/Volumes/Jack_Gandy_1TB_SSD/testing-for-NITE-DSP/sample_pack_testing/IMANU/IMANU Patreon June 2022 Samples/weird piano arp G#m with an extra A.wav,Piano,Chord Loop,0.180948,0.377291,Chord Loop,full_taxonomy_audio,Percussion Loop,0.78333,False,,,strong sub energy (41% below 60Hz); detuned beating at 5.8Hz; long 9.9s decay; clear harmonic series (f0 28Hz); wide stereo image,48.0,9.888,0.411857,120.0,5.795364,0.059128,0.833333,12.376369,0.002514,0.373322
Chord Loop  vs  Pluck,MGF Mega Pack,/Volumes/Jack_Gandy_1TB_SSD/testing-for-NITE-DSP/sample_pack_testing/MGF Mega Pack/Multisamples/MGF Sub Phatty 1/Slight Pluck Lead/Slight Pluck Lead-2 F#2.wav,Pluck,Chord Loop,0.222255,0.444609,Chord Loop,full_taxonomy_audio,Percussion Loop,0.92,False,,,2250-cent downward pitch glide; detuned beating at 2.2Hz; long 4.7s decay; near-pure sine (91% of energy at the fundamental); clear harmonic series (f0 184Hz),32.0,4.712,4e-06,2250.0,2.180233,0.908593,1.0,6.414104,0.000848,0.0
Chord Loop  vs  Snare,Organic Electronics 2 J.Views,/Volumes/Jack_Gandy_1TB_SSD/testing-for-NITE-DSP/sample_pack_testing/Organic Electronics 2 J.Views/JVIEWS_countryside/JVIEWS_countryside_one_shots/JVIEWS_hollow_tree_snare_01.wav,Snare,Chord Loop,0.170691,0.24273,Snare,trusted_filename_override,Snare,0.92,False,,,230-cent downward pitch glide; wide stereo image,32.0,0.192,0.0,230.0,0.854214,0.90683,0.25,35.51506,0.111309,0.334474
Chord Loop  vs  Strings,Sounds of KSHMR Vol.3,/Volumes/Jack_Gandy_1TB_SSD/testing-for-NITE-DSP/sample_pack_testing/Sounds of KSHMR Vol.3/KSHMR_VIP_Friends_of_KSHMR/THE_GOLDEN_ARMY/GOLDEN_ARMY_Strings_Loop_G_140.wav,Strings,Chord Loop,0.151443,0.323793,Chord Loop,full_taxonomy_audio,Foley Loop,0.75333,False,,,detuned beating at 2.3Hz; long 2.1s decay; clear harmonic series (f0 393Hz); wide stereo image,488.0,2.064,0.0,-10.0,2.331002,0.232405,0.75,5.477353,0.007536,0.513724
Chord Loop  vs  Vocal Chop,Old Movies 1 - Vintage Collection (Drum Kit),/Volumes/Jack_Gandy_1TB_SSD/testing-for-NITE-DSP/sample_pack_testing/Old Movies 1 - Vintage Collection (Drum Kit)/Melodic Elements (Old Movies)/McLintock 1963 Chop I.wav,Vocal Chop,Chord Loop,0.456361,0.572674,Chord Loop,full_taxonomy_audio,Percussion Loop,0.78,False,,,long 6.0s decay,1240.0,5.952,4.1e-05,-4400.0,0.688326,0.128998,0.25,11.646482,0.000122,0.0
Clap  vs  Hi-Hat,Minimal Audio,/Volumes/Jack_Gandy_1TB_SSD/testing-for-NITE-DSP/sample_pack_testing/Minimal Audio/REFLECT/1 - Drums/5 - Hats & Cymbals/Hi Hat - Basin.wav,Hi-Hat,Clap,0.324474,0.414484,Hi-Hat,trusted_filename_override,Hi-Hat,0.94,False,,,wide stereo image,24.0,0.128,1e-06,0.0,0.0,0.324752,0.083333,8.307624,0.013351,0.487469
Clap  vs  Kick,Mike Shinoda Drums,/Volumes/Jack_Gandy_1TB_SSD/testing-for-NITE-DSP/sample_pack_testing/Mike Shinoda Drums/MPC 1000 Backup/RICK 808/808 2.WAV,Kick,Clap,0.602406,0.562348,Kick,trusted_filename_override,Kick,0.97,False,,,detuned beating at 1.1Hz,48.0,0.12,0.00282,-10.0,1.106195,0.241881,0.25,46.141396,0.074943,0.0
Clap  vs  Snare,Koan Sound,/Volumes/Jack_Gandy_1TB_SSD/testing-for-NITE-DSP/sample_pack_testing/Koan Sound/Koan Sound Samples/Foley Pack 01/Foley Drums/Snare 12.wav,Snare,Clap,0.405401,0.605343,Snare,trusted_filename_override,Snare,0.92,False,,,sharp transient; wide stereo image,0.0,0.072,0.000313,0.0,0.0,0.280461,0.166667,14.80608,0.152872,0.36372
Crash  vs  Hi-Hat,Ian Chang - Dirty Drums,/Volumes/Jack_Gandy_1TB_SSD/testing-for-NITE-DSP/sample_pack_testing/Ian Chang - Dirty Drums/splice-export__ian-chang-dirty-drums/one_shot/Drums/Hat/RT_Ian_Chang_Open_Hi_Hat_Soft_Drums_Ian_Chang_one_shot.wav,Hi-Hat,Crash,0.471662,0.421639,Hi-Hat,trusted_filename_override,Hi-Hat,0.94,False,,,long 1.1s decay,32.0,1.064,0.000988,100.0,0.771605,0.301881,0.333333,6.366017,0.04034,0.0
Crash  vs  Kick,MGF Mega Pack,/Volumes/Jack_Gandy_1TB_SSD/testing-for-NITE-DSP/sample_pack_testing/MGF Mega Pack/Analogue Collection/Perc/MOD_KICK 14.wav,Kick,Crash,0.157048,0.222417,Kick,trusted_filename_override,Kick,0.97,False,,,strong sub energy (49% below 60Hz); 390-cent downward pitch glide; long 1.1s decay; clear harmonic series (f0 55Hz),24.0,1.144,0.490339,390.0,0.589623,0.64271,1.0,10.380269,0.000245,0.0
Crash  vs  Snare,Organic Electronics 2 J.Views,/Volumes/Jack_Gandy_1TB_SSD/testing-for-NITE-DSP/sample_pack_testing/Organic Electronics 2 J.Views/JVIEWS_studio/JVIEWS_studio_one_shots/JVIEWS_analog_machine_drum_snare_02.wav,Snare,Crash,0.150153,0.215087,Snare,trusted_filename_override,Snare,0.92,False,,,2880-cent downward pitch glide; sharp transient,0.0,0.048,0.000833,2880.0,0.59952,0.748839,0.5,5.869761,0.182439,0.119456
Drum Loop  vs  Loop,Ian Chang - Dirty Drums,/Volumes/Jack_Gandy_1TB_SSD/testing-for-NITE-DSP/sample_pack_testing/Ian Chang - Dirty Drums/splice-export__ian-chang-dirty-drums/loop/Drums/Dirty-Loop/RT_Ian_Chang_Dirty_Loop_147_Drums_Ian_Chang_72_loop.wav,Loop,Drum Loop,0.350634,0.397172,Drum Loop,full_taxonomy_audio,Drum Loop,0.75,False,,,detuned beating at 2.4Hz,16.0,0.232,0.184441,-1140.0,2.398082,0.162442,0.416667,23.937597,0.012705,0.074655
Drum Loop  vs  Snare,Mike Shinoda Drums,/Volumes/Jack_Gandy_1TB_SSD/testing-for-NITE-DSP/sample_pack_testing/Mike Shinoda Drums/MPC 1000 Backup/Xero Current/MOBB1_SN.wav,Snare,Drum Loop,0.242126,0.280394,Snare,trusted_filename_override,Snare,0.92,False,,,360-cent downward pitch glide; detuned beating at 1.0Hz,736.0,0.224,0.288316,360.0,1.033058,0.262429,0.5,9.080359,0.047922,0.0
Foley  vs  Clap,Drum Recollection,/Volumes/Jack_Gandy_1TB_SSD/testing-for-NITE-DSP/sample_pack_testing/Drum Recollection/Official Drum Kit Vol. 2/Claps/Orlando 100x Clap.wav,Clap,Foley,0.208625,0.262191,Clap,trusted_filename_override,Clap,0.9,False,,,clear harmonic series (f0 36Hz); wide stereo image,8.0,0.04,0.0,10.0,0.541126,0.0,1.0,2.876221,4.8e-05,0.310222
Foley  vs  Crash,Sounds of KSHMR Vol.3,/Volumes/Jack_Gandy_1TB_SSD/testing-for-NITE-DSP/sample_pack_testing/Sounds of KSHMR Vol.3/KSHMR_FX_Elements/KSHMR_Ambiance_and_Foley/KSHMR_Ambiance_Elemental/KSHMR_Water/KSHMR_Water_04_Splash.wav,Crash,Foley,0.166333,0.233856,Crash,trusted_filename_override,Crash,0.89,False,,,clear harmonic series (f0 26Hz); wide stereo image,416.0,0.28,0.0,-60.0,0.518672,0.0,1.0,9.013432,0.018836,0.458775
Foley  vs  Drum Loop,Mike Shinoda Drums,/Volumes/Jack_Gandy_1TB_SSD/testing-for-NITE-DSP/sample_pack_testing/Mike Shinoda Drums/MPC 1000 Backup/MPC1000 FILES/FUGITIVE/BREAK_6.WAV,Drum Loop,Foley,0.318888,0.363999,Drum Loop,trusted_filename_override,Drum Loop,0.78,False,,,strong sub energy (60% below 60Hz),120.0,0.032,0.595101,140.0,0.0,0.051505,0.416667,7.004349,0.020638,0.004788
Foley  vs  Hi-Hat,Loaded Samples - Lo-Fi Memphis 2,/Volumes/Jack_Gandy_1TB_SSD/testing-for-NITE-DSP/sample_pack_testing/Loaded Samples - Lo-Fi Memphis 2/DRUMS/Hats/LFM2_Phase OHH (1).wav,Hi-Hat,Foley,0.172931,0.226765,Hi-Hat,trusted_filename_override,Hi-Hat,0.94,False,,,detuned beating at 2.7Hz; clear harmonic series (f0 26Hz),24.0,0.336,0.0,0.0,2.717391,0.0,1.0,5.871609,0.067112,0.0
Foley  vs  Kick,Drum Recollection,/Volumes/Jack_Gandy_1TB_SSD/testing-for-NITE-DSP/sample_pack_testing/Drum Recollection/New Wave Drum Kit Vol. 2/808s/Places 808.wav,Kick,Foley,0.13707,0.197558,Kick,trusted_filename_override,Kick,0.97,False,,,strong sub energy (85% below 60Hz); noisy rather than tonal,24.0,0.376,0.849293,150.0,0.541126,0.39644,0.25,24.980423,0.477656,0.016116
Foley  vs  Snare,Drum Recollection,/Volumes/Jack_Gandy_1TB_SSD/testing-for-NITE-DSP/sample_pack_testing/Drum Recollection/New Wave Drum Kit Vol. 2/Snares/@prod.ksubi - A With A Ding Snare.wav,Snare,Foley,0.189074,0.244856,Snare,trusted_filename_override,Snare,0.92,False,,,detuned beating at 1.5Hz; sharp transient; clear harmonic series (f0 0Hz),0.0,0.32,8.5e-05,0.0,1.470588,0.132357,0.666667,6.619005,0.00601,0.236883
Foley Loop  vs  Drum Loop,Minimal Audio,/Volumes/Jack_Gandy_1TB_SSD/testing-for-NITE-DSP/sample_pack_testing/Minimal Audio/ELEMENT/1 - Drums/1 - Drum Loops/3 - Snare Loops/Clap - Abominable Break - 78 BPM.wav,Drum Loop,Foley Loop,0.155363,0.2064,Drum Loop,trusted_filename_override,Drum Loop,0.78,False,,,1160-cent downward pitch glide; detuned beating at 1.3Hz; clear harmonic series (f0 54Hz); wide stereo image,760.0,0.08,0.000424,1160.0,1.298961,0.000257,1.0,70.837997,0.038807,0.535489
Foley Loop  vs  Foley,Minimal Audio,/Volumes/Jack_Gandy_1TB_SSD/testing-for-NITE-DSP/sample_pack_testing/Minimal Audio/REFLECT/1 - Drums/1 - Loops/5 - Foley Loops/Foley - Skipper 1 - 130 BPM.wav,Foley,Foley Loop,0.322531,0.417863,Foley Loop,full_taxonomy_audio,Percussion Loop,0.80667,False,,,detuned beating at 1.1Hz; clear harmonic series (f0 26Hz); wide stereo image,1200.0,0.112,0.0,-80.0,1.082251,0.0,0.75,17.652758,0.08368,0.32803
Foley Loop  vs  Loop,Minimal Audio,/Volumes/Jack_Gandy_1TB_SSD/testing-for-NITE-DSP/sample_pack_testing/Minimal Audio/MICROTECH/1 - Loops/5 - Glitch FX - 172 BPM/SFX - Expo Sweep - 172 BPM.wav,Loop,Foley Loop,0.132085,0.191382,Foley Loop,full_taxonomy_audio,Percussion Loop,0.76,False,,,200-cent downward pitch glide; clear harmonic series (f0 30Hz); wide stereo image,3352.0,0.072,1e-06,200.0,0.716332,0.0,1.0,6.31036,0.169086,0.436889
Foley Loop  vs  Pad,Mike Shinoda Drums,/Volumes/Jack_Gandy_1TB_SSD/testing-for-NITE-DSP/sample_pack_testing/Mike Shinoda Drums/MS BEATS/Cool EFX Samples/Drone SpaceMirror.wav,Pad,Foley Loop,0.175274,0.342152,Foley Loop,full_taxonomy_audio,Percussion Loop,0.82333,False,,,detuned beating at 3.0Hz; wide stereo image,1720.0,0.12,0.01091,-40.0,2.976191,0.873494,0.166667,2.038194,3e-06,0.526881
Foley Loop  vs  Percussion,Organic Electronics 2 J.Views,/Volumes/Jack_Gandy_1TB_SSD/testing-for-NITE-DSP/sample_pack_testing/Organic Electronics 2 J.Views/JVIEWS_desert/JVIEWS_desert_loops/JVIEWS_percussion_rattle_01_120.wav,Percussion,Foley Loop,0.258692,0.342245,Foley Loop,full_taxonomy_audio,Percussion Loop,0.79,False,,,detuned beating at 2.0Hz,1032.0,0.68,3e-05,-10.0,1.998002,0.400022,0.416667,5.472763,0.033923,0.18658
Foley Loop  vs  Percussion Loop,Loaded Samples - Lo-Fi Memphis 2,/Volumes/Jack_Gandy_1TB_SSD/testing-for-NITE-DSP/sample_pack_testing/Loaded Samples - Lo-Fi Memphis 2/DRUMS & PERC LOOPS/808 Clave Loop #8 [65BPM] (E).wav,Percussion Loop,Foley Loop,0.137532,0.260673,Percussion Loop,trusted_filename_override,Percussion Loop,1.0,False,,,detuned beating at 2.2Hz,6936.0,0.432,5.5e-05,90.0,2.164502,0.000674,0.4,22.32868,0.003437,0.0
Hi-Hat  vs  Clap,Mike Shinoda Drums,/Volumes/Jack_Gandy_1TB_SSD/testing-for-NITE-DSP/sample_pack_testing/Mike Shinoda Drums/MPC 1000 Backup/LOOSESAMPLES/CLAP.WAV,Clap,Hi-Hat,0.296026,0.501452,Clap,trusted_filename_override,Clap,0.9,False,,,sharp transient; noisy rather than tonal,0.0,0.032,0.000101,0.0,0.0,0.087248,0.416667,7.71193,0.379072,0.0
Hi-Hat  vs  Crash,Minimal Audio,/Volumes/Jack_Gandy_1TB_SSD/testing-for-NITE-DSP/sample_pack_testing/Minimal Audio/ELEMENT/1 - Drums/4 - Hats/Hi-Hat - Junk Splash.wav,Crash,Hi-Hat,0.441887,0.48221,Crash,trusted_filename_override,Crash,0.89,False,,,detuned beating at 1.6Hz; sharp transient; wide stereo image,0.0,0.072,0.007765,0.0,1.623377,0.104752,0.166667,8.028878,0.066998,0.453867
Hi-Hat  vs  Kick,Koan Sound,/Volumes/Jack_Gandy_1TB_SSD/testing-for-NITE-DSP/sample_pack_testing/Koan Sound/Koan_Sound_2025/Shaper Table Track Project/Samples/Imported/Hihat Open Vinyl Kick.wav,Kick,Hi-Hat,0.35893,0.434704,Kick,trusted_filename_override,Kick,0.97,False,,,detuned beating at 2.6Hz; clear harmonic series (f0 0Hz),24.0,0.344,7.4e-05,0.0,2.55102,0.178842,1.0,3.142953,0.13412,0.0
Hi-Hat  vs  Snare,Loaded Samples - Lo-Fi Memphis 2,/Volumes/Jack_Gandy_1TB_SSD/testing-for-NITE-DSP/sample_pack_testing/Loaded Samples - Lo-Fi Memphis 2/DRUMS/Snares/LFM2_Snare Phase Tite.wav,Snare,Hi-Hat,0.638188,0.61327,Snare,trusted_filename_override,Snare,0.92,False,,,detuned beating at 2.3Hz; clear harmonic series (f0 559Hz),24.0,0.184,1e-05,10.0,2.272727,0.013549,1.0,8.128358,0.170481,0.0
Hi-Hat Loop  vs  Crash,Sounds of KSHMR Vol.3,/Volumes/Jack_Gandy_1TB_SSD/testing-for-NITE-DSP/sample_pack_testing/Sounds of KSHMR Vol.3/KSHMR_Drums_Loops/KSHMR_Drum_Loops_Solo/KSHMR_Hihat_and_Cymbal_Loops/KSHMR_Cymbal_Loops/KSHMR_Cymbal_Loop_02_110_Hand_Cymbals.wav,Crash,Hi-Hat Loop,0.224794,0.276097,Crash,trusted_filename_override,Percussion Loop,0.82,False,,,1240-cent downward pitch glide; detuned beating at 1.8Hz; clear harmonic series (f0 331Hz),560.0,0.848,0.0,1240.0,1.831502,3.5e-05,0.833333,16.628643,0.014095,0.103057
Hi-Hat Loop  vs  Drum Loop,Breaks,/Volumes/Jack_Gandy_1TB_SSD/testing-for-NITE-DSP/sample_pack_testing/Breaks/Laidback Breaks/weedem break.wav,Drum Loop,Hi-Hat Loop,0.093784,0.108897,Drum Loop,trusted_filename_override,Drum Loop,0.78,False,,,detuned beating at 3.1Hz; clear harmonic series (f0 27Hz),336.0,0.096,0.018572,20.0,3.067485,0.000659,0.833333,17.610931,0.064638,0.004284
Hi-Hat Loop  vs  Hi-Hat,Minimal Audio,/Volumes/Jack_Gandy_1TB_SSD/testing-for-NITE-DSP/sample_pack_testing/Minimal Audio/MICROTECH/1 - Loops/4 - Hi Hat - 172 BPM/Hi Hat - Click Space Slow - 172 BPM.wav,Hi-Hat,Hi-Hat Loop,0.387806,0.392753,Hi-Hat,trusted_filename_override,Percussion Loop,0.78,False,,,detuned beating at 5.0Hz; clear harmonic series (f0 26Hz); noisy rather than tonal; wide stereo image,72.0,0.704,1.9e-05,130.0,5.014327,2e-06,1.0,18.188364,0.222912,0.472757
Hi-Hat Loop  vs  Kick,Organic Electronics 2 J.Views,/Volumes/Jack_Gandy_1TB_SSD/testing-for-NITE-DSP/sample_pack_testing/Organic Electronics 2 J.Views/JVIEWS_studio/JVIEWS_studio_loops/JVIEWS_analog_machine_drum_06_no_kick_126_F#.wav,Kick,Hi-Hat Loop,0.130059,0.264936,Kick,trusted_filename_override,Drum Loop,0.96,False,,,strong sub energy (70% below 60Hz); detuned beating at 4.2Hz; clear harmonic series (f0 46Hz),1312.0,0.32,0.701859,-50.0,4.196643,0.349415,0.75,16.137554,0.026565,0.104492
Hi-Hat Loop  vs  Loop,Just Jared - OP1 Drums,/Volumes/Jack_Gandy_1TB_SSD/testing-for-NITE-DSP/sample_pack_testing/Just Jared - OP1 Drums/Drum Loops/Just Jared - OP1 Drums Loop 1 (72 BPM).wav,Loop,Hi-Hat Loop,0.281705,0.331213,Hi-Hat Loop,full_taxonomy_audio,Drum Loop,0.86333,False,,,strong sub energy (57% below 60Hz); 1680-cent downward pitch glide; detuned beating at 4.8Hz; clear harmonic series (f0 43Hz),24.0,0.272,0.569935,1680.0,4.796163,0.466123,0.714286,22.211927,0.045477,0.025072
Hi-Hat Loop  vs  Percussion,KRANE Samples,/Volumes/Jack_Gandy_1TB_SSD/testing-for-NITE-DSP/sample_pack_testing/KRANE Samples/KRNE_SpliceSamplePack/Drums/Loops/KRNE_126_Summer_Perc.wav,Percussion,Hi-Hat Loop,0.29651,0.351546,Hi-Hat Loop,full_taxonomy_audio,Percussion Loop,0.87333,False,,,240-cent downward pitch glide; detuned beating at 1.3Hz; clear harmonic series (f0 156Hz); wide stereo image,5240.0,0.08,5.6e-05,240.0,1.311647,0.002705,0.833333,37.51823,0.101765,0.378847
Hi-Hat Loop  vs  Percussion Loop,Capsun ProAudio - City Pop,/Volumes/Jack_Gandy_1TB_SSD/testing-for-NITE-DSP/sample_pack_testing/Capsun ProAudio - City Pop/Loops/Drum_Loops/Percussion/TCP_77_perc_loop_romantics.wav,Percussion Loop,Hi-Hat Loop,0.395953,0.481241,Percussion Loop,trusted_filename_override,Percussion Loop,1.0,False,,,detuned beating at 5.1Hz,1384.0,0.104,0.000951,-30.0,5.095923,0.712808,0.4,15.78791,0.099899,0.251159
Kick  vs  Drum Loop,Mike Shinoda Drums,/Volumes/Jack_Gandy_1TB_SSD/testing-for-NITE-DSP/sample_pack_testing/Mike Shinoda Drums/MPC 1000 Backup/MPC1000 FILES/FUGITIVE/BREAK_4.WAV,Drum Loop,Kick,0.430088,0.408293,Drum Loop,trusted_filename_override,Drum Loop,0.78,False,,,no distinctive acoustic evidence,16.0,0.12,0.05674,-40.0,0.0,0.565866,0.428571,9.406642,0.004245,0.001484
Kick  vs  Snare,Ian Chang - Dirty Drums,/Volumes/Jack_Gandy_1TB_SSD/testing-for-NITE-DSP/sample_pack_testing/Ian Chang - Dirty Drums/splice-export__ian-chang-dirty-drums/one_shot/Drums/Snare/RT_Ian_Chang_Tea_Towel_Open_Snare_1_Medium_Drums_Ian_Chang_one_shot.wav,Snare,Kick,0.372765,0.404578,Snare,trusted_filename_override,Snare,0.92,False,,,220-cent downward pitch glide; sharp transient,0.0,0.096,0.001005,220.0,0.838926,0.760456,0.125,10.754804,0.010872,0.0
Kick Loop  vs  Drum Loop,Breaks,/Volumes/Jack_Gandy_1TB_SSD/testing-for-NITE-DSP/sample_pack_testing/Breaks/Laidback Breaks/likethis break.wav,Drum Loop,Kick Loop,0.196628,0.22419,Drum Loop,trusted_filename_override,Drum Loop,0.78,False,,,1860-cent downward pitch glide; clear harmonic series (f0 63Hz),24.0,0.112,0.10764,1860.0,0.928218,0.538347,0.6,57.057278,0.072652,0.015733
Kick Loop  vs  Kick,Minimal Audio,/Volumes/Jack_Gandy_1TB_SSD/testing-for-NITE-DSP/sample_pack_testing/Minimal Audio/REFLECT/1 - Drums/1 - Loops/2 - Kick/Kick - Topaz - 130 BPM.wav,Kick,Kick Loop,0.200395,0.254823,Kick,trusted_filename_override,Percussion Loop,0.77333,False,,,strong sub energy (75% below 60Hz); 1580-cent downward pitch glide; detuned beating at 1.1Hz; clear harmonic series (f0 28Hz); noisy rather than tonal,48.0,0.144,0.747054,1580.0,1.082251,0.088275,0.666667,78.214378,0.64908,0.029022
Kick Loop  vs  Loop,Minimal Audio,/Volumes/Jack_Gandy_1TB_SSD/testing-for-NITE-DSP/sample_pack_testing/Minimal Audio/ELEMENT/3 - Bass Loops/Bass - Dub Jug - E - 78 BPM.wav,Loop,Kick Loop,0.218642,0.356825,Kick Loop,full_taxonomy_audio,Percussion Loop,0.83333,False,,,strong sub energy (88% below 60Hz); 350-cent downward pitch glide; detuned beating at 5.2Hz; long 1.2s decay,32.0,1.168,0.884487,350.0,5.194805,0.807776,0.285714,32.259506,0.0,0.187699
Other/none  vs  Organ,MGF Mega Pack,/Volumes/Jack_Gandy_1TB_SSD/testing-for-NITE-DSP/sample_pack_testing/MGF Mega Pack/Retro Digital Collection/Bass/DX21 RGB Organ A0.wav,Organ,Other/none,0.180244,0.394383,Other/none,full_taxonomy_audio,Percussion Loop,0.84,False,,,strong sub energy (70% below 60Hz); 180-cent downward pitch glide; detuned beating at 3.0Hz; long 4.6s decay; clear harmonic series (f0 55Hz),32.0,4.584,0.695959,180.0,3.04878,0.7255,1.0,8.04761,0.000586,0.0
Pad  vs  Loop,Minimal Audio,/Volumes/Jack_Gandy_1TB_SSD/testing-for-NITE-DSP/sample_pack_testing/Minimal Audio/ELEMENT/4 - Atmospheric Loops/Atmosphere - Aurora - Emin - 64 BPM.wav,Loop,Pad,0.264681,0.515963,Pad,full_taxonomy_audio,Percussion Loop,0.81,False,,,detuned beating at 5.6Hz; long 8.5s decay; clear harmonic series (f0 83Hz); wide stereo image,32.0,8.528,4.4e-05,0.0,5.595523,6.4e-05,0.916667,2.388318,1.2e-05,0.520136
Percussion  vs  Kick,Mike Shinoda Drums,/Volumes/Jack_Gandy_1TB_SSD/testing-for-NITE-DSP/sample_pack_testing/Mike Shinoda Drums/MPC 1000 Backup/RICK 808/808 1.WAV,Kick,Percussion,0.19075,0.261018,Kick,trusted_filename_override,Kick,0.97,False,,,detuned beating at 1.1Hz; clear harmonic series (f0 809Hz),16.0,0.216,5e-06,40.0,1.068376,0.910628,0.6,41.481815,0.044567,0.0
Percussion Loop  vs  Drum Loop,Mike Shinoda Drums,/Volumes/Jack_Gandy_1TB_SSD/testing-for-NITE-DSP/sample_pack_testing/Mike Shinoda Drums/MPC 1000 Backup/Mike_s Beats #1/BREAK_1.wav,Drum Loop,Percussion Loop,0.242604,0.289391,Drum Loop,trusted_filename_override,Drum Loop,0.78,False,,,detuned beating at 7.2Hz; long 1.4s decay; clear harmonic series (f0 31Hz),8.0,1.424,0.038421,-40.0,7.194244,0.014051,0.833333,7.903513,0.064972,0.098015
Percussion Loop  vs  Loop,Organic Drum Kit,/Volumes/Jack_Gandy_1TB_SSD/testing-for-NITE-DSP/sample_pack_testing/Organic Drum Kit/8 Drum Loops/Percussion Loops/Zill Rythm - 105 BPM (5).wav,Loop,Percussion Loop,0.160247,0.215377,Percussion Loop,full_taxonomy_audio,Percussion Loop,0.75,False,,,detuned beating at 2.2Hz; clear harmonic series (f0 654Hz),4040.0,0.08,0.000226,-1140.0,2.185315,1e-05,1.0,18.015608,0.022165,0.284781
Percussion Loop  vs  Percussion,Old Movies 1 - Vintage Collection (Drum Kit),/Volumes/Jack_Gandy_1TB_SSD/testing-for-NITE-DSP/sample_pack_testing/Old Movies 1 - Vintage Collection (Drum Kit)/Melodic Elements (Old Movies)/TNW_Drum & Percussion.wav,Percussion,Percussion Loop,0.255475,0.364547,Percussion Loop,full_taxonomy_audio,Percussion Loop,0.84333,False,,,detuned beating at 2.2Hz,7368.0,0.784,6e-06,30.0,2.198241,0.273146,0.166667,11.009342,0.000256,0.0
Rimshot  vs  Clap,Drum Recollection,/Volumes/Jack_Gandy_1TB_SSD/testing-for-NITE-DSP/sample_pack_testing/Drum Recollection/Essentials Drumkit Vol. 002/Claps/Preset Clap.wav,Clap,Rimshot,0.209403,0.251116,Clap,trusted_filename_override,Clap,0.9,False,,,detuned beating at 1.1Hz,16.0,0.064,1.5e-05,10.0,1.077586,0.344496,0.333333,3.249731,0.007917,0.07939
Rimshot  vs  Drum Loop,Mike Shinoda Drums,/Volumes/Jack_Gandy_1TB_SSD/testing-for-NITE-DSP/sample_pack_testing/Mike Shinoda Drums/MPC 1000 Backup/MPC1000 FILES/FUGITIVE/BREAK_3.WAV,Drum Loop,Rimshot,0.402443,0.543738,Drum Loop,trusted_filename_override,Drum Loop,0.78,False,,,sharp transient; clear harmonic series (f0 0Hz),0.0,0.128,0.086789,0.0,0.0,0.123068,0.666667,8.726166,0.012798,0.002763
Rimshot  vs  Hi-Hat,Drum Recollection,/Volumes/Jack_Gandy_1TB_SSD/testing-for-NITE-DSP/sample_pack_testing/Drum Recollection/Essentials Drumkit Vol. 002/Hi-Hats/Virtual Hi-Hat.wav,Hi-Hat,Rimshot,0.348318,0.556829,Hi-Hat,trusted_filename_override,Hi-Hat,0.94,False,,,sharp transient; noisy rather than tonal,0.0,0.04,0.000658,0.0,0.541126,0.717774,0.5,216.166855,0.949121,0.0
Rimshot  vs  Kick,Just Jared - OP1 Drums,/Volumes/Jack_Gandy_1TB_SSD/testing-for-NITE-DSP/sample_pack_testing/Just Jared - OP1 Drums/Kicks/Just Jared - OP1 Drums Kick 14.wav,Kick,Rimshot,0.274738,0.427403,Kick,trusted_filename_override,Kick,0.97,False,,,detuned beating at 2.6Hz; clear harmonic series (f0 28Hz),16.0,0.096,0.154692,10.0,2.604167,0.014936,0.833333,14.776138,2e-06,0.013521
Rimshot  vs  Snare,Drum Recollection,/Volumes/Jack_Gandy_1TB_SSD/testing-for-NITE-DSP/sample_pack_testing/Drum Recollection/Essentials Drumkit Vol. 002/Snares/Drops Snare.wav,Snare,Rimshot,0.126983,0.160269,Snare,trusted_filename_override,Snare,0.92,False,,,detuned beating at 1.1Hz,8.0,0.064,0.000738,-270.0,1.077586,0.199676,0.083333,10.716671,0.166966,0.228418
SFX  vs  Crash,Organic Drum Kit,/Volumes/Jack_Gandy_1TB_SSD/testing-for-NITE-DSP/sample_pack_testing/Organic Drum Kit/6 Cymbals & Toms/1 Cymbals/Organic - Cymbal (14).wav,Crash,SFX,0.348673,0.366292,Crash,trusted_filename_override,Crash,0.89,False,,,long 2.8s decay; clear harmonic series (f0 26Hz); noisy rather than tonal; wide stereo image,336.0,2.752,0.0,10.0,0.59952,0.0,1.0,11.718939,0.508497,0.606029
SFX  vs  Loop,Sounds of KSHMR Vol.3,/Volumes/Jack_Gandy_1TB_SSD/testing-for-NITE-DSP/sample_pack_testing/Sounds of KSHMR Vol.3/KSHMR_Vocals/KSHMR_Vocals_FX/KSHMR_Crowd/KSHMR_Crowd_Chant/KSHMR_Crowd_Chant_Loop_05_Yeah_Yeah_Yeah_127_Dm.wav,Loop,SFX,0.22421,0.29126,SFX,full_taxonomy_audio,Foley Loop,0.75,False,,,detuned beating at 1.1Hz; long 1.6s decay; wide stereo image,1528.0,1.568,2e-06,150.0,1.057082,0.281674,0.25,5.03371,0.01163,0.447026
Snare  vs  Clap,Drum Recollection,/Volumes/Jack_Gandy_1TB_SSD/testing-for-NITE-DSP/sample_pack_testing/Drum Recollection/2023 Drums/(Clap) Venom Attraction.wav,Clap,Snare,0.38489,0.579759,Clap,trusted_filename_override,Clap,0.9,False,,,noisy rather than tonal,8.0,0.064,0.00619,0.0,0.581395,0.029244,0.5,85.477409,0.882336,0.091653
Snare  vs  Drum Loop,Mike Shinoda Drums,/Volumes/Jack_Gandy_1TB_SSD/testing-for-NITE-DSP/sample_pack_testing/Mike Shinoda Drums/MPC 1000 Backup/MPC1000 FILES/FUGITIVE/BREAK_5.WAV,Drum Loop,Snare,0.454935,0.573448,Drum Loop,trusted_filename_override,Drum Loop,0.78,False,,,clear harmonic series (f0 0Hz),8.0,0.12,0.057508,0.0,0.0,0.091628,0.833333,10.289361,0.014217,0.002947
Snare  vs  Hi-Hat,MGF Mega Pack,/Volumes/Jack_Gandy_1TB_SSD/testing-for-NITE-DSP/sample_pack_testing/MGF Mega Pack/Misc + Found Sound/UTS Foley 1/Short/Foot Hat-4.wav,Hi-Hat,Snare,0.230725,0.356459,Hi-Hat,trusted_filename_override,Hi-Hat,0.94,False,,,detuned beating at 1.6Hz,24.0,0.08,0.007471,-880.0,1.582278,0.10738,0.416667,14.928962,0.04545,0.0
Snare  vs  Kick,Mike Shinoda Drums,/Volumes/Jack_Gandy_1TB_SSD/testing-for-NITE-DSP/sample_pack_testing/Mike Shinoda Drums/MS BEATS/Fois Gras 2 Samples/Kick Klevines.wav,Kick,Snare,0.26706,0.44718,Kick,trusted_filename_override,Kick,0.97,False,,,no distinctive acoustic evidence,8.0,0.088,0.093827,0.0,0.0,0.383177,0.583333,4.254835,0.022686,0.0
Synth Loop  vs  Guitar,Sounds of KSHMR Vol.3,/Volumes/Jack_Gandy_1TB_SSD/testing-for-NITE-DSP/sample_pack_testing/Sounds of KSHMR Vol.3/KSHMR_Fills/KSHMR_Instrumental_Fills/KSHMR_Instrumental_Fill_04_100_Guitar_Dm.wav,Guitar,Synth Loop,0.304986,0.522971,Synth Loop,full_taxonomy_audio,Percussion Loop,0.77,False,,,detuned beating at 1.0Hz,1216.0,0.504,9.8e-05,-920.0,1.039933,0.103006,0.166667,12.76056,0.000116,0.212347
Synth Loop  vs  Loop,Loaded Samples - Lo-Fi Memphis 2,/Volumes/Jack_Gandy_1TB_SSD/testing-for-NITE-DSP/sample_pack_testing/Loaded Samples - Lo-Fi Memphis 2/MELODIES (X3 & DR5)/Stems (Cassette Processed)/STEM_Low Down #1 [75 BPM] (C#).wav,Loop,Synth Loop,0.233397,0.465155,Synth Loop,full_taxonomy_audio,Percussion Loop,0.83,False,,,strong sub energy (66% below 60Hz); detuned beating at 1.8Hz; long 1.8s decay; clear harmonic series (f0 36Hz),136.0,1.824,0.655832,120.0,1.803552,0.58985,0.777778,11.051208,0.069954,0.0
Synth One-Shot  vs  Kick,Loaded Samples - Lo-Fi Memphis 2,/Volumes/Jack_Gandy_1TB_SSD/testing-for-NITE-DSP/sample_pack_testing/Loaded Samples - Lo-Fi Memphis 2/DRUMS/Kicks & 808s/LFM2_808 Clean #2 (BASS ONLY) (G).wav,Kick,Synth One-Shot,0.233438,0.375023,Kick,trusted_filename_override,Kick,0.97,False,,,strong sub energy (99% below 60Hz); 180-cent downward pitch glide; long 4.4s decay; near-pure sine (93% of energy at the fundamental),24.0,4.416,0.986458,180.0,0.566465,0.932875,0.0,8.526444,1e-06,0.0
Vocal Loop  vs  Hi-Hat,Sounds of KSHMR Vol.3,/Volumes/Jack_Gandy_1TB_SSD/testing-for-NITE-DSP/sample_pack_testing/Sounds of KSHMR Vol.3/KSHMR_Vocals/KSHMR_Vocals_FX/KSHMR_Crowd/KSHMR_Crowd_Chant/KSHMR_Crowd_Chant_Loop_01_Ohh_Ohh_124.wav,Hi-Hat,Vocal Loop,0.106439,0.13554,Hi-Hat,trusted_filename_override,Hi-Hat,0.94,False,,,detuned beating at 1.0Hz; wide stereo image,304.0,0.808,0.000276,50.0,1.033058,0.400298,0.083333,6.00734,0.028205,0.502032
Vocal One-Shot  vs  Hi-Hat,Sounds of KSHMR Vol.3,/Volumes/Jack_Gandy_1TB_SSD/testing-for-NITE-DSP/sample_pack_testing/Sounds of KSHMR Vol.3/KSHMR_Vocals/KSHMR_Vocals_Ethnic/KSHMR_Indian_Vocals/KSHMR_Bhangra_Shouts/KSHMR_Bhangra_Shout_10_Ohh_Ha_F.wav,Hi-Hat,Vocal One-Shot,0.157017,0.249701,Hi-Hat,trusted_filename_override,Hi-Hat,0.94,False,,,1970-cent downward pitch glide; wide stereo image,264.0,0.344,0.000239,1970.0,0.606796,0.013116,0.333333,9.427727,0.000482,0.483573
Weather/Nature Atmos  vs  Hi-Hat,IMANU,/Volumes/Jack_Gandy_1TB_SSD/testing-for-NITE-DSP/sample_pack_testing/IMANU/es tu reel stems/etr_00_11 chord pitchbend experiments_3_alasen hat 22.wav,Hi-Hat,Weather/Nature Atmos,0.411638,0.396833,Hi-Hat,trusted_filename_override,Percussion Loop,0.79333,False,,,long 1.9s decay; clear harmonic series (f0 25Hz); noisy rather than tonal; wide stereo image,40.0,1.872,0.001976,20.0,1.498801,0.000247,1.0,4.585695,0.340408,0.586834
Weather/Nature Atmos  vs  Kick,Mike Shinoda Drums,/Volumes/Jack_Gandy_1TB_SSD/testing-for-NITE-DSP/sample_pack_testing/Mike Shinoda Drums/MPC 1000 Backup/DRE SAMPLES/808_RVSE_CALI.wav,Kick,Weather/Nature Atmos,0.123916,0.224422,Kick,trusted_filename_override,Kick,0.97,False,,,strong sub energy (94% below 60Hz); near-pure sine (92% of energy at the fundamental),1128.0,0.08,0.935026,70.0,0.637755,0.919348,0.0,15.753868,0.00097,0.0
Bass Hit  vs  Kick,MGF Mega Pack,/Volumes/Jack_Gandy_1TB_SSD/testing-for-NITE-DSP/sample_pack_testing/MGF Mega Pack/Analogue Collection/Perc/MOD_KICK 07.wav,Kick,Bass Hit,0.172767,0.314542,Kick,trusted_filename_override,Kick,0.97,False,,,strong sub energy (54% below 60Hz); near-pure sine (95% of energy at the fundamental),40.0,0.632,0.536134,70.0,0.70028,0.95246,0.0,8.043748,0.012834,0.0
Bass Loop  vs  Drum Loop,KORE - Grooves,/Volumes/Jack_Gandy_1TB_SSD/testing-for-NITE-DSP/sample_pack_testing/KORE - Grooves/splice-export__kore-london-grooves/loop/Drums/RT_Kore_Players_Drum_Loop_62_Drums_Sarah_Jones_135_loop.wav,Drum Loop,Bass Loop,0.269875,0.371689,Drum Loop,trusted_filename_override,Drum Loop,0.78,False,,,strong sub energy (37% below 60Hz); 290-cent downward pitch glide; detuned beating at 4.5Hz; clear harmonic series (f0 53Hz),16.0,0.176,0.369557,290.0,4.494382,0.303338,0.666667,16.039785,0.022839,0.164222
Bass Loop  vs  Impact,Sounds of KSHMR Vol.3,/Volumes/Jack_Gandy_1TB_SSD/testing-for-NITE-DSP/sample_pack_testing/Sounds of KSHMR Vol.3/KSHMR_Drums/KSHMR_Orchestral_Drums/KSHMR_Deep_Impacts/KSHMR_Orchestral_Deep_Impact_03.wav,Impact,Bass Loop,0.200087,0.328801,Bass Loop,full_taxonomy_audio,Kick,0.75667,False,,,strong sub energy (88% below 60Hz); long 2.3s decay,272.0,2.28,0.880593,-520.0,6.414268,0.343766,0.333333,7.835021,1.8e-05,0.214389
Bass Loop  vs  Kick,Sounds of KSHMR Vol.3,/Volumes/Jack_Gandy_1TB_SSD/testing-for-NITE-DSP/sample_pack_testing/Sounds of KSHMR Vol.3/KSHMR_Drums/KSHMR_Kicks/KSHMR_Hardstyle_Kicks/KSHMR_Sickdellz_Kick_Madness_All_Keys/KSHMR_x_SD_Madness_Kick_04_F#.wav,Kick,Bass Loop,0.118792,0.167577,Kick,trusted_filename_override,Kick,0.97,False,,,strong sub energy (81% below 60Hz); detuned beating at 1.4Hz; clear harmonic series (f0 46Hz),176.0,0.264,0.812108,120.0,1.388889,0.510363,1.0,3.677405,0.006769,0.084214
Bass Loop  vs  Loop,Organic Drum Kit,/Volumes/Jack_Gandy_1TB_SSD/testing-for-NITE-DSP/sample_pack_testing/Organic Drum Kit/8 Drum Loops/Percussion Loops/Frame Drum Rythm 1 LP - 115 BPM (A).wav,Loop,Bass Loop,0.229307,0.401422,Bass Loop,full_taxonomy_audio,Percussion Loop,0.86,False,,,detuned beating at 2.9Hz; long 3.8s decay; near-pure sine (97% of energy at the fundamental),408.0,3.752,1.1e-05,0.0,2.873563,0.973958,0.333333,23.593683,2.9e-05,0.189799
Chord Loop  vs  Guitar,Organic Electronics 2 J.Views,/Volumes/Jack_Gandy_1TB_SSD/testing-for-NITE-DSP/sample_pack_testing/Organic Electronics 2 J.Views/JVIEWS_countryside/JVIEWS_countryside_tonal/JVIEWS_outdoor_tape_guitar_140_F.wav,Guitar,Chord Loop,0.246294,0.438327,Chord Loop,full_taxonomy_audio,Percussion Loop,0.87667,False,,,detuned beating at 1.8Hz; long 2.5s decay; wide stereo image,7504.0,2.488,3.2e-05,-1280.0,1.798561,0.00546,0.333333,7.014976,2.1e-05,0.416205
Chord Loop  vs  Loop,Loaded Samples - Lo-Fi Memphis 2,/Volumes/Jack_Gandy_1TB_SSD/testing-for-NITE-DSP/sample_pack_testing/Loaded Samples - Lo-Fi Memphis 2/MELODIES (X3 & DR5)/Stems (Cassette Processed)/STEM_The Prophecy #4 [72 BPM] (A#).wav,Loop,Chord Loop,0.154164,0.408281,Chord Loop,full_taxonomy_audio,Percussion Loop,0.79,False,,,strong sub energy (46% below 60Hz); long 4.1s decay; clear harmonic series (f0 58Hz),40.0,4.112,0.455027,0.0,0.899281,0.496248,0.7,20.411402,5e-06,0.0
Chord Loop  vs  Pad,MGF Mega Pack,/Volumes/Jack_Gandy_1TB_SSD/testing-for-NITE-DSP/sample_pack_testing/MGF Mega Pack/Multisamples/MGF JX3P Vol 5/Washboard Pad/Washboard Pad 5 A0.wav,Pad,Chord Loop,0.139076,0.348899,Chord Loop,full_taxonomy_audio,Percussion Loop,0.88667,False,,,1450-cent downward pitch glide; detuned beating at 2.4Hz; long 5.9s decay; clear harmonic series (f0 56Hz),1040.0,5.888,0.067436,1450.0,2.372627,0.082991,1.0,8.950598,0.009534,0.0
Chord Loop  vs  Piano,Koan Sound,/Volumes/Jack_Gandy_1TB_SSD/testing-for-NITE-DSP/sample_pack_testing/Koan Sound/Koan Sound Samples/The Zulla Stems/The Zulla - Piano.wav,Piano,Chord Loop,0.24711,0.438341,Chord Loop,full_taxonomy_audio,Percussion Loop,0.86,False,,,long 3.2s decay; wide stereo image,64.0,3.24,0.001494,-1600.0,0.59952,0.606341,0.428571,33.373951,8e-06,0.399781
Chord Loop  vs  Pluck,Sounds of KSHMR Vol.3,/Volumes/Jack_Gandy_1TB_SSD/testing-for-NITE-DSP/sample_pack_testing/Sounds of KSHMR Vol.3/KSHMR_Song_Starters/KSHMR_Song_Starters_Main/KSHMR_Song_Starter_37_Tears_On_A_Harp_120_Cm-A#-Fm.wav,Pluck,Chord Loop,0.345619,0.541865,Chord Loop,full_taxonomy_audio,Percussion Loop,0.79667,False,,,380-cent downward pitch glide; wide stereo image,936.0,0.784,1e-06,380.0,0.999201,0.000564,0.5,12.137194,4.4e-05,0.32767
Clap  vs  Hi-Hat,Sounds of KSHMR Vol.3,/Volumes/Jack_Gandy_1TB_SSD/testing-for-NITE-DSP/sample_pack_testing/Sounds of KSHMR Vol.3/KSHMR_Drums/KSHMR_Cymbals/KSHMR_Hi_Hats_Closed/KSHMR_Closed_Hat_13_Dirty.wav,Hi-Hat,Clap,0.161671,0.248722,Hi-Hat,trusted_filename_override,Hi-Hat,0.94,False,,,detuned beating at 1.6Hz,16.0,0.088,0.0,0.0,1.623377,0.340553,0.166667,13.666323,0.022761,0.228178
Clap  vs  Kick,Organic Electronics 2 J.Views,/Volumes/Jack_Gandy_1TB_SSD/testing-for-NITE-DSP/sample_pack_testing/Organic Electronics 2 J.Views/JVIEWS_countryside/JVIEWS_countryside_one_shots/JVIEWS_kick_helper_crunchy_leaves_03.wav,Kick,Clap,0.299027,0.376836,Kick,trusted_filename_override,Kick,0.97,False,,,detuned beating at 1.7Hz; wide stereo image,64.0,0.256,0.000517,0.0,1.666667,0.237049,0.083333,9.953637,0.070567,0.436186
Clap  vs  Snare,Minimal Audio,/Volumes/Jack_Gandy_1TB_SSD/testing-for-NITE-DSP/sample_pack_testing/Minimal Audio/ELEMENT/1 - Drums/3 - Snare/Snare - Skimming.wav,Snare,Clap,0.502727,0.593766,Snare,trusted_filename_override,Snare,0.92,False,,,detuned beating at 1.6Hz,16.0,0.144,0.003272,0.0,1.582278,0.120071,0.333333,6.444652,0.15561,0.239978
Crash  vs  Hi-Hat,Loaded Samples - Lo-Fi Memphis 2,/Volumes/Jack_Gandy_1TB_SSD/testing-for-NITE-DSP/sample_pack_testing/Loaded Samples - Lo-Fi Memphis 2/DRUMS/Hats/LFM2_Real OHH.wav,Hi-Hat,Crash,0.378112,0.351637,Hi-Hat,trusted_filename_override,Hi-Hat,0.94,False,,,detuned beating at 1.7Hz; clear harmonic series (f0 0Hz),40.0,0.512,1.1e-05,0.0,1.736111,0.465439,0.75,5.093234,0.095068,0.0
Crash  vs  Kick,Mike Shinoda Drums,/Volumes/Jack_Gandy_1TB_SSD/testing-for-NITE-DSP/sample_pack_testing/Mike Shinoda Drums/MPC 1000 Backup/RICK 808/808 11.WAV,Kick,Crash,0.293028,0.300596,Kick,trusted_filename_override,Kick,0.97,False,,,clear harmonic series (f0 45Hz),48.0,0.664,0.0,-500.0,0.702247,0.0,1.0,38.721115,0.079521,0.0
Crash  vs  Snare,Sounds of KSHMR Vol.3,/Volumes/Jack_Gandy_1TB_SSD/testing-for-NITE-DSP/sample_pack_testing/Sounds of KSHMR Vol.3/KSHMR_Drums/KSHMR_Orchestral_Drums/KSHMR_Snares/KSHMR_Orchestral_Snare_06_Short_Roll.wav,Snare,Crash,0.143034,0.17627,Snare,trusted_filename_override,Snare,0.92,False,,,3180-cent downward pitch glide; wide stereo image,112.0,0.232,9e-06,3180.0,0.541126,0.752885,0.416667,13.447025,0.00243,0.48026
Drum Loop  vs  Loop,Just Jared - OP1 Drums,/Volumes/Jack_Gandy_1TB_SSD/testing-for-NITE-DSP/sample_pack_testing/Just Jared - OP1 Drums/Drum Loops/Just Jared - OP1 Drums Loop 3 (74 BPM).wav,Loop,Drum Loop,0.211413,0.301769,Drum Loop,full_taxonomy_audio,Drum Loop,0.89667,False,,,260-cent downward pitch glide; clear harmonic series (f0 46Hz),24.0,0.312,0.291018,260.0,0.59952,0.156633,0.75,27.398293,0.068017,0.067137
Drum Loop  vs  Snare,Sounds of KSHMR Vol.3,/Volumes/Jack_Gandy_1TB_SSD/testing-for-NITE-DSP/sample_pack_testing/Sounds of KSHMR Vol.3/KSHMR_VIP_Friends_of_KSHMR/7SKIES/7SKIES_Taico_Snare_Fill.wav,Snare,Drum Loop,0.182455,0.216522,Snare,trusted_filename_override,Snare,0.92,False,,,wide stereo image,1304.0,0.408,0.0331,-800.0,0.573394,0.293634,0.25,13.767308,0.023221,0.457243
Foley  vs  Clap,Mike Shinoda Drums,/Volumes/Jack_Gandy_1TB_SSD/testing-for-NITE-DSP/sample_pack_testing/Mike Shinoda Drums/MPC 1000 Backup/NEPTUNES SAMPLES/CLAP young.wav,Clap,Foley,0.306738,0.417302,Clap,trusted_filename_override,Clap,0.9,False,,,detuned beating at 2.6Hz,32.0,0.144,0.002661,0.0,2.55102,0.204934,0.166667,9.164558,0.022873,0.0
Foley  vs  Hi-Hat,Mike Shinoda Drums,/Volumes/Jack_Gandy_1TB_SSD/testing-for-NITE-DSP/sample_pack_testing/Mike Shinoda Drums/MPC 1000 Backup/neptunes/hat grime.wav,Hi-Hat,Foley,0.179747,0.232256,Hi-Hat,trusted_filename_override,Hi-Hat,0.94,False,,,no distinctive acoustic evidence,16.0,0.088,0.001275,0.0,0.0,0.497621,0.166667,7.209474,0.092557,0.0
Foley  vs  Kick,Just Jared - OP1 Drums,/Volumes/Jack_Gandy_1TB_SSD/testing-for-NITE-DSP/sample_pack_testing/Just Jared - OP1 Drums/Kicks/Just Jared - OP1 Drums Kick 12.wav,Kick,Foley,0.294832,0.381781,Kick,trusted_filename_override,Kick,0.97,False,,,clear harmonic series (f0 0Hz),32.0,0.088,0.038067,0.0,0.0,0.31923,0.75,8.368006,0.001166,0.020508
Foley  vs  Snare,Just Jared - OP1 Drums,/Volumes/Jack_Gandy_1TB_SSD/testing-for-NITE-DSP/sample_pack_testing/Just Jared - OP1 Drums/Snares/Just Jared - OP1 Drums Snare 6.wav,Snare,Foley,0.487858,0.450126,Snare,trusted_filename_override,Snare,0.92,False,,,detuned beating at 1.6Hz; sharp transient,0.0,0.136,0.001384,0.0,1.582278,0.145352,0.5,5.637042,0.026131,0.016463
Foley Loop  vs  Drum Loop,Sounds of KSHMR Vol.3,/Volumes/Jack_Gandy_1TB_SSD/testing-for-NITE-DSP/sample_pack_testing/Sounds of KSHMR Vol.3/KSHMR_Drums_Loops/KSHMR_Drum_Loops_Full/KSHMR_Acoustic_Drum_Loops/KSHMR_Acoustic_Drum_Loop_17_128.wav,Drum Loop,Foley Loop,0.108003,0.15476,Drum Loop,trusted_filename_override,Drum Loop,0.78,False,,,detuned beating at 1.1Hz; long 3.7s decay; clear harmonic series (f0 28Hz); wide stereo image,24.0,3.712,0.149549,-10.0,1.066098,0.001655,0.916667,10.987304,0.007154,0.381654
Foley Loop  vs  Foley,Old Movies 1 - Vintage Collection (Drum Kit),/Volumes/Jack_Gandy_1TB_SSD/testing-for-NITE-DSP/sample_pack_testing/Old Movies 1 - Vintage Collection (Drum Kit)/Foley & Percussion (Old Movies)/TBTWD_Foley 1.wav,Foley,Foley Loop,0.203971,0.290546,Foley Loop,full_taxonomy_audio,Percussion Loop,0.77667,False,,,detuned beating at 1.8Hz; clear harmonic series (f0 31Hz),1648.0,0.456,0.004525,90.0,1.817238,0.000514,0.833333,13.109177,0.002551,0.000665
Foley Loop  vs  Pad,Minimal Audio,/Volumes/Jack_Gandy_1TB_SSD/testing-for-NITE-DSP/sample_pack_testing/Minimal Audio/REFLECT/2 - Melodics/1 - Pads/Pad - Beneath - Cmaj.wav,Pad,Foley Loop,0.189753,0.370179,Foley Loop,full_taxonomy_audio,Percussion Loop,0.86,False,,,2660-cent downward pitch glide; long 4.9s decay; clear harmonic series (f0 127Hz); wide stereo image,1976.0,4.896,0.001703,2660.0,0.504541,0.105887,0.666667,8.878398,2e-06,0.499632
Foley Loop  vs  Percussion,Sounds of KSHMR Vol.3,/Volumes/Jack_Gandy_1TB_SSD/testing-for-NITE-DSP/sample_pack_testing/Sounds of KSHMR Vol.3/KSHMR_Drums/KSHMR_Percussion/KSHMR_Tambourines/KSHMR_Tambourine_Shake_03.wav,Percussion,Foley Loop,0.124649,0.218746,Foley Loop,full_taxonomy_audio,Percussion Loop,0.80667,False,,,clear harmonic series (f0 342Hz),3224.0,0.288,0.0,-20.0,0.708215,0.075657,0.916667,15.480886,0.072093,0.096269
Foley Loop  vs  Percussion Loop,Sounds of KSHMR Vol.3,/Volumes/Jack_Gandy_1TB_SSD/testing-for-NITE-DSP/sample_pack_testing/Sounds of KSHMR Vol.3/KSHMR_Drums_Loops/KSHMR_Drum_Loops_Full/KSHMR_Percussion_Loops/KSHMR_Percussion_Loop_30_128.wav,Percussion Loop,Foley Loop,0.11823,0.181819,Percussion Loop,trusted_filename_override,Percussion Loop,1.0,False,,,770-cent downward pitch glide; detuned beating at 1.1Hz; clear harmonic series (f0 516Hz); wide stereo image,56.0,0.28,0.000194,770.0,1.066098,0.018987,0.75,16.237514,0.052206,0.440947
Hi-Hat  vs  Clap,Sounds of KSHMR Vol.3,/Volumes/Jack_Gandy_1TB_SSD/testing-for-NITE-DSP/sample_pack_testing/Sounds of KSHMR Vol.3/KSHMR_Drums/KSHMR_Claps/KSHMR_Drop_Claps/KSHMR_Drop_Clap_05_128.wav,Clap,Hi-Hat,0.207536,0.253692,Clap,trusted_filename_override,Clap,0.9,False,,,detuned beating at 2.1Hz; long 1.4s decay; clear harmonic series (f0 25Hz); wide stereo image,24.0,1.368,1e-06,0.0,2.12766,0.0,1.0,7.354132,0.13536,0.391288
Hi-Hat  vs  Crash,Organic Drum Kit,/Volumes/Jack_Gandy_1TB_SSD/testing-for-NITE-DSP/sample_pack_testing/Organic Drum Kit/5 Percussion/4 Metalic/3 Zill Finger Cymbals/Organic - Zill Finger Cymbal (12).wav,Crash,Hi-Hat,0.181465,0.246387,Crash,trusted_filename_override,Crash,0.89,False,,,detuned beating at 1.2Hz; clear harmonic series (f0 1171Hz),24.0,0.192,0.001013,0.0,1.179245,0.000192,1.0,27.735933,0.087882,5.7e-05
Hi-Hat  vs  Kick,Mike Shinoda Drums,/Volumes/Jack_Gandy_1TB_SSD/testing-for-NITE-DSP/sample_pack_testing/Mike Shinoda Drums/MPC 1000 Backup/RICK 808/808 10.WAV,Kick,Hi-Hat,0.233697,0.261924,Kick,trusted_filename_override,Kick,0.97,False,,,detuned beating at 1.1Hz; clear harmonic series (f0 60Hz),48.0,0.288,1e-06,-500.0,1.136364,0.0,1.0,22.122536,0.076263,0.0
Hi-Hat  vs  Snare,Minimal Audio,/Volumes/Jack_Gandy_1TB_SSD/testing-for-NITE-DSP/sample_pack_testing/Minimal Audio/MICROTECH/2 - One Shots/2 - Snare/Snare - Data Punch 2.wav,Snare,Hi-Hat,0.32254,0.447253,Snare,trusted_filename_override,Snare,0.92,False,,,detuned beating at 2.6Hz; sharp transient; clear harmonic series (f0 29Hz),0.0,0.16,0.004169,0.0,2.55102,0.000211,0.916667,5.161257,0.178171,0.188926
Hi-Hat Loop  vs  Drum Loop,Capsun ProAudio - City Pop,/Volumes/Jack_Gandy_1TB_SSD/testing-for-NITE-DSP/sample_pack_testing/Capsun ProAudio - City Pop/Loops/Drum_Loops/Drum_loops_full/TCP_85_drum_loop_glitterball.wav,Drum Loop,Hi-Hat Loop,0.192244,0.315775,Drum Loop,trusted_filename_override,Drum Loop,0.78,False,,,1460-cent downward pitch glide; detuned beating at 1.4Hz,24.0,0.128,0.346727,1460.0,1.398881,0.324381,0.2,19.299599,0.100337,0.048825
Hi-Hat Loop  vs  Loop,Minimal Audio,/Volumes/Jack_Gandy_1TB_SSD/testing-for-NITE-DSP/sample_pack_testing/Minimal Audio/ELEMENT/1 - Drums/1 - Drum Loops/1 - Full Loops/Drums - Quarter Tattdrum - 64 BPM.wav,Loop,Hi-Hat Loop,0.237685,0.359414,Hi-Hat Loop,full_taxonomy_audio,Drum Loop,0.81,False,,,strong sub energy (92% below 60Hz); 370-cent downward pitch glide; detuned beating at 1.6Hz,32.0,0.832,0.924508,370.0,1.598721,0.441411,0.333333,17.861444,0.064672,0.077368
Hi-Hat Loop  vs  Percussion,Minimal Audio,/Volumes/Jack_Gandy_1TB_SSD/testing-for-NITE-DSP/sample_pack_testing/Minimal Audio/MICROTECH/1 - Loops/3 - Perc - 172 BPM/Perc - Terminal Tops 2 - 172 BPM.wav,Percussion,Hi-Hat Loop,0.352886,0.381643,Hi-Hat Loop,full_taxonomy_audio,Percussion Loop,0.82333,False,,,190-cent downward pitch glide; detuned beating at 2.9Hz; wide stereo image,16.0,0.064,3e-06,190.0,2.86533,0.044498,0.083333,15.90968,0.143145,0.395977
Hi-Hat Loop  vs  Percussion Loop,Drum Recollection,/Volumes/Jack_Gandy_1TB_SSD/testing-for-NITE-DSP/sample_pack_testing/Drum Recollection/2023 Drums/(Percussion Loop) Don't Be Hating 140bpm.wav,Percussion Loop,Hi-Hat Loop,0.203708,0.270106,Percussion Loop,trusted_filename_override,Percussion Loop,1.0,False,,,410-cent downward pitch glide; detuned beating at 4.7Hz; clear harmonic series (f0 33Hz); noisy rather than tonal,2800.0,0.104,0.0,410.0,4.662004,0.0,1.0,26.133858,0.244163,0.219273
Kick  vs  Snare,Sounds of KSHMR Vol.3,/Volumes/Jack_Gandy_1TB_SSD/testing-for-NITE-DSP/sample_pack_testing/Sounds of KSHMR Vol.3/KSHMR_Drums/KSHMR_Snares/KSHMR_Big_Snares/KSHMR_Big_Snare_21.wav,Snare,Kick,0.107964,0.147288,Snare,trusted_filename_override,Snare,0.92,False,,,760-cent downward pitch glide; detuned beating at 1.1Hz,208.0,0.256,0.006997,760.0,1.059322,0.490201,0.583333,8.228684,0.130852,0.268742
Kick Loop  vs  Drum Loop,KORE - Grooves,/Volumes/Jack_Gandy_1TB_SSD/testing-for-NITE-DSP/sample_pack_testing/KORE - Grooves/splice-export__kore-london-grooves/loop/Drums/RT_Kore_Players_Drum_Loop_4_Drums_Sarah_Jones_114_loop.wav,Drum Loop,Kick Loop,0.551389,0.512171,Drum Loop,trusted_filename_override,Drum Loop,0.78,False,,,strong sub energy (65% below 60Hz); detuned beating at 1.9Hz,16.0,0.136,0.648936,-120.0,1.897533,0.527884,0.0,31.839052,0.000515,0.065556
Kick Loop  vs  Kick,Sounds of KSHMR Vol.3,/Volumes/Jack_Gandy_1TB_SSD/testing-for-NITE-DSP/sample_pack_testing/Sounds of KSHMR Vol.3/KSHMR_VIP_Friends_of_KSHMR/ZEDD/ZEDD_Kick_01_I_Want_You_to_Know.wav,Kick,Kick Loop,0.447679,0.506116,Kick,trusted_filename_override,Kick,0.97,False,,,strong sub energy (47% below 60Hz); 890-cent downward pitch glide; detuned beating at 2.2Hz,24.0,0.288,0.467373,890.0,2.164502,0.463706,0.0,45.723175,0.006056,0.023736
Percussion Loop  vs  Drum Loop,Organic Drum Kit,/Volumes/Jack_Gandy_1TB_SSD/testing-for-NITE-DSP/sample_pack_testing/Organic Drum Kit/8 Drum Loops/Drum Loops/Drum Loop 9 - 93 BPM (A).wav,Drum Loop,Percussion Loop,0.178613,0.301224,Drum Loop,trusted_filename_override,Drum Loop,0.78,False,,,detuned beating at 1.9Hz; clear harmonic series (f0 25Hz),32.0,0.24,0.175281,0.0,1.934985,0.000607,0.75,16.261833,0.124917,0.173948
Percussion Loop  vs  Loop,Sounds of KSHMR Vol.3,/Volumes/Jack_Gandy_1TB_SSD/testing-for-NITE-DSP/sample_pack_testing/Sounds of KSHMR Vol.3/KSHMR_World_Sounds/KSHMR_India/KSHMR_India_PL_Tumbi_Loop_100_A_Arabic.wav,Loop,Percussion Loop,0.239187,0.39843,Percussion Loop,full_taxonomy_audio,Foley Loop,0.80667,False,,,200-cent downward pitch glide; detuned beating at 1.7Hz,56.0,0.128,5.8e-05,200.0,1.663893,0.096266,0.5,8.992105,0.001699,0.215192
Percussion Loop  vs  Percussion,Organic Drum Kit,/Volumes/Jack_Gandy_1TB_SSD/testing-for-NITE-DSP/sample_pack_testing/Organic Drum Kit/8 Drum Loops/Percussion Loops/Shaker LP - 85 BPM (2).wav,Percussion,Percussion Loop,0.184297,0.246539,Percussion Loop,full_taxonomy_audio,Percussion Loop,0.85,False,,,detuned beating at 5.7Hz; clear harmonic series (f0 1106Hz); wide stereo image,8.0,0.072,2.9e-05,-40.0,5.665722,0.006596,0.666667,7.121343,0.034639,0.480664
Rimshot  vs  Clap,Just Jared - OP1 Drums,/Volumes/Jack_Gandy_1TB_SSD/testing-for-NITE-DSP/sample_pack_testing/Just Jared - OP1 Drums/Snares/Just Jared - OP1 Drums Clap 1.wav,Clap,Rimshot,0.510322,0.634396,Clap,trusted_filename_override,Clap,0.9,False,,,detuned beating at 3.5Hz,8.0,0.112,0.00024,0.0,3.472222,0.389929,0.25,16.133024,0.048442,0.016156
Rimshot  vs  Hi-Hat,Just Jared - OP1 Drums,/Volumes/Jack_Gandy_1TB_SSD/testing-for-NITE-DSP/sample_pack_testing/Just Jared - OP1 Drums/Hihats/Just Jared - OP1 Drums Hihat 4.wav,Hi-Hat,Rimshot,0.341837,0.472642,Hi-Hat,trusted_filename_override,Hi-Hat,0.94,False,,,sharp transient,0.0,0.04,0.0,0.0,0.0,0.196183,0.166667,10.811693,0.089045,0.024081
Rimshot  vs  Kick,Loaded Samples - Lo-Fi Memphis 2,/Volumes/Jack_Gandy_1TB_SSD/testing-for-NITE-DSP/sample_pack_testing/Loaded Samples - Lo-Fi Memphis 2/DRUMS/Perc/LFM2_Clap 808_REV (2).wav,Kick,Rimshot,0.384105,0.42059,Kick,trusted_filename_override,Kick,0.97,False,,,no distinctive acoustic evidence,24.0,0.112,0.000215,0.0,0.686813,0.140401,0.25,8.987714,0.045866,0.0
Rimshot  vs  Snare,Just Jared - OP1 Drums,/Volumes/Jack_Gandy_1TB_SSD/testing-for-NITE-DSP/sample_pack_testing/Just Jared - OP1 Drums/Snares/Just Jared - OP1 Drums Snare 5.wav,Snare,Rimshot,0.209205,0.275902,Snare,trusted_filename_override,Snare,0.92,False,,,clear harmonic series (f0 28Hz),16.0,0.16,0.0002,70.0,0.664894,1.3e-05,1.0,9.021171,0.053737,0.167192
SFX  vs  Crash,Sounds of KSHMR Vol.3,/Volumes/Jack_Gandy_1TB_SSD/testing-for-NITE-DSP/sample_pack_testing/Sounds of KSHMR Vol.3/KSHMR_Drums/KSHMR_Orchestral_Drums/KSHMR_Cymbals/KSHMR_Crashes_Scary/KSHMR_Orchestral_Crash_Scary_05.wav,Crash,SFX,0.148249,0.294722,Crash,trusted_filename_override,Crash,0.89,False,,,long 1.4s decay; clear harmonic series (f0 1106Hz); wide stereo image,608.0,1.408,0.000308,-10.0,0.506073,0.550196,0.916667,3.799702,0.01759,0.356029
Snare  vs  Clap,Mike Shinoda Drums,/Volumes/Jack_Gandy_1TB_SSD/testing-for-NITE-DSP/sample_pack_testing/Mike Shinoda Drums/MS BEATS/JoBurg Samples/Clap Ektl B.wav,Clap,Snare,0.310039,0.40779,Clap,trusted_filename_override,Clap,0.9,False,,,detuned beating at 3.0Hz; clear harmonic series (f0 0Hz),16.0,0.208,0.000985,0.0,2.976191,0.198343,1.0,9.824945,0.007327,0.165926
Snare  vs  Hi-Hat,Mike Shinoda Drums,/Volumes/Jack_Gandy_1TB_SSD/testing-for-NITE-DSP/sample_pack_testing/Mike Shinoda Drums/MS BEATS/Victory March Samples/HH_AlienSoul2_60s.wav,Hi-Hat,Snare,0.47854,0.586257,Hi-Hat,trusted_filename_override,Hi-Hat,0.94,False,,,sharp transient; clear harmonic series (f0 0Hz); wide stereo image,0.0,0.056,1e-06,0.0,0.0,0.062808,0.833333,14.511782,0.085873,0.327615
Snare  vs  Kick,Sounds of KSHMR Vol.3,/Volumes/Jack_Gandy_1TB_SSD/testing-for-NITE-DSP/sample_pack_testing/Sounds of KSHMR Vol.3/KSHMR_Drums/KSHMR_Drum_Enhancers/KSHMR_Kick_Enhancer_06_Stomp.wav,Kick,Snare,0.184882,0.311924,Kick,trusted_filename_override,Kick,0.97,False,,,detuned beating at 1.1Hz; clear harmonic series (f0 27Hz); wide stereo image,16.0,0.176,6.3e-05,20.0,1.136364,4e-06,0.916667,14.817614,0.002967,0.577249
Synth Loop  vs  Loop,Sounds of KSHMR Vol.3,/Volumes/Jack_Gandy_1TB_SSD/testing-for-NITE-DSP/sample_pack_testing/Sounds of KSHMR Vol.3/KSHMR_Synths/KSHMR_Synth_Loops/KSHMR_Synth_Loop_07_100_F#m.wav,Loop,Synth Loop,0.133312,0.261519,Synth Loop,full_taxonomy_audio,Percussion Loop,0.84667,False,,,detuned beating at 1.0Hz; long 2.6s decay; wide stereo image,3632.0,2.56,0.000294,0.0,1.040799,0.303543,0.083333,16.729822,4.6e-05,0.495929
Synth One-Shot  vs  Kick,Mike Shinoda Drums,/Volumes/Jack_Gandy_1TB_SSD/testing-for-NITE-DSP/sample_pack_testing/Mike Shinoda Drums/MS BEATS/Pizzaria Samples/Kick ZeroCash 9.wav,Kick,Synth One-Shot,0.213469,0.352161,Kick,trusted_filename_override,Kick,0.97,False,,,strong sub energy (97% below 60Hz); 200-cent downward pitch glide; long 1.6s decay; near-pure sine (95% of energy at the fundamental),48.0,1.632,0.971424,200.0,0.523013,0.947743,0.0,5.359743,0.0,1.9e-05
Weather/Nature Atmos  vs  Hi-Hat,Just Jared - OP1 Drums,/Volumes/Jack_Gandy_1TB_SSD/testing-for-NITE-DSP/sample_pack_testing/Just Jared - OP1 Drums/Hihats/Just Jared - OP1 Drums Hihat 3.wav,Hi-Hat,Weather/Nature Atmos,0.319028,0.379374,Hi-Hat,trusted_filename_override,Hi-Hat,0.94,False,,,sharp transient; clear harmonic series (f0 26Hz); noisy rather than tonal,0.0,0.04,1e-06,0.0,0.0,0.0,1.0,15.999979,0.216131,0.024261
Bass Hit  vs  Kick,Mike Shinoda Drums,/Volumes/Jack_Gandy_1TB_SSD/testing-for-NITE-DSP/sample_pack_testing/Mike Shinoda Drums/MS BEATS/Lille Samples/BD_Fat808Long_01_Tran.wav,Kick,Bass Hit,0.240855,0.367161,Kick,trusted_filename_override,Kick,0.97,False,,,strong sub energy (83% below 60Hz); 660-cent downward pitch glide; long 2.8s decay,24.0,2.776,0.834389,660.0,0.612745,0.734968,0.0,15.878912,0.000178,0.0
Bass Loop  vs  Drum Loop,Machines For Music Volume 1,/Volumes/Jack_Gandy_1TB_SSD/testing-for-NITE-DSP/sample_pack_testing/Machines For Music Volume 1/Machines_For_Music_Volume_1_copy/24_Bit_Wav_Samples/Loops/M4M_Loops/M4M_90_Drunk_Half_Beat_Full_Drum_Loop.wav,Drum Loop,Bass Loop,0.172179,0.295985,Drum Loop,trusted_filename_override,Drum Loop,0.78,False,,,detuned beating at 3.0Hz; clear harmonic series (f0 25Hz),1376.0,0.088,0.03611,-30.0,2.997602,0.000157,0.666667,16.282118,0.036213,0.114633
Bass Loop  vs  Loop,Sounds of KSHMR Vol.3,/Volumes/Jack_Gandy_1TB_SSD/testing-for-NITE-DSP/sample_pack_testing/Sounds of KSHMR Vol.3/KSHMR_Live_Instruments/KSHMR_Action_Loops/KSHMR_Action_Loop_26_128_G#.wav,Loop,Bass Loop,0.297591,0.435684,Bass Loop,full_taxonomy_audio,Percussion Loop,0.81,False,,,detuned beating at 2.7Hz; long 1.5s decay; clear harmonic series (f0 52Hz),2248.0,1.472,0.000133,0.0,2.665245,0.000128,0.916667,9.65808,1e-06,0.15403
Chord Loop  vs  Guitar,Sounds of KSHMR Vol.3,/Volumes/Jack_Gandy_1TB_SSD/testing-for-NITE-DSP/sample_pack_testing/Sounds of KSHMR Vol.3/KSHMR_Live_Instruments/KSHMR_Main_Instruments/KSHMR_Guitar/KSHMR_Guitar_Chords/KSHMR_Acoustic_Chords/KSHMR_Acoustic_Guitar_Chords_30_128_D#m-Em.wav,Guitar,Chord Loop,0.187259,0.383183,Chord Loop,full_taxonomy_audio,Drum Loop,0.76333,False,,,detuned beating at 4.3Hz,40.0,0.36,3.3e-05,-110.0,4.296563,1e-05,0.4,11.632966,0.002245,0.25384
Chord Loop  vs  Loop,Minimal Audio,/Volumes/Jack_Gandy_1TB_SSD/testing-for-NITE-DSP/sample_pack_testing/Minimal Audio/ELEMENT/3 - Bass Loops/Bass - Basic Sign - C - 78 BPM.wav,Loop,Chord Loop,0.103028,0.245584,Chord Loop,full_taxonomy_audio,Percussion Loop,0.80667,False,,,clear harmonic series (f0 66Hz),728.0,0.448,0.031853,0.0,0.649351,0.738653,1.0,8.281809,0.108532,0.00693
Chord Loop  vs  Pad,Minimal Audio,/Volumes/Jack_Gandy_1TB_SSD/testing-for-NITE-DSP/sample_pack_testing/Minimal Audio/ELEMENT/3 - Bass Loops/Bass - Remote Drone 2 - G - 78 BPM.wav,Pad,Chord Loop,0.195059,0.37861,Chord Loop,full_taxonomy_audio,Kick,0.76,False,,,strong sub energy (98% below 60Hz); long 7.4s decay; near-pure sine (92% of energy at the fundamental),24.0,7.408,0.982353,-50.0,0.59952,0.91753,0.0,2.212543,5e-06,0.032521
Chord Loop  vs  Piano,Loaded Samples - Lo-Fi Memphis 2,/Volumes/Jack_Gandy_1TB_SSD/testing-for-NITE-DSP/sample_pack_testing/Loaded Samples - Lo-Fi Memphis 2/MELODIES (X3 & DR5)/Loops (Cassette Processed)/Descend Piano #1 [80 BPM] (D#).wav,Piano,Chord Loop,0.392572,0.545177,Chord Loop,full_taxonomy_audio,Percussion Loop,0.79333,False,,,320-cent downward pitch glide; long 4.8s decay; clear harmonic series (f0 73Hz),1144.0,4.848,0.000229,320.0,0.665779,0.000725,0.666667,8.288206,0.000146,0.165344
Clap  vs  Kick,Sounds of KSHMR Vol.3,/Volumes/Jack_Gandy_1TB_SSD/testing-for-NITE-DSP/sample_pack_testing/Sounds of KSHMR Vol.3/KSHMR_Drums/KSHMR_Kicks/KSHMR_Hardstyle_Kicks/KSHMR_Hardstyle_Kicks/KSHMR_Hardstyle_Kick_06_C.wav,Kick,Clap,0.205134,0.291165,Kick,trusted_filename_override,Kick,0.97,False,,,detuned beating at 2.3Hz; clear harmonic series (f0 66Hz),24.0,0.272,0.025828,140.0,2.314815,0.592053,0.916667,4.42721,0.0149,0.111694
Clap  vs  Snare,Old Movies 1 - Vintage Collection (Drum Kit),/Volumes/Jack_Gandy_1TB_SSD/testing-for-NITE-DSP/sample_pack_testing/Old Movies 1 - Vintage Collection (Drum Kit)/Snares/Snare 25.wav,Snare,Clap,0.408371,0.634692,Snare,trusted_filename_override,Snare,0.92,False,,,detuned beating at 2.5Hz; clear harmonic series (f0 0Hz); noisy rather than tonal,24.0,0.088,0.00054,0.0,2.45098,0.276371,0.666667,13.059011,0.206889,0.007757
Crash  vs  Hi-Hat,MGF Mega Pack,/Volumes/Jack_Gandy_1TB_SSD/testing-for-NITE-DSP/sample_pack_testing/MGF Mega Pack/Misc + Found Sound/UTS Foley 1/Long + Med/Open Hat-4.wav,Hi-Hat,Crash,0.337011,0.385655,Hi-Hat,trusted_filename_override,Hi-Hat,0.94,False,,,160-cent downward pitch glide; clear harmonic series (f0 516Hz),1472.0,0.984,0.000846,160.0,0.521558,0.189487,0.666667,6.705411,0.072391,0.0
Crash  vs  Kick,Sounds of KSHMR Vol.3,/Volumes/Jack_Gandy_1TB_SSD/testing-for-NITE-DSP/sample_pack_testing/Sounds of KSHMR Vol.3/KSHMR_Drums/KSHMR_Cymbals/KSHMR_Hi_Hats_Open/KSHMR_Open_Hat_15_808.wav,Kick,Crash,0.262912,0.29862,Kick,trusted_filename_override,Kick,0.97,False,,,270-cent downward pitch glide; detuned beating at 1.7Hz; clear harmonic series (f0 883Hz); wide stereo image,16.0,0.376,0.0,270.0,1.666667,0.0,0.833333,2.591587,0.037429,0.39465
Drum Loop  vs  Loop,KJ SAWKA 40x40x40 DRUM PACK,/Volumes/Jack_Gandy_1TB_SSD/testing-for-NITE-DSP/sample_pack_testing/KJ SAWKA 40x40x40 DRUM PACK/kj_sawka_40x40x40_beat_folder/KJ_SAWKA_87_BPM_LOOPS/KJ_SAWKA_London_Bridge_2013_87_bpm_4bar6_Dry.wav,Loop,Drum Loop,0.248842,0.357282,Drum Loop,full_taxonomy_audio,Drum Loop,0.98333,False,,,detuned beating at 5.8Hz,32.0,0.168,0.216814,30.0,5.795364,0.007027,0.0,15.829005,0.042887,0.057641
Foley  vs  Clap,Minimal Audio,/Volumes/Jack_Gandy_1TB_SSD/testing-for-NITE-DSP/sample_pack_testing/Minimal Audio/REFLECT/1 - Drums/4 - Claps/Clap - Aether.wav,Clap,Foley,0.244739,0.349862,Clap,trusted_filename_override,Clap,0.9,False,,,detuned beating at 1.4Hz; wide stereo image,16.0,0.096,0.000175,0.0,1.420455,0.113679,0.416667,15.856587,0.136411,0.403574
Foley  vs  Hi-Hat,Minimal Audio,/Volumes/Jack_Gandy_1TB_SSD/testing-for-NITE-DSP/sample_pack_testing/Minimal Audio/ELEMENT/1 - Drums/4 - Hats/Hi-Hat - Toy Open.wav,Hi-Hat,Foley,0.325316,0.417129,Hi-Hat,trusted_filename_override,Hi-Hat,0.94,False,,,detuned beating at 2.0Hz; sharp transient; clear harmonic series (f0 1037Hz); wide stereo image,0.0,0.136,0.009088,30.0,1.984127,0.001491,0.833333,7.528527,0.078983,0.478199
Foley  vs  Kick,Loaded Samples - Lo-Fi Memphis 2,/Volumes/Jack_Gandy_1TB_SSD/testing-for-NITE-DSP/sample_pack_testing/Loaded Samples - Lo-Fi Memphis 2/DRUMS/Perc/LFM2_Clave 808_REV.wav,Kick,Foley,0.159816,0.216757,Kick,trusted_filename_override,Kick,0.97,False,,,sharp transient,0.0,0.016,0.001022,-10.0,0.762195,0.000215,0.166667,6.420665,0.085412,0.0
Foley  vs  Snare,Koan Sound,/Volumes/Jack_Gandy_1TB_SSD/testing-for-NITE-DSP/sample_pack_testing/Koan Sound/Koan Sound Samples/Foley Pack 01/Foley Drums/Snare 11.wav,Snare,Foley,0.343749,0.476593,Snare,trusted_filename_override,Snare,0.92,False,,,sharp transient; wide stereo image,0.0,0.12,0.000262,0.0,0.0,0.222582,0.416667,9.399272,0.061492,0.386102
Foley Loop  vs  Pad,Sounds of KSHMR Vol.3,/Volumes/Jack_Gandy_1TB_SSD/testing-for-NITE-DSP/sample_pack_testing/Sounds of KSHMR Vol.3/KSHMR_FX_Elements/KSHMR_Ambiance_and_Foley/KSHMR_Ambiance_Designed/KSHMR_Drones/KSHMR_Ambiance_Drone_14_F.wav,Pad,Foley Loop,0.227076,0.426084,Foley Loop,full_taxonomy_audio,Percussion Loop,0.78667,False,,,detuned beating at 2.2Hz; long 2.9s decay; clear harmonic series (f0 44Hz); wide stereo image,6216.0,2.944,0.057251,110.0,2.198241,0.051497,0.833333,2.306817,4e-06,0.485773
Hi-Hat  vs  Kick,Sounds of KSHMR Vol.3,/Volumes/Jack_Gandy_1TB_SSD/testing-for-NITE-DSP/sample_pack_testing/Sounds of KSHMR Vol.3/KSHMR_Drums/KSHMR_Cymbals/KSHMR_Hi_Hats_Open/KSHMR_Open_Hat_16_808.wav,Kick,Hi-Hat,0.263102,0.285091,Kick,trusted_filename_override,Kick,0.97,False,,,detuned beating at 1.7Hz; clear harmonic series (f0 55Hz),24.0,0.352,0.0,0.0,1.666667,0.0,1.0,3.11816,0.028999,0.023182
Hi-Hat  vs  Snare,Organic Drum Kit,/Volumes/Jack_Gandy_1TB_SSD/testing-for-NITE-DSP/sample_pack_testing/Organic Drum Kit/2 Snares/Organic - Snare (3).wav,Snare,Hi-Hat,0.351884,0.43706,Snare,trusted_filename_override,Snare,0.92,False,,,sharp transient; clear harmonic series (f0 25Hz); noisy rather than tonal,0.0,0.136,0.000804,70.0,0.806452,2.3e-05,1.0,29.82612,0.522874,0.209976
Hi-Hat Loop  vs  Drum Loop,Loaded Samples - Lo-Fi Memphis 2,/Volumes/Jack_Gandy_1TB_SSD/testing-for-NITE-DSP/sample_pack_testing/Loaded Samples - Lo-Fi Memphis 2/DRUMS & PERC LOOPS/Drum Loop F [73BPM].wav,Drum Loop,Hi-Hat Loop,0.264113,0.303893,Drum Loop,trusted_filename_override,Drum Loop,0.78,False,,,strong sub energy (38% below 60Hz); detuned beating at 1.5Hz; clear harmonic series (f0 43Hz),32.0,0.224,0.384952,60.0,1.520681,0.279649,0.666667,13.672174,0.068365,0.180134
Hi-Hat Loop  vs  Loop,Organic Drum Kit,/Volumes/Jack_Gandy_1TB_SSD/testing-for-NITE-DSP/sample_pack_testing/Organic Drum Kit/8 Drum Loops/Percussion Loops/Zill Rythm - 105 BPM (4).wav,Loop,Hi-Hat Loop,0.122132,0.169161,Hi-Hat Loop,full_taxonomy_audio,Percussion Loop,0.77,False,,,detuned beating at 2.2Hz; clear harmonic series (f0 654Hz),856.0,0.28,0.000321,-2170.0,2.185315,1.2e-05,1.0,37.704845,0.031727,4.9e-05
Hi-Hat Loop  vs  Percussion,Organic Drum Kit,/Volumes/Jack_Gandy_1TB_SSD/testing-for-NITE-DSP/sample_pack_testing/Organic Drum Kit/8 Drum Loops/Percussion Loops/Shaker LP - 90 BPM (2).wav,Percussion,Hi-Hat Loop,0.200186,0.274808,Hi-Hat Loop,full_taxonomy_audio,Percussion Loop,0.87667,False,,,detuned beating at 6.0Hz; clear harmonic series (f0 1178Hz); wide stereo image,984.0,0.048,2.2e-05,-80.0,5.988024,0.001693,0.666667,15.803902,0.151668,0.491529
Hi-Hat Loop  vs  Percussion Loop,Sounds of KSHMR Vol.3,/Volumes/Jack_Gandy_1TB_SSD/testing-for-NITE-DSP/sample_pack_testing/Sounds of KSHMR Vol.3/KSHMR_Drums_Loops/KSHMR_Drum_Loops_Full/KSHMR_Percussion_Loops/KSHMR_Percussion_Loop_50_150.wav,Percussion Loop,Hi-Hat Loop,0.229397,0.265809,Percussion Loop,trusted_filename_override,Percussion Loop,1.0,False,,,230-cent downward pitch glide; detuned beating at 5.0Hz; clear harmonic series (f0 968Hz); wide stereo image,1224.0,0.232,2.5e-05,230.0,4.987531,0.018027,1.0,10.373755,0.119816,0.412576
Kick Loop  vs  Drum Loop,Minimal Audio,/Volumes/Jack_Gandy_1TB_SSD/testing-for-NITE-DSP/sample_pack_testing/Minimal Audio/ELEMENT/1 - Drums/1 - Drum Loops/2 - Kick Loops/Kick - Abominable Break - 78 BPM.wav,Drum Loop,Kick Loop,0.489548,0.491676,Drum Loop,trusted_filename_override,Drum Loop,0.78,False,,,strong sub energy (87% below 60Hz); detuned beating at 2.6Hz; long 10.0s decay; near-pure sine (80% of energy at the fundamental),8.0,9.976,0.874445,-40.0,2.597922,0.803179,0.333333,102.376587,2.7e-05,0.004381
Percussion Loop  vs  Drum Loop,Sounds of KSHMR Vol.3,/Volumes/Jack_Gandy_1TB_SSD/testing-for-NITE-DSP/sample_pack_testing/Sounds of KSHMR Vol.3/KSHMR_Drums_Loops/KSHMR_Drum_Loops_Full/KSHMR_Cinematic_Drum_Loops/KSHMR_Cinematic_Drum_Loop_16_120.wav,Drum Loop,Percussion Loop,0.151528,0.204469,Drum Loop,trusted_filename_override,Drum Loop,0.78,False,,,560-cent downward pitch glide; detuned beating at 1.5Hz; long 4.0s decay; clear harmonic series (f0 34Hz); wide stereo image,24.0,3.968,0.003311,560.0,1.497006,0.000342,0.916667,14.341423,0.002792,0.423744
Percussion Loop  vs  Percussion,Organic Electronics 2 J.Views,/Volumes/Jack_Gandy_1TB_SSD/testing-for-NITE-DSP/sample_pack_testing/Organic Electronics 2 J.Views/JVIEWS_desert/JVIEWS_desert_loops/JVIEWS_percussion_shaker_amp_110.wav,Percussion,Percussion Loop,0.239062,0.35321,Percussion Loop,full_taxonomy_audio,Percussion Loop,0.82333,False,,,detuned beating at 7.3Hz; long 7.3s decay; clear harmonic series (f0 25Hz); wide stereo image,16.0,7.32,5e-06,-10.0,7.332722,0.0,1.0,6.655725,0.183327,0.4904
Rimshot  vs  Clap,Mike Shinoda Drums,/Volumes/Jack_Gandy_1TB_SSD/testing-for-NITE-DSP/sample_pack_testing/Mike Shinoda Drums/MS BEATS/Amethyst Samples/Clap AR60sLate V127 1.wav,Clap,Rimshot,0.328061,0.402641,Clap,trusted_filename_override,Clap,0.9,False,,,detuned beating at 1.7Hz,8.0,0.136,0.000108,0.0,1.736111,0.220088,0.166667,8.820506,0.01048,0.271078
Rimshot  vs  Hi-Hat,Koan Sound,/Volumes/Jack_Gandy_1TB_SSD/testing-for-NITE-DSP/sample_pack_testing/Koan Sound/Koan Sound Samples/Raw Drums/Raw/Raw Hat 04.wav,Hi-Hat,Rimshot,0.309546,0.466846,Hi-Hat,trusted_filename_override,Hi-Hat,0.94,False,,,1920-cent downward pitch glide; sharp transient; clear harmonic series (f0 78Hz),0.0,0.088,0.002649,1920.0,0.992063,0.0005,0.666667,11.472717,0.007994,0.248669
Rimshot  vs  Kick,Mike Shinoda Drums,/Volumes/Jack_Gandy_1TB_SSD/testing-for-NITE-DSP/sample_pack_testing/Mike Shinoda Drums/MS BEATS/Andes Samples/Kick Bonaparte 5.wav,Kick,Rimshot,0.319084,0.507539,Kick,trusted_filename_override,Kick,0.97,False,,,clear harmonic series (f0 0Hz),8.0,0.08,0.000795,0.0,0.0,0.188038,0.833333,9.63449,1e-05,0.103394
Rimshot  vs  Snare,Koan Sound,/Volumes/Jack_Gandy_1TB_SSD/testing-for-NITE-DSP/sample_pack_testing/Koan Sound/Koan Sound Samples/Foley Pack 01/Foley Drums/Snare 04.wav,Snare,Rimshot,0.291982,0.495762,Snare,trusted_filename_override,Snare,0.92,False,,,sharp transient; wide stereo image,0.0,0.088,0.0,0.0,0.0,0.314796,0.25,5.922078,0.150657,0.404102
Snare  vs  Clap,Minimal Audio,/Volumes/Jack_Gandy_1TB_SSD/testing-for-NITE-DSP/sample_pack_testing/Minimal Audio/REFLECT/1 - Drums/4 - Claps/Clap - Elm.wav,Clap,Snare,0.298127,0.527649,Clap,trusted_filename_override,Clap,0.9,False,,,detuned beating at 2.5Hz; noisy rather than tonal,16.0,0.104,3.4e-05,0.0,2.5,0.069721,0.333333,5.404798,0.358203,0.264134
Snare  vs  Hi-Hat,Minimal Audio,/Volumes/Jack_Gandy_1TB_SSD/testing-for-NITE-DSP/sample_pack_testing/Minimal Audio/ELEMENT/1 - Drums/4 - Hats/Hi-Hat - Acoustic Real.wav,Hi-Hat,Snare,0.278618,0.552754,Hi-Hat,trusted_filename_override,Hi-Hat,0.94,False,,,detuned beating at 3.3Hz; sharp transient; clear harmonic series (f0 0Hz); noisy rather than tonal,0.0,0.064,0.002005,0.0,3.289474,0.150011,0.666667,15.263688,0.24434,0.098942
Synth One-Shot  vs  Kick,Sounds of KSHMR Vol.3,/Volumes/Jack_Gandy_1TB_SSD/testing-for-NITE-DSP/sample_pack_testing/Sounds of KSHMR Vol.3/KSHMR_Drums/KSHMR_Kicks/KSHMR_Hip_Hop_kicks/KSHMR_808s/KSHMR_808_01_Clean_C.wav,Kick,Synth One-Shot,0.170584,0.32017,Kick,trusted_filename_override,Kick,0.97,False,,,strong sub energy (83% below 60Hz); 940-cent downward pitch glide; long 2.6s decay,40.0,2.576,0.829369,940.0,0.708215,0.491555,0.333333,11.428975,0.0,0.000321
Weather/Nature Atmos  vs  Hi-Hat,Koan Sound,/Volumes/Jack_Gandy_1TB_SSD/testing-for-NITE-DSP/sample_pack_testing/Koan Sound/Koan Sound Samples/Sentient/sentient_bass+drums+fx/Sentient - Hi-Hat.wav,Hi-Hat,Weather/Nature Atmos,0.401968,0.39938,Hi-Hat,trusted_filename_override,Percussion Loop,0.84,False,,,no readable waveform evidence,,,,,,,,,,
Bass Hit  vs  Kick,Sounds of KSHMR Vol.3,/Volumes/Jack_Gandy_1TB_SSD/testing-for-NITE-DSP/sample_pack_testing/Sounds of KSHMR Vol.3/KSHMR_Drums/KSHMR_Beatboxing/KSHMR_Beatbox_Kick_07_D#.wav,Kick,Bass Hit,0.135104,0.199174,Kick,trusted_filename_override,Kick,0.97,False,,,190-cent downward pitch glide; long 1.2s decay; clear harmonic series (f0 78Hz),88.0,1.224,0.007968,190.0,0.714286,0.576544,0.833333,4.63895,0.000363,0.197923
Bass Loop  vs  Drum Loop,Minimal Audio,/Volumes/Jack_Gandy_1TB_SSD/testing-for-NITE-DSP/sample_pack_testing/Minimal Audio/ELEMENT/1 - Drums/1 - Drum Loops/1 - Full Loops/Drums - Abominable Break - 78 BPM.wav,Drum Loop,Bass Loop,0.186033,0.310717,Drum Loop,trusted_filename_override,Drum Loop,0.78,False,,,strong sub energy (87% below 60Hz); detuned beating at 2.6Hz; long 10.0s decay; near-pure sine (80% of energy at the fundamental),8.0,9.976,0.869749,-40.0,2.597922,0.79809,0.333333,20.719944,0.005642,0.111243
Chord Loop  vs  Loop,Old Movies 1 - Vintage Collection (Drum Kit),/Volumes/Jack_Gandy_1TB_SSD/testing-for-NITE-DSP/sample_pack_testing/Old Movies 1 - Vintage Collection (Drum Kit)/Melodic Elements (Old Movies)/Mysterious Loop 4.wav,Loop,Chord Loop,0.274847,0.442383,Chord Loop,full_taxonomy_audio,Percussion Loop,0.84333,False,,,long 4.4s decay; clear harmonic series (f0 63Hz),2360.0,4.432,0.0,-1120.0,0.515251,0.0,0.818182,26.572857,0.054488,0.0
Chord Loop  vs  Pad,Organic Electronics 2 J.Views,/Volumes/Jack_Gandy_1TB_SSD/testing-for-NITE-DSP/sample_pack_testing/Organic Electronics 2 J.Views/JVIEWS_city/JVIEWS_city_tonal/JVIEWS_distant_train_intercity_pad_Emin.wav,Pad,Chord Loop,0.264391,0.432452,Chord Loop,full_taxonomy_audio,Percussion Loop,0.83667,False,,,long 4.2s decay; clear harmonic series (f0 39Hz); wide stereo image,4952.0,4.184,0.21006,20.0,3.597122,0.126611,0.666667,2.300928,1.8e-05,0.465003
Chord Loop  vs  Piano,Old Movies 1 - Vintage Collection (Drum Kit),/Volumes/Jack_Gandy_1TB_SSD/testing-for-NITE-DSP/sample_pack_testing/Old Movies 1 - Vintage Collection (Drum Kit)/Melodic Elements (Old Movies)/TNK_Piano 1.wav,Piano,Chord Loop,0.24313,0.34898,Chord Loop,full_taxonomy_audio,Percussion Loop,0.80333,False,,,no distinctive acoustic evidence,888.0,0.256,1e-06,50.0,0.925926,0.138832,0.285714,5.356663,0.00024,0.0
Clap  vs  Snare,Organic Drum Kit,/Volumes/Jack_Gandy_1TB_SSD/testing-for-NITE-DSP/sample_pack_testing/Organic Drum Kit/2 Snares/Organic - Snare (73).wav,Snare,Clap,0.24732,0.327066,Snare,trusted_filename_override,Snare,0.92,False,,,clear harmonic series (f0 0Hz); wide stereo image,24.0,0.184,0.00019,0.0,0.886525,0.089254,0.833333,11.273085,0.081966,0.380592
Crash  vs  Hi-Hat,Minimal Audio,/Volumes/Jack_Gandy_1TB_SSD/testing-for-NITE-DSP/sample_pack_testing/Minimal Audio/REFLECT/1 - Drums/5 - Hats & Cymbals/Hi Hat - Wind.wav,Hi-Hat,Crash,0.828744,0.645104,Crash,full_taxonomy_audio,Hi-Hat,0.94,False,,,clear harmonic series (f0 295Hz),24.0,0.512,0.0,10.0,0.996016,0.000333,1.0,5.145023,0.19815,0.244901
Drum Loop  vs  Loop,Koan Sound,/Volumes/Jack_Gandy_1TB_SSD/testing-for-NITE-DSP/sample_pack_testing/Koan Sound/Koan_Sound_2025/Shaper Table Track Project/Samples/Imported/Funk 111 bpm.aif,Loop,Drum Loop,0.403505,0.46652,Drum Loop,full_taxonomy_audio,Drum Loop,0.89667,False,,,strong sub energy (38% below 60Hz); detuned beating at 3.7Hz,32.0,0.152,0.377277,-2930.0,3.690037,0.122142,0.166667,12.105306,0.042774,0.104132
Foley  vs  Clap,Organic Drum Kit,/Volumes/Jack_Gandy_1TB_SSD/testing-for-NITE-DSP/sample_pack_testing/Organic Drum Kit/3 Claps/Organic - Clap (70).wav,Clap,Foley,0.355425,0.404284,Clap,trusted_filename_override,Clap,0.9,False,,,noisy rather than tonal; wide stereo image,40.0,0.192,7e-06,0.0,0.796178,0.207139,0.166667,11.449702,0.515372,0.462688
Foley  vs  Hi-Hat,Old Movies 1 - Vintage Collection (Drum Kit),/Volumes/Jack_Gandy_1TB_SSD/testing-for-NITE-DSP/sample_pack_testing/Old Movies 1 - Vintage Collection (Drum Kit)/Hats/Open Hat 1.wav,Hi-Hat,Foley,0.154932,0.238309,Hi-Hat,trusted_filename_override,Hi-Hat,0.94,False,,,detuned beating at 2.2Hz; noisy rather than tonal,24.0,0.152,0.0,-20.0,2.155172,0.00555,0.583333,16.169889,0.293977,0.0
Foley  vs  Kick,MGF Mega Pack,/Volumes/Jack_Gandy_1TB_SSD/testing-for-NITE-DSP/sample_pack_testing/MGF Mega Pack/Analogue Collection/Perc/VOY_Mini Kick 2.wav,Kick,Foley,0.245457,0.356635,Kick,trusted_filename_override,Kick,0.97,False,,,no distinctive acoustic evidence,0.0,0.032,0.046216,0.0,0.0,0.353693,0.5,0.0,0.005556,0.0
Foley  vs  Snare,Mike Shinoda Drums,/Volumes/Jack_Gandy_1TB_SSD/testing-for-NITE-DSP/sample_pack_testing/Mike Shinoda Drums/MS BEATS/Amethyst Samples/Snare AR60sLate V24 1.wav,Snare,Foley,0.142821,0.192733,Snare,trusted_filename_override,Snare,0.92,False,,,sharp transient,0.0,0.064,8.9e-05,0.0,0.0,0.672553,0.583333,11.270473,0.03567,0.048978
Hi-Hat  vs  Snare,Sounds of KSHMR Vol.3,/Volumes/Jack_Gandy_1TB_SSD/testing-for-NITE-DSP/sample_pack_testing/Sounds of KSHMR Vol.3/KSHMR_Drums/KSHMR_Snares/KSHMR_Hip_Hop_Snares/KSHMR_Hip_Hop_Snare_10_D.wav,Snare,Hi-Hat,0.297397,0.412651,Snare,trusted_filename_override,Snare,0.92,False,,,clear harmonic series (f0 216Hz),32.0,0.136,0.001441,-180.0,0.984252,0.560405,0.666667,40.281586,0.014741,0.072612
Hi-Hat Loop  vs  Drum Loop,MGF Mega Pack,/Volumes/Jack_Gandy_1TB_SSD/testing-for-NITE-DSP/sample_pack_testing/MGF Mega Pack/Misc + Found Sound/Casiotone 501/Drums/Casiotone 501 Drum Loop 1.wav,Drum Loop,Hi-Hat Loop,0.328793,0.381796,Drum Loop,trusted_filename_override,Drum Loop,0.78,False,,,detuned beating at 5.8Hz; clear harmonic series (f0 98Hz),1216.0,0.056,0.006439,-30.0,5.795364,0.553844,1.0,12.952997,0.052533,0.0
Hi-Hat Loop  vs  Loop,Sounds of KSHMR Vol.3,/Volumes/Jack_Gandy_1TB_SSD/testing-for-NITE-DSP/sample_pack_testing/Sounds of KSHMR Vol.3/KSHMR_VIP_Friends_of_KSHMR/MRBLACK/MRBLACK_Psy_Loop.wav,Loop,Hi-Hat Loop,0.216779,0.317631,Hi-Hat Loop,full_taxonomy_audio,Percussion Loop,0.75333,False,,,detuned beating at 1.2Hz; clear harmonic series (f0 25Hz); wide stereo image,1048.0,0.344,0.000119,10.0,1.207729,1.4e-05,1.0,20.2129,0.118286,0.513084
Hi-Hat Loop  vs  Percussion,Sounds of KSHMR Vol.3,/Volumes/Jack_Gandy_1TB_SSD/testing-for-NITE-DSP/sample_pack_testing/Sounds of KSHMR Vol.3/KSHMR_Drums_Loops/KSHMR_Drum_Loops_Solo/KSHMR_Tambourine_Loops/KSHMR_Tambourine_Loop_16_140.wav,Percussion,Hi-Hat Loop,0.199501,0.275423,Hi-Hat Loop,full_taxonomy_audio,Percussion Loop,0.75333,False,,,detuned beating at 4.7Hz,32.0,0.104,0.0,-250.0,4.662004,0.002151,0.5,8.587191,0.103358,0.250508
Kick Loop  vs  Drum Loop,Organic Drum Kit,/Volumes/Jack_Gandy_1TB_SSD/testing-for-NITE-DSP/sample_pack_testing/Organic Drum Kit/8 Drum Loops/Drum Loops/Drum Loop 11 - 83 BPM (A).wav,Drum Loop,Kick Loop,0.156226,0.261708,Drum Loop,trusted_filename_override,Drum Loop,0.78,False,,,strong sub energy (51% below 60Hz); detuned beating at 1.7Hz,8.0,0.544,0.510289,-10.0,1.728907,0.484993,0.2,23.876627,0.02584,0.176801
Percussion Loop  vs  Percussion,Sounds of KSHMR Vol.3,/Volumes/Jack_Gandy_1TB_SSD/testing-for-NITE-DSP/sample_pack_testing/Sounds of KSHMR Vol.3/KSHMR_Drums_Loops/KSHMR_Drum_Loops_Solo/KSHMR_Tambourine_Loops/KSHMR_Tambourine_Loop_17_140.wav,Percussion,Percussion Loop,0.214591,0.272122,Percussion Loop,full_taxonomy_audio,Percussion Loop,0.90333,False,,,detuned beating at 1.2Hz; long 1.0s decay; wide stereo image,8.0,1.008,5e-06,-1960.0,1.165501,0.001148,0.583333,8.624866,0.0582,0.329559
Rimshot  vs  Clap,Minimal Audio,/Volumes/Jack_Gandy_1TB_SSD/testing-for-NITE-DSP/sample_pack_testing/Minimal Audio/ELEMENT/1 - Drums/3 - Snare/Clap - Abominable.wav,Clap,Rimshot,0.257884,0.33991,Clap,trusted_filename_override,Clap,0.9,False,,,wide stereo image,0.0,0.096,7.1e-05,10.0,0.686813,0.008442,0.5,1.873474,0.042328,0.555807
Rimshot  vs  Hi-Hat,Mike Shinoda Drums,/Volumes/Jack_Gandy_1TB_SSD/testing-for-NITE-DSP/sample_pack_testing/Mike Shinoda Drums/MPC 1000 Backup/LOOSESAMPLES/OP_HH.WAV,Hi-Hat,Rimshot,0.176318,0.286493,Hi-Hat,trusted_filename_override,Hi-Hat,0.94,False,,,clear harmonic series (f0 1037Hz),24.0,0.08,0.004898,40.0,0.0,0.002978,0.916667,6.378948,0.16389,0.0
Rimshot  vs  Kick,Sounds of KSHMR Vol.3,/Volumes/Jack_Gandy_1TB_SSD/testing-for-NITE-DSP/sample_pack_testing/Sounds of KSHMR Vol.3/KSHMR_Drums/KSHMR_Beatboxing/KSHMR_Beatbox_Kick_01.wav,Kick,Rimshot,0.1371,0.212795,Kick,trusted_filename_override,Kick,0.97,False,,,strong sub energy (81% below 60Hz); detuned beating at 2.9Hz,16.0,0.232,0.810566,0.0,2.906977,0.027233,0.333333,3.541926,0.090462,0.104687
Rimshot  vs  Snare,Mike Shinoda Drums,/Volumes/Jack_Gandy_1TB_SSD/testing-for-NITE-DSP/sample_pack_testing/Mike Shinoda Drums/MS BEATS/Amethyst Samples/Snare AR60sLate V24 3.wav,Snare,Rimshot,0.203045,0.255196,Snare,trusted_filename_override,Snare,0.92,False,,,sharp transient,0.0,0.048,8.1e-05,-60.0,0.0,0.770401,0.333333,12.101731,0.026753,0.187976
Snare  vs  Clap,Organic Drum Kit,/Volumes/Jack_Gandy_1TB_SSD/testing-for-NITE-DSP/sample_pack_testing/Organic Drum Kit/3 Claps/Organic - Clap (8).wav,Clap,Snare,0.175488,0.21851,Clap,trusted_filename_override,Clap,0.9,False,,,noisy rather than tonal,152.0,0.08,0.001456,-110.0,0.600962,0.298687,0.333333,17.681055,0.536236,0.196578
Snare  vs  Hi-Hat,Organic Drum Kit,/Volumes/Jack_Gandy_1TB_SSD/testing-for-NITE-DSP/sample_pack_testing/Organic Drum Kit/4 Hi-Hats/1 Closed Hats/Organic - HiHat_G (2).wav,Hi-Hat,Snare,0.295356,0.532133,Hi-Hat,trusted_filename_override,Hi-Hat,0.94,False,,,sharp transient; clear harmonic series (f0 25Hz); noisy rather than tonal,0.0,0.096,5e-06,0.0,0.992063,0.0,1.0,11.270793,0.556518,0.0
Weather/Nature Atmos  vs  Hi-Hat,Loaded Samples - Lo-Fi Memphis 2,/Volumes/Jack_Gandy_1TB_SSD/testing-for-NITE-DSP/sample_pack_testing/Loaded Samples - Lo-Fi Memphis 2/DRUMS/Hats/LFM2_Bright OHH #1.wav,Hi-Hat,Weather/Nature Atmos,0.211309,0.270137,Hi-Hat,trusted_filename_override,Hi-Hat,0.94,False,,,detuned beating at 3.2Hz; clear harmonic series (f0 27Hz),32.0,0.208,1.6e-05,20.0,3.205128,3e-06,1.0,3.544797,0.088967,0.0
Bass Loop  vs  Drum Loop,Organic Drum Kit,/Volumes/Jack_Gandy_1TB_SSD/testing-for-NITE-DSP/sample_pack_testing/Organic Drum Kit/8 Drum Loops/Drum Loops/Drum Loop 3 - 115 BPM (A).wav,Drum Loop,Bass Loop,0.191741,0.296194,Drum Loop,trusted_filename_override,Drum Loop,0.78,False,,,detuned beating at 2.9Hz; long 1.3s decay,24.0,1.344,0.020351,-3210.0,2.873563,0.236738,0.142857,10.797219,0.008384,0.215071
Chord Loop  vs  Loop,Sounds of KSHMR Vol.3,/Volumes/Jack_Gandy_1TB_SSD/testing-for-NITE-DSP/sample_pack_testing/Sounds of KSHMR Vol.3/KSHMR_Synths/KSHMR_Synth_Loops/KSHMR_Synth_Loop_09_102_Gm.wav,Loop,Chord Loop,0.204548,0.484346,Chord Loop,full_taxonomy_audio,Percussion Loop,0.83,False,,,detuned beating at 1.1Hz; wide stereo image,952.0,0.264,0.000297,-1600.0,1.062022,0.102262,0.416667,8.665436,7.7e-05,0.505641
Chord Loop  vs  Pad,Sounds of KSHMR Vol.3,/Volumes/Jack_Gandy_1TB_SSD/testing-for-NITE-DSP/sample_pack_testing/Sounds of KSHMR Vol.3/KSHMR_FX_Elements/KSHMR_Ambiance_and_Foley/KSHMR_Ambiance_Designed/KSHMR_Drones/KSHMR_Ambiance_Drone_08_D#.wav,Pad,Chord Loop,0.190822,0.393166,Chord Loop,full_taxonomy_audio,Percussion Loop,0.87667,False,,,1920-cent downward pitch glide; long 5.7s decay; wide stereo image,160.0,5.672,0.000306,1920.0,0.874126,0.815367,0.333333,1.963208,3e-06,0.459138
Chord Loop  vs  Piano,Organic Electronics 2 J.Views,/Volumes/Jack_Gandy_1TB_SSD/testing-for-NITE-DSP/sample_pack_testing/Organic Electronics 2 J.Views/JVIEWS_studio/JVIEWS_studio_tonal/JVIEWS_cassette_keys_130_Dmin.wav,Piano,Chord Loop,0.33334,0.513778,Chord Loop,full_taxonomy_audio,Percussion Loop,0.82667,False,,,long 1.1s decay,24.0,1.072,0.000241,-1610.0,0.799361,0.000181,0.583333,22.312235,1.9e-05,0.194255
Clap  vs  Snare,Sounds of KSHMR Vol.3,/Volumes/Jack_Gandy_1TB_SSD/testing-for-NITE-DSP/sample_pack_testing/Sounds of KSHMR Vol.3/KSHMR_Drums/KSHMR_Snares/KSHMR_Big_Snares/KSHMR_Big_Snare_20.wav,Snare,Clap,0.184574,0.211486,Snare,trusted_filename_override,Snare,0.92,False,,,detuned beating at 2.8Hz; clear harmonic series (f0 0Hz); wide stereo image,232.0,0.456,0.02821,0.0,2.840909,0.201119,0.833333,6.541077,0.064915,0.347355
Crash  vs  Hi-Hat,Old Movies 1 - Vintage Collection (Drum Kit),/Volumes/Jack_Gandy_1TB_SSD/testing-for-NITE-DSP/sample_pack_testing/Old Movies 1 - Vintage Collection (Drum Kit)/Hats/Open Hat 6.wav,Hi-Hat,Crash,0.27001,0.288841,Hi-Hat,trusted_filename_override,Hi-Hat,0.94,False,,,detuned beating at 1.5Hz; clear harmonic series (f0 507Hz),24.0,0.504,0.0,0.0,1.52439,0.0,1.0,12.559212,0.038285,0.028552
Drum Loop  vs  Loop,Sounds of KSHMR Vol.3,/Volumes/Jack_Gandy_1TB_SSD/testing-for-NITE-DSP/sample_pack_testing/Sounds of KSHMR Vol.3/KSHMR_Drums_Loops/KSHMR_Drum_Loops_Full/KSHMR_Stadium_Loops/KSHMR_Stadium_Loop_13_180.wav,Loop,Drum Loop,0.105502,0.187489,Drum Loop,full_taxonomy_audio,Drum Loop,0.83333,False,,,1360-cent downward pitch glide; long 3.6s decay; clear harmonic series (f0 42Hz),456.0,3.576,0.018561,1360.0,0.749625,0.01044,0.916667,6.763459,0.003692,0.292521
Foley  vs  Clap,Organic Electronics 2 J.Views,/Volumes/Jack_Gandy_1TB_SSD/testing-for-NITE-DSP/sample_pack_testing/Organic Electronics 2 J.Views/JVIEWS_countryside/JVIEWS_countryside_one_shots/JVIEWS_hollow_tree_clap.wav,Clap,Foley,0.321332,0.344657,Clap,trusted_filename_override,Clap,0.9,False,,,360-cent downward pitch glide; wide stereo image,64.0,0.128,0.000626,360.0,1.395089,0.340891,0.25,20.152719,0.006346,0.383983
Foley  vs  Hi-Hat,Organic Drum Kit,/Volumes/Jack_Gandy_1TB_SSD/testing-for-NITE-DSP/sample_pack_testing/Organic Drum Kit/Maschine Kits/Neptune Kit Samples/Organic - HiHat_I (2).wav,Hi-Hat,Foley,0.378997,0.377871,Hi-Hat,trusted_filename_override,Hi-Hat,0.94,False,,,clear harmonic series (f0 28Hz); noisy rather than tonal; wide stereo image,16.0,0.072,0.011084,-50.0,0.615764,0.004321,0.916667,60.601151,0.342537,0.491117
Foley  vs  Kick,Mike Shinoda Drums,/Volumes/Jack_Gandy_1TB_SSD/testing-for-NITE-DSP/sample_pack_testing/Mike Shinoda Drums/MS BEATS/Gnarly Tribal Samples/Kick PlatBounce 5.wav,Kick,Foley,0.143226,0.193838,Kick,trusted_filename_override,Kick,0.97,False,,,strong sub energy (83% below 60Hz); 850-cent downward pitch glide; detuned beating at 1.4Hz,32.0,0.224,0.83468,850.0,1.436782,0.65222,0.25,5.708447,0.002234,0.01578
Foley  vs  Snare,Minimal Audio,/Volumes/Jack_Gandy_1TB_SSD/testing-for-NITE-DSP/sample_pack_testing/Minimal Audio/ELEMENT/1 - Drums/3 - Snare/Snare - Quarter Tatt.wav,Snare,Foley,0.139641,0.187268,Snare,trusted_filename_override,Snare,0.92,False,,,490-cent downward pitch glide; clear harmonic series (f0 40Hz); wide stereo image,312.0,0.32,0.004072,490.0,0.865052,0.000838,0.75,12.831734,0.036348,0.346571
Hi-Hat Loop  vs  Drum Loop,Minimal Audio,/Volumes/Jack_Gandy_1TB_SSD/testing-for-NITE-DSP/sample_pack_testing/Minimal Audio/ELEMENT/1 - Drums/1 - Drum Loops/4 - Top Loops/Perc - Abominable Break - 78 BPM.wav,Drum Loop,Hi-Hat Loop,0.249305,0.366484,Drum Loop,trusted_filename_override,Drum Loop,0.78,False,,,detuned beating at 2.6Hz; sharp transient; clear harmonic series (f0 26Hz); wide stereo image,0.0,0.024,1.1e-05,0.0,2.597922,1e-06,1.0,19.926126,0.128584,0.401131
Kick Loop  vs  Drum Loop,Sounds of KSHMR Vol.3,/Volumes/Jack_Gandy_1TB_SSD/testing-for-NITE-DSP/sample_pack_testing/Sounds of KSHMR Vol.3/KSHMR_Drums_Loops/KSHMR_Drum_Loops_Full/KSHMR_Cinematic_Drum_Loops/KSHMR_Cinematic_Drum_Loop_26_128.wav,Drum Loop,Kick Loop,0.204731,0.252168,Drum Loop,trusted_filename_override,Drum Loop,0.78,False,,,detuned beating at 1.1Hz; long 1.4s decay; clear harmonic series (f0 44Hz); wide stereo image,1936.0,1.4,0.22022,-820.0,1.066098,0.079573,0.75,23.501112,0.001194,0.344157
Rimshot  vs  Clap,Old Movies 1 - Vintage Collection (Drum Kit),/Volumes/Jack_Gandy_1TB_SSD/testing-for-NITE-DSP/sample_pack_testing/Old Movies 1 - Vintage Collection (Drum Kit)/Snares/Clap 2.wav,Clap,Rimshot,0.619857,0.679562,Clap,trusted_filename_override,Clap,0.9,False,,,detuned beating at 3.7Hz,8.0,0.056,0.000171,0.0,3.676471,0.429824,0.333333,20.150583,0.089391,0.0
Rimshot  vs  Hi-Hat,Minimal Audio,/Volumes/Jack_Gandy_1TB_SSD/testing-for-NITE-DSP/sample_pack_testing/Minimal Audio/ELEMENT/1 - Drums/4 - Hats/Hi-Hat - Rezz.wav,Hi-Hat,Rimshot,0.229977,0.312358,Hi-Hat,trusted_filename_override,Hi-Hat,0.94,False,,,detuned beating at 2.3Hz; sharp transient; clear harmonic series (f0 66Hz); wide stereo image,0.0,0.184,0.004265,-10.0,2.272727,0.0001,1.0,24.509857,0.05675,0.519047
Rimshot  vs  Snare,Minimal Audio,/Volumes/Jack_Gandy_1TB_SSD/testing-for-NITE-DSP/sample_pack_testing/Minimal Audio/MICROTECH/2 - One Shots/2 - Snare/Snare - Tone Snap 1.wav,Snare,Rimshot,0.263683,0.421542,Snare,trusted_filename_override,Snare,0.92,False,,,sharp transient,0.0,0.064,0.001504,50.0,0.0,0.610456,0.333333,9.63137,0.107596,0.124671
Snare  vs  Clap,Sounds of KSHMR Vol.3,/Volumes/Jack_Gandy_1TB_SSD/testing-for-NITE-DSP/sample_pack_testing/Sounds of KSHMR Vol.3/KSHMR_Drums/KSHMR_Claps/KSHMR_Regular_Claps/KSHMR_Clap_Heavy_05.wav,Clap,Snare,0.288355,0.337843,Clap,trusted_filename_override,Clap,0.9,False,,,1060-cent downward pitch glide; clear harmonic series (f0 48Hz); wide stereo image,16.0,0.192,0.26454,1060.0,0.874126,0.236415,0.916667,13.546571,0.019137,0.418975
Weather/Nature Atmos  vs  Hi-Hat,Mike Shinoda Drums,/Volumes/Jack_Gandy_1TB_SSD/testing-for-NITE-DSP/sample_pack_testing/Mike Shinoda Drums/MPC 1000 Backup/LOOSESAMPLES/CL_HH.WAV,Hi-Hat,Weather/Nature Atmos,0.163771,0.222512,Hi-Hat,trusted_filename_override,Hi-Hat,0.94,False,,,clear harmonic series (f0 1138Hz),0.0,0.032,0.000112,0.0,0.0,2e-05,0.833333,0.0,0.056016,0.0
Bass Loop  vs  Drum Loop,Sounds of KSHMR Vol.3,/Volumes/Jack_Gandy_1TB_SSD/testing-for-NITE-DSP/sample_pack_testing/Sounds of KSHMR Vol.3/KSHMR_Drums_Loops/KSHMR_Drum_Loops_Full/KSHMR_Acoustic_Drum_Loops/KSHMR_Acoustic_Drum_Loop_14_128.wav,Drum Loop,Bass Loop,0.132057,0.241718,Drum Loop,trusted_filename_override,Drum Loop,0.78,False,,,no distinctive acoustic evidence,1656.0,0.6,0.182513,-1170.0,0.533049,0.392809,0.5,22.599468,0.008111,0.167636
Crash  vs  Hi-Hat,Organic Drum Kit,/Volumes/Jack_Gandy_1TB_SSD/testing-for-NITE-DSP/sample_pack_testing/Organic Drum Kit/Maschine Kits/New Age Kit 1 Samples/Organic - O.HiHat_(15).wav,Hi-Hat,Crash,0.205165,0.262479,Hi-Hat,trusted_filename_override,Hi-Hat,0.94,False,,,clear harmonic series (f0 28Hz),8.0,0.432,0.027267,0.0,0.615764,0.00488,0.916667,17.705545,0.06619,0.237206
Foley  vs  Clap,Sounds of KSHMR Vol.3,/Volumes/Jack_Gandy_1TB_SSD/testing-for-NITE-DSP/sample_pack_testing/Sounds of KSHMR Vol.3/KSHMR_Drums/KSHMR_Claps/KSHMR_Pre-Shifted_Claps/KSHMR_Pre_Shifted_Clap_03.wav,Clap,Foley,0.393466,0.457694,Clap,trusted_filename_override,Clap,0.9,False,,,wide stereo image,80.0,0.112,0.001189,0.0,0.961538,0.211982,0.083333,10.854342,0.081601,0.381059
Foley  vs  Hi-Hat,Sounds of KSHMR Vol.3,/Volumes/Jack_Gandy_1TB_SSD/testing-for-NITE-DSP/sample_pack_testing/Sounds of KSHMR Vol.3/KSHMR_Drums/KSHMR_Cymbals/KSHMR_Hi_Hats_Closed/KSHMR_Closed_Hat_12_Dirty.wav,Hi-Hat,Foley,0.238202,0.270821,Hi-Hat,trusted_filename_override,Hi-Hat,0.94,False,,,detuned beating at 1.9Hz; clear harmonic series (f0 25Hz); wide stereo image,16.0,0.12,0.0,-20.0,1.865672,0.0,1.0,7.322391,0.08057,0.975265
Foley  vs  Kick,Organic Electronics 2 J.Views,/Volumes/Jack_Gandy_1TB_SSD/testing-for-NITE-DSP/sample_pack_testing/Organic Electronics 2 J.Views/JVIEWS_desert/JVIEWS_desert_one_shots/JVIEWS_desertwood_kick_01.wav,Kick,Foley,0.223297,0.312842,Kick,trusted_filename_override,Kick,0.97,False,,,2230-cent downward pitch glide; detuned beating at 1.4Hz,40.0,0.176,0.327767,2230.0,1.358696,0.201432,0.0,15.637312,0.00496,0.041574
Foley  vs  Snare,Old Movies 1 - Vintage Collection (Drum Kit),/Volumes/Jack_Gandy_1TB_SSD/testing-for-NITE-DSP/sample_pack_testing/Old Movies 1 - Vintage Collection (Drum Kit)/Foley & Percussion (Old Movies)/possible snare.wav,Snare,Foley,0.27725,0.29119,Snare,trusted_filename_override,Snare,0.92,False,,,detuned beating at 1.1Hz; clear harmonic series (f0 28Hz),24.0,0.448,1e-05,0.0,1.05042,0.0,1.0,5.622426,6.9e-05,0.0
Hi-Hat Loop  vs  Drum Loop,Organic Drum Kit,/Volumes/Jack_Gandy_1TB_SSD/testing-for-NITE-DSP/sample_pack_testing/Organic Drum Kit/8 Drum Loops/Drum Loops/Drum Loop 8 - 93 BPM (A).wav,Drum Loop,Hi-Hat Loop,0.147724,0.242406,Drum Loop,trusted_filename_override,Drum Loop,0.78,False,,,3740-cent downward pitch glide; detuned beating at 3.1Hz,32.0,0.472,0.308879,3740.0,3.097522,0.106897,0.25,19.679996,0.103972,0.204888
Rimshot  vs  Clap,Organic Drum Kit,/Volumes/Jack_Gandy_1TB_SSD/testing-for-NITE-DSP/sample_pack_testing/Organic Drum Kit/3 Claps/Organic - Clap (79).wav,Clap,Rimshot,0.328043,0.45082,Clap,trusted_filename_override,Clap,0.9,False,,,noisy rather than tonal; wide stereo image,16.0,0.08,2e-06,0.0,0.796178,0.264645,0.25,71.997429,0.78172,0.483618
Rimshot  vs  Hi-Hat,Organic Drum Kit,/Volumes/Jack_Gandy_1TB_SSD/testing-for-NITE-DSP/sample_pack_testing/Organic Drum Kit/Maschine Kits/New Age Kit 2 Samples/Organic - HiHat (4).wav,Hi-Hat,Rimshot,0.300281,0.461305,Hi-Hat,trusted_filename_override,Hi-Hat,0.94,False,,,sharp transient; clear harmonic series (f0 27Hz); noisy rather than tonal,0.0,0.048,6.5e-05,0.0,0.615764,5e-06,1.0,19.712456,0.499977,0.016244
Rimshot  vs  Snare,Old Movies 1 - Vintage Collection (Drum Kit),/Volumes/Jack_Gandy_1TB_SSD/testing-for-NITE-DSP/sample_pack_testing/Old Movies 1 - Vintage Collection (Drum Kit)/Snares/Snare 34.wav,Snare,Rimshot,0.293756,0.350501,Snare,trusted_filename_override,Snare,0.92,False,,,250-cent downward pitch glide,48.0,0.064,1e-06,250.0,0.0,0.561477,0.333333,6.765059,0.00204,0.081531
Weather/Nature Atmos  vs  Hi-Hat,Old Movies 1 - Vintage Collection (Drum Kit),/Volumes/Jack_Gandy_1TB_SSD/testing-for-NITE-DSP/sample_pack_testing/Old Movies 1 - Vintage Collection (Drum Kit)/Hats/Hat Roll 3.wav,Hi-Hat,Weather/Nature Atmos,0.158267,0.212645,Hi-Hat,trusted_filename_override,Hi-Hat,0.94,False,,,detuned beating at 2.8Hz; clear harmonic series (f0 27Hz),40.0,0.136,0.0,0.0,2.840909,0.0,1.0,8.989453,0.184552,0.004282
