review_rank,priority_score,review_reasons,path,root,vendor,pack,old_label,new_label,old_confidence,new_confidence,confidence_delta,old_similarity,new_similarity,similarity_delta,old_accepted_at_95,new_accepted_at_95,exact_duplicate_group,exact_duplicate_count,near_duplicate_group,near_duplicate_count
1,126.0,newly_accepted_at_95;low_frequency_family_boundary;high_new_similarity,/Volumes/Jack_Gandy_1TB_SSD/testing-for-NITE-DSP/sample_pack_testing/MGF Mega Pack/Analogue Collection/Bass/J106 FEB18_173 A0.wav,testing,MGF Mega Pack,Analogue Collection,Kick,Bass Hit,0.3717629313468933,0.868823766708374,0.497061,0.46139559149742126,0.7631155252456665,0.30172,False,True,,1,,1
2,126.0,newly_accepted_at_95;low_frequency_family_boundary;high_new_similarity,/Volumes/Jack_Gandy_1TB_SSD/testing-for-NITE-DSP/sample_pack_testing/MGF Mega Pack/Multisamples/MGF Alpha Juno Vol 8/Dub Tech 1/Dub Tech 1 Alt 2 - F0.wav,testing,MGF Mega Pack,Multisamples,Kick,Bass Hit,0.4509406089782715,0.7840757966041565,0.333135,0.4999231696128845,0.7200106978416443,0.220088,False,True,,1,,1
3,126.0,newly_accepted_at_95;low_frequency_family_boundary;high_new_similarity,/Volumes/Jack_Gandy_1TB_SSD/testing-for-NITE-DSP/sample_pack_testing/MGF Mega Pack/Multisamples/MGF Juno 106 1/NuPWM Stab/NuPWM Stab - C0.wav,testing,MGF Mega Pack,Multisamples,Kick,Bass Hit,0.4023500680923462,0.8386374711990356,0.436287,0.4991794526576996,0.7489413022994995,0.249762,False,True,,1,,1
4,126.0,newly_accepted_at_95;low_frequency_family_boundary;high_new_similarity,/Volumes/Jack_Gandy_1TB_SSD/testing-for-NITE-DSP/sample_pack_testing/Mike Shinoda Drums/MS BEATS/maschine ms test 1 Samples/Bass D0 Wicked.wav,testing,Mike Shinoda Drums,MS BEATS,Kick,Bass Hit,0.45327258110046387,0.847960352897644,0.394688,0.5147647857666016,0.7755354642868042,0.260771,False,True,,1,,1
5,126.0,newly_accepted_at_95;low_frequency_family_boundary;high_new_similarity,/Volumes/Jack_Gandy_1TB_SSD/testing-for-NITE-DSP/sample_pack_testing/Sounds of KSHMR Vol.3/KSHMR_Synths/KSHMR_Bass_PsyTrance/KSHMR_Psy_Bass_One_Shots/KSHMR_Psy_Bass_01_A.wav,testing,Sounds of KSHMR Vol.3,KSHMR_Synths,Kick,Bass Hit,0.37823790311813354,0.8441822528839111,0.465944,0.4547472298145294,0.7452177405357361,0.290471,False,True,,1,,1
6,126.0,newly_accepted_at_95;low_frequency_family_boundary;high_new_similarity,/Volumes/Jack_Gandy_1TB_SSD/testing-for-NITE-DSP/sample_pack_testing/Sounds of KSHMR Vol.3/KSHMR_Synths/KSHMR_Bass_PsyTrance/KSHMR_Psy_Bass_One_Shots/KSHMR_Psy_Bass_02_A.wav,testing,Sounds of KSHMR Vol.3,KSHMR_Synths,Kick,Bass Hit,0.46311426162719727,0.8008197546005249,0.337705,0.48768728971481323,0.7251445651054382,0.237457,False,True,,1,,1
7,126.0,newly_accepted_at_95;low_frequency_family_boundary;high_new_similarity,/Volumes/Jack_Gandy_1TB_SSD/testing-for-NITE-DSP/sample_pack_testing/Sounds of KSHMR Vol.3/KSHMR_Synths/KSHMR_Bass_PsyTrance/KSHMR_Psy_Bass_One_Shots/KSHMR_Psy_Bass_29_E.wav,testing,Sounds of KSHMR Vol.3,KSHMR_Synths,Kick,Bass Hit,0.43280354142189026,0.8296493887901306,0.396846,0.5174961686134338,0.7730202674865723,0.255524,False,True,,1,,1
8,126.0,newly_accepted_at_95;low_frequency_family_boundary;high_new_similarity,/Volumes/Jack_Gandy_1TB_SSD/testing-for-NITE-DSP/sample_pack_testing/Sounds of KSHMR Vol.3/KSHMR_Synths/KSHMR_Bass_PsyTrance/KSHMR_Psy_Bass_One_Shots/KSHMR_Psy_Bass_38_F.wav,testing,Sounds of KSHMR Vol.3,KSHMR_Synths,Kick,Bass Hit,0.3890351951122284,0.7931144833564758,0.404079,0.4823363721370697,0.716191291809082,0.233855,False,True,,1,,1
9,67.0,one_shot_loop_boundary;low_frequency_family_boundary;exact_duplicate_group,/Volumes/Jack_Gandy_1TB_SSD/testing-for-NITE-DSP/sample_pack_testing/Drum Recollection/2023 Drums/(808) Me.wav,testing,Drum Recollection,2023 Drums,Chord Loop,Bass Hit,0.11042264848947525,0.15010422468185425,0.039682,0.16944432258605957,0.23399892449378967,0.064555,False,False,43547d324fd74d0bfea2402fb989a053b6905bd1b38808c00c69a7325eb8861f,2,,1
10,67.0,one_shot_loop_boundary;low_frequency_family_boundary;exact_duplicate_group,/Volumes/Jack_Gandy_1TB_SSD/testing-for-NITE-DSP/sample_pack_testing/Koan Sound/Koan Sound Samples/Foley Pack 02/Walking Through Dead Leaves 2.wav,testing,Koan Sound,Koan Sound Samples,Foley Loop,Bass Reese,0.17503291368484497,0.14551317691802979,-0.02952,0.2476712465286255,0.2443130761384964,-0.003358,False,False,ca4490cee7a11e816731fd632c69f4e275fbf383cf85560d43db671cb6f4164b,2,,1
11,65.0,rejection_boundary;one_shot_loop_boundary,/Volumes/Jack_Gandy_1TB_SSD/testing-for-NITE-DSP/sample_pack_testing/Black Octopus Sound - Pure Analog Sweeps IV (2021)/A#/Diamaudix_Audio_PAS_IV_Sweep_FX_Bb_04.wav,testing,Black Octopus Sound - Pure Analog Sweeps IV (2021),A#,Chord Loop,SFX,0.25763165950775146,0.3048340678215027,0.047202,0.5334808826446533,0.5790202021598816,0.045539,False,False,,1,,1
12,65.0,rejection_boundary;one_shot_loop_boundary,/Volumes/Jack_Gandy_1TB_SSD/testing-for-NITE-DSP/sample_pack_testing/Black Octopus Sound - Pure Analog Sweeps IV (2021)/A#/Diamaudix_Audio_PAS_IV_Sweep_FX_Bb_05.wav,testing,Black Octopus Sound - Pure Analog Sweeps IV (2021),A#,Chord Loop,SFX,0.26955103874206543,0.23175930976867676,-0.037792,0.5083127021789551,0.5088003277778625,0.000488,False,False,,1,,1
13,65.0,rejection_boundary;one_shot_loop_boundary,/Volumes/Jack_Gandy_1TB_SSD/testing-for-NITE-DSP/sample_pack_testing/Black Octopus Sound - Pure Analog Sweeps IV (2021)/A/Diamaudix_Audio_PAS_IV_Sweep_FX_A_07.wav,testing,Black Octopus Sound - Pure Analog Sweeps IV (2021),A,Chord Loop,SFX,0.23600393533706665,0.2763601839542389,0.040356,0.4897076487541199,0.5302422642707825,0.040535,False,False,,1,,1
14,65.0,rejection_boundary;one_shot_loop_boundary,/Volumes/Jack_Gandy_1TB_SSD/testing-for-NITE-DSP/sample_pack_testing/Black Octopus Sound - Pure Analog Sweeps IV (2021)/A/Diamaudix_Audio_PAS_IV_Sweep_FX_A_11.wav,testing,Black Octopus Sound - Pure Analog Sweeps IV (2021),A,Chord Loop,SFX,0.2663755714893341,0.21208231151103973,-0.054293,0.459028422832489,0.45686668157577515,-0.002162,False,False,,1,,1
15,65.0,rejection_boundary;one_shot_loop_boundary,/Volumes/Jack_Gandy_1TB_SSD/testing-for-NITE-DSP/sample_pack_testing/Black Octopus Sound - Pure Analog Sweeps IV (2021)/A/Diamaudix_Audio_PAS_IV_Sweep_FX_A_14.wav,testing,Black Octopus Sound - Pure Analog Sweeps IV (2021),A,Chord Loop,SFX,0.27794647216796875,0.23608975112438202,-0.041857,0.5138847827911377,0.5153884291648865,0.001504,False,False,,1,,1
16,65.0,rejection_boundary;one_shot_loop_boundary,/Volumes/Jack_Gandy_1TB_SSD/testing-for-NITE-DSP/sample_pack_testing/Black Octopus Sound - Pure Analog Sweeps IV (2021)/B/Diamaudix_Audio_PAS_IV_Sweep_FX_B_11.wav,testing,Black Octopus Sound - Pure Analog Sweeps IV (2021),B,Chord Loop,SFX,0.249419167637825,0.2632785141468048,0.013859,0.5312058329582214,0.556889533996582,0.025684,False,False,,1,,1
17,65.0,rejection_boundary;one_shot_loop_boundary,/Volumes/Jack_Gandy_1TB_SSD/testing-for-NITE-DSP/sample_pack_testing/Black Octopus Sound - Pure Analog Sweeps IV (2021)/C#/Diamaudix_Audio_PAS_IV_Sweep_FX_C#_16.wav,testing,Black Octopus Sound - Pure Analog Sweeps IV (2021),C#,Chord Loop,SFX,0.23726218938827515,0.22350753843784332,-0.013755,0.47476765513420105,0.4863784909248352,0.011611,False,False,,1,,1
18,65.0,rejection_boundary;one_shot_loop_boundary,/Volumes/Jack_Gandy_1TB_SSD/testing-for-NITE-DSP/sample_pack_testing/Black Octopus Sound - Pure Analog Sweeps IV (2021)/C/Diamaudix_Audio_PAS_IV_Sweep_FX_C_02.wav,testing,Black Octopus Sound - Pure Analog Sweeps IV (2021),C,Chord Loop,SFX,0.18838314712047577,0.24517717957496643,0.056794,0.4900953769683838,0.5428842902183533,0.052789,False,False,,1,,1
19,65.0,rejection_boundary;one_shot_loop_boundary,/Volumes/Jack_Gandy_1TB_SSD/testing-for-NITE-DSP/sample_pack_testing/Black Octopus Sound - Pure Analog Sweeps IV (2021)/C/Diamaudix_Audio_PAS_IV_Sweep_FX_C_10.wav,testing,Black Octopus Sound - Pure Analog Sweeps IV (2021),C,Chord Loop,SFX,0.2066519409418106,0.20797595381736755,0.001324,0.4203178882598877,0.4406307637691498,0.020313,False,False,,1,,1
20,65.0,rejection_boundary;one_shot_loop_boundary,/Volumes/Jack_Gandy_1TB_SSD/testing-for-NITE-DSP/sample_pack_testing/Black Octopus Sound - Pure Analog Sweeps IV (2021)/C/Diamaudix_Audio_PAS_IV_Sweep_FX_C_11.wav,testing,Black Octopus Sound - Pure Analog Sweeps IV (2021),C,Chord Loop,SFX,0.21350882947444916,0.20994767546653748,-0.003561,0.429183691740036,0.4461122155189514,0.016929,False,False,,1,,1
21,65.0,rejection_boundary;one_shot_loop_boundary,/Volumes/Jack_Gandy_1TB_SSD/testing-for-NITE-DSP/sample_pack_testing/Black Octopus Sound - Pure Analog Sweeps IV (2021)/C/Diamaudix_Audio_PAS_IV_Sweep_FX_C_12.wav,testing,Black Octopus Sound - Pure Analog Sweeps IV (2021),C,Chord Loop,SFX,0.2189871072769165,0.22115840017795563,0.002171,0.4410407841205597,0.46212637424468994,0.021086,False,False,,1,,1
22,65.0,rejection_boundary;one_shot_loop_boundary,/Volumes/Jack_Gandy_1TB_SSD/testing-for-NITE-DSP/sample_pack_testing/Black Octopus Sound - Pure Analog Sweeps IV (2021)/D#/Diamaudix_Audio_PAS_IV_Sweep_FX_Eb_01.wav,testing,Black Octopus Sound - Pure Analog Sweeps IV (2021),D#,Chord Loop,SFX,0.18918868899345398,0.16451895236968994,-0.02467,0.39496394991874695,0.3958064913749695,0.000843,False,False,,1,,1
23,65.0,rejection_boundary;one_shot_loop_boundary,/Volumes/Jack_Gandy_1TB_SSD/testing-for-NITE-DSP/sample_pack_testing/Black Octopus Sound - Pure Analog Sweeps IV (2021)/D#/Diamaudix_Audio_PAS_IV_Sweep_FX_Eb_04.wav,testing,Black Octopus Sound - Pure Analog Sweeps IV (2021),D#,Chord Loop,SFX,0.21986299753189087,0.24758127331733704,0.027718,0.5064900517463684,0.538872241973877,0.032382,False,False,,1,,1
24,65.0,rejection_boundary;one_shot_loop_boundary,/Volumes/Jack_Gandy_1TB_SSD/testing-for-NITE-DSP/sample_pack_testing/Black Octopus Sound - Pure Analog Sweeps IV (2021)/D#/Diamaudix_Audio_PAS_IV_Sweep_FX_Eb_12.wav,testing,Black Octopus Sound - Pure Analog Sweeps IV (2021),D#,Chord Loop,SFX,0.26218295097351074,0.23618368804454803,-0.025999,0.46815478801727295,0.4778934419155121,0.009739,False,False,,1,,1
25,65.0,rejection_boundary;one_shot_loop_boundary,/Volumes/Jack_Gandy_1TB_SSD/testing-for-NITE-DSP/sample_pack_testing/Black Octopus Sound - Pure Analog Sweeps IV (2021)/D/Diamaudix_Audio_PAS_IV_Sweep_FX_D_01.wav,testing,Black Octopus Sound - Pure Analog Sweeps IV (2021),D,Chord Loop,SFX,0.28694918751716614,0.27834704518318176,-0.008602,0.5065790414810181,0.5267432928085327,0.020164,False,False,,1,,1
26,65.0,rejection_boundary;one_shot_loop_boundary,/Volumes/Jack_Gandy_1TB_SSD/testing-for-NITE-DSP/sample_pack_testing/Black Octopus Sound - Pure Analog Sweeps IV (2021)/D/Diamaudix_Audio_PAS_IV_Sweep_FX_D_02.wav,testing,Black Octopus Sound - Pure Analog Sweeps IV (2021),D,Chord Loop,SFX,0.19356587529182434,0.22328998148441315,0.029724,0.4348192811012268,0.4714300334453583,0.036611,False,False,,1,,1
27,65.0,rejection_boundary;one_shot_loop_boundary,/Volumes/Jack_Gandy_1TB_SSD/testing-for-NITE-DSP/sample_pack_testing/Black Octopus Sound - Pure Analog Sweeps IV (2021)/D/Diamaudix_Audio_PAS_IV_Sweep_FX_D_04.wav,testing,Black Octopus Sound - Pure Analog Sweeps IV (2021),D,Chord Loop,SFX,0.25066491961479187,0.3003064692020416,0.049642,0.5351566672325134,0.5785573124885559,0.043401,False,False,,1,,1
28,65.0,rejection_boundary;one_shot_loop_boundary,/Volumes/Jack_Gandy_1TB_SSD/testing-for-NITE-DSP/sample_pack_testing/Black Octopus Sound - Pure Analog Sweeps IV (2021)/D/Diamaudix_Audio_PAS_IV_Sweep_FX_D_13.wav,testing,Black Octopus Sound - Pure Analog Sweeps IV (2021),D,Chord Loop,SFX,0.2029675841331482,0.21142998337745667,0.008462,0.4510658085346222,0.47860175371170044,0.027536,False,False,,1,,1
29,65.0,rejection_boundary;one_shot_loop_boundary,/Volumes/Jack_Gandy_1TB_SSD/testing-for-NITE-DSP/sample_pack_testing/Black Octopus Sound - Pure Analog Sweeps IV (2021)/F#/Diamaudix_Audio_PAS_IV_Sweep_FX_F#_05.wav,testing,Black Octopus Sound - Pure Analog Sweeps IV (2021),F#,Chord Loop,SFX,0.22066441178321838,0.20886506140232086,-0.011799,0.5421759486198425,0.553489089012146,0.011313,False,False,,1,,1
30,65.0,rejection_boundary;one_shot_loop_boundary,/Volumes/Jack_Gandy_1TB_SSD/testing-for-NITE-DSP/sample_pack_testing/Black Octopus Sound - Pure Analog Sweeps IV (2021)/F#/Diamaudix_Audio_PAS_IV_Sweep_FX_F#_14.wav,testing,Black Octopus Sound - Pure Analog Sweeps IV (2021),F#,Chord Loop,SFX,0.22729720175266266,0.25450462102890015,0.027207,0.5023432374000549,0.5359108448028564,0.033568,False,False,,1,,1
31,65.0,rejection_boundary;one_shot_loop_boundary,/Volumes/Jack_Gandy_1TB_SSD/testing-for-NITE-DSP/sample_pack_testing/Black Octopus Sound - Pure Analog Sweeps IV (2021)/F/Diamaudix_Audio_PAS_IV_Sweep_FX_F_14.wav,testing,Black Octopus Sound - Pure Analog Sweeps IV (2021),F,Chord Loop,SFX,0.2348320335149765,0.2548770606517792,0.020045,0.5078301429748535,0.5391202569007874,0.03129,False,False,,1,,1
32,65.0,rejection_boundary;one_shot_loop_boundary,/Volumes/Jack_Gandy_1TB_SSD/testing-for-NITE-DSP/sample_pack_testing/Black Octopus Sound - Pure Analog Sweeps IV (2021)/G#/Diamaudix_Audio_PAS_IV_Sweep_FX_Ab_10.wav,testing,Black Octopus Sound - Pure Analog Sweeps IV (2021),G#,Chord Loop,SFX,0.2262277454137802,0.2201441377401352,-0.006084,0.5449398756027222,0.5587084889411926,0.013769,False,False,,1,,1
33,65.0,rejection_boundary;one_shot_loop_boundary,/Volumes/Jack_Gandy_1TB_SSD/testing-for-NITE-DSP/sample_pack_testing/Black Octopus Sound - Pure Analog Sweeps IV (2021)/G#/Diamaudix_Audio_PAS_IV_Sweep_FX_Ab_13.wav,testing,Black Octopus Sound - Pure Analog Sweeps IV (2021),G#,Chord Loop,SFX,0.2916281223297119,0.28465941548347473,-0.006969,0.5397200584411621,0.5644895434379578,0.024769,False,False,,1,,1
34,65.0,rejection_boundary;one_shot_loop_boundary,/Volumes/Jack_Gandy_1TB_SSD/testing-for-NITE-DSP/sample_pack_testing/Black Octopus Sound - Pure Analog Sweeps IV (2021)/G#/Diamaudix_Audio_PAS_IV_Sweep_FX_Ab_15.wav,testing,Black Octopus Sound - Pure Analog Sweeps IV (2021),G#,Chord Loop,SFX,0.19044101238250732,0.2220362275838852,0.031595,0.4908132255077362,0.5238040089607239,0.032991,False,False,,1,,1
35,65.0,rejection_boundary;one_shot_loop_boundary,/Volumes/Jack_Gandy_1TB_SSD/testing-for-NITE-DSP/sample_pack_testing/Black Octopus Sound - Pure Analog Sweeps IV (2021)/G#/Diamaudix_Audio_PAS_IV_Sweep_FX_Ab_16.wav,testing,Black Octopus Sound - Pure Analog Sweeps IV (2021),G#,Chord Loop,SFX,0.23376084864139557,0.19767571985721588,-0.036085,0.4383648633956909,0.4396973252296448,0.001332,False,False,,1,,1
36,65.0,rejection_boundary;one_shot_loop_boundary,/Volumes/Jack_Gandy_1TB_SSD/testing-for-NITE-DSP/sample_pack_testing/Black Octopus Sound - Pure Analog Sweeps IV (2021)/G/Diamaudix_Audio_PAS_IV_Sweep_FX_G_03.wav,testing,Black Octopus Sound - Pure Analog Sweeps IV (2021),G,Chord Loop,SFX,0.26865342259407043,0.22208547592163086,-0.046568,0.46851637959480286,0.46942418813705444,0.000908,False,False,,1,,1
37,65.0,rejection_boundary;one_shot_loop_boundary,/Volumes/Jack_Gandy_1TB_SSD/testing-for-NITE-DSP/sample_pack_testing/Black Octopus Sound - Pure Analog Sweeps IV (2021)/G/Diamaudix_Audio_PAS_IV_Sweep_FX_G_06.wav,testing,Black Octopus Sound - Pure Analog Sweeps IV (2021),G,Chord Loop,SFX,0.21734347939491272,0.2551438510417938,0.0378,0.5490027070045471,0.5895509719848633,0.040548,False,False,,1,,1
38,65.0,rejection_boundary;one_shot_loop_boundary,/Volumes/Jack_Gandy_1TB_SSD/testing-for-NITE-DSP/sample_pack_testing/Black Octopus Sound - Pure Analog Sweeps IV (2021)/G/Diamaudix_Audio_PAS_IV_Sweep_FX_G_16.wav,testing,Black Octopus Sound - Pure Analog Sweeps IV (2021),G,Chord Loop,SFX,0.24338902533054352,0.23892679810523987,-0.004462,0.4824717342853546,0.49997931718826294,0.017508,False,False,,1,,1
39,65.0,rejection_boundary;one_shot_loop_boundary,/Volumes/Jack_Gandy_1TB_SSD/testing-for-NITE-DSP/sample_pack_testing/Black Octopus Sound - Pure Analog Sweeps IV (2021)/Xtra Analog Atmospheres/Diamaudix_Audio_PAS_IV_Atmospheres_C06.wav,testing,Black Octopus Sound - Pure Analog Sweeps IV (2021),Xtra Analog Atmospheres,Foley Loop,SFX,0.1579435169696808,0.16296297311782837,0.005019,0.3623681962490082,0.39245161414146423,0.030083,False,False,,1,,1
40,65.0,rejection_boundary;one_shot_loop_boundary,/Volumes/Jack_Gandy_1TB_SSD/testing-for-NITE-DSP/sample_pack_testing/Breaks/The Drum Broker - International Breaks & Essential Kicks/The Drum Broker - International Breaks 2/Qualalumpa.wav,testing,Breaks,The Drum Broker - International Breaks & Essential Kicks,Other/none,Drum Loop,0.11263827979564667,0.14648319780826569,0.033845,0.2317197322845459,0.27324438095092773,0.041525,False,False,,1,,1
41,65.0,rejection_boundary;one_shot_loop_boundary,/Volumes/Jack_Gandy_1TB_SSD/testing-for-NITE-DSP/sample_pack_testing/Drum Recollection/Official Drum Kit Vol. 2/808s/Last Of The CTM 808.wav,testing,Drum Recollection,Official Drum Kit Vol. 2,Bass Loop,SFX,0.12386561930179596,0.14158780872821808,0.017722,0.24012964963912964,0.2810514569282532,0.040922,False,False,,1,,1
42,65.0,rejection_boundary;one_shot_loop_boundary,/Volumes/Jack_Gandy_1TB_SSD/testing-for-NITE-DSP/sample_pack_testing/IMANU/IMANU April 2024 Patreon Samples/nice dots Dphrygian.wav,testing,IMANU,IMANU April 2024 Patreon Samples,Other/none,Synth Loop,0.1704743504524231,0.1825726479291916,0.012098,0.3785281777381897,0.3996397852897644,0.021112,False,False,,1,,1
43,65.0,rejection_boundary;one_shot_loop_boundary,/Volumes/Jack_Gandy_1TB_SSD/testing-for-NITE-DSP/sample_pack_testing/IMANU/IMANU May 2024 Patreon Samples/Bass Chord Bm.wav,testing,IMANU,IMANU May 2024 Patreon Samples,Chord Loop,Other/none,0.26348814368247986,0.2346714735031128,-0.028817,0.49439549446105957,0.5051292181015015,0.010734,False,False,,1,,1
44,65.0,rejection_boundary;one_shot_loop_boundary,/Volumes/Jack_Gandy_1TB_SSD/testing-for-NITE-DSP/sample_pack_testing/IMANU/IMANU Patreon January 2022 Samples/Sine plucks G harmonic minor blurred.wav,testing,IMANU,IMANU Patreon January 2022 Samples,Chord Loop,SFX,0.15634867548942566,0.13436029851436615,-0.021988,0.34113118052482605,0.33955317735671997,-0.001578,False,False,,1,,1
45,65.0,rejection_boundary;one_shot_loop_boundary,/Volumes/Jack_Gandy_1TB_SSD/testing-for-NITE-DSP/sample_pack_testing/Loaded Samples - Lo-Fi Memphis 2/MELODIES (X3 & DR5)/Loops (Cassette Processed)/Eerie Visions #6 [62 BPM] (G).wav,testing,Loaded Samples - Lo-Fi Memphis 2,MELODIES (X3 & DR5),Chord Loop,Other/none,0.20207533240318298,0.29092392325401306,0.088849,0.4607350528240204,0.5233231782913208,0.062588,False,False,,1,,1
46,65.0,rejection_boundary;one_shot_loop_boundary,/Volumes/Jack_Gandy_1TB_SSD/testing-for-NITE-DSP/sample_pack_testing/Loaded Samples - Lo-Fi Memphis 2/MELODIES (X3 & DR5)/Loops (Cassette Processed)/Got Me Clickin #1 [78 BPM] (D#).wav,testing,Loaded Samples - Lo-Fi Memphis 2,MELODIES (X3 & DR5),Other/none,Chord Loop,0.33327919244766235,0.31493672728538513,-0.018342,0.5830454230308533,0.5734312534332275,-0.009614,False,False,,1,,1
47,65.0,rejection_boundary;one_shot_loop_boundary,/Volumes/Jack_Gandy_1TB_SSD/testing-for-NITE-DSP/sample_pack_testing/Loaded Samples - Lo-Fi Memphis 2/MELODIES (X3 & DR5)/Loops (Cassette Processed)/Got Me Clickin #2 [78 BPM] (D#).wav,testing,Loaded Samples - Lo-Fi Memphis 2,MELODIES (X3 & DR5),Other/none,Chord Loop,0.3114990293979645,0.26272767782211304,-0.048771,0.569266140460968,0.5459657311439514,-0.0233,False,False,,1,,1
48,65.0,rejection_boundary;one_shot_loop_boundary,/Volumes/Jack_Gandy_1TB_SSD/testing-for-NITE-DSP/sample_pack_testing/Loaded Samples - Lo-Fi Memphis 2/MELODIES (X3 & DR5)/Loops (Cassette Processed)/Institutionalized #2 [67 BPM] (C#).wav,testing,Loaded Samples - Lo-Fi Memphis 2,MELODIES (X3 & DR5),Other/none,Chord Loop,0.17601673305034637,0.16490398347377777,-0.011113,0.3689994513988495,0.36448270082473755,-0.004517,False,False,,1,,1
49,65.0,rejection_boundary;one_shot_loop_boundary,/Volumes/Jack_Gandy_1TB_SSD/testing-for-NITE-DSP/sample_pack_testing/Loaded Samples - Lo-Fi Memphis 2/MELODIES (X3 & DR5)/Loops (Cassette Processed)/Laid Back #2 [75 BPM] (F#).wav,testing,Loaded Samples - Lo-Fi Memphis 2,MELODIES (X3 & DR5),Chord Loop,Other/none,0.2080288827419281,0.2119365781545639,0.003908,0.38752925395965576,0.40232282876968384,0.014794,False,False,,1,,1
50,65.0,rejection_boundary;one_shot_loop_boundary,/Volumes/Jack_Gandy_1TB_SSD/testing-for-NITE-DSP/sample_pack_testing/Loaded Samples - Lo-Fi Memphis 2/MELODIES (X3 & DR5)/Stems (Cassette Processed)/STEM_Cold Case #3 [74 BPM] (G#).wav,testing,Loaded Samples - Lo-Fi Memphis 2,MELODIES (X3 & DR5),Chord Loop,Other/none,0.20727623999118805,0.1912328153848648,-0.016043,0.46611857414245605,0.4723052680492401,0.006187,False,False,,1,,1
51,65.0,rejection_boundary;one_shot_loop_boundary,/Volumes/Jack_Gandy_1TB_SSD/testing-for-NITE-DSP/sample_pack_testing/Loaded Samples - Lo-Fi Memphis 2/MELODIES (X3 & DR5)/Stems (Cassette Processed)/STEM_DR5 Memphis Jazz #5 [73 BPM] (A#).wav,testing,Loaded Samples - Lo-Fi Memphis 2,MELODIES (X3 & DR5),Other/none,Bass Loop,0.21528260409832,0.2378704994916916,0.022588,0.45322075486183167,0.4938580095767975,0.040637,False,False,,1,,1
52,65.0,rejection_boundary;one_shot_loop_boundary,/Volumes/Jack_Gandy_1TB_SSD/testing-for-NITE-DSP/sample_pack_testing/Loaded Samples - Lo-Fi Memphis 2/MELODIES (X3 & DR5)/Stems (Cassette Processed)/STEM_Dissonance #4 [66 BPM] (D).wav,testing,Loaded Samples - Lo-Fi Memphis 2,MELODIES (X3 & DR5),Chord Loop,Other/none,0.19372843205928802,0.210307776927948,0.016579,0.3660457730293274,0.39986178278923035,0.033816,False,False,,1,,1
53,65.0,rejection_boundary;one_shot_loop_boundary,/Volumes/Jack_Gandy_1TB_SSD/testing-for-NITE-DSP/sample_pack_testing/Loaded Samples - Lo-Fi Memphis 2/MELODIES (X3 & DR5)/Stems (Cassette Processed)/STEM_Eerie Visions #6 [62 BPM] (G).wav,testing,Loaded Samples - Lo-Fi Memphis 2,MELODIES (X3 & DR5),Chord Loop,Other/none,0.24294331669807434,0.25115981698036194,0.008217,0.482012003660202,0.5053412318229675,0.023329,False,False,,1,,1
54,65.0,rejection_boundary;one_shot_loop_boundary,/Volumes/Jack_Gandy_1TB_SSD/testing-for-NITE-DSP/sample_pack_testing/Loaded Samples - Lo-Fi Memphis 2/MELODIES (X3 & DR5)/Stems (Cassette Processed)/STEM_Ice Caves #3 [70 BPM] (C#).wav,testing,Loaded Samples - Lo-Fi Memphis 2,MELODIES (X3 & DR5),Chord Loop,Other/none,0.2802983522415161,0.27003079652786255,-0.010268,0.5380762219429016,0.5476500391960144,0.009574,False,False,,1,,1
55,65.0,rejection_boundary;one_shot_loop_boundary,/Volumes/Jack_Gandy_1TB_SSD/testing-for-NITE-DSP/sample_pack_testing/Loaded Samples - Lo-Fi Memphis 2/MELODIES (X3 & DR5)/Stems (Cassette Processed)/STEM_In 2Deep #4 [66 BPM] (D#).wav,testing,Loaded Samples - Lo-Fi Memphis 2,MELODIES (X3 & DR5),Chord Loop,Other/none,0.22493311762809753,0.2580842673778534,0.033151,0.48089203238487244,0.5230163335800171,0.042124,False,False,,1,,1
56,65.0,rejection_boundary;one_shot_loop_boundary,/Volumes/Jack_Gandy_1TB_SSD/testing-for-NITE-DSP/sample_pack_testing/Loaded Samples - Lo-Fi Memphis 2/MELODIES (X3 & DR5)/Stems (Cassette Processed)/STEM_Most Unknown #2 [70 BPM] (D#).wav,testing,Loaded Samples - Lo-Fi Memphis 2,MELODIES (X3 & DR5),Chord Loop,Other/none,0.19098271429538727,0.2199886292219162,0.029006,0.4042198956012726,0.43410298228263855,0.029883,False,False,,1,,1
57,65.0,rejection_boundary;one_shot_loop_boundary,/Volumes/Jack_Gandy_1TB_SSD/testing-for-NITE-DSP/sample_pack_testing/Loaded Samples - Lo-Fi Memphis 2/MELODIES (X3 & DR5)/Stems (Cassette Processed)/STEM_Resurrection #4 [70 BPM] (D).wav,testing,Loaded Samples - Lo-Fi Memphis 2,MELODIES (X3 & DR5),Chord Loop,Other/none,0.22338278591632843,0.24733984470367432,0.023957,0.5106399059295654,0.5397857427597046,0.029146,False,False,,1,,1
58,65.0,rejection_boundary;one_shot_loop_boundary,/Volumes/Jack_Gandy_1TB_SSD/testing-for-NITE-DSP/sample_pack_testing/Loaded Samples - Lo-Fi Memphis 2/MELODIES (X3 & DR5)/Stems (Cassette Processed)/STEM_Sacred Moon #5 [73 BPM] (D).wav,testing,Loaded Samples - Lo-Fi Memphis 2,MELODIES (X3 & DR5),Chord Loop,Other/none,0.2607954144477844,0.2734909653663635,0.012696,0.513858437538147,0.5364762544631958,0.022618,False,False,,1,,1
59,65.0,rejection_boundary;one_shot_loop_boundary,/Volumes/Jack_Gandy_1TB_SSD/testing-for-NITE-DSP/sample_pack_testing/Loaded Samples - Lo-Fi Memphis 2/MELODIES (X3 & DR5)/Stems (Cassette Processed)/STEM_Suspenseful Moment #3 [62 BPM] (F#).wav,testing,Loaded Samples - Lo-Fi Memphis 2,MELODIES (X3 & DR5),SFX,Bass Loop,0.14287914335727692,0.14510224759578705,0.002223,0.3236602544784546,0.34061843156814575,0.016958,False,False,,1,,1
60,65.0,rejection_boundary;one_shot_loop_boundary,/Volumes/Jack_Gandy_1TB_SSD/testing-for-NITE-DSP/sample_pack_testing/Loaded Samples - Lo-Fi Memphis 2/MELODIES (X3 & DR5)/Stems (Cassette Processed)/STEM_The Prophecy #4 [72 BPM] (A#).wav,testing,Loaded Samples - Lo-Fi Memphis 2,MELODIES (X3 & DR5),Chord Loop,Other/none,0.15416358411312103,0.19767789542675018,0.043514,0.4082809090614319,0.4592951536178589,0.051014,False,False,,1,,1
61,65.0,rejection_boundary;one_shot_loop_boundary,/Volumes/Jack_Gandy_1TB_SSD/testing-for-NITE-DSP/sample_pack_testing/Loaded Samples - Lo-Fi Memphis 2/MELODIES (X3 & DR5)/Stems (Cassette Processed)/STEM_Undercover #3 [71 BPM] (A#).wav,testing,Loaded Samples - Lo-Fi Memphis 2,MELODIES (X3 & DR5),Chord Loop,Other/none,0.20194341242313385,0.16495496034622192,-0.036988,0.3747810125350952,0.36846083402633667,-0.00632,False,False,,1,,1
62,65.0,rejection_boundary;one_shot_loop_boundary,/Volumes/Jack_Gandy_1TB_SSD/testing-for-NITE-DSP/sample_pack_testing/Loaded Samples - Lo-Fi Memphis 2/MELODIES (X3 & DR5)/Stems (OG Versions)/OGSTEM_Another Nightmare #2 [71 BPM] (D).wav,testing,Loaded Samples - Lo-Fi Memphis 2,MELODIES (X3 & DR5),Chord Loop,Other/none,0.22866544127464294,0.20679843425750732,-0.021867,0.447820246219635,0.45173588395118713,0.003916,False,False,,1,,1
63,65.0,rejection_boundary;one_shot_loop_boundary,/Volumes/Jack_Gandy_1TB_SSD/testing-for-NITE-DSP/sample_pack_testing/Loaded Samples - Lo-Fi Memphis 2/MELODIES (X3 & DR5)/Stems (OG Versions)/OGSTEM_Cold Case #3 [74 BPM] (G#).wav,testing,Loaded Samples - Lo-Fi Memphis 2,MELODIES (X3 & DR5),Chord Loop,Other/none,0.21373675763607025,0.2569611668586731,0.043224,0.5364425778388977,0.5778987407684326,0.041456,False,False,,1,,1
64,65.0,rejection_boundary;one_shot_loop_boundary,/Volumes/Jack_Gandy_1TB_SSD/testing-for-NITE-DSP/sample_pack_testing/Loaded Samples - Lo-Fi Memphis 2/MELODIES (X3 & DR5)/Stems (OG Versions)/OGSTEM_Dissonance #4 [66 BPM] (D).wav,testing,Loaded Samples - Lo-Fi Memphis 2,MELODIES (X3 & DR5),Chord Loop,Other/none,0.17850272357463837,0.18168681859970093,0.003184,0.3481091856956482,0.37377995252609253,0.025671,False,False,,1,,1
65,65.0,rejection_boundary;one_shot_loop_boundary,/Volumes/Jack_Gandy_1TB_SSD/testing-for-NITE-DSP/sample_pack_testing/Loaded Samples - Lo-Fi Memphis 2/MELODIES (X3 & DR5)/Stems (OG Versions)/OGSTEM_Eerie Visions #6 [62 BPM] (G).wav,testing,Loaded Samples - Lo-Fi Memphis 2,MELODIES (X3 & DR5),Chord Loop,Other/none,0.24593870341777802,0.26482582092285156,0.018887,0.48377150297164917,0.5122005343437195,0.028429,False,False,,1,,1
66,65.0,rejection_boundary;one_shot_loop_boundary,/Volumes/Jack_Gandy_1TB_SSD/testing-for-NITE-DSP/sample_pack_testing/Loaded Samples - Lo-Fi Memphis 2/MELODIES (X3 & DR5)/Stems (OG Versions)/OGSTEM_Inhalation #4 [68 BPM] (G).wav,testing,Loaded Samples - Lo-Fi Memphis 2,MELODIES (X3 & DR5),Chord Loop,Other/none,0.18023115396499634,0.21157346665859222,0.031342,0.42975834012031555,0.47775524854660034,0.047997,False,False,,1,,1
67,65.0,rejection_boundary;one_shot_loop_boundary,/Volumes/Jack_Gandy_1TB_SSD/testing-for-NITE-DSP/sample_pack_testing/Loaded Samples - Lo-Fi Memphis 2/MELODIES (X3 & DR5)/Stems (OG Versions)/OGSTEM_Kickin' In Doors #4 [72 BPM] (E).wav,testing,Loaded Samples - Lo-Fi Memphis 2,MELODIES (X3 & DR5),Chord Loop,Other/none,0.20211295783519745,0.19872596859931946,-0.003387,0.4101465046405792,0.42661550641059875,0.016469,False,False,,1,,1
68,65.0,rejection_boundary;one_shot_loop_boundary,/Volumes/Jack_Gandy_1TB_SSD/testing-for-NITE-DSP/sample_pack_testing/Loaded Samples - Lo-Fi Memphis 2/MELODIES (X3 & DR5)/Stems (OG Versions)/OGSTEM_Most Unknown #2 [70 BPM] (D#).wav,testing,Loaded Samples - Lo-Fi Memphis 2,MELODIES (X3 & DR5),Chord Loop,Other/none,0.19272266328334808,0.22483913600444794,0.032116,0.41582080721855164,0.4537065625190735,0.037886,False,False,,1,,1
69,65.0,rejection_boundary;one_shot_loop_boundary,/Volumes/Jack_Gandy_1TB_SSD/testing-for-NITE-DSP/sample_pack_testing/Loaded Samples - Lo-Fi Memphis 2/MELODIES (X3 & DR5)/Stems (OG Versions)/OGSTEM_Resurrection #4 [70 BPM] (D).wav,testing,Loaded Samples - Lo-Fi Memphis 2,MELODIES (X3 & DR5),Chord Loop,Other/none,0.19167226552963257,0.24830858409404755,0.056636,0.4809722900390625,0.5314521193504333,0.05048,False,False,,1,,1
70,65.0,rejection_boundary;one_shot_loop_boundary,/Volumes/Jack_Gandy_1TB_SSD/testing-for-NITE-DSP/sample_pack_testing/Loaded Samples - Lo-Fi Memphis 2/MELODIES (X3 & DR5)/Stems (OG Versions)/OGSTEM_Rollin Deep #4 [70 BPM] (F).wav,testing,Loaded Samples - Lo-Fi Memphis 2,MELODIES (X3 & DR5),Chord Loop,Other/none,0.18927215039730072,0.17640067636966705,-0.012871,0.4817717671394348,0.48957350850105286,0.007802,False,False,,1,,1
71,65.0,rejection_boundary;one_shot_loop_boundary,/Volumes/Jack_Gandy_1TB_SSD/testing-for-NITE-DSP/sample_pack_testing/Loaded Samples - Lo-Fi Memphis 2/MELODIES (X3 & DR5)/Stems (OG Versions)/OGSTEM_Undercover #3 [71 BPM] (A#).wav,testing,Loaded Samples - Lo-Fi Memphis 2,MELODIES (X3 & DR5),Chord Loop,Other/none,0.1822965443134308,0.20236626267433167,0.02007,0.36646291613578796,0.39443525671958923,0.027972,False,False,,1,,1
72,65.0,rejection_boundary;one_shot_loop_boundary,/Volumes/Jack_Gandy_1TB_SSD/testing-for-NITE-DSP/sample_pack_testing/MGF Mega Pack/Analogue Collection/Arp + Seq/AJUNO-VHS-386.wav,testing,MGF Mega Pack,Analogue Collection,Chord Loop,Other/none,0.2563028037548065,0.26826396584510803,0.011961,0.5312609076499939,0.5507848858833313,0.019524,False,False,,1,,1
73,65.0,rejection_boundary;one_shot_loop_boundary,/Volumes/Jack_Gandy_1TB_SSD/testing-for-NITE-DSP/sample_pack_testing/MGF Mega Pack/Analogue Collection/Arp + Seq/P6 AUG18PT1_017.wav,testing,MGF Mega Pack,Analogue Collection,Chord Loop,SFX,0.13024771213531494,0.11281078308820724,-0.017437,0.2861338257789612,0.2815283238887787,-0.004606,False,False,,1,,1
74,65.0,rejection_boundary;one_shot_loop_boundary,/Volumes/Jack_Gandy_1TB_SSD/testing-for-NITE-DSP/sample_pack_testing/MGF Mega Pack/Analogue Collection/Arp + Seq/S37 NOV18_SFX_088.wav,testing,MGF Mega Pack,Analogue Collection,Vocal Loop,SFX,0.11174925416707993,0.13102500140666962,0.019276,0.2708774507045746,0.3068895936012268,0.036012,False,False,,1,,1
75,65.0,rejection_boundary;one_shot_loop_boundary,/Volumes/Jack_Gandy_1TB_SSD/testing-for-NITE-DSP/sample_pack_testing/MGF Mega Pack/Analogue Collection/Bass/J106 CASSETTE1_378 C1.wav,testing,MGF Mega Pack,Analogue Collection,Chord Loop,SFX,0.14144982397556305,0.14046287536621094,-0.000987,0.30375972390174866,0.31584808230400085,0.012088,False,False,,1,,1
76,65.0,rejection_boundary;one_shot_loop_boundary,/Volumes/Jack_Gandy_1TB_SSD/testing-for-NITE-DSP/sample_pack_testing/MGF Mega Pack/Analogue Collection/Bass/ML Bass A E1.wav,testing,MGF Mega Pack,Analogue Collection,Chord Loop,Other/none,0.16539299488067627,0.15377391874790192,-0.011619,0.35146385431289673,0.35788267850875854,0.006419,False,False,,1,,1
77,65.0,rejection_boundary;one_shot_loop_boundary,/Volumes/Jack_Gandy_1TB_SSD/testing-for-NITE-DSP/sample_pack_testing/MGF Mega Pack/Analogue Collection/Bass/MS20_NOV18_BASS_23 D1.wav,testing,MGF Mega Pack,Analogue Collection,Chord Loop,Other/none,0.1603737324476242,0.13457083702087402,-0.025803,0.3006207346916199,0.3007166087627411,9.6e-05,False,False,,1,,1
78,65.0,rejection_boundary;one_shot_loop_boundary,/Volumes/Jack_Gandy_1TB_SSD/testing-for-NITE-DSP/sample_pack_testing/MGF Mega Pack/Analogue Collection/Bass/MS20_NOV18_BASS_26 D1.wav,testing,MGF Mega Pack,Analogue Collection,Chord Loop,Other/none,0.14228969812393188,0.12230610847473145,-0.019984,0.27860355377197266,0.279978483915329,0.001375,False,False,,1,,1
79,65.0,rejection_boundary;one_shot_loop_boundary,/Volumes/Jack_Gandy_1TB_SSD/testing-for-NITE-DSP/sample_pack_testing/MGF Mega Pack/Analogue Collection/Chords - Pads/AJUNO-VHS-286.wav,testing,MGF Mega Pack,Analogue Collection,Chord Loop,SFX,0.1729939579963684,0.1706906408071518,-0.002303,0.37099167704582214,0.3917924165725708,0.020801,False,False,,1,,1
80,65.0,rejection_boundary;one_shot_loop_boundary,/Volumes/Jack_Gandy_1TB_SSD/testing-for-NITE-DSP/sample_pack_testing/MGF Mega Pack/Analogue Collection/SFX/MS20 SFX 039.wav,testing,MGF Mega Pack,Analogue Collection,Foley Loop,SFX,0.13004840910434723,0.12062229216098785,-0.009426,0.29735803604125977,0.3046109974384308,0.007253,False,False,,1,,1
81,65.0,rejection_boundary;one_shot_loop_boundary,/Volumes/Jack_Gandy_1TB_SSD/testing-for-NITE-DSP/sample_pack_testing/MGF Mega Pack/Analogue Collection/SFX/S37 NOV18_SFX_042.wav,testing,MGF Mega Pack,Analogue Collection,Bass Loop,SFX,0.16109852492809296,0.16595162451267242,0.004853,0.26018208265304565,0.28993403911590576,0.029752,False,False,,1,,1
82,65.0,rejection_boundary;one_shot_loop_boundary,/Volumes/Jack_Gandy_1TB_SSD/testing-for-NITE-DSP/sample_pack_testing/MGF Mega Pack/Analogue Collection/SFX/S37 NOV18_SFX_106.wav,testing,MGF Mega Pack,Analogue Collection,Chord Loop,SFX,0.13146531581878662,0.1663895696401596,0.034924,0.30357760190963745,0.350492388010025,0.046915,False,False,,1,,1
83,65.0,rejection_boundary;one_shot_loop_boundary,/Volumes/Jack_Gandy_1TB_SSD/testing-for-NITE-DSP/sample_pack_testing/MGF Mega Pack/Misc + Found Sound/Abstract Hits/MGF_ABS1_40.wav,testing,MGF Mega Pack,Misc + Found Sound,Chord Loop,SFX,0.20897036790847778,0.18681134283542633,-0.022159,0.410422682762146,0.4157722294330597,0.00535,False,False,,1,,1
84,65.0,rejection_boundary;one_shot_loop_boundary,/Volumes/Jack_Gandy_1TB_SSD/testing-for-NITE-DSP/sample_pack_testing/MGF Mega Pack/Misc + Found Sound/Chromaphone/MGF_PHYS2_04.wav,testing,MGF Mega Pack,Misc + Found Sound,Chord Loop,SFX,0.19317612051963806,0.17628000676631927,-0.016896,0.43434399366378784,0.4395272433757782,0.005183,False,False,,1,,1
85,65.0,rejection_boundary;one_shot_loop_boundary,/Volumes/Jack_Gandy_1TB_SSD/testing-for-NITE-DSP/sample_pack_testing/MGF Mega Pack/Multisamples/Alpha Juno Jungle Bass Multis 1/Jungle Bass 4/AJ Jungle Bass 4 - A1.wav,testing,MGF Mega Pack,Multisamples,Chord Loop,Other/none,0.16748046875,0.16808722913265228,0.000607,0.36000528931617737,0.37568867206573486,0.015683,False,False,,1,,1
86,65.0,rejection_boundary;one_shot_loop_boundary,/Volumes/Jack_Gandy_1TB_SSD/testing-for-NITE-DSP/sample_pack_testing/MGF Mega Pack/Multisamples/Alpha Juno Jungle Bass Multis 1/Jungle Bass 4/AJ Jungle Bass 4 - G#1.wav,testing,MGF Mega Pack,Multisamples,Chord Loop,Other/none,0.16840814054012299,0.15616978704929352,-0.012238,0.36436206102371216,0.3702297508716583,0.005868,False,False,,1,,1
87,65.0,rejection_boundary;one_shot_loop_boundary,/Volumes/Jack_Gandy_1TB_SSD/testing-for-NITE-DSP/sample_pack_testing/MGF Mega Pack/Multisamples/MGF Alpha Juno Vol 1/Dream Tremor/Dream Tremor - C0.wav,testing,MGF Mega Pack,Multisamples,Chord Loop,SFX,0.157911479473114,0.1604425013065338,0.002531,0.38702088594436646,0.4085921347141266,0.021571,False,False,,1,,1
88,65.0,rejection_boundary;one_shot_loop_boundary,/Volumes/Jack_Gandy_1TB_SSD/testing-for-NITE-DSP/sample_pack_testing/MGF Mega Pack/Multisamples/MGF Alpha Juno Vol 1/G Star Lead/G Star Lead - A1.wav,testing,MGF Mega Pack,Multisamples,Chord Loop,Other/none,0.166890949010849,0.18382593989372253,0.016935,0.4178921580314636,0.4400750398635864,0.022183,False,False,,1,,1
89,65.0,rejection_boundary;one_shot_loop_boundary,/Volumes/Jack_Gandy_1TB_SSD/testing-for-NITE-DSP/sample_pack_testing/MGF Mega Pack/Multisamples/MGF Alpha Juno Vol 8/Wobble On/Wobble On - G#0.wav,testing,MGF Mega Pack,Multisamples,SFX,Bass Loop,0.11912987381219864,0.14566534757614136,0.026535,0.3225952088832855,0.3656816780567169,0.043086,False,False,,1,,1
90,65.0,rejection_boundary;one_shot_loop_boundary,/Volumes/Jack_Gandy_1TB_SSD/testing-for-NITE-DSP/sample_pack_testing/MGF Mega Pack/Multisamples/MGF JX3P Vol 5/Washboard Pad/Washboard Pad 10 F1.wav,testing,MGF Mega Pack,Multisamples,Chord Loop,SFX,0.15026889741420746,0.14597287774085999,-0.004296,0.3972763121128082,0.40529441833496094,0.008018,False,False,,1,,1
91,65.0,rejection_boundary;one_shot_loop_boundary,/Volumes/Jack_Gandy_1TB_SSD/testing-for-NITE-DSP/sample_pack_testing/MGF Mega Pack/Multisamples/MGF JX3P Vol 5/Washboard Pad/Washboard Pad 5 A0.wav,testing,MGF Mega Pack,Multisamples,Chord Loop,SFX,0.1390763223171234,0.134565532207489,-0.004511,0.34889915585517883,0.3610757291316986,0.012177,False,False,,1,,1
92,65.0,rejection_boundary;one_shot_loop_boundary,/Volumes/Jack_Gandy_1TB_SSD/testing-for-NITE-DSP/sample_pack_testing/MGF Mega Pack/Multisamples/MGF JX3P Vol 5/Washboard Pad/Washboard Pad 9 E1.wav,testing,MGF Mega Pack,Multisamples,Chord Loop,SFX,0.15382561087608337,0.1546979397535324,0.000872,0.4034268260002136,0.4163439869880676,0.012917,False,False,,1,,1
93,65.0,rejection_boundary;one_shot_loop_boundary,/Volumes/Jack_Gandy_1TB_SSD/testing-for-NITE-DSP/sample_pack_testing/MGF Mega Pack/Multisamples/MGF Juno 106 1/Cool Bass/Cool Bass - G0.wav,testing,MGF Mega Pack,Multisamples,Chord Loop,SFX,0.15166251361370087,0.13614735007286072,-0.015515,0.35113799571990967,0.358925461769104,0.007787,False,False,,1,,1
94,65.0,rejection_boundary;one_shot_loop_boundary,/Volumes/Jack_Gandy_1TB_SSD/testing-for-NITE-DSP/sample_pack_testing/MGF Mega Pack/Multisamples/MGF SY77 Vol 1/BG Colour/BG Colour D0.wav,testing,MGF Mega Pack,Multisamples,Synth Loop,Other/none,0.1922643929719925,0.22100254893302917,0.028738,0.4668439030647278,0.49446308612823486,0.027619,False,False,,1,,1
95,65.0,rejection_boundary;one_shot_loop_boundary,/Volumes/Jack_Gandy_1TB_SSD/testing-for-NITE-DSP/sample_pack_testing/MGF Mega Pack/Multisamples/MGF SY77 Vol 1/BG Colour/BG Colour E0.wav,testing,MGF Mega Pack,Multisamples,Synth Loop,Other/none,0.17107754945755005,0.1762746274471283,0.005197,0.4279680550098419,0.43961572647094727,0.011648,False,False,,1,,1
96,65.0,rejection_boundary;one_shot_loop_boundary,/Volumes/Jack_Gandy_1TB_SSD/testing-for-NITE-DSP/sample_pack_testing/MGF Mega Pack/Multisamples/MGF SY77 Vol 1/BG Colour/BG Colour F0.wav,testing,MGF Mega Pack,Multisamples,Chord Loop,Other/none,0.18140141665935516,0.1924465447664261,0.011045,0.42188557982444763,0.4393151104450226,0.01743,False,False,,1,,1
97,65.0,rejection_boundary;one_shot_loop_boundary,/Volumes/Jack_Gandy_1TB_SSD/testing-for-NITE-DSP/sample_pack_testing/MGF Mega Pack/Multisamples/MGF SY77 Vol 1/BG Colour/BG Colour G0.wav,testing,MGF Mega Pack,Multisamples,Chord Loop,Other/none,0.17884506285190582,0.1778140366077423,-0.001031,0.41584253311157227,0.4267615079879761,0.010919,False,False,,1,,1
98,65.0,rejection_boundary;one_shot_loop_boundary,/Volumes/Jack_Gandy_1TB_SSD/testing-for-NITE-DSP/sample_pack_testing/MGF Mega Pack/Retro Digital Collection/Bass/DX21 JUL17_107 G2.wav,testing,MGF Mega Pack,Retro Digital Collection,Chord Loop,Other/none,0.2203911691904068,0.2170906364917755,-0.003301,0.5326164364814758,0.548949658870697,0.016333,False,False,,1,,1
99,65.0,rejection_boundary;one_shot_loop_boundary,/Volumes/Jack_Gandy_1TB_SSD/testing-for-NITE-DSP/sample_pack_testing/MGF Mega Pack/Retro Digital Collection/Singles/SY OPL Lead 9 - C3.wav,testing,MGF Mega Pack,Retro Digital Collection,Chord Loop,Other/none,0.1585550606250763,0.163987398147583,0.005432,0.34339016675949097,0.36069172620773315,0.017302,False,False,,1,,1
100,65.0,rejection_boundary;one_shot_loop_boundary,/Volumes/Jack_Gandy_1TB_SSD/testing-for-NITE-DSP/sample_pack_testing/MGF Mega Pack/Wavetables/MGF P6 Wavetables/P6 Saw LP Res 2.wav,testing,MGF Mega Pack,Wavetables,Foley Loop,SFX,0.14048649370670319,0.13886338472366333,-0.001623,0.27819254994392395,0.29566702246665955,0.017474,False,False,,1,,1
101,65.0,rejection_boundary;one_shot_loop_boundary,/Volumes/Jack_Gandy_1TB_SSD/testing-for-NITE-DSP/sample_pack_testing/MGF Mega Pack/Wavetables/Producer Hive Analog + Vintage Wavetables (demo)/A01_VB_Sq_Res2.wav,testing,MGF Mega Pack,Wavetables,Foley Loop,SFX,0.1549878865480423,0.13856388628482819,-0.016424,0.3186386525630951,0.32547563314437866,0.006837,False,False,,1,,1
102,65.0,rejection_boundary;one_shot_loop_boundary,/Volumes/Jack_Gandy_1TB_SSD/testing-for-NITE-DSP/sample_pack_testing/MGF Mega Pack/Wavetables/Producer Hive Analog + Vintage Wavetables (demo)/VS01_P6_Mix_Res2.wav,testing,MGF Mega Pack,Wavetables,SFX,Bass Loop,0.1540413498878479,0.1977721005678177,0.043731,0.30072084069252014,0.3536074459552765,0.052887,False,False,,1,,1
103,65.0,rejection_boundary;one_shot_loop_boundary,/Volumes/Jack_Gandy_1TB_SSD/testing-for-NITE-DSP/sample_pack_testing/MGF Mega Pack/Wavetables/Producer Hive Synthwave (demo)/AnaFifSaw3.wav,testing,MGF Mega Pack,Wavetables,SFX,Bass Loop,0.14938218891620636,0.15639124810695648,0.007009,0.33974260091781616,0.38142064213752747,0.041678,False,False,,1,,1
104,65.0,rejection_boundary;one_shot_loop_boundary,/Volumes/Jack_Gandy_1TB_SSD/testing-for-NITE-DSP/sample_pack_testing/Sounds of KSHMR Vol.3/KSHMR_Drums/KSHMR_Orchestral_Drums/KSHMR_Cymbals/KSHMR_Crashes_Scary/KSHMR_Orchestral_Crash_Scary_06.wav,testing,Sounds of KSHMR Vol.3,KSHMR_Drums,Chord Loop,SFX,0.25106528401374817,0.20576204359531403,-0.045303,0.4195040762424469,0.42406415939331055,0.00456,False,False,,1,,1
105,65.0,rejection_boundary;one_shot_loop_boundary,/Volumes/Jack_Gandy_1TB_SSD/testing-for-NITE-DSP/sample_pack_testing/Sounds of KSHMR Vol.3/KSHMR_FX_Elements/KSHMR_Ambiance_and_Foley/KSHMR_Ambiance_Scenes/KSHMR_Ambiance_Scene_06_Fireplace.wav,testing,Sounds of KSHMR Vol.3,KSHMR_FX_Elements,Chord Loop,SFX,0.13838064670562744,0.14454883337020874,0.006168,0.2741515338420868,0.30108699202537537,0.026935,False,False,,1,,1
106,65.0,rejection_boundary;one_shot_loop_boundary,/Volumes/Jack_Gandy_1TB_SSD/testing-for-NITE-DSP/sample_pack_testing/Sounds of KSHMR Vol.3/KSHMR_Live_Instruments/KSHMR_Orchestral_Instruments/KSHMR_Brass/KSHMR_Brass_Loops/KSHMR_Brass_Loop_09_128_E.wav,testing,Sounds of KSHMR Vol.3,KSHMR_Live_Instruments,Other/none,Synth Loop,0.1916351020336151,0.16525226831436157,-0.026383,0.37387505173683167,0.3691288232803345,-0.004746,False,False,,1,,1
107,65.0,rejection_boundary;one_shot_loop_boundary,/Volumes/Jack_Gandy_1TB_SSD/testing-for-NITE-DSP/sample_pack_testing/Sounds of KSHMR Vol.3/KSHMR_Live_Instruments/KSHMR_Orchestral_Instruments/KSHMR_Brass/KSHMR_Brass_Loops/KSHMR_Brass_Loop_19_152_C#.wav,testing,Sounds of KSHMR Vol.3,KSHMR_Live_Instruments,Other/none,Synth Loop,0.14929614961147308,0.15696127712726593,0.007665,0.31085634231567383,0.337139368057251,0.026283,False,False,,1,,1
108,65.0,rejection_boundary;one_shot_loop_boundary,/Volumes/Jack_Gandy_1TB_SSD/testing-for-NITE-DSP/sample_pack_testing/Sounds of KSHMR Vol.3/KSHMR_World_Sounds/KSHMR_India/KSHMR_India_PL_Sitar_and_Percussion_Loop_80_C#.wav,testing,Sounds of KSHMR Vol.3,KSHMR_World_Sounds,Other/none,Percussion Loop,0.11516408622264862,0.11722193658351898,0.002058,0.1683201938867569,0.19588100910186768,0.027561,False,False,,1,,1
109,64.0,low_frequency_family_boundary;exact_duplicate_group;near_duplicate_group;high_new_similarity,/Volumes/Jack_Gandy_1TB_SSD/testing-for-NITE-DSP/sample_pack_testing/Mike Shinoda Drums/MS BEATS/Invader Samples/Bass Eb1 Roth.wav,testing,Mike Shinoda Drums,MS BEATS,Kick,Bass Hit,0.5936694145202637,0.7110974788665771,0.117428,0.556399405002594,0.7029710412025452,0.146572,False,False,f98710d5ff36a2e14742b1de3977290e9b853aff10c061c16e6c6ce154d32bf8,2,near-0131,2
110,62.0,rejection_boundary;exact_duplicate_group,/Volumes/Jack_Gandy_1TB_SSD/testing-for-NITE-DSP/sample_pack_testing/Koan Sound/Koan Sound Samples 2/Prophet Sample Pack/Prophet Improv Idea 1.wav,testing,Koan Sound,Koan Sound Samples 2,Weather/Nature Atmos,SFX,0.1331218034029007,0.12749361991882324,-0.005628,0.23817895352840424,0.24838723242282867,0.010208,False,False,bf152b2c26c4a616a6729fd479c0c4b761bcf71150828fa8c12cef981e57824e,2,,1
111,62.0,rejection_boundary;exact_duplicate_group,/Volumes/Jack_Gandy_1TB_SSD/testing-for-NITE-DSP/sample_pack_testing/Mike Shinoda Drums/MS BEATS/Croissant Samples/Bass C2 ZeroCash.wav,testing,Mike Shinoda Drums,MS BEATS,Synth One-Shot,Other/none,0.20017793774604797,0.1793946474790573,-0.020783,0.49455389380455017,0.49278390407562256,-0.00177,False,False,b85d32e1a800041cbed59bfcf5a3979e039d9a1f3c8259875bf022e8eebfcb22,5,,1
112,62.0,rejection_boundary;exact_duplicate_group,/Volumes/Jack_Gandy_1TB_SSD/testing-for-NITE-DSP/sample_pack_testing/Mike Shinoda Drums/MS BEATS/RYU 1 Turtles3 Samples/Bass C2 ZeroCash.wav,testing,Mike Shinoda Drums,MS BEATS,Synth One-Shot,Other/none,0.19278234243392944,0.1709134727716446,-0.021869,0.48683270812034607,0.48338785767555237,-0.003445,False,False,b85d32e1a800041cbed59bfcf5a3979e039d9a1f3c8259875bf022e8eebfcb22,5,,1
113,60.0,rejection_boundary;low_frequency_family_boundary,/Volumes/Jack_Gandy_1TB_SSD/testing-for-NITE-DSP/sample_pack_testing/Black Octopus Sound - Pure Analog Sweeps IV (2021)/C#/Diamaudix_Audio_PAS_IV_Sweep_FX_C#_14.wav,testing,Black Octopus Sound - Pure Analog Sweeps IV (2021),C#,SFX,Bass Reese,0.204474538564682,0.2493099868297577,0.044835,0.37194982171058655,0.4346230924129486,0.062673,False,False,,1,,1
114,60.0,rejection_boundary;low_frequency_family_boundary,/Volumes/Jack_Gandy_1TB_SSD/testing-for-NITE-DSP/sample_pack_testing/Drum Breaks/Pixies - La La Love You.wav,testing,Drum Breaks,Drum Breaks,SFX,Bass Reese,0.08537044376134872,0.08718866109848022,0.001818,0.16871017217636108,0.18695999681949615,0.01825,False,False,,1,,1
115,60.0,rejection_boundary;low_frequency_family_boundary,/Volumes/Jack_Gandy_1TB_SSD/testing-for-NITE-DSP/sample_pack_testing/Koan Sound/Koan Sound Samples/Bass Processed/Moog_Basic_2.wav,testing,Koan Sound,Koan Sound Samples,SFX,Bass Reese,0.20975591242313385,0.2786156237125397,0.06886,0.3495122194290161,0.409912645816803,0.0604,False,False,,1,,1
116,60.0,rejection_boundary;low_frequency_family_boundary,/Volumes/Jack_Gandy_1TB_SSD/testing-for-NITE-DSP/sample_pack_testing/Koan Sound/Koan Sound Samples/Bass Processed/Moog_Heavy_3.wav,testing,Koan Sound,Koan Sound Samples,SFX,Bass Reese,0.21194295585155487,0.2090294510126114,-0.002914,0.3247841000556946,0.339271605014801,0.014488,False,False,,1,,1
117,60.0,rejection_boundary;low_frequency_family_boundary,/Volumes/Jack_Gandy_1TB_SSD/testing-for-NITE-DSP/sample_pack_testing/Loaded Samples - Lo-Fi Memphis 2/MELODIES (X3 & DR5)/Stems (Cassette Processed)/STEM_Kickin' In Doors #4 [72 BPM] (E).wav,testing,Loaded Samples - Lo-Fi Memphis 2,MELODIES (X3 & DR5),Bass Hit,Other/none,0.2407577633857727,0.23577527701854706,-0.004982,0.4705468714237213,0.48143792152404785,0.010891,False,False,,1,,1
118,60.0,rejection_boundary;low_frequency_family_boundary,/Volumes/Jack_Gandy_1TB_SSD/testing-for-NITE-DSP/sample_pack_testing/Loaded Samples - Lo-Fi Memphis 2/MELODIES (X3 & DR5)/Stems (OG Versions)/OGSTEM_In 2Deep #4 [66 BPM] (D#).wav,testing,Loaded Samples - Lo-Fi Memphis 2,MELODIES (X3 & DR5),Bass Hit,Other/none,0.19601742923259735,0.27107226848602295,0.075055,0.4423653781414032,0.5007088780403137,0.058343,False,False,,1,,1
119,60.0,rejection_boundary;low_frequency_family_boundary,/Volumes/Jack_Gandy_1TB_SSD/testing-for-NITE-DSP/sample_pack_testing/Loaded Samples - Lo-Fi Memphis 2/MELODIES (X3 & DR5)/Stems (OG Versions)/OGSTEM_Sacred Moon #5 [73 BPM] (D).wav,testing,Loaded Samples - Lo-Fi Memphis 2,MELODIES (X3 & DR5),Bass Hit,Other/none,0.19893693923950195,0.27404141426086426,0.075104,0.4592054784297943,0.5152274966239929,0.056022,False,False,,1,,1
120,60.0,rejection_boundary;low_frequency_family_boundary,/Volumes/Jack_Gandy_1TB_SSD/testing-for-NITE-DSP/sample_pack_testing/Loaded Samples - Lo-Fi Memphis 2/MELODIES (X3 & DR5)/Stems (OG Versions)/OGSTEM_Still Mobbin #5 [73 BPM] (F#).wav,testing,Loaded Samples - Lo-Fi Memphis 2,MELODIES (X3 & DR5),Bass Hit,Other/none,0.1780487298965454,0.21555963158607483,0.037511,0.41182196140289307,0.459448903799057,0.047627,False,False,,1,,1
121,60.0,rejection_boundary;low_frequency_family_boundary,/Volumes/Jack_Gandy_1TB_SSD/testing-for-NITE-DSP/sample_pack_testing/Loaded Samples - Lo-Fi Memphis 2/MISC SAMPLES (Bass & More)/X3_BASS - HouseBass2 (C2) V1.wav,testing,Loaded Samples - Lo-Fi Memphis 2,MISC SAMPLES (Bass & More),Bass Hit,Other/none,0.16923664510250092,0.16190354526042938,-0.007333,0.33187976479530334,0.3332483470439911,0.001369,False,False,,1,,1
122,60.0,rejection_boundary;low_frequency_family_boundary,/Volumes/Jack_Gandy_1TB_SSD/testing-for-NITE-DSP/sample_pack_testing/MGF Mega Pack/Multisamples/MGF DX11 Vol 4/Sweeper/Sweeper C0.wav,testing,MGF Mega Pack,Multisamples,SFX,Bass Hit,0.12408819049596786,0.141569122672081,0.017481,0.22501467168331146,0.26400449872016907,0.03899,False,False,,1,,1
123,60.0,rejection_boundary;low_frequency_family_boundary,/Volumes/Jack_Gandy_1TB_SSD/testing-for-NITE-DSP/sample_pack_testing/MGF Mega Pack/Multisamples/MGF DX11 Vol 4/Sweeper/Sweeper-1 D0.wav,testing,MGF Mega Pack,Multisamples,SFX,Bass Hit,0.12705478072166443,0.16959276795387268,0.042538,0.22882042825222015,0.290348082780838,0.061528,False,False,,1,,1
124,60.0,rejection_boundary;low_frequency_family_boundary,/Volumes/Jack_Gandy_1TB_SSD/testing-for-NITE-DSP/sample_pack_testing/MGF Mega Pack/Multisamples/MGF Sub Phatty 1/RGB Bass/RGB Bass D#2.wav,testing,MGF Mega Pack,Multisamples,Bass Reese,Other/none,0.14574386179447174,0.17972451448440552,0.033981,0.39159274101257324,0.43233388662338257,0.040741,False,False,,1,,1
125,60.0,rejection_boundary;low_frequency_family_boundary,/Volumes/Jack_Gandy_1TB_SSD/testing-for-NITE-DSP/sample_pack_testing/MGF Mega Pack/Retro Digital Collection/Bass/DX21 JUL17_98 C2.wav,testing,MGF Mega Pack,Retro Digital Collection,Bass Hit,Other/none,0.19664189219474792,0.22009135782718658,0.023449,0.43531176447868347,0.45507973432540894,0.019768,False,False,,1,,1
126,60.0,rejection_boundary;low_frequency_family_boundary,/Volumes/Jack_Gandy_1TB_SSD/testing-for-NITE-DSP/sample_pack_testing/Sounds of KSHMR Vol.3/KSHMR_FX_Elements/KSHMR_Vinyl_and_Scratches/KSHMR_Vinyl_Noise/KSHMR_Vinyl_Noise_06.wav,testing,Sounds of KSHMR Vol.3,KSHMR_FX_Elements,SFX,Bass Reese,0.14215025305747986,0.16734877228736877,0.025199,0.27084746956825256,0.3161110579967499,0.045264,False,False,,1,,1
127,58.0,low_frequency_family_boundary;exact_duplicate_group;near_duplicate_group,/Volumes/Jack_Gandy_1TB_SSD/testing-for-NITE-DSP/sample_pack_testing/Drum Recollection/2023 Drums (Demo)/(808) Alien Isolation.wav,testing,Drum Recollection,2023 Drums (Demo),Kick,Bass Hit,0.3698778748512268,0.6751322746276855,0.305254,0.4365871548652649,0.6201760172843933,0.183589,False,False,1c34ec1bdbae71ca62a2d4bd692b2897f8b890f13e8b2352b6347abb50bc8167,2,near-0023,2
128,58.0,low_frequency_family_boundary;exact_duplicate_group;near_duplicate_group,/Volumes/Jack_Gandy_1TB_SSD/testing-for-NITE-DSP/sample_pack_testing/Drum Recollection/2023 Drums (Demo)/(808) Antisocial Yeat.wav,testing,Drum Recollection,2023 Drums (Demo),Kick,Bass Hit,0.2972089350223541,0.735545814037323,0.438337,0.41067585349082947,0.655139684677124,0.244464,False,False,19a70fd1e2ca8cd4c967b4ae7bd5465decbb10e7b4846b70f178c455b22a77d0,2,near-0024,2
129,58.0,low_frequency_family_boundary;exact_duplicate_group;near_duplicate_group,/Volumes/Jack_Gandy_1TB_SSD/testing-for-NITE-DSP/sample_pack_testing/Drum Recollection/2023 Drums/(808) Alien Isolation.wav,testing,Drum Recollection,2023 Drums,Kick,Bass Hit,0.3902653157711029,0.6549293994903564,0.264664,0.4468497931957245,0.6134279370307922,0.166578,False,False,1c34ec1bdbae71ca62a2d4bd692b2897f8b890f13e8b2352b6347abb50bc8167,2,near-0023,2
130,58.0,low_frequency_family_boundary;exact_duplicate_group;near_duplicate_group,/Volumes/Jack_Gandy_1TB_SSD/testing-for-NITE-DSP/sample_pack_testing/Drum Recollection/2023 Drums/(808) Antisocial Yeat.wav,testing,Drum Recollection,2023 Drums,Kick,Bass Hit,0.3007912039756775,0.731681227684021,0.43089,0.41344594955444336,0.6544215679168701,0.240976,False,False,19a70fd1e2ca8cd4c967b4ae7bd5465decbb10e7b4846b70f178c455b22a77d0,2,near-0024,2
131,58.0,low_frequency_family_boundary;exact_duplicate_group;near_duplicate_group,/Volumes/Jack_Gandy_1TB_SSD/testing-for-NITE-DSP/sample_pack_testing/Drum Recollection/Essentials Drumkit Vol. 002/808s/Lowered Room 808.wav,testing,Drum Recollection,Essentials Drumkit Vol. 002,Kick,Bass Hit,0.34376126527786255,0.5530809760093689,0.20932,0.3756057322025299,0.5254061222076416,0.1498,False,False,19fbf860898e6258697edd196bbab99842617d15fb9a60758c2d24bd5920c65f,2,near-0029,2
132,58.0,low_frequency_family_boundary;exact_duplicate_group;near_duplicate_group,/Volumes/Jack_Gandy_1TB_SSD/testing-for-NITE-DSP/sample_pack_testing/Drum Recollection/New Wave Drum Kit Vol. 2/808s/Lowered Room 808.wav,testing,Drum Recollection,New Wave Drum Kit Vol. 2,Kick,Bass Hit,0.3534259796142578,0.5392785668373108,0.185853,0.3778766691684723,0.5187588334083557,0.140882,False,False,19fbf860898e6258697edd196bbab99842617d15fb9a60758c2d24bd5920c65f,2,near-0029,2
133,58.0,low_frequency_family_boundary;exact_duplicate_group;near_duplicate_group,/Volumes/Jack_Gandy_1TB_SSD/testing-for-NITE-DSP/sample_pack_testing/Mike Shinoda Drums/MPC 1000 Backup/NEPTUNES SAMPLES/KIK faith1.wav,testing,Mike Shinoda Drums,MPC 1000 Backup,Kick,Snare,0.3054678440093994,0.2951393723487854,-0.010328,0.3755561113357544,0.38027215003967285,0.004716,False,False,5035b8868980315f0744b35887ecf318f789c23ed32895341979ccedeb40dadb,2,near-0076,2
134,58.0,low_frequency_family_boundary;exact_duplicate_group;near_duplicate_group,/Volumes/Jack_Gandy_1TB_SSD/testing-for-NITE-DSP/sample_pack_testing/Mike Shinoda Drums/MPC 1000 Backup/PACMANNYNEW/Sample45.WAV,testing,Mike Shinoda Drums,MPC 1000 Backup,Synth One-Shot,Bass Hit,0.18165399134159088,0.30705082416534424,0.125397,0.32931163907051086,0.43202921748161316,0.102718,False,False,5677fbcaf4384dede9866030a8e78463c54013bbce5e2d96f7afb63969977915,2,near-0099,2
135,58.0,low_frequency_family_boundary;exact_duplicate_group;near_duplicate_group,/Volumes/Jack_Gandy_1TB_SSD/testing-for-NITE-DSP/sample_pack_testing/Mike Shinoda Drums/MPC 1000 Backup/SNDS1/Sample45.WAV,testing,Mike Shinoda Drums,MPC 1000 Backup,Synth One-Shot,Bass Hit,0.17776137590408325,0.31431514024734497,0.136554,0.3255766034126282,0.43461522459983826,0.109039,False,False,5677fbcaf4384dede9866030a8e78463c54013bbce5e2d96f7afb63969977915,2,near-0099,2
136,58.0,low_frequency_family_boundary;exact_duplicate_group;near_duplicate_group,/Volumes/Jack_Gandy_1TB_SSD/testing-for-NITE-DSP/sample_pack_testing/Mike Shinoda Drums/MPC 1000 Backup/neptunes/KIK faith1.wav,testing,Mike Shinoda Drums,MPC 1000 Backup,Kick,Snare,0.3054678440093994,0.2951393723487854,-0.010328,0.3755561113357544,0.38027215003967285,0.004716,False,False,5035b8868980315f0744b35887ecf318f789c23ed32895341979ccedeb40dadb,2,near-0076,2
137,58.0,low_frequency_family_boundary;exact_duplicate_group;near_duplicate_group,/Volumes/Jack_Gandy_1TB_SSD/testing-for-NITE-DSP/sample_pack_testing/Mike Shinoda Drums/MS BEATS/Croissant Samples/Kick 808 6.wav,testing,Mike Shinoda Drums,MS BEATS,Kick,Bass Hit,0.5410001873970032,0.38895896077156067,-0.152041,0.5039574503898621,0.5038684606552124,-8.9e-05,False,False,b07c3429c909c0ea212c6b11f855d6b6cefad7b6e9a3a8c0701bb2ddd58556cf,5,near-0126,5
138,58.0,low_frequency_family_boundary;exact_duplicate_group;near_duplicate_group,/Volumes/Jack_Gandy_1TB_SSD/testing-for-NITE-DSP/sample_pack_testing/Mike Shinoda Drums/MS BEATS/Denver Samples/Bass Eb1 Roth.wav,testing,Mike Shinoda Drums,MS BEATS,Kick,Bass Hit,0.562345564365387,0.718629777431488,0.156284,0.5375468730926514,0.6947619318962097,0.157215,False,False,f98710d5ff36a2e14742b1de3977290e9b853aff10c061c16e6c6ce154d32bf8,2,near-0131,2
139,58.0,low_frequency_family_boundary;exact_duplicate_group;near_duplicate_group,/Volumes/Jack_Gandy_1TB_SSD/testing-for-NITE-DSP/sample_pack_testing/Mike Shinoda Drums/MS BEATS/Luna FOR PRINT Samples/Kick 808X 2.wav,testing,Mike Shinoda Drums,MS BEATS,Kick,Bass Hit,0.38407281041145325,0.6173737049102783,0.233301,0.48498207330703735,0.6116393208503723,0.126657,False,False,fccd1561e77989ede6b0995a56b2ea99e392f09b4824b24af5554a3c51975fc4,3,near-0156,3
140,58.0,low_frequency_family_boundary;exact_duplicate_group;near_duplicate_group,/Volumes/Jack_Gandy_1TB_SSD/testing-for-NITE-DSP/sample_pack_testing/Mike Shinoda Drums/MS BEATS/Luna Samples/Kick 808X 2.wav,testing,Mike Shinoda Drums,MS BEATS,Kick,Bass Hit,0.38407281041145325,0.6173737049102783,0.233301,0.48498207330703735,0.6116393208503723,0.126657,False,False,fccd1561e77989ede6b0995a56b2ea99e392f09b4824b24af5554a3c51975fc4,3,near-0156,3
141,58.0,low_frequency_family_boundary;exact_duplicate_group;near_duplicate_group,/Volumes/Jack_Gandy_1TB_SSD/testing-for-NITE-DSP/sample_pack_testing/Mike Shinoda Drums/MS BEATS/Luna2 Samples/Kick 808X 2.wav,testing,Mike Shinoda Drums,MS BEATS,Kick,Bass Hit,0.3767589032649994,0.6226093769073486,0.24585,0.48301243782043457,0.6131736636161804,0.130161,False,False,fccd1561e77989ede6b0995a56b2ea99e392f09b4824b24af5554a3c51975fc4,3,near-0156,3
142,58.0,low_frequency_family_boundary;exact_duplicate_group;near_duplicate_group,/Volumes/Jack_Gandy_1TB_SSD/testing-for-NITE-DSP/sample_pack_testing/Mike Shinoda Drums/MS BEATS/RYU 1 Turtles3 Samples/Kick 808 6.wav,testing,Mike Shinoda Drums,MS BEATS,Kick,Bass Hit,0.5559105277061462,0.3953932821750641,-0.160517,0.5130559802055359,0.512376606464386,-0.000679,False,False,b07c3429c909c0ea212c6b11f855d6b6cefad7b6e9a3a8c0701bb2ddd58556cf,5,near-0126,5
143,58.0,low_frequency_family_boundary;exact_duplicate_group;near_duplicate_group,/Volumes/Jack_Gandy_1TB_SSD/testing-for-NITE-DSP/sample_pack_testing/Mike Shinoda Drums/MS BEATS/Turtles Samples/Kick 808 6.wav,testing,Mike Shinoda Drums,MS BEATS,Kick,Bass Hit,0.5681856274604797,0.385534405708313,-0.182651,0.5179865956306458,0.5099694728851318,-0.008017,False,False,b07c3429c909c0ea212c6b11f855d6b6cefad7b6e9a3a8c0701bb2ddd58556cf,5,near-0126,5
144,58.0,low_frequency_family_boundary;exact_duplicate_group;near_duplicate_group,/Volumes/Jack_Gandy_1TB_SSD/testing-for-NITE-DSP/sample_pack_testing/Mike Shinoda Drums/MS BEATS/Turtles2 Samples/Kick 808 6.wav,testing,Mike Shinoda Drums,MS BEATS,Kick,Bass Hit,0.540393054485321,0.39588823914527893,-0.144505,0.5051746368408203,0.5085403919219971,0.003366,False,False,b07c3429c909c0ea212c6b11f855d6b6cefad7b6e9a3a8c0701bb2ddd58556cf,5,near-0126,5
145,58.0,low_frequency_family_boundary;exact_duplicate_group;near_duplicate_group,/Volumes/Jack_Gandy_1TB_SSD/testing-for-NITE-DSP/sample_pack_testing/Mike Shinoda Drums/MS BEATS/Turtles3 Samples/Kick 808 6.wav,testing,Mike Shinoda Drums,MS BEATS,Kick,Bass Hit,0.5604779124259949,0.3957633674144745,-0.164715,0.5154596567153931,0.5138832330703735,-0.001576,False,False,b07c3429c909c0ea212c6b11f855d6b6cefad7b6e9a3a8c0701bb2ddd58556cf,5,near-0126,5
146,56.0,rejection_boundary;near_duplicate_group,/Volumes/Jack_Gandy_1TB_SSD/testing-for-NITE-DSP/sample_pack_testing/MGF Mega Pack/Wavetables/Producer Hive Synthwave (demo)/SqRes2.wav,testing,MGF Mega Pack,Wavetables,Synth One-Shot,SFX,0.13237915933132172,0.12977391481399536,-0.002605,0.3004150986671448,0.3211836516857147,0.020769,False,False,,1,near-0045,2
147,45.0,one_shot_loop_boundary;low_frequency_family_boundary,/Volumes/Jack_Gandy_1TB_SSD/testing-for-NITE-DSP/sample_pack_testing/Breaks/Dirty Arse Drum Breaks/Dirty Arse Drum Breaks 1/85 BPM/Chops/24 KICK 2.wav,testing,Breaks,Dirty Arse Drum Breaks,Kick,Drum Loop,0.18272404372692108,0.1685541272163391,-0.01417,0.232330784201622,0.2380407601594925,0.00571,False,False,,1,,1
148,45.0,one_shot_loop_boundary;low_frequency_family_boundary,/Volumes/Jack_Gandy_1TB_SSD/testing-for-NITE-DSP/sample_pack_testing/Breaks/Dirty Arse Drum Breaks/Dirty Arse Drum Breaks 1/85 BPM/Chops/29 KICK 2.wav,testing,Breaks,Dirty Arse Drum Breaks,Kick,Drum Loop,0.20809431374073029,0.22506535053253174,0.016971,0.25962480902671814,0.29100334644317627,0.031379,False,False,,1,,1
149,45.0,one_shot_loop_boundary;low_frequency_family_boundary,/Volumes/Jack_Gandy_1TB_SSD/testing-for-NITE-DSP/sample_pack_testing/Breaks/Laidback Breaks/convalescence break.wav,testing,Breaks,Laidback Breaks,Hi-Hat Loop,Bass Reese,0.10947317630052567,0.11680556833744049,0.007332,0.16814105212688446,0.192365363240242,0.024224,False,False,,1,,1
150,45.0,one_shot_loop_boundary;low_frequency_family_boundary,/Volumes/Jack_Gandy_1TB_SSD/testing-for-NITE-DSP/sample_pack_testing/Breaks/Laidback Breaks/hold tight break.wav,testing,Breaks,Laidback Breaks,Kick,Drum Loop,0.14442476630210876,0.14533109962940216,0.000906,0.20674531161785126,0.22117599844932556,0.014431,False,False,,1,,1
151,45.0,one_shot_loop_boundary;low_frequency_family_boundary,/Volumes/Jack_Gandy_1TB_SSD/testing-for-NITE-DSP/sample_pack_testing/Breaks/The Drum Broker - International Breaks & Essential Kicks/The Drum Broker - International Breaks 3/7 FIRES BKK BREAK_4.wav,testing,Breaks,The Drum Broker - International Breaks & Essential Kicks,Kick,Drum Loop,0.19236589968204498,0.2246822714805603,0.032316,0.2358340620994568,0.2742314636707306,0.038397,False,False,,1,,1
152,45.0,one_shot_loop_boundary;low_frequency_family_boundary,/Volumes/Jack_Gandy_1TB_SSD/testing-for-NITE-DSP/sample_pack_testing/Breaks/The Drum Broker - International Breaks & Essential Kicks/The Drum Broker - International Breaks 3/CHINA SOUL_2.wav,testing,Breaks,The Drum Broker - International Breaks & Essential Kicks,Kick,Drum Loop,0.19105038046836853,0.1636950969696045,-0.027355,0.23493856191635132,0.2359996736049652,0.001061,False,False,,1,,1
153,45.0,one_shot_loop_boundary;low_frequency_family_boundary,/Volumes/Jack_Gandy_1TB_SSD/testing-for-NITE-DSP/sample_pack_testing/Breaks/The Drum Broker - International Breaks & Essential Kicks/The Drum Broker - International Breaks 5/STEPSON OPUS.wav,testing,Breaks,The Drum Broker - International Breaks & Essential Kicks,Foley Loop,Bass Reese,0.10996358096599579,0.10607617348432541,-0.003887,0.1837175488471985,0.19673830270767212,0.013021,False,False,,1,,1
154,45.0,one_shot_loop_boundary;low_frequency_family_boundary,/Volumes/Jack_Gandy_1TB_SSD/testing-for-NITE-DSP/sample_pack_testing/Drum Recollection/2023 Drums/(808) Many Options.wav,testing,Drum Recollection,2023 Drums,Bass Loop,Bass Hit,0.21082323789596558,0.3026507496833801,0.091828,0.2938578128814697,0.38339102268218994,0.089533,False,False,,1,,1
155,45.0,one_shot_loop_boundary;low_frequency_family_boundary,/Volumes/Jack_Gandy_1TB_SSD/testing-for-NITE-DSP/sample_pack_testing/Drum Recollection/2023 Drums/(808) Riots.wav,testing,Drum Recollection,2023 Drums,Chord Loop,Bass Hit,0.16372142732143402,0.4092583656311035,0.245537,0.27418768405914307,0.4562477767467499,0.18206,False,False,,1,,1
156,45.0,one_shot_loop_boundary;low_frequency_family_boundary,/Volumes/Jack_Gandy_1TB_SSD/testing-for-NITE-DSP/sample_pack_testing/Drum Recollection/Essentials Drum Kit Vol. 001/808s/CTM 808 (W_ Kick).wav,testing,Drum Recollection,Essentials Drum Kit Vol. 001,Bass Loop,Bass Hit,0.12182620167732239,0.15949338674545288,0.037667,0.1772782802581787,0.24028228223323822,0.063004,False,False,,1,,1
157,45.0,one_shot_loop_boundary;low_frequency_family_boundary,/Volumes/Jack_Gandy_1TB_SSD/testing-for-NITE-DSP/sample_pack_testing/Drum Recollection/Essentials Drum Kit Vol. 001/808s/Crushed Zay.wav,testing,Drum Recollection,Essentials Drum Kit Vol. 001,Chord Loop,Bass Hit,0.17172770202159882,0.3502955734729767,0.178568,0.2524135410785675,0.39765068888664246,0.145237,False,False,,1,,1
158,45.0,one_shot_loop_boundary;low_frequency_family_boundary,/Volumes/Jack_Gandy_1TB_SSD/testing-for-NITE-DSP/sample_pack_testing/Drum Recollection/Essentials Drum Kit Vol. 001/808s/Lor Jugg 808.wav,testing,Drum Recollection,Essentials Drum Kit Vol. 001,Bass Loop,Bass Hit,0.15067847073078156,0.3793618381023407,0.228683,0.24445055425167084,0.42276686429977417,0.178316,False,False,,1,,1
159,45.0,one_shot_loop_boundary;low_frequency_family_boundary,/Volumes/Jack_Gandy_1TB_SSD/testing-for-NITE-DSP/sample_pack_testing/Drum Recollection/Essentials Drumkit Vol. 002/808s/Drummers 808.wav,testing,Drum Recollection,Essentials Drumkit Vol. 002,Chord Loop,Bass Hit,0.14995017647743225,0.2919575870037079,0.142007,0.26722076535224915,0.3956255614757538,0.128405,False,False,,1,,1
160,45.0,one_shot_loop_boundary;low_frequency_family_boundary,/Volumes/Jack_Gandy_1TB_SSD/testing-for-NITE-DSP/sample_pack_testing/Drum Recollection/Essentials Drumkit Vol. 002/808s/Good Night 808.wav,testing,Drum Recollection,Essentials Drumkit Vol. 002,Bass Loop,Bass Hit,0.15352395176887512,0.22297513484954834,0.069451,0.21488599479198456,0.29964637756347656,0.08476,False,False,,1,,1
161,45.0,one_shot_loop_boundary;low_frequency_family_boundary,/Volumes/Jack_Gandy_1TB_SSD/testing-for-NITE-DSP/sample_pack_testing/Drum Recollection/Essentials Drumkit Vol. 002/808s/Loaded 808.wav,testing,Drum Recollection,Essentials Drumkit Vol. 002,Chord Loop,Bass Hit,0.18497413396835327,0.4264935255050659,0.241519,0.27614694833755493,0.44396302103996277,0.167816,False,False,,1,,1
162,45.0,one_shot_loop_boundary;low_frequency_family_boundary,/Volumes/Jack_Gandy_1TB_SSD/testing-for-NITE-DSP/sample_pack_testing/Drum Recollection/Essentials Drumkit Vol. 002/808s/Out The Box 808.wav,testing,Drum Recollection,Essentials Drumkit Vol. 002,Chord Loop,Bass Hit,0.1515912562608719,0.3525847792625427,0.200994,0.24031221866607666,0.4022262692451477,0.161914,False,False,,1,,1
163,45.0,one_shot_loop_boundary;low_frequency_family_boundary,/Volumes/Jack_Gandy_1TB_SSD/testing-for-NITE-DSP/sample_pack_testing/Drum Recollection/New Wave Drum Kit Vol. 2/808s/Six Rings 808.wav,testing,Drum Recollection,New Wave Drum Kit Vol. 2,Chord Loop,Bass Hit,0.16184458136558533,0.3651488721370697,0.203304,0.2692422568798065,0.4289369285106659,0.159695,False,False,,1,,1
164,45.0,one_shot_loop_boundary;low_frequency_family_boundary,/Volumes/Jack_Gandy_1TB_SSD/testing-for-NITE-DSP/sample_pack_testing/Drum Recollection/New Wave Drum Kit Vol. 2/808s/Zoned In 808.wav,testing,Drum Recollection,New Wave Drum Kit Vol. 2,Chord Loop,Bass Hit,0.14369910955429077,0.34163230657577515,0.197933,0.2473052442073822,0.41258469223976135,0.165279,False,False,,1,,1
165,45.0,one_shot_loop_boundary;low_frequency_family_boundary,/Volumes/Jack_Gandy_1TB_SSD/testing-for-NITE-DSP/sample_pack_testing/Drum Recollection/Official Drum Kit Vol. 1/808s/Dark Web 808 .wav,testing,Drum Recollection,Official Drum Kit Vol. 1,Chord Loop,Bass Hit,0.1748800277709961,0.31976261734962463,0.144883,0.30932649970054626,0.43735823035240173,0.128032,False,False,,1,,1
166,45.0,one_shot_loop_boundary;low_frequency_family_boundary,/Volumes/Jack_Gandy_1TB_SSD/testing-for-NITE-DSP/sample_pack_testing/Drum Recollection/Official Drum Kit Vol. 1/808s/Number One 808 .wav,testing,Drum Recollection,Official Drum Kit Vol. 1,Chord Loop,Bass Hit,0.17164508998394012,0.45021212100982666,0.278567,0.2666589319705963,0.4696800112724304,0.203021,False,False,,1,,1
167,45.0,one_shot_loop_boundary;low_frequency_family_boundary,/Volumes/Jack_Gandy_1TB_SSD/testing-for-NITE-DSP/sample_pack_testing/Drum Recollection/Official Drum Kit Vol. 1/808s/Spaceship 808 .wav,testing,Drum Recollection,Official Drum Kit Vol. 1,Chord Loop,Bass Hit,0.14867952466011047,0.20526625216007233,0.056587,0.23804783821105957,0.3295062482357025,0.091458,False,False,,1,,1
168,45.0,one_shot_loop_boundary;low_frequency_family_boundary,/Volumes/Jack_Gandy_1TB_SSD/testing-for-NITE-DSP/sample_pack_testing/Drum Recollection/Official Drum Kit Vol. 2/808s/Infinite Jugg 808.wav,testing,Drum Recollection,Official Drum Kit Vol. 2,Chord Loop,Bass Hit,0.18118734657764435,0.4052225649356842,0.224035,0.2693871557712555,0.4366728663444519,0.167286,False,False,,1,,1
169,45.0,one_shot_loop_boundary;low_frequency_family_boundary,/Volumes/Jack_Gandy_1TB_SSD/testing-for-NITE-DSP/sample_pack_testing/Drum Recollection/Official Drum Kit Vol. 2/808s/Kenneth 808.wav,testing,Drum Recollection,Official Drum Kit Vol. 2,Chord Loop,Bass Hit,0.1577671766281128,0.35996583104133606,0.202199,0.26954546570777893,0.439441442489624,0.169896,False,False,,1,,1
170,45.0,one_shot_loop_boundary;low_frequency_family_boundary,/Volumes/Jack_Gandy_1TB_SSD/testing-for-NITE-DSP/sample_pack_testing/Drum Recollection/Official Drum Kit Vol. 2/808s/Rattled 808.wav,testing,Drum Recollection,Official Drum Kit Vol. 2,Chord Loop,Bass Hit,0.144685760140419,0.2564718723297119,0.111786,0.21660426259040833,0.3251562714576721,0.108552,False,False,,1,,1
171,45.0,one_shot_loop_boundary;low_frequency_family_boundary,/Volumes/Jack_Gandy_1TB_SSD/testing-for-NITE-DSP/sample_pack_testing/Drum Recollection/Official Drum Kit Vol. 2/808s/Scarface 808.wav,testing,Drum Recollection,Official Drum Kit Vol. 2,Chord Loop,Bass Hit,0.18092191219329834,0.3344993591308594,0.153577,0.2572837173938751,0.3937748074531555,0.136491,False,False,,1,,1
172,45.0,one_shot_loop_boundary;low_frequency_family_boundary,/Volumes/Jack_Gandy_1TB_SSD/testing-for-NITE-DSP/sample_pack_testing/Koan Sound/Koan Sound Samples 2/Modular Hardware Pack 001/Processed/Crunch Mod 1.wav,testing,Koan Sound,Koan Sound Samples 2,Bass Loop,Bass Reese,0.23428870737552643,0.3698827624320984,0.135594,0.347626268863678,0.4459606409072876,0.098334,False,False,,1,,1
173,45.0,one_shot_loop_boundary;low_frequency_family_boundary,/Volumes/Jack_Gandy_1TB_SSD/testing-for-NITE-DSP/sample_pack_testing/Koan Sound/Koan Sound Samples 2/Modular Hardware Pack 001/Processed/Crunch Mod 2.wav,testing,Koan Sound,Koan Sound Samples 2,Bass Loop,Bass Reese,0.16259153187274933,0.25977906584739685,0.097188,0.2987440526485443,0.38506847620010376,0.086324,False,False,,1,,1
174,45.0,one_shot_loop_boundary;low_frequency_family_boundary,/Volumes/Jack_Gandy_1TB_SSD/testing-for-NITE-DSP/sample_pack_testing/Koan Sound/Koan Sound Samples 2/Modular Hardware Pack 001/Processed/Crunch Mod 3.wav,testing,Koan Sound,Koan Sound Samples 2,Bass Loop,Bass Reese,0.270333468914032,0.32484397292137146,0.054511,0.3771962523460388,0.43502277135849,0.057827,False,False,,1,,1
175,45.0,one_shot_loop_boundary;low_frequency_family_boundary,/Volumes/Jack_Gandy_1TB_SSD/testing-for-NITE-DSP/sample_pack_testing/Koan Sound/Koan Sound Samples 2/Modular Hardware Pack 001/Processed/Crunch Mod 4.wav,testing,Koan Sound,Koan Sound Samples 2,Bass Loop,Bass Reese,0.24590833485126495,0.37001141905784607,0.124103,0.36911919713020325,0.47317174077033997,0.104053,False,False,,1,,1
176,45.0,one_shot_loop_boundary;low_frequency_family_boundary,/Volumes/Jack_Gandy_1TB_SSD/testing-for-NITE-DSP/sample_pack_testing/Koan Sound/Koan Sound Samples 2/Modular Hardware Pack 001/Processed/Phase Mod.wav,testing,Koan Sound,Koan Sound Samples 2,Bass Loop,Bass Reese,0.20547813177108765,0.33054980635643005,0.125072,0.32675886154174805,0.42370831966400146,0.096949,False,False,,1,,1
177,45.0,one_shot_loop_boundary;low_frequency_family_boundary,/Volumes/Jack_Gandy_1TB_SSD/testing-for-NITE-DSP/sample_pack_testing/Koan Sound/Koan Sound Samples/Foley Pack 01/Complex Foley/Log Hit 1.wav,testing,Koan Sound,Koan Sound Samples,Bass Loop,Bass Hit,0.18798837065696716,0.1938903033733368,0.005902,0.27213722467422485,0.2978311777114868,0.025694,False,False,,1,,1
178,45.0,one_shot_loop_boundary;low_frequency_family_boundary,/Volumes/Jack_Gandy_1TB_SSD/testing-for-NITE-DSP/sample_pack_testing/MGF Mega Pack/Analogue Collection/Bass/AJUNO-VHS-423 A0.wav,testing,MGF Mega Pack,Analogue Collection,Chord Loop,Bass Hit,0.1691971868276596,0.47922295331954956,0.310026,0.30699166655540466,0.504095733165741,0.197104,False,False,,1,,1
179,45.0,one_shot_loop_boundary;low_frequency_family_boundary,/Volumes/Jack_Gandy_1TB_SSD/testing-for-NITE-DSP/sample_pack_testing/MGF Mega Pack/Analogue Collection/Bass/EURO1_LEAD_02 G1.wav,testing,MGF Mega Pack,Analogue Collection,Chord Loop,Bass Reese,0.18253490328788757,0.24558468163013458,0.06305,0.3343062400817871,0.4024020731449127,0.068096,False,False,,1,,1
180,45.0,one_shot_loop_boundary;low_frequency_family_boundary,/Volumes/Jack_Gandy_1TB_SSD/testing-for-NITE-DSP/sample_pack_testing/MGF Mega Pack/Analogue Collection/Bass/J106 CASSETTE1_381 F1.wav,testing,MGF Mega Pack,Analogue Collection,Chord Loop,Bass Hit,0.2475847750902176,0.5250535011291504,0.277469,0.4017176926136017,0.5731431841850281,0.171425,False,False,,1,,1
181,45.0,one_shot_loop_boundary;low_frequency_family_boundary,/Volumes/Jack_Gandy_1TB_SSD/testing-for-NITE-DSP/sample_pack_testing/MGF Mega Pack/Analogue Collection/Bass/J106 FEB18_606 C1.wav,testing,MGF Mega Pack,Analogue Collection,Chord Loop,Bass Reese,0.1878374069929123,0.2381879836320877,0.050351,0.3371822237968445,0.3982389569282532,0.061057,False,False,,1,,1
182,45.0,one_shot_loop_boundary;low_frequency_family_boundary,/Volumes/Jack_Gandy_1TB_SSD/testing-for-NITE-DSP/sample_pack_testing/MGF Mega Pack/Analogue Collection/Bass/P08_BASS_11 C1.wav,testing,MGF Mega Pack,Analogue Collection,Bass Loop,Bass Hit,0.1451103687286377,0.2669227719306946,0.121812,0.3082737624645233,0.42115020751953125,0.112876,False,False,,1,,1
183,45.0,one_shot_loop_boundary;low_frequency_family_boundary,/Volumes/Jack_Gandy_1TB_SSD/testing-for-NITE-DSP/sample_pack_testing/MGF Mega Pack/Analogue Collection/Chords - Pads/AJUNO-VHS-285.wav,testing,MGF Mega Pack,Analogue Collection,Chord Loop,Bass Hit,0.1461714208126068,0.16218064725399017,0.016009,0.34653136134147644,0.3812010586261749,0.03467,False,False,,1,,1
184,45.0,one_shot_loop_boundary;low_frequency_family_boundary,/Volumes/Jack_Gandy_1TB_SSD/testing-for-NITE-DSP/sample_pack_testing/MGF Mega Pack/Misc + Found Sound/Leichhardt 14-3-15/Long/LEICH-4-3-15-098.wav,testing,MGF Mega Pack,Misc + Found Sound,Foley Loop,Bass Reese,0.11134793609380722,0.16710275411605835,0.055755,0.18575645983219147,0.2599383294582367,0.074182,False,False,,1,,1
185,45.0,one_shot_loop_boundary;low_frequency_family_boundary,/Volumes/Jack_Gandy_1TB_SSD/testing-for-NITE-DSP/sample_pack_testing/MGF Mega Pack/Misc + Found Sound/Syd Park Play Equipment/Short/SYDPARK-SHORT-086.wav,testing,MGF Mega Pack,Misc + Found Sound,Bass Loop,Kick,0.242248073220253,0.17067678272724152,-0.071571,0.31099021434783936,0.2719879150390625,-0.039002,False,False,,1,,1
186,45.0,one_shot_loop_boundary;low_frequency_family_boundary,/Volumes/Jack_Gandy_1TB_SSD/testing-for-NITE-DSP/sample_pack_testing/MGF Mega Pack/Misc + Found Sound/Syd Park Play Equipment/Short/SYDPARK-SHORT-095.wav,testing,MGF Mega Pack,Misc + Found Sound,Bass Loop,Kick,0.19633392989635468,0.16751410067081451,-0.02882,0.2701397240161896,0.2528820335865021,-0.017258,False,False,,1,,1
187,45.0,one_shot_loop_boundary;low_frequency_family_boundary,/Volumes/Jack_Gandy_1TB_SSD/testing-for-NITE-DSP/sample_pack_testing/MGF Mega Pack/Misc + Found Sound/UTS Foley 2/Fizzing Coke Can.wav,testing,MGF Mega Pack,Misc + Found Sound,Foley Loop,Bass Reese,0.16029024124145508,0.15145699679851532,-0.008833,0.23605214059352875,0.2454846054315567,0.009432,False,False,,1,,1
188,45.0,one_shot_loop_boundary;low_frequency_family_boundary,/Volumes/Jack_Gandy_1TB_SSD/testing-for-NITE-DSP/sample_pack_testing/MGF Mega Pack/Multisamples/Alpha Juno Jungle Bass Multis 1/Jungle Bass 4/AJ Jungle Bass 4 - D1.wav,testing,MGF Mega Pack,Multisamples,Chord Loop,Bass Hit,0.1685805469751358,0.26971784234046936,0.101137,0.3132968246936798,0.4111465811729431,0.09785,False,False,,1,,1
189,45.0,one_shot_loop_boundary;low_frequency_family_boundary,/Volumes/Jack_Gandy_1TB_SSD/testing-for-NITE-DSP/sample_pack_testing/MGF Mega Pack/Multisamples/Alpha Juno Jungle Bass Multis 1/Jungle Bass 4/AJ Jungle Bass 4 - F#1.wav,testing,MGF Mega Pack,Multisamples,Chord Loop,Bass Hit,0.14953528344631195,0.1579192876815796,0.008384,0.33515501022338867,0.35950422286987305,0.024349,False,False,,1,,1
190,45.0,one_shot_loop_boundary;low_frequency_family_boundary,/Volumes/Jack_Gandy_1TB_SSD/testing-for-NITE-DSP/sample_pack_testing/MGF Mega Pack/Multisamples/Alpha Juno Jungle Bass Multis 1/Jungle Bass 4/AJ Jungle Bass 4 - F1.wav,testing,MGF Mega Pack,Multisamples,Chord Loop,Bass Hit,0.1506621092557907,0.18142125010490417,0.030759,0.31523752212524414,0.35954752564430237,0.04431,False,False,,1,,1
191,45.0,one_shot_loop_boundary;low_frequency_family_boundary,/Volumes/Jack_Gandy_1TB_SSD/testing-for-NITE-DSP/sample_pack_testing/MGF Mega Pack/Multisamples/Alpha Juno Jungle Bass Multis 1/Jungle Bass 4/AJ Jungle Bass 4 - G1.wav,testing,MGF Mega Pack,Multisamples,Chord Loop,Bass Hit,0.1706143319606781,0.1557009220123291,-0.014913,0.3447367548942566,0.35218653082847595,0.00745,False,False,,1,,1
192,45.0,one_shot_loop_boundary;low_frequency_family_boundary,/Volumes/Jack_Gandy_1TB_SSD/testing-for-NITE-DSP/sample_pack_testing/MGF Mega Pack/Multisamples/MGF DX11 Vol 4/Sweeper/Sweeper-2 E0.wav,testing,MGF Mega Pack,Multisamples,Chord Loop,Bass Hit,0.12255751341581345,0.1480567902326584,0.025499,0.22164051234722137,0.26714658737182617,0.045506,False,False,,1,,1
193,45.0,one_shot_loop_boundary;low_frequency_family_boundary,/Volumes/Jack_Gandy_1TB_SSD/testing-for-NITE-DSP/sample_pack_testing/MGF Mega Pack/Multisamples/MGF DX11 Vol 4/Sweeper/Sweeper-3 F0.wav,testing,MGF Mega Pack,Multisamples,Chord Loop,Bass Hit,0.12909628450870514,0.19406333565711975,0.064967,0.23754188418388367,0.310512512922287,0.072971,False,False,,1,,1
194,45.0,one_shot_loop_boundary;low_frequency_family_boundary,/Volumes/Jack_Gandy_1TB_SSD/testing-for-NITE-DSP/sample_pack_testing/MGF Mega Pack/Multisamples/MGF DX11 Vol 4/Sweeper/Sweeper-4 G0.wav,testing,MGF Mega Pack,Multisamples,Chord Loop,Bass Hit,0.13741938769817352,0.22693407535552979,0.089515,0.2387036383152008,0.32267048954963684,0.083967,False,False,,1,,1
195,45.0,one_shot_loop_boundary;low_frequency_family_boundary,/Volumes/Jack_Gandy_1TB_SSD/testing-for-NITE-DSP/sample_pack_testing/MGF Mega Pack/Multisamples/MGF DX11 Vol 4/Sweeper/Sweeper-5 A0.wav,testing,MGF Mega Pack,Multisamples,Chord Loop,Bass Hit,0.12708070874214172,0.1864556223154068,0.059375,0.23620010912418365,0.3036056160926819,0.067406,False,False,,1,,1
196,45.0,one_shot_loop_boundary;low_frequency_family_boundary,/Volumes/Jack_Gandy_1TB_SSD/testing-for-NITE-DSP/sample_pack_testing/MGF Mega Pack/Multisamples/MGF Juno 106 1/Cool Bass/Cool Bass - G#0.wav,testing,MGF Mega Pack,Multisamples,Chord Loop,Bass Reese,0.1674942970275879,0.1347837895154953,-0.032711,0.36320969462394714,0.35639482736587524,-0.006815,False,False,,1,,1
197,45.0,one_shot_loop_boundary;low_frequency_family_boundary,/Volumes/Jack_Gandy_1TB_SSD/testing-for-NITE-DSP/sample_pack_testing/MGF Mega Pack/Multisamples/MGF Juno 106 1/PWM Lead/PWM Lead - G1.wav,testing,MGF Mega Pack,Multisamples,Chord Loop,Bass Reese,0.1812550574541092,0.14518868923187256,-0.036066,0.34390270709991455,0.33907294273376465,-0.00483,False,False,,1,,1
198,45.0,one_shot_loop_boundary;low_frequency_family_boundary,/Volumes/Jack_Gandy_1TB_SSD/testing-for-NITE-DSP/sample_pack_testing/MGF Mega Pack/Multisamples/MGF Sub Phatty 1/Slight Pluck Lead/Slight Pluck Lead-8 A0.wav,testing,MGF Mega Pack,Multisamples,Bass Reese,Bass Loop,0.19638390839099884,0.15732622146606445,-0.039058,0.37226203083992004,0.3627755343914032,-0.009486,False,False,,1,,1
199,45.0,one_shot_loop_boundary;low_frequency_family_boundary,/Volumes/Jack_Gandy_1TB_SSD/testing-for-NITE-DSP/sample_pack_testing/MGF Mega Pack/Wavetables/Producer Hive Analog + Vintage Wavetables (demo)/VS01_P6_Soft2.wav,testing,MGF Mega Pack,Wavetables,Chord Loop,Bass Hit,0.18430796265602112,0.19383485615253448,0.009527,0.316116601228714,0.34880951046943665,0.032693,False,False,,1,,1
200,45.0,one_shot_loop_boundary;low_frequency_family_boundary,/Volumes/Jack_Gandy_1TB_SSD/testing-for-NITE-DSP/sample_pack_testing/MGF Mega Pack/Wavetables/Producer Hive Synthwave (demo)/BassGtr2.wav,testing,MGF Mega Pack,Wavetables,Chord Loop,Bass Hit,0.14462323486804962,0.22997473180294037,0.085351,0.290579229593277,0.3862164616584778,0.095637,False,False,,1,,1
201,45.0,one_shot_loop_boundary;low_frequency_family_boundary,/Volumes/Jack_Gandy_1TB_SSD/testing-for-NITE-DSP/sample_pack_testing/Mike Shinoda Drums/MPC 1000 Backup/LOOSESAMPLES/DU5.WAV,testing,Mike Shinoda Drums,MPC 1000 Backup,Chord Loop,Bass Hit,0.2205406129360199,0.3834756910800934,0.162935,0.3785889446735382,0.4821677505970001,0.103579,False,False,,1,,1
202,45.0,one_shot_loop_boundary;low_frequency_family_boundary,/Volumes/Jack_Gandy_1TB_SSD/testing-for-NITE-DSP/sample_pack_testing/Mike Shinoda Drums/MPC 1000 Backup/Mike_s Beats #1/bassrasc.wav,testing,Mike Shinoda Drums,MPC 1000 Backup,Chord Loop,Bass Hit,0.11362823098897934,0.13332030177116394,0.019692,0.19848880171775818,0.2264634221792221,0.027975,False,False,,1,,1
203,45.0,one_shot_loop_boundary;low_frequency_family_boundary,/Volumes/Jack_Gandy_1TB_SSD/testing-for-NITE-DSP/sample_pack_testing/Minimal Audio/ELEMENT/3 - Bass Loops/Bass - Basic Sign - C - 78 BPM.wav,testing,Minimal Audio,ELEMENT,Chord Loop,Bass Hit,0.10302779823541641,0.1614105999469757,0.058383,0.24558432400226593,0.31676605343818665,0.071182,False,False,,1,,1
204,45.0,one_shot_loop_boundary;low_frequency_family_boundary,/Volumes/Jack_Gandy_1TB_SSD/testing-for-NITE-DSP/sample_pack_testing/Minimal Audio/REFLECT/3 - Noise Textures/Noise - Dense Vinyl 1.wav,testing,Minimal Audio,REFLECT,Foley Loop,Bass Reese,0.1515170931816101,0.17325536906719208,0.021738,0.2246628850698471,0.25838351249694824,0.033721,False,False,,1,,1
205,45.0,one_shot_loop_boundary;low_frequency_family_boundary,/Volumes/Jack_Gandy_1TB_SSD/testing-for-NITE-DSP/sample_pack_testing/Old Movies 1 - Vintage Collection (Drum Kit)/Noise & Texture (Old Movies)/Noise 14.wav,testing,Old Movies 1 - Vintage Collection (Drum Kit),Noise & Texture (Old Movies),Foley Loop,Bass Reese,0.16943226754665375,0.15320788323879242,-0.016224,0.2618574798107147,0.2615717053413391,-0.000286,False,False,,1,,1
206,45.0,one_shot_loop_boundary;low_frequency_family_boundary,/Volumes/Jack_Gandy_1TB_SSD/testing-for-NITE-DSP/sample_pack_testing/Sounds of KSHMR Vol.3/KSHMR_Drums/KSHMR_Kicks/KSHMR_Big_Kicks/KSHMR_Big_Kick_22_F#.wav,testing,Sounds of KSHMR Vol.3,KSHMR_Drums,Bass Loop,Bass Hit,0.15032193064689636,0.30784642696380615,0.157524,0.22789545357227325,0.3641038239002228,0.136208,False,False,,1,,1
207,45.0,one_shot_loop_boundary;low_frequency_family_boundary,/Volumes/Jack_Gandy_1TB_SSD/testing-for-NITE-DSP/sample_pack_testing/Sounds of KSHMR Vol.3/KSHMR_Drums/KSHMR_Kicks/KSHMR_Hardstyle_Kicks/KSHMR_Hardstyle_Kicks/KSHMR_Hardstyle_Kick_10_D.wav,testing,Sounds of KSHMR Vol.3,KSHMR_Drums,Bass Loop,Bass Hit,0.23976397514343262,0.38731423020362854,0.14755,0.2915611267089844,0.40018245577812195,0.108621,False,False,,1,,1
208,45.0,one_shot_loop_boundary;low_frequency_family_boundary,/Volumes/Jack_Gandy_1TB_SSD/testing-for-NITE-DSP/sample_pack_testing/Sounds of KSHMR Vol.3/KSHMR_Drums/KSHMR_Kicks/KSHMR_Hardstyle_Kicks/KSHMR_Hardstyle_Kicks/KSHMR_Hardstyle_Kick_14_E.wav,testing,Sounds of KSHMR Vol.3,KSHMR_Drums,Bass Loop,Bass Hit,0.1980389952659607,0.3754744231700897,0.177435,0.25871542096138,0.3893449902534485,0.13063,False,False,,1,,1
209,45.0,one_shot_loop_boundary;low_frequency_family_boundary,/Volumes/Jack_Gandy_1TB_SSD/testing-for-NITE-DSP/sample_pack_testing/Sounds of KSHMR Vol.3/KSHMR_Drums/KSHMR_Kicks/KSHMR_Hardstyle_Kicks/KSHMR_Hardstyle_Kicks/KSHMR_Hardstyle_Kick_35_F#.wav,testing,Sounds of KSHMR Vol.3,KSHMR_Drums,Bass Loop,Bass Hit,0.19640985131263733,0.31121304631233215,0.114803,0.2560220956802368,0.34498947858810425,0.088967,False,False,,1,,1
210,45.0,one_shot_loop_boundary;low_frequency_family_boundary,/Volumes/Jack_Gandy_1TB_SSD/testing-for-NITE-DSP/sample_pack_testing/Sounds of KSHMR Vol.3/KSHMR_Drums/KSHMR_Kicks/KSHMR_Hardstyle_Kicks/KSHMR_Sickdellz_Kick_Madness_All_Keys/KSHMR_x_SD_Madness_Kick_03_F.wav,testing,Sounds of KSHMR Vol.3,KSHMR_Drums,Bass Loop,Bass Hit,0.13772208988666534,0.24585185945034027,0.10813,0.19338423013687134,0.307456910610199,0.114073,False,False,,1,,1
211,45.0,one_shot_loop_boundary;low_frequency_family_boundary,/Volumes/Jack_Gandy_1TB_SSD/testing-for-NITE-DSP/sample_pack_testing/Sounds of KSHMR Vol.3/KSHMR_Drums/KSHMR_Kicks/KSHMR_Hardstyle_Kicks/KSHMR_Sickdellz_Kick_Madness_All_Keys/KSHMR_x_SD_Madness_Kick_04_F#.wav,testing,Sounds of KSHMR Vol.3,KSHMR_Drums,Bass Loop,Bass Hit,0.11879190057516098,0.23507589101791382,0.116284,0.16757720708847046,0.28837957978248596,0.120802,False,False,,1,,1
212,45.0,one_shot_loop_boundary;low_frequency_family_boundary,/Volumes/Jack_Gandy_1TB_SSD/testing-for-NITE-DSP/sample_pack_testing/Sounds of KSHMR Vol.3/KSHMR_Drums/KSHMR_Kicks/KSHMR_Hardstyle_Kicks/KSHMR_Sickdellz_Kick_Madness_All_Keys/KSHMR_x_SD_Madness_Kick_06_G#.wav,testing,Sounds of KSHMR Vol.3,KSHMR_Drums,Bass Loop,Bass Hit,0.1377502679824829,0.23982803523540497,0.102078,0.19352303445339203,0.29386693239212036,0.100344,False,False,,1,,1
213,45.0,one_shot_loop_boundary;low_frequency_family_boundary,/Volumes/Jack_Gandy_1TB_SSD/testing-for-NITE-DSP/sample_pack_testing/Sounds of KSHMR Vol.3/KSHMR_Drums/KSHMR_Kicks/KSHMR_Hardstyle_Kicks/KSHMR_Sickdellz_Kick_Madness_All_Keys/KSHMR_x_SD_Madness_Kick_08_A#.wav,testing,Sounds of KSHMR Vol.3,KSHMR_Drums,Bass Loop,Bass Hit,0.13424402475357056,0.2653651237487793,0.131121,0.18630069494247437,0.30606043338775635,0.11976,False,False,,1,,1
214,45.0,one_shot_loop_boundary;low_frequency_family_boundary,/Volumes/Jack_Gandy_1TB_SSD/testing-for-NITE-DSP/sample_pack_testing/Sounds of KSHMR Vol.3/KSHMR_Drums/KSHMR_Kicks/KSHMR_Hip_Hop_kicks/KSHMR_808s/KSHMR_808_07_Clean_E.wav,testing,Sounds of KSHMR Vol.3,KSHMR_Drums,Bass Loop,Bass Hit,0.1525106579065323,0.23391129076480865,0.081401,0.292804479598999,0.40121468901634216,0.10841,False,False,,1,,1
215,45.0,one_shot_loop_boundary;low_frequency_family_boundary,/Volumes/Jack_Gandy_1TB_SSD/testing-for-NITE-DSP/sample_pack_testing/Sounds of KSHMR Vol.3/KSHMR_Drums/KSHMR_Kicks/KSHMR_Hip_Hop_kicks/KSHMR_808s/KSHMR_808_15_Distorted_E.wav,testing,Sounds of KSHMR Vol.3,KSHMR_Drums,Bass Loop,Bass Hit,0.2589566707611084,0.450629860162735,0.191673,0.34280210733413696,0.4738878011703491,0.131086,False,False,,1,,1
216,45.0,one_shot_loop_boundary;low_frequency_family_boundary,/Volumes/Jack_Gandy_1TB_SSD/testing-for-NITE-DSP/sample_pack_testing/Sounds of KSHMR Vol.3/KSHMR_Drums/KSHMR_Kicks/KSHMR_Hip_Hop_kicks/KSHMR_808s/KSHMR_808_19_Distorted_F.wav,testing,Sounds of KSHMR Vol.3,KSHMR_Drums,Bass Loop,Bass Hit,0.20062805712223053,0.3136593699455261,0.113031,0.29402604699134827,0.3883487582206726,0.094323,False,False,,1,,1
217,45.0,one_shot_loop_boundary;low_frequency_family_boundary,/Volumes/Jack_Gandy_1TB_SSD/testing-for-NITE-DSP/sample_pack_testing/Sounds of KSHMR Vol.3/KSHMR_Drums/KSHMR_Kicks/KSHMR_Hip_Hop_kicks/KSHMR_808s/KSHMR_808_20_Distorted_G.wav,testing,Sounds of KSHMR Vol.3,KSHMR_Drums,Bass Loop,Bass Hit,0.18400143086910248,0.1947612166404724,0.01076,0.28071242570877075,0.3235868513584137,0.042874,False,False,,1,,1
218,45.0,one_shot_loop_boundary;low_frequency_family_boundary,/Volumes/Jack_Gandy_1TB_SSD/testing-for-NITE-DSP/sample_pack_testing/Sounds of KSHMR Vol.3/KSHMR_Drums/KSHMR_Kicks/KSHMR_Hip_Hop_kicks/KSHMR_Distorted_Kicks/KSHMR_Distorted_Kick_06_E.wav,testing,Sounds of KSHMR Vol.3,KSHMR_Drums,Bass Loop,Bass Hit,0.20917709171772003,0.4562298655509949,0.247053,0.2893891930580139,0.44579756259918213,0.156408,False,False,,1,,1
219,45.0,one_shot_loop_boundary;low_frequency_family_boundary,/Volumes/Jack_Gandy_1TB_SSD/testing-for-NITE-DSP/sample_pack_testing/Sounds of KSHMR Vol.3/KSHMR_Drums_Loops/KSHMR_Drum_Loops_Full/KSHMR_Stadium_Loops/KSHMR_Stadium_Loop_13_180.wav,testing,Sounds of KSHMR Vol.3,KSHMR_Drums_Loops,Drum Loop,Bass Reese,0.105502188205719,0.134727343916893,0.029225,0.18748918175697327,0.23792009055614471,0.050431,False,False,,1,,1
220,45.0,one_shot_loop_boundary;low_frequency_family_boundary,/Volumes/Jack_Gandy_1TB_SSD/testing-for-NITE-DSP/sample_pack_testing/Sounds of KSHMR Vol.3/KSHMR_Live_Instruments/KSHMR_Main_Instruments/KSHMR_Bass/KSHMR_Bass_Slides/KSHMR_Bass_Slide_02_A#.wav,testing,Sounds of KSHMR Vol.3,KSHMR_Live_Instruments,Chord Loop,Bass Hit,0.18895798921585083,0.39629465341567993,0.207337,0.3004642128944397,0.44504836201667786,0.144584,False,False,,1,,1
221,45.0,one_shot_loop_boundary;low_frequency_family_boundary,/Volumes/Jack_Gandy_1TB_SSD/testing-for-NITE-DSP/sample_pack_testing/Sounds of KSHMR Vol.3/KSHMR_VIP_Friends_of_KSHMR/MRBLACK/MRBLACK_Bass_D#.wav,testing,Sounds of KSHMR Vol.3,KSHMR_VIP_Friends_of_KSHMR,Bass Loop,Bass Hit,0.15268158912658691,0.22762569785118103,0.074944,0.3162783086299896,0.4074713885784149,0.091193,False,False,,1,,1
222,42.0,low_frequency_family_boundary;exact_duplicate_group,/Volumes/Jack_Gandy_1TB_SSD/testing-for-NITE-DSP/sample_pack_testing/Drum Recollection/2023 Drums (Demo)/(808) New Slay.wav,testing,Drum Recollection,2023 Drums (Demo),Kick,Bass Hit,0.5470366477966309,0.5040572285652161,-0.042979,0.48881277441978455,0.5522807836532593,0.063468,False,False,3189883068038cb8f0aec4ade915e85e634db687b68a92ef781fdd862ad0077d,2,,1
223,42.0,low_frequency_family_boundary;exact_duplicate_group,/Volumes/Jack_Gandy_1TB_SSD/testing-for-NITE-DSP/sample_pack_testing/Drum Recollection/2023 Drums/(808) New Slay.wav,testing,Drum Recollection,2023 Drums,Kick,Bass Hit,0.5512691140174866,0.4586426913738251,-0.092626,0.48778435587882996,0.5296082496643066,0.041824,False,False,3189883068038cb8f0aec4ade915e85e634db687b68a92ef781fdd862ad0077d,2,,1
224,42.0,low_frequency_family_boundary;exact_duplicate_group,/Volumes/Jack_Gandy_1TB_SSD/testing-for-NITE-DSP/sample_pack_testing/Mike Shinoda Drums/MPC 1000 Backup/GMAJOR/LOOT17.WAV,testing,Mike Shinoda Drums,MPC 1000 Backup,Kick,Bass Hit,0.2903178930282593,0.2917109727859497,0.001393,0.34058091044425964,0.36610671877861023,0.025526,False,False,aef8875e03a6ecdf580f1d6c801855514d44ec384197859414d9966479dd1744,2,,1
225,42.0,low_frequency_family_boundary;exact_duplicate_group,/Volumes/Jack_Gandy_1TB_SSD/testing-for-NITE-DSP/sample_pack_testing/Mike Shinoda Drums/MPC 1000 Backup/IRIDESCENT/SQRATCH14.WAV,testing,Mike Shinoda Drums,MPC 1000 Backup,Kick,Bass Hit,0.32343313097953796,0.2373003214597702,-0.086133,0.33138999342918396,0.3227446973323822,-0.008645,False,False,fe79d458dedb575493be1e8bd0ecec30733310ca1aae6c3b512ddbf2ee84b490,3,,1
226,42.0,low_frequency_family_boundary;exact_duplicate_group,/Volumes/Jack_Gandy_1TB_SSD/testing-for-NITE-DSP/sample_pack_testing/Mike Shinoda Drums/MPC 1000 Backup/LOOSESAMPLES/LOOT17.WAV,testing,Mike Shinoda Drums,MPC 1000 Backup,Kick,Bass Hit,0.3130820691585541,0.29931357502937317,-0.013768,0.3590501844882965,0.37928253412246704,0.020232,False,False,aef8875e03a6ecdf580f1d6c801855514d44ec384197859414d9966479dd1744,2,,1
227,42.0,low_frequency_family_boundary;exact_duplicate_group,/Volumes/Jack_Gandy_1TB_SSD/testing-for-NITE-DSP/sample_pack_testing/Mike Shinoda Drums/MPC 1000 Backup/LOOSESAMPLES2/SQRATCH14.WAV,testing,Mike Shinoda Drums,MPC 1000 Backup,Kick,Bass Hit,0.35537591576576233,0.2639414668083191,-0.091434,0.3504425585269928,0.346375048160553,-0.004068,False,False,fe79d458dedb575493be1e8bd0ecec30733310ca1aae6c3b512ddbf2ee84b490,3,,1
228,42.0,low_frequency_family_boundary;exact_duplicate_group,/Volumes/Jack_Gandy_1TB_SSD/testing-for-NITE-DSP/sample_pack_testing/Mike Shinoda Drums/MPC 1000 Backup/MPC1000 FILES/SUPERFLAT/SQRATCH14.WAV,testing,Mike Shinoda Drums,MPC 1000 Backup,Kick,Bass Hit,0.3233490288257599,0.23477956652641296,-0.088569,0.3328845500946045,0.3233157694339752,-0.009569,False,False,fe79d458dedb575493be1e8bd0ecec30733310ca1aae6c3b512ddbf2ee84b490,3,,1
229,42.0,low_frequency_family_boundary;exact_duplicate_group,/Volumes/Jack_Gandy_1TB_SSD/testing-for-NITE-DSP/sample_pack_testing/Mike Shinoda Drums/MS BEATS/Aerial Samples/BD_FutureMPC3000_8.wav,testing,Mike Shinoda Drums,MS BEATS,Kick,Bass Hit,0.44716301560401917,0.6860900521278381,0.238927,0.4632028043270111,0.6374703049659729,0.174268,False,False,75b13c6882de3e693fbefa37815bf7a0b06e22fcb20dd18192206e248c1d60cf,2,,1
230,42.0,low_frequency_family_boundary;exact_duplicate_group,/Volumes/Jack_Gandy_1TB_SSD/testing-for-NITE-DSP/sample_pack_testing/Mike Shinoda Drums/MS BEATS/Headbutt Samples/BD_FutureMPC3000_8.wav,testing,Mike Shinoda Drums,MS BEATS,Kick,Bass Hit,0.4596835970878601,0.6731584072113037,0.213475,0.4629439115524292,0.6316326856613159,0.168689,False,False,75b13c6882de3e693fbefa37815bf7a0b06e22fcb20dd18192206e248c1d60cf,2,,1
231,42.0,low_frequency_family_boundary;exact_duplicate_group,/Volumes/Jack_Gandy_1TB_SSD/testing-for-NITE-DSP/sample_pack_testing/Mike Shinoda Drums/MS BEATS/RECHARGE THEME 1 Samples/FonTom African 3 V3.wav,testing,Mike Shinoda Drums,MS BEATS,Kick,Percussion,0.3977951109409332,0.27416130900382996,-0.123634,0.42774081230163574,0.42672622203826904,-0.001015,False,False,b618f5e308b78235a9195b5cfea36f69b2e9e79bb093f3e46e145421ddc9d466,2,,1
232,42.0,low_frequency_family_boundary;exact_duplicate_group,/Volumes/Jack_Gandy_1TB_SSD/testing-for-NITE-DSP/sample_pack_testing/Mike Shinoda Drums/MS BEATS/Recharged Samples/FonTom African 3 V3.wav,testing,Mike Shinoda Drums,MS BEATS,Kick,Percussion,0.40993618965148926,0.31918030977249146,-0.090756,0.436955988407135,0.4483702778816223,0.011414,False,False,b618f5e308b78235a9195b5cfea36f69b2e9e79bb093f3e46e145421ddc9d466,2,,1
233,41.0,one_shot_loop_boundary;near_duplicate_group,/Volumes/Jack_Gandy_1TB_SSD/testing-for-NITE-DSP/sample_pack_testing/Breaks/The Drum Broker - International Breaks & Essential Kicks/The Drum Broker - International Breaks 5/CHOPS/SUCHA SNARE 2.wav,testing,Breaks,The Drum Broker - International Breaks & Essential Kicks,Snare,Drum Loop,0.20991957187652588,0.22846630215644836,0.018547,0.2802417576313019,0.3084563612937927,0.028215,False,False,,1,near-0022,2
234,41.0,one_shot_loop_boundary;near_duplicate_group,/Volumes/Jack_Gandy_1TB_SSD/testing-for-NITE-DSP/sample_pack_testing/Breaks/The Drum Broker - International Breaks & Essential Kicks/The Drum Broker - International Breaks 5/CHOPS/SUCHA SNARE 2_2.wav,testing,Breaks,The Drum Broker - International Breaks & Essential Kicks,Snare,Drum Loop,0.20991957187652588,0.22846630215644836,0.018547,0.2802417576313019,0.3084563612937927,0.028215,False,False,,1,near-0022,2
235,41.0,one_shot_loop_boundary;near_duplicate_group,/Volumes/Jack_Gandy_1TB_SSD/testing-for-NITE-DSP/sample_pack_testing/Minimal Audio/ELEMENT/1 - Drums/1 - Drum Loops/2 - Kick Loops/Kick - Refresh 1 - 64 BPM.wav,testing,Minimal Audio,ELEMENT,Chord Loop,Impact,0.13011766970157623,0.5786316394805908,0.448514,0.2579965889453888,0.5533291101455688,0.295333,False,False,,1,near-0167,2
236,41.0,one_shot_loop_boundary;near_duplicate_group,/Volumes/Jack_Gandy_1TB_SSD/testing-for-NITE-DSP/sample_pack_testing/Minimal Audio/ELEMENT/1 - Drums/1 - Drum Loops/2 - Kick Loops/Kick - Refresh 2 - 64 BPM.wav,testing,Minimal Audio,ELEMENT,Chord Loop,Impact,0.1291898488998413,0.5506431460380554,0.421453,0.2573682963848114,0.5401373505592346,0.282769,False,False,,1,near-0167,2
237,41.0,one_shot_loop_boundary;near_duplicate_group,/Volumes/Jack_Gandy_1TB_SSD/testing-for-NITE-DSP/sample_pack_testing/Minimal Audio/ELEMENT/3 - Bass Loops/Bass - Remote Drone 1 - G - 78 BPM.wav,testing,Minimal Audio,ELEMENT,Chord Loop,Impact,0.20022952556610107,0.41649970412254333,0.21627,0.38072100281715393,0.5457857847213745,0.165065,False,False,,1,near-0168,2
238,41.0,one_shot_loop_boundary;near_duplicate_group,/Volumes/Jack_Gandy_1TB_SSD/testing-for-NITE-DSP/sample_pack_testing/Minimal Audio/ELEMENT/3 - Bass Loops/Bass - Remote Drone 2 - G - 78 BPM.wav,testing,Minimal Audio,ELEMENT,Chord Loop,Impact,0.19505925476551056,0.4017584025859833,0.206699,0.37861043214797974,0.5394063591957092,0.160796,False,False,,1,near-0168,2
239,40.0,rejection_boundary,/Volumes/Jack_Gandy_1TB_SSD/testing-for-NITE-DSP/sample_pack_testing/Black Octopus Sound - Pure Analog Sweeps IV (2021)/C#/Diamaudix_Audio_PAS_IV_Sweep_FX_C#_10.wav,testing,Black Octopus Sound - Pure Analog Sweeps IV (2021),C#,Pad,SFX,0.18922391533851624,0.22376225888729095,0.034538,0.4664851129055023,0.5050377249717712,0.038553,False,False,,1,,1
240,40.0,rejection_boundary,/Volumes/Jack_Gandy_1TB_SSD/testing-for-NITE-DSP/sample_pack_testing/Loaded Samples - Lo-Fi Memphis 2/MELODIES (X3 & DR5)/Stems (OG Versions)/OGSTEM_The Prophecy #4 [72 BPM] (A#).wav,testing,Loaded Samples - Lo-Fi Memphis 2,MELODIES (X3 & DR5),SFX,Other/none,0.12439630180597305,0.16655433177947998,0.042158,0.3706619143486023,0.43027040362358093,0.059608,False,False,,1,,1
241,40.0,rejection_boundary,/Volumes/Jack_Gandy_1TB_SSD/testing-for-NITE-DSP/sample_pack_testing/MGF Mega Pack/Analogue Collection/Bass/MS20_NOV18_BASS_28 E0.wav,testing,MGF Mega Pack,Analogue Collection,Synth One-Shot,Other/none,0.14917021989822388,0.19486898183822632,0.045699,0.3786408007144928,0.42311474680900574,0.044474,False,False,,1,,1
242,40.0,rejection_boundary,/Volumes/Jack_Gandy_1TB_SSD/testing-for-NITE-DSP/sample_pack_testing/MGF Mega Pack/Analogue Collection/Bass/P6_SAW 12 G1.wav,testing,MGF Mega Pack,Analogue Collection,Synth One-Shot,Other/none,0.23195402324199677,0.20240777730941772,-0.029546,0.4894842505455017,0.486020028591156,-0.003464,False,False,,1,,1
243,40.0,rejection_boundary,/Volumes/Jack_Gandy_1TB_SSD/testing-for-NITE-DSP/sample_pack_testing/MGF Mega Pack/Analogue Collection/Singles/P08_LEAD_23 C2.wav,testing,MGF Mega Pack,Analogue Collection,Synth One-Shot,Other/none,0.16400280594825745,0.2119399905204773,0.047937,0.3854876756668091,0.4335819184780121,0.048094,False,False,,1,,1
244,40.0,rejection_boundary,/Volumes/Jack_Gandy_1TB_SSD/testing-for-NITE-DSP/sample_pack_testing/MGF Mega Pack/Misc + Found Sound/Button Bash/Melodic/MGF_BB2_MEL_01.wav,testing,MGF Mega Pack,Misc + Found Sound,Synth One-Shot,SFX,0.13408233225345612,0.16020068526268005,0.026118,0.3024939000606537,0.33975842595100403,0.037265,False,False,,1,,1
245,40.0,rejection_boundary,/Volumes/Jack_Gandy_1TB_SSD/testing-for-NITE-DSP/sample_pack_testing/MGF Mega Pack/Multisamples/Alpha Juno Jungle Bass Multis 1/Jungle Bass 3/AJ Jungle Bass 3 - B1.wav,testing,MGF Mega Pack,Multisamples,Synth One-Shot,Other/none,0.17375460267066956,0.1735859364271164,-0.000169,0.3784771263599396,0.39089372754096985,0.012417,False,False,,1,,1
246,40.0,rejection_boundary,/Volumes/Jack_Gandy_1TB_SSD/testing-for-NITE-DSP/sample_pack_testing/MGF Mega Pack/Multisamples/Alpha Juno Jungle Bass Multis 1/Jungle Bass 3/AJ Jungle Bass 3 - C#2.wav,testing,MGF Mega Pack,Multisamples,Synth One-Shot,Other/none,0.1729995310306549,0.18570707738399506,0.012708,0.3706358075141907,0.39175525307655334,0.021119,False,False,,1,,1
247,40.0,rejection_boundary,/Volumes/Jack_Gandy_1TB_SSD/testing-for-NITE-DSP/sample_pack_testing/MGF Mega Pack/Multisamples/Alpha Juno Jungle Bass Multis 1/Jungle Bass 3/AJ Jungle Bass 3 - C2.wav,testing,MGF Mega Pack,Multisamples,Synth One-Shot,Other/none,0.17318645119667053,0.18488925695419312,0.011703,0.3804543912410736,0.40113750100135803,0.020683,False,False,,1,,1
248,40.0,rejection_boundary,/Volumes/Jack_Gandy_1TB_SSD/testing-for-NITE-DSP/sample_pack_testing/MGF Mega Pack/Multisamples/Alpha Juno Jungle Bass Multis 1/Jungle Bass 3/AJ Jungle Bass 3 - D#2.wav,testing,MGF Mega Pack,Multisamples,Synth One-Shot,Other/none,0.2000918984413147,0.1816987842321396,-0.018393,0.39885246753692627,0.3970913589000702,-0.001761,False,False,,1,,1
249,40.0,rejection_boundary,/Volumes/Jack_Gandy_1TB_SSD/testing-for-NITE-DSP/sample_pack_testing/MGF Mega Pack/Multisamples/Alpha Juno Jungle Bass Multis 1/Jungle Bass 3/AJ Jungle Bass 3 - D2.wav,testing,MGF Mega Pack,Multisamples,Synth One-Shot,Other/none,0.18791313469409943,0.1849764883518219,-0.002937,0.3937106132507324,0.40364596247673035,0.009935,False,False,,1,,1
250,40.0,rejection_boundary,/Volumes/Jack_Gandy_1TB_SSD/testing-for-NITE-DSP/sample_pack_testing/MGF Mega Pack/Multisamples/Alpha Juno Jungle Bass Multis 1/Jungle Bass 3/AJ Jungle Bass 3 - E2.wav,testing,MGF Mega Pack,Multisamples,Synth One-Shot,Other/none,0.20466972887516022,0.17678284645080566,-0.027887,0.4019041061401367,0.3946532905101776,-0.007251,False,False,,1,,1
251,40.0,rejection_boundary,/Volumes/Jack_Gandy_1TB_SSD/testing-for-NITE-DSP/sample_pack_testing/MGF Mega Pack/Multisamples/DX21 Chorus Pack/Boc Pad 2/Boc Pad 2  + Chorus A0.wav,testing,MGF Mega Pack,Multisamples,Pad,Other/none,0.1542849838733673,0.1761995404958725,0.021915,0.41490277647972107,0.4467208981513977,0.031818,False,False,,1,,1
252,40.0,rejection_boundary,/Volumes/Jack_Gandy_1TB_SSD/testing-for-NITE-DSP/sample_pack_testing/MGF Mega Pack/Multisamples/DX21 Chorus Pack/Boc Pad 2/Boc Pad 2  + Chorus F#0.wav,testing,MGF Mega Pack,Multisamples,Pad,SFX,0.13815362751483917,0.1501777023077011,0.012024,0.36517852544784546,0.38948866724967957,0.02431,False,False,,1,,1
253,40.0,rejection_boundary,/Volumes/Jack_Gandy_1TB_SSD/testing-for-NITE-DSP/sample_pack_testing/MGF Mega Pack/Multisamples/DX21 Chorus Pack/Landescape/Landescape + Chorus C1.wav,testing,MGF Mega Pack,Multisamples,Pad,SFX,0.17996321618556976,0.17615468800067902,-0.003809,0.4461238384246826,0.4570358693599701,0.010912,False,False,,1,,1
254,40.0,rejection_boundary,/Volumes/Jack_Gandy_1TB_SSD/testing-for-NITE-DSP/sample_pack_testing/MGF Mega Pack/Multisamples/DX21 Chorus Pack/Lazee Boc/Lazee Boc + Chorus A0.wav,testing,MGF Mega Pack,Multisamples,Synth One-Shot,Other/none,0.1831529438495636,0.18698245286941528,0.00383,0.42278537154197693,0.4327467679977417,0.009961,False,False,,1,,1
255,40.0,rejection_boundary,/Volumes/Jack_Gandy_1TB_SSD/testing-for-NITE-DSP/sample_pack_testing/MGF Mega Pack/Multisamples/DX21 Chorus Pack/Lazee Boc/Lazee Boc + Chorus C1.wav,testing,MGF Mega Pack,Multisamples,Synth One-Shot,Other/none,0.17719170451164246,0.17376670241355896,-0.003425,0.4105798304080963,0.42161598801612854,0.011036,False,False,,1,,1
256,40.0,rejection_boundary,/Volumes/Jack_Gandy_1TB_SSD/testing-for-NITE-DSP/sample_pack_testing/MGF Mega Pack/Multisamples/DX21 Chorus Pack/Lazee Boc/Lazee Boc + Chorus D#1.wav,testing,MGF Mega Pack,Multisamples,Synth One-Shot,Other/none,0.19967874884605408,0.17674684524536133,-0.022932,0.47220665216445923,0.46333903074264526,-0.008868,False,False,,1,,1
257,40.0,rejection_boundary,/Volumes/Jack_Gandy_1TB_SSD/testing-for-NITE-DSP/sample_pack_testing/MGF Mega Pack/Multisamples/DX21 Chorus Pack/Lazee Boc/Lazee Boc + Chorus F#0.wav,testing,MGF Mega Pack,Multisamples,Synth One-Shot,Other/none,0.15692739188671112,0.14644604921340942,-0.010481,0.36142590641975403,0.3611511290073395,-0.000275,False,False,,1,,1
258,40.0,rejection_boundary,/Volumes/Jack_Gandy_1TB_SSD/testing-for-NITE-DSP/sample_pack_testing/MGF Mega Pack/Multisamples/DX21 Chorus Pack/Portapad/Portapad + Chorus F#0.wav,testing,MGF Mega Pack,Multisamples,Pad,SFX,0.22515901923179626,0.276912659406662,0.051754,0.47373759746551514,0.5107234120368958,0.036986,False,False,,1,,1
259,40.0,rejection_boundary,/Volumes/Jack_Gandy_1TB_SSD/testing-for-NITE-DSP/sample_pack_testing/MGF Mega Pack/Multisamples/MGF Alpha Juno Vol 1/G Star Lead/G Star Lead - A2.wav,testing,MGF Mega Pack,Multisamples,Pad,SFX,0.14930638670921326,0.1335657835006714,-0.015741,0.3824838697910309,0.37836456298828125,-0.004119,False,False,,1,,1
260,40.0,rejection_boundary,/Volumes/Jack_Gandy_1TB_SSD/testing-for-NITE-DSP/sample_pack_testing/MGF Mega Pack/Multisamples/MGF Alpha Juno Vol 1/G Star Lead/G Star Lead - F#2.wav,testing,MGF Mega Pack,Multisamples,Pad,SFX,0.14038455486297607,0.1273684948682785,-0.013016,0.39132654666900635,0.38876891136169434,-0.002558,False,False,,1,,1
261,40.0,rejection_boundary,/Volumes/Jack_Gandy_1TB_SSD/testing-for-NITE-DSP/sample_pack_testing/MGF Mega Pack/Multisamples/MGF Alpha Juno Vol 8/Wobble On/Wobble On - A#0.wav,testing,MGF Mega Pack,Multisamples,SFX,Other/none,0.13483943045139313,0.13764990866184235,0.00281,0.33405208587646484,0.35302674770355225,0.018975,False,False,,1,,1
262,40.0,rejection_boundary,/Volumes/Jack_Gandy_1TB_SSD/testing-for-NITE-DSP/sample_pack_testing/MGF Mega Pack/Multisamples/MGF Alpha Juno Vol 8/Wobble On/Wobble On - A0.wav,testing,MGF Mega Pack,Multisamples,SFX,Other/none,0.12793681025505066,0.1364160180091858,0.008479,0.32809391617774963,0.3539491593837738,0.025855,False,False,,1,,1
263,40.0,rejection_boundary,/Volumes/Jack_Gandy_1TB_SSD/testing-for-NITE-DSP/sample_pack_testing/MGF Mega Pack/Multisamples/MGF Alpha Juno Vol 8/Wobble On/Wobble On - C#1.wav,testing,MGF Mega Pack,Multisamples,SFX,Other/none,0.1274939775466919,0.1348358690738678,0.007342,0.3407727777957916,0.36521634459495544,0.024444,False,False,,1,,1
264,40.0,rejection_boundary,/Volumes/Jack_Gandy_1TB_SSD/testing-for-NITE-DSP/sample_pack_testing/MGF Mega Pack/Multisamples/MGF Alpha Juno Vol 8/Wobble On/Wobble On - C1.wav,testing,MGF Mega Pack,Multisamples,SFX,Other/none,0.13383883237838745,0.13769447803497314,0.003856,0.34403035044670105,0.3645736575126648,0.020543,False,False,,1,,1
265,40.0,rejection_boundary,/Volumes/Jack_Gandy_1TB_SSD/testing-for-NITE-DSP/sample_pack_testing/MGF Mega Pack/Multisamples/MGF Alpha Juno Vol 8/Wobble On/Wobble On - D1.wav,testing,MGF Mega Pack,Multisamples,Pad,Other/none,0.12834638357162476,0.1292405128479004,0.000894,0.3405296206474304,0.3582361340522766,0.017707,False,False,,1,,1
266,40.0,rejection_boundary,/Volumes/Jack_Gandy_1TB_SSD/testing-for-NITE-DSP/sample_pack_testing/MGF Mega Pack/Multisamples/MGF DX11 Vol 4/Purple Tremble/Purp Tremble-1 D0.wav,testing,MGF Mega Pack,Multisamples,Synth One-Shot,SFX,0.1665678322315216,0.17550942301750183,0.008942,0.36503952741622925,0.3888317346572876,0.023792,False,False,,1,,1
267,40.0,rejection_boundary,/Volumes/Jack_Gandy_1TB_SSD/testing-for-NITE-DSP/sample_pack_testing/MGF Mega Pack/Multisamples/MGF DX11 Vol 4/Purple Tremble/Purp Tremble-2 E0.wav,testing,MGF Mega Pack,Multisamples,Synth One-Shot,SFX,0.17153826355934143,0.16546253859996796,-0.006076,0.35781800746917725,0.3658316135406494,0.008014,False,False,,1,,1
268,40.0,rejection_boundary,/Volumes/Jack_Gandy_1TB_SSD/testing-for-NITE-DSP/sample_pack_testing/MGF Mega Pack/Multisamples/MGF DX21 Vol 1/MGF Solo/MGF Solo (1) C0.wav,testing,MGF Mega Pack,Multisamples,Synth One-Shot,Other/none,0.16668939590454102,0.2204454094171524,0.053756,0.44867444038391113,0.4999137222766876,0.051239,False,False,,1,,1
269,40.0,rejection_boundary,/Volumes/Jack_Gandy_1TB_SSD/testing-for-NITE-DSP/sample_pack_testing/MGF Mega Pack/Multisamples/MGF DX21 Vol 1/MGF Solo/MGF Solo (30) D4.wav,testing,MGF Mega Pack,Multisamples,Synth One-Shot,Other/none,0.12737271189689636,0.1688830703496933,0.04151,0.3568473160266876,0.4105813205242157,0.053734,False,False,,1,,1
270,40.0,rejection_boundary,/Volumes/Jack_Gandy_1TB_SSD/testing-for-NITE-DSP/sample_pack_testing/MGF Mega Pack/Multisamples/MGF DX21 Vol 1/MGF Solo/MGF Solo (32) F4.wav,testing,MGF Mega Pack,Multisamples,Pad,Other/none,0.13098710775375366,0.18054983019828796,0.049563,0.3699832558631897,0.4242315888404846,0.054248,False,False,,1,,1
271,40.0,rejection_boundary,/Volumes/Jack_Gandy_1TB_SSD/testing-for-NITE-DSP/sample_pack_testing/MGF Mega Pack/Multisamples/MGF DX21 Vol 1/MGF Solo/MGF Solo (34) A4.wav,testing,MGF Mega Pack,Multisamples,Synth One-Shot,Other/none,0.1553119271993637,0.19041411578655243,0.035102,0.4182051718235016,0.45869946479797363,0.040494,False,False,,1,,1
272,40.0,rejection_boundary,/Volumes/Jack_Gandy_1TB_SSD/testing-for-NITE-DSP/sample_pack_testing/MGF Mega Pack/Multisamples/MGF JX3P Vol 5/Washboard Pad/Washboard Pad 2 E0.wav,testing,MGF Mega Pack,Multisamples,SFX,Other/none,0.13622473180294037,0.16564780473709106,0.029423,0.3680209815502167,0.40973296761512756,0.041712,False,False,,1,,1
273,40.0,rejection_boundary,/Volumes/Jack_Gandy_1TB_SSD/testing-for-NITE-DSP/sample_pack_testing/MGF Mega Pack/Multisamples/MGF JX3P Vol 5/Washboard Pad/Washboard Pad 4 G0.wav,testing,MGF Mega Pack,Multisamples,Pad,Other/none,0.13797137141227722,0.14020635187625885,0.002235,0.35760563611984253,0.3738882541656494,0.016283,False,False,,1,,1
274,40.0,rejection_boundary,/Volumes/Jack_Gandy_1TB_SSD/testing-for-NITE-DSP/sample_pack_testing/MGF Mega Pack/Multisamples/MGF JX3P Vol 5/Washboard Pad/Washboard Pad 8 D1.wav,testing,MGF Mega Pack,Multisamples,Pad,Other/none,0.14891883730888367,0.16053985059261322,0.011621,0.3984472155570984,0.4211689233779907,0.022722,False,False,,1,,1
275,40.0,rejection_boundary,/Volumes/Jack_Gandy_1TB_SSD/testing-for-NITE-DSP/sample_pack_testing/MGF Mega Pack/Multisamples/MGF Minilogue Vol 1/PWM Sophtness/PWM Sophtness - C4.wav,testing,MGF Mega Pack,Multisamples,Synth One-Shot,SFX,0.2253548949956894,0.20589956641197205,-0.019455,0.41817769408226013,0.42722088098526,0.009043,False,False,,1,,1
276,40.0,rejection_boundary,/Volumes/Jack_Gandy_1TB_SSD/testing-for-NITE-DSP/sample_pack_testing/MGF Mega Pack/Multisamples/MGF Minilogue Vol 1/PWM Sophtness/PWM Sophtness - F#3.wav,testing,MGF Mega Pack,Multisamples,Synth One-Shot,SFX,0.18924157321453094,0.20476442575454712,0.015523,0.3640906512737274,0.396472305059433,0.032382,False,False,,1,,1
277,40.0,rejection_boundary,/Volumes/Jack_Gandy_1TB_SSD/testing-for-NITE-DSP/sample_pack_testing/MGF Mega Pack/Multisamples/MGF Minilogue Vol 1/Semi Flange/Semi Flange - C5.wav,testing,MGF Mega Pack,Multisamples,Synth One-Shot,SFX,0.14391370117664337,0.128953754901886,-0.01496,0.21781495213508606,0.21761448681354523,-0.0002,False,False,,1,,1
278,40.0,rejection_boundary,/Volumes/Jack_Gandy_1TB_SSD/testing-for-NITE-DSP/sample_pack_testing/MGF Mega Pack/Multisamples/MGF Minilogue Vol 1/Semi Flange/Semi Flange - F#5.wav,testing,MGF Mega Pack,Multisamples,Synth One-Shot,SFX,0.15720513463020325,0.1434015929698944,-0.013804,0.22926892340183258,0.23254801332950592,0.003279,False,False,,1,,1
279,40.0,rejection_boundary,/Volumes/Jack_Gandy_1TB_SSD/testing-for-NITE-DSP/sample_pack_testing/MGF Mega Pack/Multisamples/MGF Sub Phatty 1/Chorus Square/Chorus Square-6 F#6.wav,testing,MGF Mega Pack,Multisamples,Synth One-Shot,SFX,0.11990142613649368,0.12977994978427887,0.009879,0.20257841050624847,0.22211574018001556,0.019537,False,False,,1,,1
280,40.0,rejection_boundary,/Volumes/Jack_Gandy_1TB_SSD/testing-for-NITE-DSP/sample_pack_testing/MGF Mega Pack/Multisamples/MGF Sub Phatty 1/RGB Bass/RGB Bass C3.wav,testing,MGF Mega Pack,Multisamples,Synth One-Shot,SFX,0.16038601100444794,0.17369163036346436,0.013306,0.3840588927268982,0.4125461280345917,0.028487,False,False,,1,,1
281,40.0,rejection_boundary,/Volumes/Jack_Gandy_1TB_SSD/testing-for-NITE-DSP/sample_pack_testing/MGF Mega Pack/Multisamples/MGF Sub Phatty 1/RGB Bass/RGB Bass D#3.wav,testing,MGF Mega Pack,Multisamples,Synth One-Shot,SFX,0.168259397149086,0.17236775159835815,0.004108,0.3927081823348999,0.41515710949897766,0.022449,False,False,,1,,1
282,40.0,rejection_boundary,/Volumes/Jack_Gandy_1TB_SSD/testing-for-NITE-DSP/sample_pack_testing/MGF Mega Pack/Multisamples/MGF Sub Phatty 1/RGB Bass/RGB Bass F#3.wav,testing,MGF Mega Pack,Multisamples,Synth One-Shot,SFX,0.16169306635856628,0.19566525518894196,0.033972,0.35094955563545227,0.39751875400543213,0.046569,False,False,,1,,1
283,40.0,rejection_boundary,/Volumes/Jack_Gandy_1TB_SSD/testing-for-NITE-DSP/sample_pack_testing/MGF Mega Pack/Retro Digital Collection/Bass/DX21 RGB Organ C1.wav,testing,MGF Mega Pack,Retro Digital Collection,Synth One-Shot,Other/none,0.1956031769514084,0.24963533878326416,0.054032,0.4078882038593292,0.44871944189071655,0.040831,False,False,,1,,1
284,40.0,rejection_boundary,/Volumes/Jack_Gandy_1TB_SSD/testing-for-NITE-DSP/sample_pack_testing/MGF Mega Pack/Retro Digital Collection/Singles/DX21 JUL17_122 D2.wav,testing,MGF Mega Pack,Retro Digital Collection,SFX,Other/none,0.1415439397096634,0.2126099020242691,0.071066,0.43370750546455383,0.5044037103652954,0.070696,False,False,,1,,1
285,40.0,rejection_boundary,/Volumes/Jack_Gandy_1TB_SSD/testing-for-NITE-DSP/sample_pack_testing/MGF Mega Pack/Wavetables/MGF P6 Wavetables/P6 Saw Oct Res 2.wav,testing,MGF Mega Pack,Wavetables,Synth One-Shot,SFX,0.14838743209838867,0.15512847900390625,0.006741,0.33546534180641174,0.36193525791168213,0.02647,False,False,,1,,1
286,40.0,rejection_boundary,/Volumes/Jack_Gandy_1TB_SSD/testing-for-NITE-DSP/sample_pack_testing/MGF Mega Pack/Wavetables/MGF P6 Wavetables/P6 Square Oct Res.wav,testing,MGF Mega Pack,Wavetables,Synth One-Shot,SFX,0.15962477028369904,0.1523796170949936,-0.007245,0.36706453561782837,0.3838973641395569,0.016833,False,False,,1,,1
287,40.0,rejection_boundary,/Volumes/Jack_Gandy_1TB_SSD/testing-for-NITE-DSP/sample_pack_testing/MGF Mega Pack/Wavetables/Producer Hive Analog + Vintage Wavetables (demo)/VS01_P6_Pulse_Filt3.wav,testing,MGF Mega Pack,Wavetables,Synth One-Shot,SFX,0.1370706707239151,0.13118931651115417,-0.005881,0.28249672055244446,0.3054719567298889,0.022975,False,False,,1,,1
288,40.0,rejection_boundary,/Volumes/Jack_Gandy_1TB_SSD/testing-for-NITE-DSP/sample_pack_testing/MGF Mega Pack/Wavetables/Producer Hive Synthwave (demo)/AnaFifSq1.wav,testing,MGF Mega Pack,Wavetables,SFX,Impact,0.1334831863641739,0.15023042261600494,0.016747,0.299146831035614,0.3497311770915985,0.050584,False,False,,1,,1
289,40.0,rejection_boundary,/Volumes/Jack_Gandy_1TB_SSD/testing-for-NITE-DSP/sample_pack_testing/MGF Mega Pack/Wavetables/Producer Hive Synthwave (demo)/SqDoubleRes.wav,testing,MGF Mega Pack,Wavetables,SFX,Impact,0.13324464857578278,0.1520821452140808,0.018837,0.2945493757724762,0.34626105427742004,0.051712,False,False,,1,,1
290,40.0,rejection_boundary,/Volumes/Jack_Gandy_1TB_SSD/testing-for-NITE-DSP/sample_pack_testing/Sounds of KSHMR Vol.3/KSHMR_Drums/KSHMR_Orchestral_Drums/KSHMR_Cymbals/KSHMR_Crashes_Scary/KSHMR_Orchestral_Crash_Scary_05.wav,testing,Sounds of KSHMR Vol.3,KSHMR_Drums,SFX,Impact,0.1482485681772232,0.18013964593410492,0.031891,0.2947221100330353,0.35189658403396606,0.057174,False,False,,1,,1
291,40.0,rejection_boundary,/Volumes/Jack_Gandy_1TB_SSD/testing-for-NITE-DSP/sample_pack_testing/Sounds of KSHMR Vol.3/KSHMR_Drums/KSHMR_Orchestral_Drums/KSHMR_Cymbals/KSHMR_Crashes_Scary/KSHMR_Orchestral_Crash_Scary_07.wav,testing,Sounds of KSHMR Vol.3,KSHMR_Drums,Crash,SFX,0.24058079719543457,0.2449779361486435,0.004397,0.4035584330558777,0.4364107549190521,0.032852,False,False,,1,,1
292,40.0,rejection_boundary,/Volumes/Jack_Gandy_1TB_SSD/testing-for-NITE-DSP/sample_pack_testing/Sounds of KSHMR Vol.3/KSHMR_Drums/KSHMR_Orchestral_Drums/KSHMR_Cymbals/KSHMR_Crashes_Scary/KSHMR_Orchestral_Crash_Scary_09.wav,testing,Sounds of KSHMR Vol.3,KSHMR_Drums,Crash,SFX,0.25231531262397766,0.20118582248687744,-0.051129,0.39622223377227783,0.38640788197517395,-0.009814,False,False,,1,,1
293,40.0,rejection_boundary,/Volumes/Jack_Gandy_1TB_SSD/testing-for-NITE-DSP/sample_pack_testing/Sounds of KSHMR Vol.3/KSHMR_Drums/KSHMR_Orchestral_Drums/KSHMR_Snares/KSHMR_Orchestral_Snare_05_Long_Roll.wav,testing,Sounds of KSHMR Vol.3,KSHMR_Drums,SFX,Impact,0.2081497460603714,0.3814288079738617,0.173279,0.2891594469547272,0.4209502041339874,0.131791,False,False,,1,,1
294,40.0,rejection_boundary,/Volumes/Jack_Gandy_1TB_SSD/testing-for-NITE-DSP/sample_pack_testing/Sounds of KSHMR Vol.3/KSHMR_Drums/KSHMR_Snares/KSHMR_Big_Snares/KSHMR_Big_Snare_08.wav,testing,Sounds of KSHMR Vol.3,KSHMR_Drums,SFX,Impact,0.11870952695608139,0.15048694610595703,0.031777,0.16324041783809662,0.21134606003761292,0.048106,False,False,,1,,1
295,40.0,rejection_boundary,/Volumes/Jack_Gandy_1TB_SSD/testing-for-NITE-DSP/sample_pack_testing/Sounds of KSHMR Vol.3/KSHMR_Drums/KSHMR_Snares/KSHMR_Big_Snares/KSHMR_Big_Snare_12.wav,testing,Sounds of KSHMR Vol.3,KSHMR_Drums,SFX,Impact,0.14376141130924225,0.17121201753616333,0.027451,0.18914376199245453,0.2354973554611206,0.046354,False,False,,1,,1
296,40.0,rejection_boundary,/Volumes/Jack_Gandy_1TB_SSD/testing-for-NITE-DSP/sample_pack_testing/Sounds of KSHMR Vol.3/KSHMR_FX_Elements/KSHMR_Ambiance_and_Foley/KSHMR_Ambiance_Designed/KSHMR_Fear/KSHMR_Ambiance_Fear_11_D.wav,testing,Sounds of KSHMR Vol.3,KSHMR_FX_Elements,SFX,Impact,0.14182345569133759,0.2810571491718292,0.139234,0.2659648656845093,0.4119160771369934,0.145951,False,False,,1,,1
297,40.0,rejection_boundary,/Volumes/Jack_Gandy_1TB_SSD/testing-for-NITE-DSP/sample_pack_testing/Sounds of KSHMR Vol.3/KSHMR_FX_Elements/KSHMR_Ambiance_and_Foley/KSHMR_Ambiance_Elemental/KSHMR_Fire/KSHMR_Fire_05_Reverse_Pitched_Flamethrower.wav,testing,Sounds of KSHMR Vol.3,KSHMR_FX_Elements,SFX,Impact,0.20321021974086761,0.21792468428611755,0.014714,0.2886155843734741,0.3303959369659424,0.04178,False,False,,1,,1
298,40.0,rejection_boundary,/Volumes/Jack_Gandy_1TB_SSD/testing-for-NITE-DSP/sample_pack_testing/Sounds of KSHMR Vol.3/KSHMR_FX_Elements/KSHMR_Ambiance_and_Foley/KSHMR_Ambiance_Elemental/KSHMR_Wind/KSHMR_Wind_06_Rocket.wav,testing,Sounds of KSHMR Vol.3,KSHMR_FX_Elements,SFX,Impact,0.1757258176803589,0.4840405285358429,0.308315,0.2921862304210663,0.5019445419311523,0.209758,False,False,,1,,1
299,40.0,rejection_boundary,/Volumes/Jack_Gandy_1TB_SSD/testing-for-NITE-DSP/sample_pack_testing/Sounds of KSHMR Vol.3/KSHMR_FX_Elements/KSHMR_Reverse_Synths_and_Vocals/KSHMR_Reverse_Synths/KSHMR_Reverse_Synth_22_G#.wav,testing,Sounds of KSHMR Vol.3,KSHMR_FX_Elements,SFX,Impact,0.1308586299419403,0.28046098351478577,0.149602,0.2274557203054428,0.36503592133522034,0.13758,False,False,,1,,1
300,40.0,rejection_boundary,/Volumes/Jack_Gandy_1TB_SSD/testing-for-NITE-DSP/sample_pack_testing/Sounds of KSHMR Vol.3/KSHMR_FX_Elements/KSHMR_Reverse_Synths_and_Vocals/KSHMR_Reverse_Synths/KSHMR_Reverse_Synth_24_G#.wav,testing,Sounds of KSHMR Vol.3,KSHMR_FX_Elements,SFX,Impact,0.15963244438171387,0.3006255626678467,0.140993,0.2536916434764862,0.379922091960907,0.12623,False,False,,1,,1
301,40.0,rejection_boundary,/Volumes/Jack_Gandy_1TB_SSD/testing-for-NITE-DSP/sample_pack_testing/Sounds of KSHMR Vol.3/KSHMR_VIP_Friends_of_KSHMR/7SKIES/7SKIES_Shooting_Star_Crash.wav,testing,Sounds of KSHMR Vol.3,KSHMR_VIP_Friends_of_KSHMR,SFX,Impact,0.15601609647274017,0.14872430264949799,-0.007292,0.19524414837360382,0.2100866734981537,0.014843,False,False,,1,,1
302,38.0,exact_duplicate_group;near_duplicate_group,/Volumes/Jack_Gandy_1TB_SSD/testing-for-NITE-DSP/sample_pack_testing/Drum Recollection/Essentials Drumkit Vol. 002/808s/Whole Truth 808.wav,testing,Drum Recollection,Essentials Drumkit Vol. 002,Chord Loop,Bass Loop,0.13019166886806488,0.14393435418605804,0.013743,0.3227616250514984,0.3632032573223114,0.040442,False,False,81878353a9da80dad2755981cdf71cce9006a6632020928e98ba484bc0ccdc89,2,near-0032,2
303,38.0,exact_duplicate_group;near_duplicate_group,/Volumes/Jack_Gandy_1TB_SSD/testing-for-NITE-DSP/sample_pack_testing/Drum Recollection/Essentials Drumkit Vol. 002/Claps/Still Swerving Clap.wav,testing,Drum Recollection,Essentials Drumkit Vol. 002,Clap,Rimshot,0.4196150302886963,0.42443203926086426,0.004817,0.609154999256134,0.6170044541358948,0.007849,False,False,9c3359e4142e0ee1c621b2f8d807794d0944022d6ff66aaae0ece2aa3ce7f6db,2,near-0034,2
304,38.0,exact_duplicate_group;near_duplicate_group,/Volumes/Jack_Gandy_1TB_SSD/testing-for-NITE-DSP/sample_pack_testing/Drum Recollection/New Wave Drum Kit Vol. 2/808s/Whole Truth 808.wav,testing,Drum Recollection,New Wave Drum Kit Vol. 2,Chord Loop,Bass Loop,0.13004186749458313,0.14504919946193695,0.015007,0.3228389322757721,0.36438998579978943,0.041551,False,False,81878353a9da80dad2755981cdf71cce9006a6632020928e98ba484bc0ccdc89,2,near-0032,2
305,38.0,exact_duplicate_group;near_duplicate_group,/Volumes/Jack_Gandy_1TB_SSD/testing-for-NITE-DSP/sample_pack_testing/Mike Shinoda Drums/MPC 1000 Backup/NEPTUNES SAMPLES/bell HAT.wav,testing,Mike Shinoda Drums,MPC 1000 Backup,Foley,Percussion,0.25119835138320923,0.2773418426513672,0.026143,0.3831360936164856,0.39185571670532227,0.00872,False,False,b9b5352eb5ff270433781d9c2454f4c283d764ac27ee7ce2721df6324fae32b8,2,near-0094,2
306,38.0,exact_duplicate_group;near_duplicate_group,/Volumes/Jack_Gandy_1TB_SSD/testing-for-NITE-DSP/sample_pack_testing/Mike Shinoda Drums/MPC 1000 Backup/neptunes/bell HAT.wav,testing,Mike Shinoda Drums,MPC 1000 Backup,Foley,Percussion,0.25119835138320923,0.2773418426513672,0.026143,0.3831360936164856,0.39185571670532227,0.00872,False,False,b9b5352eb5ff270433781d9c2454f4c283d764ac27ee7ce2721df6324fae32b8,2,near-0094,2
307,38.0,exact_duplicate_group;near_duplicate_group,/Volumes/Jack_Gandy_1TB_SSD/testing-for-NITE-DSP/sample_pack_testing/Mike Shinoda Drums/MS BEATS/Luna FOR PRINT Samples/Snare Bodzin 2.wav,testing,Mike Shinoda Drums,MS BEATS,Crash,Impact,0.30903834104537964,0.3140470087528229,0.005009,0.2971261441707611,0.34591153264045715,0.048785,False,False,77c7c50b00788bbf724427f8ae928e66fb6c6482dde0ca5279b548419372b56a,5,near-0158,4
308,38.0,exact_duplicate_group;near_duplicate_group,/Volumes/Jack_Gandy_1TB_SSD/testing-for-NITE-DSP/sample_pack_testing/Mike Shinoda Drums/MS BEATS/Luna Samples/Snare Bodzin 2.wav,testing,Mike Shinoda Drums,MS BEATS,Crash,Impact,0.3129931688308716,0.3153221607208252,0.002329,0.2994033992290497,0.347116082906723,0.047713,False,False,77c7c50b00788bbf724427f8ae928e66fb6c6482dde0ca5279b548419372b56a,5,near-0158,4
309,38.0,exact_duplicate_group;near_duplicate_group,/Volumes/Jack_Gandy_1TB_SSD/testing-for-NITE-DSP/sample_pack_testing/Mike Shinoda Drums/MS BEATS/Luna2 Samples/Snare Bodzin 2.wav,testing,Mike Shinoda Drums,MS BEATS,Crash,Impact,0.3129931688308716,0.3153221607208252,0.002329,0.2994033992290497,0.347116082906723,0.047713,False,False,77c7c50b00788bbf724427f8ae928e66fb6c6482dde0ca5279b548419372b56a,5,near-0158,4
310,38.0,exact_duplicate_group;near_duplicate_group,/Volumes/Jack_Gandy_1TB_SSD/testing-for-NITE-DSP/sample_pack_testing/Mike Shinoda Drums/MS BEATS/PizzaBeatz Samples/Clap Dexterity 1.wav,testing,Mike Shinoda Drums,MS BEATS,Clap,Rimshot,0.4392716884613037,0.4316495656967163,-0.007622,0.6675888895988464,0.6699935793876648,0.002405,False,False,a49be678c71cbc82af0cdae1631b53ce9df3e4e6e282213b030435b6773cce44,3,near-0107,2
311,38.0,exact_duplicate_group;near_duplicate_group,/Volumes/Jack_Gandy_1TB_SSD/testing-for-NITE-DSP/sample_pack_testing/Mike Shinoda Drums/MS BEATS/Rollers Samples/Snare Bodzin 2.wav,testing,Mike Shinoda Drums,MS BEATS,Crash,Impact,0.30667179822921753,0.3074882924556732,0.000816,0.2955111265182495,0.3418973982334137,0.046386,False,False,77c7c50b00788bbf724427f8ae928e66fb6c6482dde0ca5279b548419372b56a,5,near-0158,4
312,36.0,low_frequency_family_boundary;near_duplicate_group,/Volumes/Jack_Gandy_1TB_SSD/testing-for-NITE-DSP/sample_pack_testing/MGF Mega Pack/Wavetables/Producer Hive Synthwave (demo)/AnaSqRes2.wav,testing,MGF Mega Pack,Wavetables,Synth One-Shot,Bass Hit,0.1330089569091797,0.12784114480018616,-0.005168,0.3054763972759247,0.3244341015815735,0.018958,False,False,,1,near-0045,2
313,26.0,low_frequency_family_boundary;high_new_similarity,/Volumes/Jack_Gandy_1TB_SSD/testing-for-NITE-DSP/sample_pack_testing/MGF Mega Pack/Retro Digital Collection/Bass/SY77 Lately Bass (Med) - C1.wav,testing,MGF Mega Pack,Retro Digital Collection,Kick,Bass Hit,0.546622633934021,0.7535651922225952,0.206943,0.543840229511261,0.7147640585899353,0.170924,False,False,,1,,1
314,26.0,low_frequency_family_boundary;high_new_similarity,/Volumes/Jack_Gandy_1TB_SSD/testing-for-NITE-DSP/sample_pack_testing/Sounds of KSHMR Vol.3/KSHMR_Synths/KSHMR_Bass_PsyTrance/KSHMR_Psy_Bass_One_Shots/KSHMR_Psy_Bass_65_G.wav,testing,Sounds of KSHMR Vol.3,KSHMR_Synths,Kick,Bass Hit,0.33508723974227905,0.7991111874580383,0.464024,0.43655791878700256,0.7016823291778564,0.265124,False,False,,1,,1
315,25.0,one_shot_loop_boundary,/Volumes/Jack_Gandy_1TB_SSD/testing-for-NITE-DSP/sample_pack_testing/Black Octopus Sound - Pure Analog Sweeps IV (2021)/Xtra Analog Atmospheres/Diamaudix_Audio_PAS_IV_Atmospheres_C24.wav,testing,Black Octopus Sound - Pure Analog Sweeps IV (2021),Xtra Analog Atmospheres,Chord Loop,Impact,0.13759920001029968,0.26740869879722595,0.129809,0.3222475051879883,0.44922229647636414,0.126975,False,False,,1,,1
316,25.0,one_shot_loop_boundary,/Volumes/Jack_Gandy_1TB_SSD/testing-for-NITE-DSP/sample_pack_testing/Breaks/Dirty Arse Drum Breaks/Dirty Arse Drum Breaks 1/85 BPM/Chops/24 SNARE 1.wav,testing,Breaks,Dirty Arse Drum Breaks,Snare,Drum Loop,0.21302762627601624,0.2085670828819275,-0.004461,0.26531368494033813,0.27914679050445557,0.013833,False,False,,1,,1
317,25.0,one_shot_loop_boundary,/Volumes/Jack_Gandy_1TB_SSD/testing-for-NITE-DSP/sample_pack_testing/Breaks/Dirty Arse Drum Breaks/Dirty Arse Drum Breaks 1/85 BPM/Chops/24 SNARE 3.wav,testing,Breaks,Dirty Arse Drum Breaks,Snare,Drum Loop,0.21237128973007202,0.23704931139945984,0.024678,0.26847413182258606,0.29993823170661926,0.031464,False,False,,1,,1
318,25.0,one_shot_loop_boundary,/Volumes/Jack_Gandy_1TB_SSD/testing-for-NITE-DSP/sample_pack_testing/Breaks/Dirty Arse Drum Breaks/Dirty Arse Drum Breaks 1/85 BPM/Chops/29 SNARE 1.wav,testing,Breaks,Dirty Arse Drum Breaks,Snare,Drum Loop,0.21077753603458405,0.21316581964492798,0.002388,0.2651810944080353,0.2835322618484497,0.018351,False,False,,1,,1
319,25.0,one_shot_loop_boundary,/Volumes/Jack_Gandy_1TB_SSD/testing-for-NITE-DSP/sample_pack_testing/Breaks/Dirty Arse Drum Breaks/Dirty Arse Drum Breaks 1/90 BPM/monosole_90bpm_snare 2.wav,testing,Breaks,Dirty Arse Drum Breaks,Snare,Drum Loop,0.1744215339422226,0.18380224704742432,0.009381,0.21398666501045227,0.23853479325771332,0.024548,False,False,,1,,1
320,25.0,one_shot_loop_boundary,/Volumes/Jack_Gandy_1TB_SSD/testing-for-NITE-DSP/sample_pack_testing/Breaks/Dirty Arse Drum Breaks/Dirty Arse Drum Breaks 2/85 BPM/Chops/85BPM_3 SNARE 2.wav,testing,Breaks,Dirty Arse Drum Breaks,Snare,Drum Loop,0.2099037915468216,0.2019481658935547,-0.007956,0.2631077170372009,0.2778732478618622,0.014766,False,False,,1,,1
321,25.0,one_shot_loop_boundary,/Volumes/Jack_Gandy_1TB_SSD/testing-for-NITE-DSP/sample_pack_testing/Breaks/Edison Breaks/Lisabel.wav,testing,Breaks,Edison Breaks,Hi-Hat Loop,Impact,0.16355033218860626,0.16414815187454224,0.000598,0.22710931301116943,0.26239240169525146,0.035283,False,False,,1,,1
322,25.0,one_shot_loop_boundary,/Volumes/Jack_Gandy_1TB_SSD/testing-for-NITE-DSP/sample_pack_testing/Breaks/Laidback Breaks/21 ultra break.wav,testing,Breaks,Laidback Breaks,Rimshot,Drum Loop,0.13959424197673798,0.1324041485786438,-0.00719,0.19894854724407196,0.20517025887966156,0.006222,False,False,,1,,1
323,25.0,one_shot_loop_boundary,/Volumes/Jack_Gandy_1TB_SSD/testing-for-NITE-DSP/sample_pack_testing/Breaks/The Drum Broker - International Breaks & Essential Kicks/The Drum Broker - International Breaks 3/808.wav,testing,Breaks,The Drum Broker - International Breaks & Essential Kicks,Kick Loop,Impact,0.18633456528186798,0.179111048579216,-0.007224,0.25693032145500183,0.284605473279953,0.027675,False,False,,1,,1
324,25.0,one_shot_loop_boundary,/Volumes/Jack_Gandy_1TB_SSD/testing-for-NITE-DSP/sample_pack_testing/Breaks/The Drum Broker - International Breaks & Essential Kicks/The Drum Broker - International Breaks 5/HOFF.wav,testing,Breaks,The Drum Broker - International Breaks & Essential Kicks,Drum Loop,Impact,0.15880244970321655,0.2177649885416031,0.058963,0.28497084975242615,0.3644563555717468,0.079486,False,False,,1,,1
325,25.0,one_shot_loop_boundary,/Volumes/Jack_Gandy_1TB_SSD/testing-for-NITE-DSP/sample_pack_testing/Drum Recollection/2023 Drums/(808) Motor Oil.wav,testing,Drum Recollection,2023 Drums,Bass Loop,Impact,0.18675248324871063,0.20970021188259125,0.022948,0.2735220491886139,0.3239322006702423,0.05041,False,False,,1,,1
326,25.0,one_shot_loop_boundary,/Volumes/Jack_Gandy_1TB_SSD/testing-for-NITE-DSP/sample_pack_testing/Drum Recollection/2023 Drums/(808) Rock x Roll.wav,testing,Drum Recollection,2023 Drums,Chord Loop,Impact,0.24324947595596313,0.3249863088130951,0.081737,0.33165600895881653,0.4365806579589844,0.104925,False,False,,1,,1
327,25.0,one_shot_loop_boundary,/Volumes/Jack_Gandy_1TB_SSD/testing-for-NITE-DSP/sample_pack_testing/Drum Recollection/Essentials Drum Kit Vol. 001/808s/CTM 808 (Without Kick).wav,testing,Drum Recollection,Essentials Drum Kit Vol. 001,Bass Loop,Impact,0.1151406466960907,0.11435950547456741,-0.000781,0.193430095911026,0.21703267097473145,0.023603,False,False,,1,,1
328,25.0,one_shot_loop_boundary,/Volumes/Jack_Gandy_1TB_SSD/testing-for-NITE-DSP/sample_pack_testing/Drum Recollection/Essentials Drumkit Vol. 002/808s/Crash 808.wav,testing,Drum Recollection,Essentials Drumkit Vol. 002,Chord Loop,Impact,0.220178484916687,0.15961404144763947,-0.060564,0.2767980396747589,0.2672886550426483,-0.009509,False,False,,1,,1
329,25.0,one_shot_loop_boundary,/Volumes/Jack_Gandy_1TB_SSD/testing-for-NITE-DSP/sample_pack_testing/Drum Recollection/Essentials Drumkit Vol. 002/Open Hats/TwentySix Open Hat.wav,testing,Drum Recollection,Essentials Drumkit Vol. 002,Hi-Hat Loop,Hi-Hat,0.14403778314590454,0.1323159784078598,-0.011722,0.1793878823518753,0.18661090731620789,0.007223,False,False,,1,,1
330,25.0,one_shot_loop_boundary,/Volumes/Jack_Gandy_1TB_SSD/testing-for-NITE-DSP/sample_pack_testing/Drum Recollection/Official Drum Kit Vol. 2/Hi-Hats/Western Bag Hi-Hat (Roll).wav,testing,Drum Recollection,Official Drum Kit Vol. 2,Hi-Hat Loop,Hi-Hat,0.2860379219055176,0.2450409084558487,-0.040997,0.2892187237739563,0.2933977246284485,0.004179,False,False,,1,,1
331,25.0,one_shot_loop_boundary,/Volumes/Jack_Gandy_1TB_SSD/testing-for-NITE-DSP/sample_pack_testing/IMANU/IMANU Patreon August 2024 Samples/DRONE C _2.wav,testing,IMANU,IMANU Patreon August 2024 Samples,Foley Loop,Impact,0.24132950603961945,0.23138944804668427,-0.00994,0.41397905349731445,0.44953271746635437,0.035554,False,False,,1,,1
332,25.0,one_shot_loop_boundary,/Volumes/Jack_Gandy_1TB_SSD/testing-for-NITE-DSP/sample_pack_testing/IMANU/IMANU Patreon June 2024 Samples /Super detune Saw into mp3 Am.wav,testing,IMANU,IMANU Patreon June 2024 Samples ,Synth Loop,Pad,0.17881427705287933,0.17090389132499695,-0.00791,0.4548962712287903,0.4670230746269226,0.012127,False,False,,1,,1
333,25.0,one_shot_loop_boundary,/Volumes/Jack_Gandy_1TB_SSD/testing-for-NITE-DSP/sample_pack_testing/Koan Sound/Koan Sound Samples/ks-samples-01/Bass Guitar Stab 2_F.wav,testing,Koan Sound,Koan Sound Samples,Bass Loop,Impact,0.27077192068099976,0.41287851333618164,0.142107,0.34334397315979004,0.4914550483226776,0.148111,False,False,,1,,1
334,25.0,one_shot_loop_boundary,/Volumes/Jack_Gandy_1TB_SSD/testing-for-NITE-DSP/sample_pack_testing/MGF Mega Pack/Analogue Collection/Chords - Stab + Short/ML Chords 005.wav,testing,MGF Mega Pack,Analogue Collection,Chord Loop,Impact,0.40189245343208313,0.42670589685440063,0.024813,0.4788120985031128,0.5617173910140991,0.082905,False,False,,1,,1
335,25.0,one_shot_loop_boundary,/Volumes/Jack_Gandy_1TB_SSD/testing-for-NITE-DSP/sample_pack_testing/MGF Mega Pack/Analogue Collection/Chords - Stab + Short/ML Chords 008.wav,testing,MGF Mega Pack,Analogue Collection,Chord Loop,Impact,0.40064072608947754,0.4400542080402374,0.039413,0.47723060846328735,0.5699714422225952,0.092741,False,False,,1,,1
336,25.0,one_shot_loop_boundary,/Volumes/Jack_Gandy_1TB_SSD/testing-for-NITE-DSP/sample_pack_testing/MGF Mega Pack/Misc + Found Sound/Button Bash/Melodic/MGF_BB2_MEL_40.wav,testing,MGF Mega Pack,Misc + Found Sound,Chord Loop,Synth One-Shot,0.19028863310813904,0.1694796085357666,-0.020809,0.41415494680404663,0.4119729995727539,-0.002182,False,False,,1,,1
337,25.0,one_shot_loop_boundary,/Volumes/Jack_Gandy_1TB_SSD/testing-for-NITE-DSP/sample_pack_testing/MGF Mega Pack/Misc + Found Sound/Chromaphone/MGF_PHYS1_51.wav,testing,MGF Mega Pack,Misc + Found Sound,Chord Loop,Pad,0.2346217781305313,0.2109116017818451,-0.02371,0.526406466960907,0.5271581411361694,0.000752,False,False,,1,,1
338,25.0,one_shot_loop_boundary,/Volumes/Jack_Gandy_1TB_SSD/testing-for-NITE-DSP/sample_pack_testing/MGF Mega Pack/Misc + Found Sound/Leichhardt 14-3-15/Long/LEICH-4-3-15-009.wav,testing,MGF Mega Pack,Misc + Found Sound,Foley Loop,Impact,0.1491362601518631,0.1445530205965042,-0.004583,0.3113817274570465,0.33007097244262695,0.018689,False,False,,1,,1
339,25.0,one_shot_loop_boundary,/Volumes/Jack_Gandy_1TB_SSD/testing-for-NITE-DSP/sample_pack_testing/MGF Mega Pack/Misc + Found Sound/Syd Park Play Equipment/Long/SYDPARK-LONG-008.wav,testing,MGF Mega Pack,Misc + Found Sound,Foley Loop,Impact,0.14897069334983826,0.20970943570137024,0.060739,0.2688136398792267,0.34055095911026,0.071737,False,False,,1,,1
340,25.0,one_shot_loop_boundary,/Volumes/Jack_Gandy_1TB_SSD/testing-for-NITE-DSP/sample_pack_testing/MGF Mega Pack/Misc + Found Sound/Syd Park Play Equipment/Long/SYDPARK-LONG-009.wav,testing,MGF Mega Pack,Misc + Found Sound,Chord Loop,Impact,0.16700564324855804,0.12922103703022003,-0.037785,0.2957761883735657,0.2843284606933594,-0.011448,False,False,,1,,1
341,25.0,one_shot_loop_boundary,/Volumes/Jack_Gandy_1TB_SSD/testing-for-NITE-DSP/sample_pack_testing/MGF Mega Pack/Misc + Found Sound/Syd Park Play Equipment/Med/SYDPARK-MED-020.wav,testing,MGF Mega Pack,Misc + Found Sound,Chord Loop,Impact,0.13629241287708282,0.14365127682685852,0.007359,0.2401054948568344,0.26704633235931396,0.026941,False,False,,1,,1
342,25.0,one_shot_loop_boundary,/Volumes/Jack_Gandy_1TB_SSD/testing-for-NITE-DSP/sample_pack_testing/MGF Mega Pack/Misc + Found Sound/Wavestation Cassette Chords/Vox Concrete-4-CAug.wav,testing,MGF Mega Pack,Misc + Found Sound,Chord Loop,Pad,0.31607913970947266,0.3104238212108612,-0.005655,0.5946595668792725,0.6088066697120667,0.014147,False,False,,1,,1
343,25.0,one_shot_loop_boundary,/Volumes/Jack_Gandy_1TB_SSD/testing-for-NITE-DSP/sample_pack_testing/MGF Mega Pack/Multisamples/Alpha Juno Jungle Bass Multis 1/Jungle Bass 4/AJ Jungle Bass 4 - E2.wav,testing,MGF Mega Pack,Multisamples,Synth One-Shot,Chord Loop,0.2511610686779022,0.22745797038078308,-0.023703,0.5046149492263794,0.4994298815727234,-0.005185,False,False,,1,,1
344,25.0,one_shot_loop_boundary,/Volumes/Jack_Gandy_1TB_SSD/testing-for-NITE-DSP/sample_pack_testing/MGF Mega Pack/Multisamples/DX21 Chorus Pack/Portapad/Portapad + Chorus D#1.wav,testing,MGF Mega Pack,Multisamples,Pad,Chord Loop,0.19722722470760345,0.17353416979312897,-0.023693,0.4647565484046936,0.45656701922416687,-0.00819,False,False,,1,,1
345,25.0,one_shot_loop_boundary,/Volumes/Jack_Gandy_1TB_SSD/testing-for-NITE-DSP/sample_pack_testing/MGF Mega Pack/Multisamples/MGF Alpha Juno Vol 1/Backwoods/Backwoods A3.wav,testing,MGF Mega Pack,Multisamples,Pad,Chord Loop,0.23107554018497467,0.19934293627738953,-0.031733,0.4318223297595978,0.4224182665348053,-0.009404,False,False,,1,,1
346,25.0,one_shot_loop_boundary,/Volumes/Jack_Gandy_1TB_SSD/testing-for-NITE-DSP/sample_pack_testing/MGF Mega Pack/Multisamples/MGF JX3P Vol 5/Washboard Pad/Washboard Pad 17 F2.wav,testing,MGF Mega Pack,Multisamples,Synth One-Shot,Chord Loop,0.2029813677072525,0.182966947555542,-0.020014,0.4820965528488159,0.4777318835258484,-0.004365,False,False,,1,,1
347,25.0,one_shot_loop_boundary,/Volumes/Jack_Gandy_1TB_SSD/testing-for-NITE-DSP/sample_pack_testing/MGF Mega Pack/Multisamples/MGF Sub Phatty 1/Tape Lead 2/Tape Lead 2-1 F#1.wav,testing,MGF Mega Pack,Multisamples,Pad,Chord Loop,0.1931593269109726,0.15996627509593964,-0.033193,0.4590754508972168,0.4422716796398163,-0.016804,False,False,,1,,1
348,25.0,one_shot_loop_boundary,/Volumes/Jack_Gandy_1TB_SSD/testing-for-NITE-DSP/sample_pack_testing/MGF Mega Pack/Multisamples/MGF Sub Phatty 1/Tape Lead 2/Tape Lead 2-9 A2.wav,testing,MGF Mega Pack,Multisamples,Synth One-Shot,Chord Loop,0.24433130025863647,0.23018884658813477,-0.014142,0.5592272877693176,0.5571007132530212,-0.002127,False,False,,1,,1
349,25.0,one_shot_loop_boundary,/Volumes/Jack_Gandy_1TB_SSD/testing-for-NITE-DSP/sample_pack_testing/MGF Mega Pack/Retro Digital Collection/Chords - Pads/JV Chords+SFX_104.wav,testing,MGF Mega Pack,Retro Digital Collection,Pad,Chord Loop,0.30450549721717834,0.2983962893486023,-0.006109,0.6468577980995178,0.6504315733909607,0.003574,False,False,,1,,1
350,25.0,one_shot_loop_boundary,/Volumes/Jack_Gandy_1TB_SSD/testing-for-NITE-DSP/sample_pack_testing/MGF Mega Pack/Retro Digital Collection/Singles/M06 Grey Matter - D#2.wav,testing,MGF Mega Pack,Retro Digital Collection,Pad,Chord Loop,0.21121428906917572,0.18586571514606476,-0.025349,0.4524902403354645,0.4452470541000366,-0.007243,False,False,,1,,1
351,25.0,one_shot_loop_boundary,/Volumes/Jack_Gandy_1TB_SSD/testing-for-NITE-DSP/sample_pack_testing/MGF Mega Pack/Wavetables/Producer Hive Synthwave (demo)/AnaDistRes2.wav,testing,MGF Mega Pack,Wavetables,Synth One-Shot,Bass Loop,0.14341707527637482,0.1700245887041092,0.026608,0.33260291814804077,0.3823084831237793,0.049706,False,False,,1,,1
352,25.0,one_shot_loop_boundary,/Volumes/Jack_Gandy_1TB_SSD/testing-for-NITE-DSP/sample_pack_testing/Mike Shinoda Drums/MS BEATS/Cool EFX Samples/Ambience DroneBuzz.wav,testing,Mike Shinoda Drums,MS BEATS,Foley Loop,Impact,0.1656288504600525,0.1762768179178238,0.010648,0.32270294427871704,0.3637728691101074,0.04107,False,False,,1,,1
353,25.0,one_shot_loop_boundary,/Volumes/Jack_Gandy_1TB_SSD/testing-for-NITE-DSP/sample_pack_testing/Mike Shinoda Drums/MS BEATS/Cool EFX Samples/Drone SpaceMirror.wav,testing,Mike Shinoda Drums,MS BEATS,Foley Loop,Impact,0.1752735823392868,0.15116392076015472,-0.02411,0.34215185046195984,0.3507692813873291,0.008617,False,False,,1,,1
354,25.0,one_shot_loop_boundary,/Volumes/Jack_Gandy_1TB_SSD/testing-for-NITE-DSP/sample_pack_testing/Minimal Audio/ELEMENT/1 - Drums/1 - Drum Loops/1 - Full Loops/Drums - Desert Heat - 64 BPM.wav,testing,Minimal Audio,ELEMENT,Bass Loop,Impact,0.16972534358501434,0.2407384067773819,0.071013,0.28456076979637146,0.3762209117412567,0.09166,False,False,,1,,1
355,25.0,one_shot_loop_boundary,/Volumes/Jack_Gandy_1TB_SSD/testing-for-NITE-DSP/sample_pack_testing/Minimal Audio/ELEMENT/1 - Drums/1 - Drum Loops/2 - Kick Loops/Kick - Desert Heat - 64 BPM.wav,testing,Minimal Audio,ELEMENT,Kick Loop,Impact,0.2239360809326172,0.44822338223457336,0.224287,0.31134432554244995,0.478424072265625,0.16708,False,False,,1,,1
356,25.0,one_shot_loop_boundary,/Volumes/Jack_Gandy_1TB_SSD/testing-for-NITE-DSP/sample_pack_testing/Minimal Audio/ELEMENT/1 - Drums/1 - Drum Loops/2 - Kick Loops/Kick - Dodgy Scheme - 64 BPM.wav,testing,Minimal Audio,ELEMENT,Chord Loop,Impact,0.2340923547744751,0.3759891390800476,0.141897,0.3511855900287628,0.4716626703739166,0.120477,False,False,,1,,1
357,25.0,one_shot_loop_boundary,/Volumes/Jack_Gandy_1TB_SSD/testing-for-NITE-DSP/sample_pack_testing/Minimal Audio/ELEMENT/1 - Drums/1 - Drum Loops/3 - Snare Loops/Rimshot - Dub Ya - 78 BPM.wav,testing,Minimal Audio,ELEMENT,Chord Loop,Impact,0.1995541751384735,0.18584679067134857,-0.013707,0.2832816541194916,0.29970064759254456,0.016419,False,False,,1,,1
358,25.0,one_shot_loop_boundary,/Volumes/Jack_Gandy_1TB_SSD/testing-for-NITE-DSP/sample_pack_testing/Minimal Audio/ELEMENT/3 - Bass Loops/Bass - Boom Payback - G - 78 BPM.wav,testing,Minimal Audio,ELEMENT,Chord Loop,Impact,0.2148469239473343,0.25656476616859436,0.041718,0.3449150025844574,0.4231957197189331,0.078281,False,False,,1,,1
359,25.0,one_shot_loop_boundary,/Volumes/Jack_Gandy_1TB_SSD/testing-for-NITE-DSP/sample_pack_testing/Old Movies 1 - Vintage Collection (Drum Kit)/Noise & Texture (Old Movies)/TLFT_Texture 2.wav,testing,Old Movies 1 - Vintage Collection (Drum Kit),Noise & Texture (Old Movies),Foley Loop,Impact,0.15970729291439056,0.13776470720767975,-0.021943,0.26183274388313293,0.26140186190605164,-0.000431,False,False,,1,,1
360,25.0,one_shot_loop_boundary,/Volumes/Jack_Gandy_1TB_SSD/testing-for-NITE-DSP/sample_pack_testing/Old Movies 1 - Vintage Collection (Drum Kit)/Snares/Snare 4.wav,testing,Old Movies 1 - Vintage Collection (Drum Kit),Snares,Chord Loop,Impact,0.192783385515213,0.3937482535839081,0.200965,0.2469445765018463,0.3949231803417206,0.147979,False,False,,1,,1
361,25.0,one_shot_loop_boundary,/Volumes/Jack_Gandy_1TB_SSD/testing-for-NITE-DSP/sample_pack_testing/Old Movies 1 - Vintage Collection (Drum Kit)/Vocal Elements (Old Movies)/TTCRB_Melodic Vocal 1.wav,testing,Old Movies 1 - Vintage Collection (Drum Kit),Vocal Elements (Old Movies),Vocal Loop,Vocal One-Shot,0.20936837792396545,0.20323128998279572,-0.006137,0.4384152293205261,0.4438174068927765,0.005402,False,False,,1,,1
362,25.0,one_shot_loop_boundary,/Volumes/Jack_Gandy_1TB_SSD/testing-for-NITE-DSP/sample_pack_testing/Organic Drum Kit/5 Percussion/2 Cajon Box/1 Cajon Box/2 Snare Slap/Organic - Cajon Snare_A (22).wav,testing,Organic Drum Kit,5 Percussion,Percussion Loop,Percussion,0.1695389747619629,0.16912604868412018,-0.000413,0.22790181636810303,0.23074491322040558,0.002843,False,False,,1,,1
363,25.0,one_shot_loop_boundary,/Volumes/Jack_Gandy_1TB_SSD/testing-for-NITE-DSP/sample_pack_testing/Organic Electronics 2 J.Views/JVIEWS_city/JVIEWS_city_loops/JVIEWS_soft_dark_02_100.wav,testing,Organic Electronics 2 J.Views,JVIEWS_city,Kick Loop,Impact,0.16021889448165894,0.23746664822101593,0.077248,0.23212768137454987,0.32126593589782715,0.089138,False,False,,1,,1
364,25.0,one_shot_loop_boundary,/Volumes/Jack_Gandy_1TB_SSD/testing-for-NITE-DSP/sample_pack_testing/Organic Electronics 2 J.Views/JVIEWS_countryside/JVIEWS_countryside_one_shots/JVIEWS_hollow_tree_snare_01.wav,testing,Organic Electronics 2 J.Views,JVIEWS_countryside,Chord Loop,Impact,0.17069147527217865,0.23620420694351196,0.065513,0.24272964894771576,0.34694933891296387,0.10422,False,False,,1,,1
365,25.0,one_shot_loop_boundary,/Volumes/Jack_Gandy_1TB_SSD/testing-for-NITE-DSP/sample_pack_testing/Sounds of KSHMR Vol.3/KSHMR_Drums/KSHMR_Claps/KSHMR_Drop_Claps/KSHMR_Drop_Clap_04_128.wav,testing,Sounds of KSHMR Vol.3,KSHMR_Drums,Crash,Top Loop,0.2172161489725113,0.17720240354537964,-0.040014,0.27956849336624146,0.2805089056491852,0.00094,False,False,,1,,1
366,25.0,one_shot_loop_boundary,/Volumes/Jack_Gandy_1TB_SSD/testing-for-NITE-DSP/sample_pack_testing/Sounds of KSHMR Vol.3/KSHMR_Drums/KSHMR_Claps/KSHMR_Drop_Claps/KSHMR_Drop_Clap_05_128.wav,testing,Sounds of KSHMR Vol.3,KSHMR_Drums,Hi-Hat,Top Loop,0.20753608644008636,0.3321060538291931,0.12457,0.2536916732788086,0.3624196946620941,0.108728,False,False,,1,,1
367,25.0,one_shot_loop_boundary,/Volumes/Jack_Gandy_1TB_SSD/testing-for-NITE-DSP/sample_pack_testing/Sounds of KSHMR Vol.3/KSHMR_Drums/KSHMR_Kicks/KSHMR_Hip_Hop_kicks/KSHMR_808s/KSHMR_808_12_Distorted_D.wav,testing,Sounds of KSHMR Vol.3,KSHMR_Drums,Bass Loop,Impact,0.24672965705394745,0.22563426196575165,-0.021095,0.3275057375431061,0.36805132031440735,0.040546,False,False,,1,,1
368,25.0,one_shot_loop_boundary,/Volumes/Jack_Gandy_1TB_SSD/testing-for-NITE-DSP/sample_pack_testing/Sounds of KSHMR Vol.3/KSHMR_Drums/KSHMR_Orchestral_Drums/KSHMR_Deep_Impacts/KSHMR_Orchestral_Deep_Impact_02.wav,testing,Sounds of KSHMR Vol.3,KSHMR_Drums,Chord Loop,Impact,0.14706677198410034,0.4818502366542816,0.334783,0.26695483922958374,0.5039806365966797,0.237026,False,False,,1,,1
369,25.0,one_shot_loop_boundary,/Volumes/Jack_Gandy_1TB_SSD/testing-for-NITE-DSP/sample_pack_testing/Sounds of KSHMR Vol.3/KSHMR_Drums/KSHMR_Orchestral_Drums/KSHMR_Deep_Impacts/KSHMR_Orchestral_Deep_Impact_03.wav,testing,Sounds of KSHMR Vol.3,KSHMR_Drums,Bass Loop,Impact,0.20008715987205505,0.41230010986328125,0.212213,0.3288014531135559,0.4878568649291992,0.159055,False,False,,1,,1
370,25.0,one_shot_loop_boundary,/Volumes/Jack_Gandy_1TB_SSD/testing-for-NITE-DSP/sample_pack_testing/Sounds of KSHMR Vol.3/KSHMR_Drums/KSHMR_Orchestral_Drums/KSHMR_Main_Drums_Low/KSHMR_Orchestral_Drum_Low_10.wav,testing,Sounds of KSHMR Vol.3,KSHMR_Drums,Chord Loop,Impact,0.15470634400844574,0.7140215039253235,0.559315,0.21030990779399872,0.5643731355667114,0.354063,False,False,,1,,1
371,25.0,one_shot_loop_boundary,/Volumes/Jack_Gandy_1TB_SSD/testing-for-NITE-DSP/sample_pack_testing/Sounds of KSHMR Vol.3/KSHMR_Drums/KSHMR_Orchestral_Drums/KSHMR_Rolls_and_Flams/KSHMR_Orchestral_Roll_Low_03_Long.wav,testing,Sounds of KSHMR Vol.3,KSHMR_Drums,Bass Loop,Impact,0.19726847112178802,0.23444172739982605,0.037173,0.2787995934486389,0.3310190439224243,0.052219,False,False,,1,,1
372,25.0,one_shot_loop_boundary,/Volumes/Jack_Gandy_1TB_SSD/testing-for-NITE-DSP/sample_pack_testing/Sounds of KSHMR Vol.3/KSHMR_Drums/KSHMR_Orchestral_Drums/KSHMR_Rolls_and_Flams/KSHMR_Orchestral_Roll_Low_04_Long.wav,testing,Sounds of KSHMR Vol.3,KSHMR_Drums,Foley Loop,Impact,0.2690551280975342,0.3156958520412445,0.046641,0.3426201641559601,0.40683600306510925,0.064216,False,False,,1,,1
373,25.0,one_shot_loop_boundary,/Volumes/Jack_Gandy_1TB_SSD/testing-for-NITE-DSP/sample_pack_testing/Sounds of KSHMR Vol.3/KSHMR_Drums/KSHMR_Orchestral_Drums/KSHMR_Rolls_and_Flams/KSHMR_Orchestral_Roll_Low_05_Long.wav,testing,Sounds of KSHMR Vol.3,KSHMR_Drums,Foley Loop,Impact,0.19067895412445068,0.47593414783477783,0.285255,0.2890534996986389,0.483432799577713,0.194379,False,False,,1,,1
374,25.0,one_shot_loop_boundary,/Volumes/Jack_Gandy_1TB_SSD/testing-for-NITE-DSP/sample_pack_testing/Sounds of KSHMR Vol.3/KSHMR_Drums_Loops/KSHMR_Drum_Loops_Full/KSHMR_Cinematic_Drum_Loops/KSHMR_Cinematic_Drum_Loop_10_100.wav,testing,Sounds of KSHMR Vol.3,KSHMR_Drums_Loops,Chord Loop,Impact,0.12205051630735397,0.3949110209941864,0.272861,0.19678469002246857,0.41057705879211426,0.213792,False,False,,1,,1
375,25.0,one_shot_loop_boundary,/Volumes/Jack_Gandy_1TB_SSD/testing-for-NITE-DSP/sample_pack_testing/Sounds of KSHMR Vol.3/KSHMR_Drums_Loops/KSHMR_Drum_Loops_Full/KSHMR_Cinematic_Drum_Loops/KSHMR_Cinematic_Drum_Loop_23_128.wav,testing,Sounds of KSHMR Vol.3,KSHMR_Drums_Loops,Bass Loop,Impact,0.15034721791744232,0.25971680879592896,0.10937,0.20272304117679596,0.325743168592453,0.12302,False,False,,1,,1
376,25.0,one_shot_loop_boundary,/Volumes/Jack_Gandy_1TB_SSD/testing-for-NITE-DSP/sample_pack_testing/Sounds of KSHMR Vol.3/KSHMR_Drums_Loops/KSHMR_Drum_Loops_Solo/KSHMR_Hand_Clap_Loops/KSHMR_Hand_Clap_Loop_02_100.wav,testing,Sounds of KSHMR Vol.3,KSHMR_Drums_Loops,Clap,Top Loop,0.1707649976015091,0.16284362971782684,-0.007921,0.22103193402290344,0.24288703501224518,0.021855,False,False,,1,,1
377,25.0,one_shot_loop_boundary,/Volumes/Jack_Gandy_1TB_SSD/testing-for-NITE-DSP/sample_pack_testing/Sounds of KSHMR Vol.3/KSHMR_Drums_Loops/KSHMR_Drum_Loops_Solo/KSHMR_Hand_Clap_Loops/KSHMR_Hand_Clap_Loop_10_128.wav,testing,Sounds of KSHMR Vol.3,KSHMR_Drums_Loops,Clap,Percussion Loop,0.14845919609069824,0.13452333211898804,-0.013936,0.2102305144071579,0.22401930391788483,0.013789,False,False,,1,,1
378,25.0,one_shot_loop_boundary,/Volumes/Jack_Gandy_1TB_SSD/testing-for-NITE-DSP/sample_pack_testing/Sounds of KSHMR Vol.3/KSHMR_FX_Elements/KSHMR_Ambiance_and_Foley/KSHMR_Ambiance_Scenes/KSHMR_Ambiance_Scene_11_Wind.wav,testing,Sounds of KSHMR Vol.3,KSHMR_FX_Elements,Chord Loop,Impact,0.18630936741828918,0.2004239857196808,0.014115,0.34527766704559326,0.38519325852394104,0.039916,False,False,,1,,1
379,25.0,one_shot_loop_boundary,/Volumes/Jack_Gandy_1TB_SSD/testing-for-NITE-DSP/sample_pack_testing/Sounds of KSHMR Vol.3/KSHMR_FX_Elements/KSHMR_Impacts/KSHMR_Impacts_02_Low/KSHMR_Impact_Low_09.wav,testing,Sounds of KSHMR Vol.3,KSHMR_FX_Elements,Chord Loop,Impact,0.1659611612558365,0.6592130064964294,0.493252,0.2415791153907776,0.5512437224388123,0.309665,False,False,,1,,1
380,25.0,one_shot_loop_boundary,/Volumes/Jack_Gandy_1TB_SSD/testing-for-NITE-DSP/sample_pack_testing/Sounds of KSHMR Vol.3/KSHMR_FX_Elements/KSHMR_Reverse_Synths_and_Vocals/KSHMR_Reverse_Synths/KSHMR_Reverse_Synth_06_C#.wav,testing,Sounds of KSHMR Vol.3,KSHMR_FX_Elements,Chord Loop,Impact,0.1774279773235321,0.21685034036636353,0.039422,0.2933570146560669,0.3522283732891083,0.058871,False,False,,1,,1
381,25.0,one_shot_loop_boundary,/Volumes/Jack_Gandy_1TB_SSD/testing-for-NITE-DSP/sample_pack_testing/Sounds of KSHMR Vol.3/KSHMR_FX_Elements/KSHMR_War_Horns_and_Alarms/KSHMR_Intensity_Builders/KSHMR_Intensity_Builder_01_Lo_F#.wav,testing,Sounds of KSHMR Vol.3,KSHMR_FX_Elements,Chord Loop,Impact,0.14871327579021454,0.238062784075737,0.08935,0.3090117871761322,0.4180314242839813,0.10902,False,False,,1,,1
382,25.0,one_shot_loop_boundary,/Volumes/Jack_Gandy_1TB_SSD/testing-for-NITE-DSP/sample_pack_testing/Sounds of KSHMR Vol.3/KSHMR_Fills/KSHMR_Long_Fills/KSHMR_Long_Fill_11_128.wav,testing,Sounds of KSHMR Vol.3,KSHMR_Fills,Bass Loop,Impact,0.2890322804450989,0.259517639875412,-0.029515,0.3175574243068695,0.34636184573173523,0.028804,False,False,,1,,1
383,25.0,one_shot_loop_boundary,/Volumes/Jack_Gandy_1TB_SSD/testing-for-NITE-DSP/sample_pack_testing/Sounds of KSHMR Vol.3/KSHMR_Fills/KSHMR_Short_Fills/KSHMR_Short_Fills_130-160/KSHMR_Short_Drum_Fill_17_160.wav,testing,Sounds of KSHMR Vol.3,KSHMR_Fills,Crash,Top Loop,0.16054901480674744,0.20721575617790222,0.046667,0.19046828150749207,0.25433117151260376,0.063863,False,False,,1,,1
384,25.0,one_shot_loop_boundary,/Volumes/Jack_Gandy_1TB_SSD/testing-for-NITE-DSP/sample_pack_testing/Sounds of KSHMR Vol.3/KSHMR_Fills/KSHMR_Short_Fills/KSHMR_Short_Fills_90-120/KSHMR_Short_Drum_Fill_04_97.wav,testing,Sounds of KSHMR Vol.3,KSHMR_Fills,Drum Loop,Impact,0.2709521949291229,0.2179153710603714,-0.053037,0.28345707058906555,0.3069002032279968,0.023443,False,False,,1,,1
385,25.0,one_shot_loop_boundary,/Volumes/Jack_Gandy_1TB_SSD/testing-for-NITE-DSP/sample_pack_testing/Sounds of KSHMR Vol.3/KSHMR_Live_Instruments/KSHMR_Orchestral_Instruments/KSHMR_Strings/KSHMR_String_Loops/KSHMR_String_Loop_02_104_Dm.wav,testing,Sounds of KSHMR Vol.3,KSHMR_Live_Instruments,Pad,Synth Loop,0.17306123673915863,0.15617865324020386,-0.016883,0.33106496930122375,0.3261463940143585,-0.004919,False,False,,1,,1
386,25.0,one_shot_loop_boundary,/Volumes/Jack_Gandy_1TB_SSD/testing-for-NITE-DSP/sample_pack_testing/Sounds of KSHMR Vol.3/KSHMR_Live_Instruments/KSHMR_Orchestral_Instruments/KSHMR_Strings/KSHMR_String_Loops/KSHMR_String_Loop_04_105_Fm.wav,testing,Sounds of KSHMR Vol.3,KSHMR_Live_Instruments,Pad,Bass Loop,0.15931865572929382,0.1412818878889084,-0.018037,0.32560238242149353,0.32259804010391235,-0.003004,False,False,,1,,1
387,25.0,one_shot_loop_boundary,/Volumes/Jack_Gandy_1TB_SSD/testing-for-NITE-DSP/sample_pack_testing/Sounds of KSHMR Vol.3/KSHMR_Song_Starters/KSHMR_Song_Starters_Hip_Hop/KSHMR_Song_Starter_Hip_Hop_Bobble_Head_125_A#m.wav,testing,Sounds of KSHMR Vol.3,KSHMR_Song_Starters,Foley Loop,Pad,0.15128841996192932,0.1418045461177826,-0.009484,0.35252514481544495,0.3566415011882782,0.004116,False,False,,1,,1
388,25.0,one_shot_loop_boundary,/Volumes/Jack_Gandy_1TB_SSD/testing-for-NITE-DSP/sample_pack_testing/Sounds of KSHMR Vol.3/KSHMR_VIP_Friends_of_KSHMR/NICKY_ROMERO/NICKY_ROMERO_Clap_Next_Level_02.wav,testing,Sounds of KSHMR Vol.3,KSHMR_VIP_Friends_of_KSHMR,Clap,Top Loop,0.23481328785419464,0.25713828206062317,0.022325,0.24801312386989594,0.30231478810310364,0.054302,False,False,,1,,1
389,22.0,exact_duplicate_group,/Volumes/Jack_Gandy_1TB_SSD/testing-for-NITE-DSP/sample_pack_testing/Drum Recollection/2023 Drums (Demo)/(Open Hat) Secret Santa.wav,testing,Drum Recollection,2023 Drums (Demo),Crash,Hi-Hat,0.29842260479927063,0.25750163197517395,-0.040921,0.3050132989883423,0.3030337393283844,-0.00198,False,False,2817d386defd90740b6cf6e7a855d63bc9cb17fb2da5fe46ee5d2497f371c2d0,2,,1
390,22.0,exact_duplicate_group,/Volumes/Jack_Gandy_1TB_SSD/testing-for-NITE-DSP/sample_pack_testing/Drum Recollection/2023 Drums (Demo)/(Open Hat) Seem 2 Be.wav,testing,Drum Recollection,2023 Drums (Demo),Crash,Hi-Hat,0.12091989815235138,0.14765024185180664,0.02673,0.17520476877689362,0.20752133429050446,0.032317,False,False,8f2aaa9e205594aa9d70cc1c56e28f53b88f6dd456bddbf6df16ecf6004fa7bb,2,,1
391,22.0,exact_duplicate_group,/Volumes/Jack_Gandy_1TB_SSD/testing-for-NITE-DSP/sample_pack_testing/Drum Recollection/2023 Drums/(Open Hat) Seem 2 Be.wav,testing,Drum Recollection,2023 Drums,Crash,Hi-Hat,0.11633368581533432,0.1995975226163864,0.083264,0.16756035387516022,0.24753788113594055,0.079978,False,False,8f2aaa9e205594aa9d70cc1c56e28f53b88f6dd456bddbf6df16ecf6004fa7bb,2,,1
392,22.0,exact_duplicate_group,/Volumes/Jack_Gandy_1TB_SSD/testing-for-NITE-DSP/sample_pack_testing/Drum Recollection/2023 Drums/(Snare) Glider.wav,testing,Drum Recollection,2023 Drums,Rimshot,Snare,0.24443337321281433,0.180242657661438,-0.064191,0.342751145362854,0.3158816993236542,-0.026869,False,False,8c573647da611df561dc1f3ee3e686a5862b06306b25ddaa24946cf57288bd6d,2,,1
393,22.0,exact_duplicate_group,/Volumes/Jack_Gandy_1TB_SSD/testing-for-NITE-DSP/sample_pack_testing/Koan Sound/Koan Sound Samples 2/Project Files/Garage Generator Project/Samples/Imported/Hat 2.wav,testing,Koan Sound,Koan Sound Samples 2,Rimshot,Hi-Hat,0.3812429904937744,0.3859533965587616,0.00471,0.5363336801528931,0.5551140904426575,0.01878,False,False,a57ecbd127f866e299d324d7498af000a99a7345744a1808fcb072861a113183,2,,1
394,22.0,exact_duplicate_group,/Volumes/Jack_Gandy_1TB_SSD/testing-for-NITE-DSP/sample_pack_testing/Mike Shinoda Drums/MPC 1000 Backup/neptunes/hat grime.wav,testing,Mike Shinoda Drums,MPC 1000 Backup,Foley,Hi-Hat,0.17974737286567688,0.24755382537841797,0.067806,0.2322564274072647,0.29075220227241516,0.058496,False,False,4c4e6170c492ac3784a22e4a52351174b7d2fcab15b408dd86f0141e9ab3cd35,2,,1
395,22.0,exact_duplicate_group,/Volumes/Jack_Gandy_1TB_SSD/testing-for-NITE-DSP/sample_pack_testing/Mike Shinoda Drums/MS BEATS/Aerial Samples/China StudioGong.wav,testing,Mike Shinoda Drums,MS BEATS,Crash,Impact,0.5407252907752991,0.3421657979488373,-0.198559,0.4298074543476105,0.4193609952926636,-0.010446,False,False,4667191a96447555a9f8cb5a0930b30e74a4dd5aa289318344327ece55582027,2,,1
396,22.0,exact_duplicate_group,/Volumes/Jack_Gandy_1TB_SSD/testing-for-NITE-DSP/sample_pack_testing/Mike Shinoda Drums/MS BEATS/Bowser Meat Samples/Snare Bodzin 2.wav,testing,Mike Shinoda Drums,MS BEATS,Crash,Impact,0.32727333903312683,0.3348121643066406,0.007539,0.30439043045043945,0.3574102818965912,0.05302,False,False,77c7c50b00788bbf724427f8ae928e66fb6c6482dde0ca5279b548419372b56a,5,,1
397,22.0,exact_duplicate_group,/Volumes/Jack_Gandy_1TB_SSD/testing-for-NITE-DSP/sample_pack_testing/Mike Shinoda Drums/MS BEATS/Castle Of Glass Remix Samples/Crash Slinger.wav,testing,Mike Shinoda Drums,MS BEATS,Crash,Impact,0.3518044650554657,0.39888817071914673,0.047084,0.3206374943256378,0.39150744676589966,0.07087,False,False,e7c860a8bf94e603f891ceaac484bd84fe08943f35615a6fe8f99a74d2696e9a,2,,1
398,22.0,exact_duplicate_group,/Volumes/Jack_Gandy_1TB_SSD/testing-for-NITE-DSP/sample_pack_testing/Mike Shinoda Drums/MS BEATS/Castle Of Glass Remix2 Samples/Crash Slinger.wav,testing,Mike Shinoda Drums,MS BEATS,Crash,Impact,0.37092188000679016,0.4303729832172394,0.059451,0.33093059062957764,0.4103969633579254,0.079466,False,False,e7c860a8bf94e603f891ceaac484bd84fe08943f35615a6fe8f99a74d2696e9a,2,,1
399,22.0,exact_duplicate_group,/Volumes/Jack_Gandy_1TB_SSD/testing-for-NITE-DSP/sample_pack_testing/Mike Shinoda Drums/MS BEATS/Invader Samples/Crash Handy.wav,testing,Mike Shinoda Drums,MS BEATS,Crash,Impact,0.27225199341773987,0.19522981345653534,-0.077022,0.28416013717651367,0.26526039838790894,-0.0189,False,False,2c31879f98c9f5494c584443257ef6260629736ea5b450ec3691e5a4a813bcb5,3,,1
400,22.0,exact_duplicate_group,/Volumes/Jack_Gandy_1TB_SSD/testing-for-NITE-DSP/sample_pack_testing/Mike Shinoda Drums/MS BEATS/PizzaBeatz Samples/Clap CoolKid.wav,testing,Mike Shinoda Drums,MS BEATS,Rimshot,Clap,0.36463478207588196,0.3528551459312439,-0.01178,0.5477524995803833,0.5448046922683716,-0.002948,False,False,a61bcdd47f8d075b8d5e44c51758214a09b17af6fb67c1d62975ab0825302fed,2,,1
401,22.0,exact_duplicate_group,/Volumes/Jack_Gandy_1TB_SSD/testing-for-NITE-DSP/sample_pack_testing/Mike Shinoda Drums/MS BEATS/Regalia Samples/ClosedHH 70sDnB.wav,testing,Mike Shinoda Drums,MS BEATS,Rimshot,Hi-Hat,0.342214971780777,0.3673464059829712,0.025131,0.5528668761253357,0.5766618847846985,0.023795,False,False,a3ca448afc222a408cf0239e70ae0dfc9a319265d85241e73a20dc0e76952c60,2,,1
402,22.0,exact_duplicate_group,/Volumes/Jack_Gandy_1TB_SSD/testing-for-NITE-DSP/sample_pack_testing/Organic Drum Kit/Maschine Kits/Stadium Kit Samples/Organic - Clap (46).wav,testing,Organic Drum Kit,Maschine Kits,Clap,Foley,0.37140220403671265,0.3451770842075348,-0.026225,0.46745434403419495,0.46445387601852417,-0.003,False,False,048667f63a5409daf34c4214a98762582f5e1085ef4fcab86a65c5553f9898a5,2,,1
403,20.0,low_frequency_family_boundary,/Volumes/Jack_Gandy_1TB_SSD/testing-for-NITE-DSP/sample_pack_testing/Breaks/The Drum Broker - International Breaks & Essential Kicks/The Drum Broker - Essential Kicks/Problems.wav,testing,Breaks,The Drum Broker - International Breaks & Essential Kicks,Kick,Bass Hit,0.1658923327922821,0.35175663232803345,0.185864,0.2421829104423523,0.4026217460632324,0.160439,False,False,,1,,1
404,20.0,low_frequency_family_boundary,/Volumes/Jack_Gandy_1TB_SSD/testing-for-NITE-DSP/sample_pack_testing/Breaks/The Drum Broker - International Breaks & Essential Kicks/The Drum Broker - International Breaks 1/CHOPS/FOCUS KICK 3.wav,testing,Breaks,The Drum Broker - International Breaks & Essential Kicks,Kick,Hi-Hat,0.1269223988056183,0.13533362746238708,0.008411,0.18403804302215576,0.209087535738945,0.025049,False,False,,1,,1
405,20.0,low_frequency_family_boundary,/Volumes/Jack_Gandy_1TB_SSD/testing-for-NITE-DSP/sample_pack_testing/Breaks/The Drum Broker - International Breaks & Essential Kicks/The Drum Broker - International Breaks 1/CHOPS/WHITE KICK 3.wav,testing,Breaks,The Drum Broker - International Breaks & Essential Kicks,Foley,Kick,0.12979044020175934,0.10739283263683319,-0.022398,0.1719566285610199,0.15816964209079742,-0.013787,False,False,,1,,1
406,20.0,low_frequency_family_boundary,/Volumes/Jack_Gandy_1TB_SSD/testing-for-NITE-DSP/sample_pack_testing/Breaks/The Drum Broker - International Breaks & Essential Kicks/The Drum Broker - International Breaks 4/CHOPS/ARAI SNARE 1.wav,testing,Breaks,The Drum Broker - International Breaks & Essential Kicks,Snare,Kick,0.21862247586250305,0.19535082578659058,-0.023272,0.28384557366371155,0.28521960973739624,0.001374,False,False,,1,,1
407,20.0,low_frequency_family_boundary,/Volumes/Jack_Gandy_1TB_SSD/testing-for-NITE-DSP/sample_pack_testing/Drum Recollection/2023 Drums/(808) Bruh This 808.wav,testing,Drum Recollection,2023 Drums,Synth One-Shot,Bass Hit,0.21420329809188843,0.1713855266571045,-0.042818,0.39398565888404846,0.39595988392829895,0.001974,False,False,,1,,1
408,20.0,low_frequency_family_boundary,/Volumes/Jack_Gandy_1TB_SSD/testing-for-NITE-DSP/sample_pack_testing/Drum Recollection/2023 Drums/(808) Clipped.wav,testing,Drum Recollection,2023 Drums,Kick,Bass Hit,0.2009468376636505,0.3644208312034607,0.163474,0.2634291648864746,0.3940926492214203,0.130663,False,False,,1,,1
409,20.0,low_frequency_family_boundary,/Volumes/Jack_Gandy_1TB_SSD/testing-for-NITE-DSP/sample_pack_testing/Drum Recollection/2023 Drums/(808) Delayed.wav,testing,Drum Recollection,2023 Drums,Kick,Bass Hit,0.21036551892757416,0.28206074237823486,0.071695,0.3082253336906433,0.40250977873802185,0.094284,False,False,,1,,1
410,20.0,low_frequency_family_boundary,/Volumes/Jack_Gandy_1TB_SSD/testing-for-NITE-DSP/sample_pack_testing/Drum Recollection/2023 Drums/(808) Focused.wav,testing,Drum Recollection,2023 Drums,Kick,Bass Hit,0.26520419120788574,0.3686386048793793,0.103434,0.31999829411506653,0.4326213002204895,0.112623,False,False,,1,,1
411,20.0,low_frequency_family_boundary,/Volumes/Jack_Gandy_1TB_SSD/testing-for-NITE-DSP/sample_pack_testing/Drum Recollection/2023 Drums/(808) Lights Out.wav,testing,Drum Recollection,2023 Drums,Kick,Bass Hit,0.16895481944084167,0.3856719136238098,0.216717,0.2634528577327728,0.4193326234817505,0.15588,False,False,,1,,1
412,20.0,low_frequency_family_boundary,/Volumes/Jack_Gandy_1TB_SSD/testing-for-NITE-DSP/sample_pack_testing/Drum Recollection/2023 Drums/(808) Raffle.wav,testing,Drum Recollection,2023 Drums,Kick,Bass Hit,0.28724774718284607,0.4072796702384949,0.120032,0.35031646490097046,0.4905158281326294,0.140199,False,False,,1,,1
413,20.0,low_frequency_family_boundary,/Volumes/Jack_Gandy_1TB_SSD/testing-for-NITE-DSP/sample_pack_testing/Drum Recollection/2023 Drums/(808) Rodes Mic.wav,testing,Drum Recollection,2023 Drums,Kick,Bass Hit,0.3541716933250427,0.43319737911224365,0.079026,0.38041064143180847,0.4799974262714386,0.099587,False,False,,1,,1
414,20.0,low_frequency_family_boundary,/Volumes/Jack_Gandy_1TB_SSD/testing-for-NITE-DSP/sample_pack_testing/Drum Recollection/2023 Drums/(808) Runnitt.wav,testing,Drum Recollection,2023 Drums,Kick,Bass Hit,0.41442084312438965,0.4772249758243561,0.062804,0.3908573091030121,0.48537012934684753,0.094513,False,False,,1,,1
415,20.0,low_frequency_family_boundary,/Volumes/Jack_Gandy_1TB_SSD/testing-for-NITE-DSP/sample_pack_testing/Drum Recollection/2023 Drums/(808) Skeptical (This The One).wav,testing,Drum Recollection,2023 Drums,Kick,Bass Hit,0.34562253952026367,0.5991600751876831,0.253538,0.4306308925151825,0.5699669122695923,0.139336,False,False,,1,,1
416,20.0,low_frequency_family_boundary,/Volumes/Jack_Gandy_1TB_SSD/testing-for-NITE-DSP/sample_pack_testing/Drum Recollection/2023 Drums/(808) Upgraded Spinz.wav,testing,Drum Recollection,2023 Drums,Kick,Bass Hit,0.24775394797325134,0.5570141673088074,0.30926,0.32157590985298157,0.5203155279159546,0.19874,False,False,,1,,1
417,20.0,low_frequency_family_boundary,/Volumes/Jack_Gandy_1TB_SSD/testing-for-NITE-DSP/sample_pack_testing/Drum Recollection/Essentials Drum Kit Vol. 001/808s/5x 808.wav,testing,Drum Recollection,Essentials Drum Kit Vol. 001,Kick,Bass Hit,0.17608541250228882,0.460717111825943,0.284632,0.2608703076839447,0.464111864566803,0.203242,False,False,,1,,1
418,20.0,low_frequency_family_boundary,/Volumes/Jack_Gandy_1TB_SSD/testing-for-NITE-DSP/sample_pack_testing/Drum Recollection/Essentials Drum Kit Vol. 001/808s/Best Rex 808.wav,testing,Drum Recollection,Essentials Drum Kit Vol. 001,Kick,Bass Hit,0.18766866624355316,0.45206302404403687,0.264394,0.27105942368507385,0.4627339541912079,0.191675,False,False,,1,,1
419,20.0,low_frequency_family_boundary,/Volumes/Jack_Gandy_1TB_SSD/testing-for-NITE-DSP/sample_pack_testing/Drum Recollection/Essentials Drum Kit Vol. 001/808s/Crushed Spinz.wav,testing,Drum Recollection,Essentials Drum Kit Vol. 001,Kick,Bass Hit,0.30172210931777954,0.49305373430252075,0.191332,0.33478885889053345,0.4713039994239807,0.136515,False,False,,1,,1
420,20.0,low_frequency_family_boundary,/Volumes/Jack_Gandy_1TB_SSD/testing-for-NITE-DSP/sample_pack_testing/Drum Recollection/Essentials Drum Kit Vol. 001/808s/Favorite 808!.wav,testing,Drum Recollection,Essentials Drum Kit Vol. 001,Kick,Bass Hit,0.3627043068408966,0.5124576687812805,0.149753,0.37819498777389526,0.49837374687194824,0.120179,False,False,,1,,1
421,20.0,low_frequency_family_boundary,/Volumes/Jack_Gandy_1TB_SSD/testing-for-NITE-DSP/sample_pack_testing/Drum Recollection/Essentials Drum Kit Vol. 001/808s/Filtered 808.wav,testing,Drum Recollection,Essentials Drum Kit Vol. 001,Kick,Bass Hit,0.3951280415058136,0.4674466550350189,0.072319,0.395842045545578,0.48908543586730957,0.093243,False,False,,1,,1
422,20.0,low_frequency_family_boundary,/Volumes/Jack_Gandy_1TB_SSD/testing-for-NITE-DSP/sample_pack_testing/Drum Recollection/Essentials Drum Kit Vol. 001/808s/Guilty Spinz.wav,testing,Drum Recollection,Essentials Drum Kit Vol. 001,Kick,Bass Hit,0.25385600328445435,0.5221724510192871,0.268316,0.3277864158153534,0.50266432762146,0.174878,False,False,,1,,1
423,20.0,low_frequency_family_boundary,/Volumes/Jack_Gandy_1TB_SSD/testing-for-NITE-DSP/sample_pack_testing/Drum Recollection/Essentials Drum Kit Vol. 001/808s/Menace To The 808s.wav,testing,Drum Recollection,Essentials Drum Kit Vol. 001,Kick,Bass Hit,0.27990880608558655,0.4902379810810089,0.210329,0.34155675768852234,0.4836093783378601,0.142053,False,False,,1,,1
424,20.0,low_frequency_family_boundary,/Volumes/Jack_Gandy_1TB_SSD/testing-for-NITE-DSP/sample_pack_testing/Drum Recollection/Essentials Drum Kit Vol. 001/808s/My Type Of Energy 808.wav,testing,Drum Recollection,Essentials Drum Kit Vol. 001,Kick,Bass Hit,0.5326235890388489,0.5024542808532715,-0.030169,0.48070859909057617,0.5544946789741516,0.073786,False,False,,1,,1
425,20.0,low_frequency_family_boundary,/Volumes/Jack_Gandy_1TB_SSD/testing-for-NITE-DSP/sample_pack_testing/Drum Recollection/Essentials Drum Kit Vol. 001/808s/Note 808.wav,testing,Drum Recollection,Essentials Drum Kit Vol. 001,Kick,Bass Hit,0.27699366211891174,0.47245368361473083,0.19546,0.3802228271961212,0.5042265057563782,0.124004,False,False,,1,,1
426,20.0,low_frequency_family_boundary,/Volumes/Jack_Gandy_1TB_SSD/testing-for-NITE-DSP/sample_pack_testing/Drum Recollection/Essentials Drum Kit Vol. 001/808s/Sub Spinz.wav,testing,Drum Recollection,Essentials Drum Kit Vol. 001,Kick,Bass Hit,0.4135047495365143,0.5027456283569336,0.089241,0.4222142696380615,0.520803689956665,0.098589,False,False,,1,,1
427,20.0,low_frequency_family_boundary,/Volumes/Jack_Gandy_1TB_SSD/testing-for-NITE-DSP/sample_pack_testing/Drum Recollection/Essentials Drumkit Vol. 002/808s/5 For A Dub.wav,testing,Drum Recollection,Essentials Drumkit Vol. 002,Kick,Bass Hit,0.19712668657302856,0.51848965883255,0.321363,0.2916998565196991,0.5059658288955688,0.214266,False,False,,1,,1
428,20.0,low_frequency_family_boundary,/Volumes/Jack_Gandy_1TB_SSD/testing-for-NITE-DSP/sample_pack_testing/Drum Recollection/Essentials Drumkit Vol. 002/808s/Atlanta Jacob 808.wav,testing,Drum Recollection,Essentials Drumkit Vol. 002,Kick,Bass Hit,0.20473720133304596,0.49769437313079834,0.292957,0.3109912574291229,0.49857062101364136,0.187579,False,False,,1,,1
429,20.0,low_frequency_family_boundary,/Volumes/Jack_Gandy_1TB_SSD/testing-for-NITE-DSP/sample_pack_testing/Drum Recollection/Essentials Drumkit Vol. 002/808s/Crazy Ideas 808.wav,testing,Drum Recollection,Essentials Drumkit Vol. 002,Kick,Bass Hit,0.19653639197349548,0.4217936396598816,0.225257,0.2944173216819763,0.4744904339313507,0.180073,False,False,,1,,1
430,20.0,low_frequency_family_boundary,/Volumes/Jack_Gandy_1TB_SSD/testing-for-NITE-DSP/sample_pack_testing/Drum Recollection/Essentials Drumkit Vol. 002/808s/Keyboard 808.wav,testing,Drum Recollection,Essentials Drumkit Vol. 002,Synth One-Shot,Bass Hit,0.19388245046138763,0.49477440118789673,0.300892,0.3045714497566223,0.48589426279067993,0.181323,False,False,,1,,1
431,20.0,low_frequency_family_boundary,/Volumes/Jack_Gandy_1TB_SSD/testing-for-NITE-DSP/sample_pack_testing/Drum Recollection/Essentials Drumkit Vol. 002/808s/Made Man 808.wav,testing,Drum Recollection,Essentials Drumkit Vol. 002,Kick,Bass Hit,0.33920443058013916,0.43693992495536804,0.097735,0.36783355474472046,0.4673508107662201,0.099517,False,False,,1,,1
432,20.0,low_frequency_family_boundary,/Volumes/Jack_Gandy_1TB_SSD/testing-for-NITE-DSP/sample_pack_testing/Drum Recollection/Essentials Drumkit Vol. 002/808s/Scary Ghosts.wav,testing,Drum Recollection,Essentials Drumkit Vol. 002,Kick,Bass Hit,0.19289708137512207,0.3997664153575897,0.206869,0.29617932438850403,0.45680099725723267,0.160622,False,False,,1,,1
433,20.0,low_frequency_family_boundary,/Volumes/Jack_Gandy_1TB_SSD/testing-for-NITE-DSP/sample_pack_testing/Drum Recollection/Essentials Drumkit Vol. 002/808s/Very Rare Boys 808.wav,testing,Drum Recollection,Essentials Drumkit Vol. 002,Kick,Bass Hit,0.23902861773967743,0.4496767222881317,0.210648,0.3074261546134949,0.4649166166782379,0.15749,False,False,,1,,1
434,20.0,low_frequency_family_boundary,/Volumes/Jack_Gandy_1TB_SSD/testing-for-NITE-DSP/sample_pack_testing/Drum Recollection/Essentials Drumkit Vol. 002/Kicks/New Tank Kick + 808.wav,testing,Drum Recollection,Essentials Drumkit Vol. 002,Kick,Bass Hit,0.5810332894325256,0.4263921082019806,-0.154641,0.49133479595184326,0.5210241675376892,0.029689,False,False,,1,,1
435,20.0,low_frequency_family_boundary,/Volumes/Jack_Gandy_1TB_SSD/testing-for-NITE-DSP/sample_pack_testing/Drum Recollection/New Wave Drum Kit Vol. 1/New Wave Drum Kit/808s/Cartoon's 808 .wav,testing,Drum Recollection,New Wave Drum Kit Vol. 1,Kick,Bass Hit,0.28176045417785645,0.48886576294898987,0.207105,0.330981582403183,0.4952118992805481,0.16423,False,False,,1,,1
436,20.0,low_frequency_family_boundary,/Volumes/Jack_Gandy_1TB_SSD/testing-for-NITE-DSP/sample_pack_testing/Drum Recollection/New Wave Drum Kit Vol. 1/New Wave Drum Kit/808s/Everyone's Been Looking For This 808 For Some Reason .wav,testing,Drum Recollection,New Wave Drum Kit Vol. 1,Kick,Bass Hit,0.5753141045570374,0.45279979705810547,-0.122514,0.4961290657520294,0.5310995578765869,0.03497,False,False,,1,,1
437,20.0,low_frequency_family_boundary,/Volumes/Jack_Gandy_1TB_SSD/testing-for-NITE-DSP/sample_pack_testing/Drum Recollection/New Wave Drum Kit Vol. 1/New Wave Drum Kit/808s/I Fw The Zay 808 .wav,testing,Drum Recollection,New Wave Drum Kit Vol. 1,Kick,Bass Hit,0.20575125515460968,0.46282991766929626,0.257079,0.278728187084198,0.4553142189979553,0.176586,False,False,,1,,1
438,20.0,low_frequency_family_boundary,/Volumes/Jack_Gandy_1TB_SSD/testing-for-NITE-DSP/sample_pack_testing/Drum Recollection/New Wave Drum Kit Vol. 1/New Wave Drum Kit/808s/New Wave 808 .wav,testing,Drum Recollection,New Wave Drum Kit Vol. 1,Kick,Bass Hit,0.32843872904777527,0.5159990787506104,0.18756,0.36745721101760864,0.49849140644073486,0.131034,False,False,,1,,1
439,20.0,low_frequency_family_boundary,/Volumes/Jack_Gandy_1TB_SSD/testing-for-NITE-DSP/sample_pack_testing/Drum Recollection/New Wave Drum Kit Vol. 1/New Wave Drum Kit/808s/Slime 808 .wav,testing,Drum Recollection,New Wave Drum Kit Vol. 1,Kick,Bass Hit,0.2889493703842163,0.5122404098510742,0.223291,0.34832313656806946,0.5008633136749268,0.15254,False,False,,1,,1
440,20.0,low_frequency_family_boundary,/Volumes/Jack_Gandy_1TB_SSD/testing-for-NITE-DSP/sample_pack_testing/Drum Recollection/New Wave Drum Kit Vol. 1/New Wave Drum Kit/808s/Wheezy 808  .wav,testing,Drum Recollection,New Wave Drum Kit Vol. 1,Kick,Bass Hit,0.2077917605638504,0.4510038197040558,0.243212,0.286665141582489,0.46797552704811096,0.18131,False,False,,1,,1
441,20.0,low_frequency_family_boundary,/Volumes/Jack_Gandy_1TB_SSD/testing-for-NITE-DSP/sample_pack_testing/Drum Recollection/New Wave Drum Kit Vol. 2/808s/@prod.ksubi - Favorite 808.wav,testing,Drum Recollection,New Wave Drum Kit Vol. 2,Kick,Bass Hit,0.5328054428100586,0.46292629837989807,-0.069879,0.4729059338569641,0.5277675986289978,0.054862,False,False,,1,,1
442,20.0,low_frequency_family_boundary,/Volumes/Jack_Gandy_1TB_SSD/testing-for-NITE-DSP/sample_pack_testing/Drum Recollection/New Wave Drum Kit Vol. 2/808s/@prod.ksubi - Gomu 808.wav,testing,Drum Recollection,New Wave Drum Kit Vol. 2,Kick,Bass Hit,0.5253562927246094,0.5106830596923828,-0.014673,0.4751305878162384,0.5437843203544617,0.068654,False,False,,1,,1
443,20.0,low_frequency_family_boundary,/Volumes/Jack_Gandy_1TB_SSD/testing-for-NITE-DSP/sample_pack_testing/Drum Recollection/New Wave Drum Kit Vol. 2/808s/@prod.ksubi - Low Life 808.wav,testing,Drum Recollection,New Wave Drum Kit Vol. 2,Kick,Bass Hit,0.2556407153606415,0.5197069644927979,0.264066,0.32594233751296997,0.48804566264152527,0.162103,False,False,,1,,1
444,20.0,low_frequency_family_boundary,/Volumes/Jack_Gandy_1TB_SSD/testing-for-NITE-DSP/sample_pack_testing/Drum Recollection/New Wave Drum Kit Vol. 2/808s/@prod.ksubi - Morbius 808.wav,testing,Drum Recollection,New Wave Drum Kit Vol. 2,Kick,Bass Hit,0.4579775929450989,0.42849546670913696,-0.029482,0.41732609272003174,0.4782159626483917,0.06089,False,False,,1,,1
445,20.0,low_frequency_family_boundary,/Volumes/Jack_Gandy_1TB_SSD/testing-for-NITE-DSP/sample_pack_testing/Drum Recollection/New Wave Drum Kit Vol. 2/808s/Beam 808.wav,testing,Drum Recollection,New Wave Drum Kit Vol. 2,Kick,Bass Hit,0.3425082564353943,0.5441871881484985,0.201679,0.38821786642074585,0.5320031642913818,0.143785,False,False,,1,,1
446,20.0,low_frequency_family_boundary,/Volumes/Jack_Gandy_1TB_SSD/testing-for-NITE-DSP/sample_pack_testing/Drum Recollection/New Wave Drum Kit Vol. 2/808s/Crazy For That 808.wav,testing,Drum Recollection,New Wave Drum Kit Vol. 2,Kick,Bass Hit,0.1436566710472107,0.37408170104026794,0.230425,0.23043940961360931,0.409066379070282,0.178627,False,False,,1,,1
447,20.0,low_frequency_family_boundary,/Volumes/Jack_Gandy_1TB_SSD/testing-for-NITE-DSP/sample_pack_testing/Drum Recollection/New Wave Drum Kit Vol. 2/808s/Crime 808.wav,testing,Drum Recollection,New Wave Drum Kit Vol. 2,Kick,Bass Hit,0.5036431550979614,0.49870115518569946,-0.004942,0.4460602402687073,0.5262627601623535,0.080203,False,False,,1,,1
448,20.0,low_frequency_family_boundary,/Volumes/Jack_Gandy_1TB_SSD/testing-for-NITE-DSP/sample_pack_testing/Drum Recollection/New Wave Drum Kit Vol. 2/808s/Easy Shake 808.wav,testing,Drum Recollection,New Wave Drum Kit Vol. 2,Kick,Bass Hit,0.13651831448078156,0.2639624774456024,0.127444,0.20054873824119568,0.32246607542037964,0.121917,False,False,,1,,1
449,20.0,low_frequency_family_boundary,/Volumes/Jack_Gandy_1TB_SSD/testing-for-NITE-DSP/sample_pack_testing/Drum Recollection/New Wave Drum Kit Vol. 2/808s/Places 808.wav,testing,Drum Recollection,New Wave Drum Kit Vol. 2,Foley,Bass Hit,0.13706961274147034,0.16340361535549164,0.026334,0.19755816459655762,0.24783505499362946,0.050277,False,False,,1,,1
450,20.0,low_frequency_family_boundary,/Volumes/Jack_Gandy_1TB_SSD/testing-for-NITE-DSP/sample_pack_testing/Drum Recollection/New Wave Drum Kit Vol. 2/808s/Vortex 808.wav,testing,Drum Recollection,New Wave Drum Kit Vol. 2,Kick,Bass Hit,0.16360783576965332,0.28433775901794434,0.12073,0.22530138492584229,0.35106176137924194,0.12576,False,False,,1,,1
451,20.0,low_frequency_family_boundary,/Volumes/Jack_Gandy_1TB_SSD/testing-for-NITE-DSP/sample_pack_testing/Drum Recollection/New Wave Drum Kit Vol. 2/808s/Who Seen Them_ 808.wav,testing,Drum Recollection,New Wave Drum Kit Vol. 2,Kick,Bass Hit,0.3285509943962097,0.46345746517181396,0.134906,0.359369158744812,0.48144766688346863,0.122079,False,False,,1,,1
452,20.0,low_frequency_family_boundary,/Volumes/Jack_Gandy_1TB_SSD/testing-for-NITE-DSP/sample_pack_testing/Drum Recollection/Official Drum Kit Vol. 1/808s/Another Spinz 808 .wav,testing,Drum Recollection,Official Drum Kit Vol. 1,Synth One-Shot,Bass Hit,0.16462910175323486,0.36101341247558594,0.196384,0.27605968713760376,0.4278307259082794,0.151771,False,False,,1,,1
453,20.0,low_frequency_family_boundary,/Volumes/Jack_Gandy_1TB_SSD/testing-for-NITE-DSP/sample_pack_testing/Drum Recollection/Official Drum Kit Vol. 1/808s/Lil Dist. Spinz 808 .wav,testing,Drum Recollection,Official Drum Kit Vol. 1,Kick,Bass Hit,0.23388944566249847,0.5975516438484192,0.363662,0.3274456262588501,0.5453284382820129,0.217883,False,False,,1,,1
454,20.0,low_frequency_family_boundary,/Volumes/Jack_Gandy_1TB_SSD/testing-for-NITE-DSP/sample_pack_testing/Drum Recollection/Official Drum Kit Vol. 1/808s/Prophecy 808 .wav,testing,Drum Recollection,Official Drum Kit Vol. 1,Kick,Bass Hit,0.31455063819885254,0.4912184476852417,0.176668,0.35741230845451355,0.5038653612136841,0.146453,False,False,,1,,1
455,20.0,low_frequency_family_boundary,/Volumes/Jack_Gandy_1TB_SSD/testing-for-NITE-DSP/sample_pack_testing/Drum Recollection/Official Drum Kit Vol. 2/808s/21 Savage New 808.wav,testing,Drum Recollection,Official Drum Kit Vol. 2,Kick,Bass Hit,0.33910122513771057,0.5801683664321899,0.241067,0.40013861656188965,0.5505931377410889,0.150455,False,False,,1,,1
456,20.0,low_frequency_family_boundary,/Volumes/Jack_Gandy_1TB_SSD/testing-for-NITE-DSP/sample_pack_testing/Drum Recollection/Official Drum Kit Vol. 2/808s/Bandplay 808.wav,testing,Drum Recollection,Official Drum Kit Vol. 2,Kick,Bass Hit,0.2842828929424286,0.511955738067627,0.227673,0.3361791670322418,0.4910740256309509,0.154895,False,False,,1,,1
457,20.0,low_frequency_family_boundary,/Volumes/Jack_Gandy_1TB_SSD/testing-for-NITE-DSP/sample_pack_testing/Drum Recollection/Official Drum Kit Vol. 2/808s/CTM x Zay 808.wav,testing,Drum Recollection,Official Drum Kit Vol. 2,Kick,Bass Hit,0.18330730497837067,0.2720131576061249,0.088706,0.24606747925281525,0.32809796929359436,0.08203,False,False,,1,,1
458,20.0,low_frequency_family_boundary,/Volumes/Jack_Gandy_1TB_SSD/testing-for-NITE-DSP/sample_pack_testing/Drum Recollection/Official Drum Kit Vol. 2/808s/Dripo Pyrex 808.wav,testing,Drum Recollection,Official Drum Kit Vol. 2,Kick,Bass Hit,0.4083307385444641,0.4557324945926666,0.047402,0.40874555706977844,0.49369657039642334,0.084951,False,False,,1,,1
459,20.0,low_frequency_family_boundary,/Volumes/Jack_Gandy_1TB_SSD/testing-for-NITE-DSP/sample_pack_testing/Drum Recollection/Official Drum Kit Vol. 2/808s/Hardest Spinzway 808.wav,testing,Drum Recollection,Official Drum Kit Vol. 2,Kick,Bass Hit,0.3341130018234253,0.475631445646286,0.141518,0.38702842593193054,0.5019358992576599,0.114907,False,False,,1,,1
460,20.0,low_frequency_family_boundary,/Volumes/Jack_Gandy_1TB_SSD/testing-for-NITE-DSP/sample_pack_testing/Drum Recollection/Official Drum Kit Vol. 2/808s/Intel Tower 808.wav,testing,Drum Recollection,Official Drum Kit Vol. 2,Kick,Bass Hit,0.40253493189811707,0.4484647810459137,0.04593,0.41257718205451965,0.4894479215145111,0.076871,False,False,,1,,1
461,20.0,low_frequency_family_boundary,/Volumes/Jack_Gandy_1TB_SSD/testing-for-NITE-DSP/sample_pack_testing/Drum Recollection/Official Drum Kit Vol. 2/808s/Mac 5x 808.wav,testing,Drum Recollection,Official Drum Kit Vol. 2,Kick,Bass Hit,0.24206794798374176,0.4566881060600281,0.21462,0.3140123188495636,0.47022607922554016,0.156214,False,False,,1,,1
462,20.0,low_frequency_family_boundary,/Volumes/Jack_Gandy_1TB_SSD/testing-for-NITE-DSP/sample_pack_testing/Drum Recollection/Official Drum Kit Vol. 2/808s/Murakami 2 808.wav,testing,Drum Recollection,Official Drum Kit Vol. 2,Kick,Bass Hit,0.5184687972068787,0.45464619994163513,-0.063823,0.4597804546356201,0.5037839412689209,0.044003,False,False,,1,,1
463,20.0,low_frequency_family_boundary,/Volumes/Jack_Gandy_1TB_SSD/testing-for-NITE-DSP/sample_pack_testing/Drum Recollection/Official Drum Kit Vol. 2/808s/Pooh Shiesty 808.wav,testing,Drum Recollection,Official Drum Kit Vol. 2,Kick,Bass Hit,0.34965574741363525,0.42552000284194946,0.075864,0.3997966945171356,0.47953861951828003,0.079742,False,False,,1,,1
464,20.0,low_frequency_family_boundary,/Volumes/Jack_Gandy_1TB_SSD/testing-for-NITE-DSP/sample_pack_testing/Drum Recollection/Official Drum Kit Vol. 2/808s/Short Last Spinz.wav,testing,Drum Recollection,Official Drum Kit Vol. 2,Kick,Bass Hit,0.3846075236797333,0.5372439622879028,0.152636,0.402817040681839,0.5254126787185669,0.122596,False,False,,1,,1
465,20.0,low_frequency_family_boundary,/Volumes/Jack_Gandy_1TB_SSD/testing-for-NITE-DSP/sample_pack_testing/Drum Recollection/Official Drum Kit Vol. 2/808s/Spottem Yeah I Gottem 808.wav,testing,Drum Recollection,Official Drum Kit Vol. 2,Kick,Bass Hit,0.2481224089860916,0.5706464052200317,0.322524,0.3178923726081848,0.5193491578102112,0.201457,False,False,,1,,1
466,20.0,low_frequency_family_boundary,/Volumes/Jack_Gandy_1TB_SSD/testing-for-NITE-DSP/sample_pack_testing/Ian Chang - Dirty Drums/splice-export__ian-chang-dirty-drums/one_shot/Drums/Snare/RT_Ian_Chang_Tea_Towel_Open_Snare_1_Medium_Drums_Ian_Chang_one_shot.wav,testing,Ian Chang - Dirty Drums,splice-export__ian-chang-dirty-drums,Kick,Percussion,0.37276491522789,0.35193824768066406,-0.020827,0.40457817912101746,0.43415603041648865,0.029578,False,False,,1,,1
467,20.0,low_frequency_family_boundary,/Volumes/Jack_Gandy_1TB_SSD/testing-for-NITE-DSP/sample_pack_testing/Just Jared - OP1 Drums/Kicks/Just Jared - OP1 Drums Kick 14.wav,testing,Just Jared - OP1 Drums,Kicks,Rimshot,Kick,0.27473756670951843,0.2222989946603775,-0.052439,0.4274027347564697,0.41481032967567444,-0.012592,False,False,,1,,1
468,20.0,low_frequency_family_boundary,/Volumes/Jack_Gandy_1TB_SSD/testing-for-NITE-DSP/sample_pack_testing/Loaded Samples - Lo-Fi Memphis 2/DRUMS/Kicks & 808s/LFM2_808 Clean #1 (G).wav,testing,Loaded Samples - Lo-Fi Memphis 2,DRUMS,Kick,Bass Hit,0.4128565788269043,0.37469109892845154,-0.038165,0.4351830780506134,0.45834359526634216,0.023161,False,False,,1,,1
469,20.0,low_frequency_family_boundary,/Volumes/Jack_Gandy_1TB_SSD/testing-for-NITE-DSP/sample_pack_testing/Loaded Samples - Lo-Fi Memphis 2/DRUMS/Kicks & 808s/LFM2_808 Clean #2 (BASS ONLY) (G).wav,testing,Loaded Samples - Lo-Fi Memphis 2,DRUMS,Synth One-Shot,Bass Hit,0.23343808948993683,0.2761140465736389,0.042676,0.375022828578949,0.41286104917526245,0.037838,False,False,,1,,1
470,20.0,low_frequency_family_boundary,/Volumes/Jack_Gandy_1TB_SSD/testing-for-NITE-DSP/sample_pack_testing/Loaded Samples - Lo-Fi Memphis 2/DRUMS/Kicks & 808s/LFM2_808 Kick Long-EQ (G).wav,testing,Loaded Samples - Lo-Fi Memphis 2,DRUMS,Kick,Bass Hit,0.4946061372756958,0.3581855297088623,-0.136421,0.48338478803634644,0.48124921321868896,-0.002136,False,False,,1,,1
471,20.0,low_frequency_family_boundary,/Volumes/Jack_Gandy_1TB_SSD/testing-for-NITE-DSP/sample_pack_testing/MGF Mega Pack/Analogue Collection/Bass/AJUNO-VHS-418 C1.wav,testing,MGF Mega Pack,Analogue Collection,Kick,Bass Hit,0.24220965802669525,0.5114914178848267,0.269282,0.34256207942962646,0.5070430040359497,0.164481,False,False,,1,,1
472,20.0,low_frequency_family_boundary,/Volumes/Jack_Gandy_1TB_SSD/testing-for-NITE-DSP/sample_pack_testing/MGF Mega Pack/Analogue Collection/Bass/AJUNO-VHS-431 D0.wav,testing,MGF Mega Pack,Analogue Collection,Kick,Bass Hit,0.20737464725971222,0.5086075663566589,0.301233,0.29470157623291016,0.4822236895561218,0.187522,False,False,,1,,1
473,20.0,low_frequency_family_boundary,/Volumes/Jack_Gandy_1TB_SSD/testing-for-NITE-DSP/sample_pack_testing/MGF Mega Pack/Analogue Collection/Bass/EURO1_BASS_11 A0.wav,testing,MGF Mega Pack,Analogue Collection,Kick,Bass Hit,0.557415246963501,0.7119389176368713,0.154524,0.5492796301841736,0.6954648494720459,0.146185,False,False,,1,,1
474,20.0,low_frequency_family_boundary,/Volumes/Jack_Gandy_1TB_SSD/testing-for-NITE-DSP/sample_pack_testing/MGF Mega Pack/Analogue Collection/Bass/EURO1_BASS_13 F#0.wav,testing,MGF Mega Pack,Analogue Collection,Kick,Bass Hit,0.4274812340736389,0.7844228148460388,0.356942,0.4689299166202545,0.696992814540863,0.228063,False,False,,1,,1
475,20.0,low_frequency_family_boundary,/Volumes/Jack_Gandy_1TB_SSD/testing-for-NITE-DSP/sample_pack_testing/MGF Mega Pack/Analogue Collection/Bass/ML_JUNE2017-0017 D1.wav,testing,MGF Mega Pack,Analogue Collection,Kick,Bass Hit,0.46197110414505005,0.6831569075584412,0.221186,0.5142451524734497,0.6771823763847351,0.162937,False,False,,1,,1
476,20.0,low_frequency_family_boundary,/Volumes/Jack_Gandy_1TB_SSD/testing-for-NITE-DSP/sample_pack_testing/MGF Mega Pack/Analogue Collection/Bass/NMOD_SEPT17-59 G0.wav,testing,MGF Mega Pack,Analogue Collection,Kick,Bass Hit,0.3806498348712921,0.741127610206604,0.360478,0.40584978461265564,0.6339452266693115,0.228095,False,False,,1,,1
477,20.0,low_frequency_family_boundary,/Volumes/Jack_Gandy_1TB_SSD/testing-for-NITE-DSP/sample_pack_testing/MGF Mega Pack/Analogue Collection/Bass/NMOD_SEPT17-65 G0.wav,testing,MGF Mega Pack,Analogue Collection,Kick,Bass Hit,0.7069199681282043,0.5051934719085693,-0.201726,0.6174836158752441,0.6430870890617371,0.025603,False,False,,1,,1
478,20.0,low_frequency_family_boundary,/Volumes/Jack_Gandy_1TB_SSD/testing-for-NITE-DSP/sample_pack_testing/MGF Mega Pack/Analogue Collection/Perc/MOD_KICK 03.wav,testing,MGF Mega Pack,Analogue Collection,Kick,Bass Hit,0.5670435428619385,0.6062148809432983,0.039171,0.5240828394889832,0.6229000687599182,0.098817,False,False,,1,,1
479,20.0,low_frequency_family_boundary,/Volumes/Jack_Gandy_1TB_SSD/testing-for-NITE-DSP/sample_pack_testing/MGF Mega Pack/Analogue Collection/Perc/MOD_KICK 05.wav,testing,MGF Mega Pack,Analogue Collection,Kick,Bass Hit,0.6344563961029053,0.450503945350647,-0.183952,0.540871798992157,0.5575026273727417,0.016631,False,False,,1,,1
480,20.0,low_frequency_family_boundary,/Volumes/Jack_Gandy_1TB_SSD/testing-for-NITE-DSP/sample_pack_testing/MGF Mega Pack/Analogue Collection/Perc/MOD_KICK 06.wav,testing,MGF Mega Pack,Analogue Collection,Kick,Bass Hit,0.2367989867925644,0.5750077962875366,0.338209,0.3390563130378723,0.5346243977546692,0.195568,False,False,,1,,1
481,20.0,low_frequency_family_boundary,/Volumes/Jack_Gandy_1TB_SSD/testing-for-NITE-DSP/sample_pack_testing/MGF Mega Pack/Analogue Collection/Perc/MOD_KICK 09.wav,testing,MGF Mega Pack,Analogue Collection,Kick,Bass Hit,0.217550590634346,0.4155495762825012,0.197999,0.3564295768737793,0.49517443776130676,0.138745,False,False,,1,,1
482,20.0,low_frequency_family_boundary,/Volumes/Jack_Gandy_1TB_SSD/testing-for-NITE-DSP/sample_pack_testing/MGF Mega Pack/Analogue Collection/Perc/MOD_KICK 10.wav,testing,MGF Mega Pack,Analogue Collection,Kick,Bass Hit,0.25429823994636536,0.4835926592350006,0.229294,0.3807019889354706,0.5319774150848389,0.151275,False,False,,1,,1
483,20.0,low_frequency_family_boundary,/Volumes/Jack_Gandy_1TB_SSD/testing-for-NITE-DSP/sample_pack_testing/MGF Mega Pack/Analogue Collection/Perc/MOD_KICK 11.wav,testing,MGF Mega Pack,Analogue Collection,Kick,Bass Hit,0.41402289271354675,0.3509761393070221,-0.063047,0.4318234622478485,0.464941143989563,0.033118,False,False,,1,,1
484,20.0,low_frequency_family_boundary,/Volumes/Jack_Gandy_1TB_SSD/testing-for-NITE-DSP/sample_pack_testing/MGF Mega Pack/Analogue Collection/Perc/MOD_KICK 12.wav,testing,MGF Mega Pack,Analogue Collection,Kick,Bass Hit,0.23647025227546692,0.48219701647758484,0.245727,0.35658693313598633,0.5184471011161804,0.16186,False,False,,1,,1
485,20.0,low_frequency_family_boundary,/Volumes/Jack_Gandy_1TB_SSD/testing-for-NITE-DSP/sample_pack_testing/MGF Mega Pack/Analogue Collection/Perc/MOD_KICK 13.wav,testing,MGF Mega Pack,Analogue Collection,Kick,Bass Hit,0.35815370082855225,0.5782431960105896,0.220089,0.41866961121559143,0.5746034383773804,0.155934,False,False,,1,,1
486,20.0,low_frequency_family_boundary,/Volumes/Jack_Gandy_1TB_SSD/testing-for-NITE-DSP/sample_pack_testing/MGF Mega Pack/Analogue Collection/Perc/MOD_KICK 15.wav,testing,MGF Mega Pack,Analogue Collection,Kick,Bass Hit,0.4844827651977539,0.6144222021102905,0.129939,0.4983953535556793,0.613052487373352,0.114657,False,False,,1,,1
487,20.0,low_frequency_family_boundary,/Volumes/Jack_Gandy_1TB_SSD/testing-for-NITE-DSP/sample_pack_testing/MGF Mega Pack/Analogue Collection/Perc/MOD_KICK 16.wav,testing,MGF Mega Pack,Analogue Collection,Kick,Bass Hit,0.321837842464447,0.6435374617576599,0.3217,0.40796658396720886,0.5932052135467529,0.185239,False,False,,1,,1
488,20.0,low_frequency_family_boundary,/Volumes/Jack_Gandy_1TB_SSD/testing-for-NITE-DSP/sample_pack_testing/MGF Mega Pack/Analogue Collection/Perc/MOD_KICK 17.wav,testing,MGF Mega Pack,Analogue Collection,Kick,Bass Hit,0.5214142799377441,0.46382036805152893,-0.057594,0.49567872285842896,0.5429394245147705,0.047261,False,False,,1,,1
489,20.0,low_frequency_family_boundary,/Volumes/Jack_Gandy_1TB_SSD/testing-for-NITE-DSP/sample_pack_testing/MGF Mega Pack/Analogue Collection/Perc/MOD_KICK 18.wav,testing,MGF Mega Pack,Analogue Collection,Kick,Bass Hit,0.5609172582626343,0.4727506637573242,-0.088167,0.49943017959594727,0.5448669195175171,0.045437,False,False,,1,,1
490,20.0,low_frequency_family_boundary,/Volumes/Jack_Gandy_1TB_SSD/testing-for-NITE-DSP/sample_pack_testing/MGF Mega Pack/Analogue Collection/Perc/VOY_Mini Kick 2.wav,testing,MGF Mega Pack,Analogue Collection,Foley,Kick,0.24545694887638092,0.20568634569644928,-0.039771,0.3566345274448395,0.33970901370048523,-0.016926,False,False,,1,,1
491,20.0,low_frequency_family_boundary,/Volumes/Jack_Gandy_1TB_SSD/testing-for-NITE-DSP/sample_pack_testing/MGF Mega Pack/Analogue Collection/SFX/MS20_OCT20_NOISE_030.wav,testing,MGF Mega Pack,Analogue Collection,Bass Reese,Impact,0.15993539988994598,0.30721747875213623,0.147282,0.2377040684223175,0.37160393595695496,0.1339,False,False,,1,,1
492,20.0,low_frequency_family_boundary,/Volumes/Jack_Gandy_1TB_SSD/testing-for-NITE-DSP/sample_pack_testing/MGF Mega Pack/Misc + Found Sound/Abstract Hits/MGF-DigiHits 2-71.wav,testing,MGF Mega Pack,Misc + Found Sound,Kick,Bass Hit,0.48569509387016296,0.60358065366745,0.117886,0.4803348183631897,0.6112287044525146,0.130894,False,False,,1,,1
493,20.0,low_frequency_family_boundary,/Volumes/Jack_Gandy_1TB_SSD/testing-for-NITE-DSP/sample_pack_testing/MGF Mega Pack/Misc + Found Sound/Chromaphone/MGF_PHYS2_50.wav,testing,MGF Mega Pack,Misc + Found Sound,Kick,Percussion,0.329235702753067,0.25959116220474243,-0.069645,0.4302353858947754,0.42272767424583435,-0.007508,False,False,,1,,1
494,20.0,low_frequency_family_boundary,/Volumes/Jack_Gandy_1TB_SSD/testing-for-NITE-DSP/sample_pack_testing/MGF Mega Pack/Misc + Found Sound/Household Percussion April 2016/HOUSEHOLD_022.wav,testing,MGF Mega Pack,Misc + Found Sound,Bass Hit,Impact,0.13840211927890778,0.20564265549182892,0.067241,0.24171634018421173,0.32904717326164246,0.087331,False,False,,1,,1
495,20.0,low_frequency_family_boundary,/Volumes/Jack_Gandy_1TB_SSD/testing-for-NITE-DSP/sample_pack_testing/MGF Mega Pack/Misc + Found Sound/Syd Park Play Equipment/Med/SYDPARK-MED-017.wav,testing,MGF Mega Pack,Misc + Found Sound,Kick,Bass Hit,0.39260947704315186,0.39144691824913025,-0.001163,0.46208128333091736,0.48236963152885437,0.020288,False,False,,1,,1
496,20.0,low_frequency_family_boundary,/Volumes/Jack_Gandy_1TB_SSD/testing-for-NITE-DSP/sample_pack_testing/MGF Mega Pack/Misc + Found Sound/Syd Park Play Equipment/Short/SYDPARK-SHORT-059.wav,testing,MGF Mega Pack,Misc + Found Sound,Kick,Bass Hit,0.16756722331047058,0.2332931011915207,0.065726,0.24737747013568878,0.31682685017585754,0.069449,False,False,,1,,1
497,20.0,low_frequency_family_boundary,/Volumes/Jack_Gandy_1TB_SSD/testing-for-NITE-DSP/sample_pack_testing/MGF Mega Pack/Misc + Found Sound/Syd Park Play Equipment/Short/SYDPARK-SHORT-067.wav,testing,MGF Mega Pack,Misc + Found Sound,Kick,Bass Hit,0.33181387186050415,0.37172114849090576,0.039907,0.390310674905777,0.4341909885406494,0.04388,False,False,,1,,1
498,20.0,low_frequency_family_boundary,/Volumes/Jack_Gandy_1TB_SSD/testing-for-NITE-DSP/sample_pack_testing/MGF Mega Pack/Misc + Found Sound/Syd Park Play Equipment/Short/SYDPARK-SHORT-068.wav,testing,MGF Mega Pack,Misc + Found Sound,Kick,Bass Hit,0.24621626734733582,0.21819540858268738,-0.028021,0.33035433292388916,0.33001020550727844,-0.000344,False,False,,1,,1
499,20.0,low_frequency_family_boundary,/Volumes/Jack_Gandy_1TB_SSD/testing-for-NITE-DSP/sample_pack_testing/MGF Mega Pack/Misc + Found Sound/Syd Park Play Equipment/Short/SYDPARK-SHORT-091.wav,testing,MGF Mega Pack,Misc + Found Sound,Foley,Kick,0.23472966253757477,0.21393783390522003,-0.020792,0.31328538060188293,0.30321672558784485,-0.010069,False,False,,1,,1
500,20.0,low_frequency_family_boundary,/Volumes/Jack_Gandy_1TB_SSD/testing-for-NITE-DSP/sample_pack_testing/MGF Mega Pack/Misc + Found Sound/UTS Foley 1/Short/Clipped Kick.wav,testing,MGF Mega Pack,Misc + Found Sound,Foley,Kick,0.2611371874809265,0.257508784532547,-0.003628,0.37823915481567383,0.37881550192832947,0.000576,False,False,,1,,1
501,20.0,low_frequency_family_boundary,/Volumes/Jack_Gandy_1TB_SSD/testing-for-NITE-DSP/sample_pack_testing/MGF Mega Pack/Multisamples/Alpha Juno Jungle Bass Multis 1/Jungle Bass 3/AJ Jungle Bass 3 - A#1.wav,testing,MGF Mega Pack,Multisamples,Bass Reese,Bass Hit,0.1470647156238556,0.1741468906402588,0.027082,0.34281331300735474,0.3763028085231781,0.033489,False,False,,1,,1
502,20.0,low_frequency_family_boundary,/Volumes/Jack_Gandy_1TB_SSD/testing-for-NITE-DSP/sample_pack_testing/MGF Mega Pack/Multisamples/Alpha Juno Jungle Bass Multis 1/Jungle Bass 3/AJ Jungle Bass 3 - A1.wav,testing,MGF Mega Pack,Multisamples,Bass Reese,Bass Hit,0.1669466495513916,0.18690189719200134,0.019955,0.3601176142692566,0.38949328660964966,0.029376,False,False,,1,,1
503,20.0,low_frequency_family_boundary,/Volumes/Jack_Gandy_1TB_SSD/testing-for-NITE-DSP/sample_pack_testing/MGF Mega Pack/Multisamples/Alpha Juno Jungle Bass Multis 1/Jungle Bass 3/AJ Jungle Bass 3 - G#1.wav,testing,MGF Mega Pack,Multisamples,Bass Reese,Bass Hit,0.19215454161167145,0.1497303694486618,-0.042424,0.37175801396369934,0.3541126549243927,-0.017645,False,False,,1,,1
504,20.0,low_frequency_family_boundary,/Volumes/Jack_Gandy_1TB_SSD/testing-for-NITE-DSP/sample_pack_testing/MGF Mega Pack/Multisamples/MGF Alpha Juno Vol 8/Dub Tech 1/Dub Tech 1 - C#0.wav,testing,MGF Mega Pack,Multisamples,Kick,Bass Hit,0.45122382044792175,0.7375772595405579,0.286353,0.481772243976593,0.6696187257766724,0.187846,False,False,,1,,1
505,20.0,low_frequency_family_boundary,/Volumes/Jack_Gandy_1TB_SSD/testing-for-NITE-DSP/sample_pack_testing/MGF Mega Pack/Multisamples/MGF Alpha Juno Vol 8/Dub Tech 1/Dub Tech 1 - F#0.wav,testing,MGF Mega Pack,Multisamples,Kick,Bass Hit,0.6090900301933289,0.6468086242675781,0.037719,0.572899341583252,0.6760075688362122,0.103108,False,False,,1,,1
506,20.0,low_frequency_family_boundary,/Volumes/Jack_Gandy_1TB_SSD/testing-for-NITE-DSP/sample_pack_testing/MGF Mega Pack/Multisamples/MGF Alpha Juno Vol 8/Dub Tech 1/Dub Tech 1 - F0.wav,testing,MGF Mega Pack,Multisamples,Kick,Bass Hit,0.5988645553588867,0.643778383731842,0.044914,0.5693292021751404,0.6768993139266968,0.10757,False,False,,1,,1
507,20.0,low_frequency_family_boundary,/Volumes/Jack_Gandy_1TB_SSD/testing-for-NITE-DSP/sample_pack_testing/MGF Mega Pack/Multisamples/MGF Alpha Juno Vol 8/Dub Tech 1/Dub Tech 1 Alt - D0.wav,testing,MGF Mega Pack,Multisamples,Kick,Bass Hit,0.42111286520957947,0.7540302276611328,0.332917,0.4662973880767822,0.6777768731117249,0.211479,False,False,,1,,1
508,20.0,low_frequency_family_boundary,/Volumes/Jack_Gandy_1TB_SSD/testing-for-NITE-DSP/sample_pack_testing/MGF Mega Pack/Multisamples/MGF Alpha Juno Vol 8/Dub Tech 1/Dub Tech 1 Alt 2 - D#0.wav,testing,MGF Mega Pack,Multisamples,Kick,Bass Hit,0.5294806957244873,0.6278465390205383,0.098366,0.5148914456367493,0.6323004364967346,0.117409,False,False,,1,,1
509,20.0,low_frequency_family_boundary,/Volumes/Jack_Gandy_1TB_SSD/testing-for-NITE-DSP/sample_pack_testing/MGF Mega Pack/Multisamples/MGF DX11 Vol 4/DTROIT BASS/DTROITBASS (Soft) - F#0.wav,testing,MGF Mega Pack,Multisamples,Kick,Bass Hit,0.4818071126937866,0.6004428863525391,0.118636,0.49251872301101685,0.5987464189529419,0.106228,False,False,,1,,1
510,20.0,low_frequency_family_boundary,/Volumes/Jack_Gandy_1TB_SSD/testing-for-NITE-DSP/sample_pack_testing/MGF Mega Pack/Multisamples/MGF DX11 Vol 4/Stick Bass/StickBass C0.wav,testing,MGF Mega Pack,Multisamples,Kick,Bass Hit,0.45880571007728577,0.43855270743370056,-0.020253,0.47823041677474976,0.5135210156440735,0.035291,False,False,,1,,1
511,20.0,low_frequency_family_boundary,/Volumes/Jack_Gandy_1TB_SSD/testing-for-NITE-DSP/sample_pack_testing/MGF Mega Pack/Multisamples/MGF DX11 Vol 4/Stick Bass/StickBass-1 D0.wav,testing,MGF Mega Pack,Multisamples,Kick,Bass Hit,0.2477210909128189,0.4435461759567261,0.195825,0.3537524938583374,0.4703199565410614,0.116567,False,False,,1,,1
512,20.0,low_frequency_family_boundary,/Volumes/Jack_Gandy_1TB_SSD/testing-for-NITE-DSP/sample_pack_testing/MGF Mega Pack/Multisamples/MGF DX11 Vol 4/Stick Bass/StickBass-2 E0.wav,testing,MGF Mega Pack,Multisamples,Kick,Bass Hit,0.3881072700023651,0.4619477391242981,0.07384,0.4337308704853058,0.5000541806221008,0.066323,False,False,,1,,1
513,20.0,low_frequency_family_boundary,/Volumes/Jack_Gandy_1TB_SSD/testing-for-NITE-DSP/sample_pack_testing/MGF Mega Pack/Multisamples/MGF DX11 Vol 4/Stick Bass/StickBass-3 F0.wav,testing,MGF Mega Pack,Multisamples,Kick,Bass Hit,0.2932767868041992,0.4618937075138092,0.168617,0.3828146457672119,0.4853804111480713,0.102566,False,False,,1,,1
514,20.0,low_frequency_family_boundary,/Volumes/Jack_Gandy_1TB_SSD/testing-for-NITE-DSP/sample_pack_testing/MGF Mega Pack/Multisamples/MGF DX11 Vol 4/Stick Bass/StickBass-4 G0.wav,testing,MGF Mega Pack,Multisamples,Kick,Bass Hit,0.25479236245155334,0.4035452902317047,0.148753,0.36483603715896606,0.45782527327537537,0.092989,False,False,,1,,1
515,20.0,low_frequency_family_boundary,/Volumes/Jack_Gandy_1TB_SSD/testing-for-NITE-DSP/sample_pack_testing/MGF Mega Pack/Retro Digital Collection/Bass/DX11 Square Lately (Med) - A#0.wav,testing,MGF Mega Pack,Retro Digital Collection,Kick,Bass Hit,0.4410129487514496,0.6863901615142822,0.245377,0.5359298586845398,0.6701633334159851,0.134233,False,False,,1,,1
516,20.0,low_frequency_family_boundary,/Volumes/Jack_Gandy_1TB_SSD/testing-for-NITE-DSP/sample_pack_testing/MGF Mega Pack/Retro Digital Collection/Bass/DX11 Square Lately (Med) - F0.wav,testing,MGF Mega Pack,Retro Digital Collection,Kick,Bass Hit,0.3697044849395752,0.5761790871620178,0.206475,0.3990672528743744,0.5481078624725342,0.149041,False,False,,1,,1
517,20.0,low_frequency_family_boundary,/Volumes/Jack_Gandy_1TB_SSD/testing-for-NITE-DSP/sample_pack_testing/MGF Mega Pack/Wavetables/Producer Hive Analog + Vintage Wavetables (demo)/VS01_P6_Misc1_Wav.wav,testing,MGF Mega Pack,Wavetables,Foley,Bass Hit,0.15247774124145508,0.19039788842201233,0.03792,0.24320575594902039,0.28672266006469727,0.043517,False,False,,1,,1
518,20.0,low_frequency_family_boundary,/Volumes/Jack_Gandy_1TB_SSD/testing-for-NITE-DSP/sample_pack_testing/MGF Mega Pack/Wavetables/Producer Hive Synthwave (demo)/AnaSingle04.wav,testing,MGF Mega Pack,Wavetables,Kick,Bass Hit,0.19754084944725037,0.4474664628505707,0.249926,0.2843181788921356,0.442335844039917,0.158018,False,False,,1,,1
519,20.0,low_frequency_family_boundary,/Volumes/Jack_Gandy_1TB_SSD/testing-for-NITE-DSP/sample_pack_testing/MGF Mega Pack/Wavetables/Producer Hive Synthwave (demo)/AnaSingle06.wav,testing,MGF Mega Pack,Wavetables,Foley,Bass Hit,0.25478848814964294,0.1951291412115097,-0.059659,0.312951922416687,0.2954290211200714,-0.017523,False,False,,1,,1
520,20.0,low_frequency_family_boundary,/Volumes/Jack_Gandy_1TB_SSD/testing-for-NITE-DSP/sample_pack_testing/Mike Shinoda Drums/MPC 1000 Backup/ALBUM4SNDS/Sample05 (sub).WAV,testing,Mike Shinoda Drums,MPC 1000 Backup,Synth One-Shot,Bass Hit,0.2376563400030136,0.36427879333496094,0.126622,0.3613017797470093,0.45279428362846375,0.091493,False,False,,1,,1
521,20.0,low_frequency_family_boundary,/Volumes/Jack_Gandy_1TB_SSD/testing-for-NITE-DSP/sample_pack_testing/Mike Shinoda Drums/MPC 1000 Backup/ALBUM4SNDS/Sample13.WAV (KICK).WAV,testing,Mike Shinoda Drums,MPC 1000 Backup,Kick,Impact,0.13997073471546173,0.3670957386493683,0.227125,0.19296564161777496,0.38359129428863525,0.190626,False,False,,1,,1
522,20.0,low_frequency_family_boundary,/Volumes/Jack_Gandy_1TB_SSD/testing-for-NITE-DSP/sample_pack_testing/Mike Shinoda Drums/MPC 1000 Backup/DRE SAMPLES/808_BCT.wav,testing,Mike Shinoda Drums,MPC 1000 Backup,Kick,Bass Hit,0.5080680251121521,0.4080716073513031,-0.099996,0.47299492359161377,0.4883688986301422,0.015374,False,False,,1,,1
523,20.0,low_frequency_family_boundary,/Volumes/Jack_Gandy_1TB_SSD/testing-for-NITE-DSP/sample_pack_testing/Mike Shinoda Drums/MPC 1000 Backup/DRE SAMPLES/808_RVSE_CALI.wav,testing,Mike Shinoda Drums,MPC 1000 Backup,Weather/Nature Atmos,Bass Hit,0.1239158883690834,0.1633213609457016,0.039405,0.22442227602005005,0.2756238579750061,0.051202,False,False,,1,,1
524,20.0,low_frequency_family_boundary,/Volumes/Jack_Gandy_1TB_SSD/testing-for-NITE-DSP/sample_pack_testing/Mike Shinoda Drums/MPC 1000 Backup/LOOSESAMPLES/808.WAV,testing,Mike Shinoda Drums,MPC 1000 Backup,Kick,Bass Hit,0.4555485248565674,0.3296211361885071,-0.125927,0.4432131052017212,0.44830918312072754,0.005096,False,False,,1,,1
525,20.0,low_frequency_family_boundary,/Volumes/Jack_Gandy_1TB_SSD/testing-for-NITE-DSP/sample_pack_testing/Mike Shinoda Drums/MPC 1000 Backup/LOOSESAMPLES/S HARRIS7.WAV,testing,Mike Shinoda Drums,MPC 1000 Backup,Kick,Impact,0.2500612139701843,0.31667712330818176,0.066616,0.2737688422203064,0.36626553535461426,0.092497,False,False,,1,,1
526,20.0,low_frequency_family_boundary,/Volumes/Jack_Gandy_1TB_SSD/testing-for-NITE-DSP/sample_pack_testing/Mike Shinoda Drums/MPC 1000 Backup/Mike_s Beats #1/BOOM.wav,testing,Mike Shinoda Drums,MPC 1000 Backup,Kick,Bass Hit,0.21220366656780243,0.3604850172996521,0.148281,0.30056658387184143,0.41373130679130554,0.113165,False,False,,1,,1
527,20.0,low_frequency_family_boundary,/Volumes/Jack_Gandy_1TB_SSD/testing-for-NITE-DSP/sample_pack_testing/Mike Shinoda Drums/MPC 1000 Backup/RICK 808/808 16.WAV,testing,Mike Shinoda Drums,MPC 1000 Backup,Kick,Percussion,0.2789961099624634,0.3000381290912628,0.021042,0.33925923705101013,0.36770015954971313,0.028441,False,False,,1,,1
528,20.0,low_frequency_family_boundary,/Volumes/Jack_Gandy_1TB_SSD/testing-for-NITE-DSP/sample_pack_testing/Mike Shinoda Drums/MS BEATS/808er Samples/BD_Fat808Long_01.wav,testing,Mike Shinoda Drums,MS BEATS,Kick,Bass Hit,0.4548163414001465,0.34381139278411865,-0.111005,0.47524648904800415,0.4693215489387512,-0.005925,False,False,,1,,1
529,20.0,low_frequency_family_boundary,/Volumes/Jack_Gandy_1TB_SSD/testing-for-NITE-DSP/sample_pack_testing/Mike Shinoda Drums/MS BEATS/Airborne Samples/BD_Prune909_003.wav,testing,Mike Shinoda Drums,MS BEATS,Kick,Bass Hit,0.5957989692687988,0.6531222462654114,0.057323,0.5738729238510132,0.6822872161865234,0.108414,False,False,,1,,1
530,20.0,low_frequency_family_boundary,/Volumes/Jack_Gandy_1TB_SSD/testing-for-NITE-DSP/sample_pack_testing/Mike Shinoda Drums/MS BEATS/Airborne Samples/FXHit_LaserImpact.wav,testing,Mike Shinoda Drums,MS BEATS,Bass Hit,Impact,0.1792808473110199,0.4090383052825928,0.229757,0.2593878507614136,0.46216195821762085,0.202774,False,False,,1,,1
531,20.0,low_frequency_family_boundary,/Volumes/Jack_Gandy_1TB_SSD/testing-for-NITE-DSP/sample_pack_testing/Mike Shinoda Drums/MS BEATS/Amethyst Samples/Kick AR60sLate V108 2.wav,testing,Mike Shinoda Drums,MS BEATS,Kick,Percussion,0.2760716378688812,0.25572121143341064,-0.02035,0.41893094778060913,0.4256799817085266,0.006749,False,False,,1,,1
532,20.0,low_frequency_family_boundary,/Volumes/Jack_Gandy_1TB_SSD/testing-for-NITE-DSP/sample_pack_testing/Mike Shinoda Drums/MS BEATS/Amethyst Samples/Kick AR60sLate V117 2.wav,testing,Mike Shinoda Drums,MS BEATS,Kick,Percussion,0.23265711963176727,0.2570618689060211,0.024405,0.3755109906196594,0.4010847806930542,0.025574,False,False,,1,,1
533,20.0,low_frequency_family_boundary,/Volumes/Jack_Gandy_1TB_SSD/testing-for-NITE-DSP/sample_pack_testing/Mike Shinoda Drums/MS BEATS/Amethyst Samples/Kick AR60sLate V65 2.wav,testing,Mike Shinoda Drums,MS BEATS,Kick,Percussion,0.22419719398021698,0.2578357458114624,0.033639,0.3206833600997925,0.34784847497940063,0.027165,False,False,,1,,1
534,20.0,low_frequency_family_boundary,/Volumes/Jack_Gandy_1TB_SSD/testing-for-NITE-DSP/sample_pack_testing/Mike Shinoda Drums/MS BEATS/Amethyst Samples/Kick AR60sLate V88 2.wav,testing,Mike Shinoda Drums,MS BEATS,Kick,Percussion,0.27838703989982605,0.29003769159317017,0.011651,0.3830941617488861,0.4066629409790039,0.023569,False,False,,1,,1
535,20.0,low_frequency_family_boundary,/Volumes/Jack_Gandy_1TB_SSD/testing-for-NITE-DSP/sample_pack_testing/Mike Shinoda Drums/MS BEATS/Bowser Meat Samples/Kick Argon 4.wav,testing,Mike Shinoda Drums,MS BEATS,Kick,Bass Hit,0.7063556909561157,0.44668498635292053,-0.259671,0.5749821662902832,0.5808016061782837,0.005819,False,False,,1,,1
536,20.0,low_frequency_family_boundary,/Volumes/Jack_Gandy_1TB_SSD/testing-for-NITE-DSP/sample_pack_testing/Mike Shinoda Drums/MS BEATS/Cool EFX Samples/Kick MuffledBig.wav,testing,Mike Shinoda Drums,MS BEATS,Kick,Bass Hit,0.22976276278495789,0.29591819643974304,0.066155,0.300195574760437,0.39532271027565,0.095127,False,False,,1,,1
537,20.0,low_frequency_family_boundary,/Volumes/Jack_Gandy_1TB_SSD/testing-for-NITE-DSP/sample_pack_testing/Mike Shinoda Drums/MS BEATS/Cool EFX Samples/SFX BayDoor.wav,testing,Mike Shinoda Drums,MS BEATS,Foley,Bass Hit,0.19395329058170319,0.18709231913089752,-0.006861,0.259225070476532,0.28137820959091187,0.022153,False,False,,1,,1
538,20.0,low_frequency_family_boundary,/Volumes/Jack_Gandy_1TB_SSD/testing-for-NITE-DSP/sample_pack_testing/Mike Shinoda Drums/MS BEATS/Doodie Samples/Analog_BD7_MPC60.wav,testing,Mike Shinoda Drums,MS BEATS,Kick,Bass Hit,0.6589751243591309,0.47946876287460327,-0.179506,0.5613927841186523,0.5880545973777771,0.026662,False,False,,1,,1
539,20.0,low_frequency_family_boundary,/Volumes/Jack_Gandy_1TB_SSD/testing-for-NITE-DSP/sample_pack_testing/Mike Shinoda Drums/MS BEATS/Gnarly Tribal Samples/Kick LowLovers 2.wav,testing,Mike Shinoda Drums,MS BEATS,Kick,Bass Hit,0.1667189598083496,0.30894094705581665,0.142222,0.24121682345867157,0.3625364899635315,0.12132,False,False,,1,,1
540,20.0,low_frequency_family_boundary,/Volumes/Jack_Gandy_1TB_SSD/testing-for-NITE-DSP/sample_pack_testing/Mike Shinoda Drums/MS BEATS/Gnarly Tribal Samples/Note SubBass HoodFx 3.wav,testing,Mike Shinoda Drums,MS BEATS,Kick,Bass Hit,0.41137656569480896,0.35711669921875,-0.05426,0.4352366626262665,0.4529629349708557,0.017726,False,False,,1,,1
541,20.0,low_frequency_family_boundary,/Volumes/Jack_Gandy_1TB_SSD/testing-for-NITE-DSP/sample_pack_testing/Mike Shinoda Drums/MS BEATS/Gnarly Tribal Samples/Note SubBass HoodFx 4.wav,testing,Mike Shinoda Drums,MS BEATS,Kick,Bass Hit,0.24378786981105804,0.37041449546813965,0.126627,0.342170387506485,0.43888893723487854,0.096719,False,False,,1,,1
542,20.0,low_frequency_family_boundary,/Volumes/Jack_Gandy_1TB_SSD/testing-for-NITE-DSP/sample_pack_testing/Mike Shinoda Drums/MS BEATS/Hemispheres Samples/49hz_MPC60.wav,testing,Mike Shinoda Drums,MS BEATS,Kick,Bass Hit,0.32691067457199097,0.4148212671279907,0.087911,0.400089293718338,0.47828203439712524,0.078193,False,False,,1,,1
543,20.0,low_frequency_family_boundary,/Volumes/Jack_Gandy_1TB_SSD/testing-for-NITE-DSP/sample_pack_testing/Mike Shinoda Drums/MS BEATS/Pizzaria Samples/Kick StudioGong 2.wav,testing,Mike Shinoda Drums,MS BEATS,Kick,Bass Hit,0.44228237867355347,0.29914379119873047,-0.143139,0.44664692878723145,0.4540155231952667,0.007369,False,False,,1,,1
544,20.0,low_frequency_family_boundary,/Volumes/Jack_Gandy_1TB_SSD/testing-for-NITE-DSP/sample_pack_testing/Mike Shinoda Drums/MS BEATS/Pizzaria Samples/Kick ZeroCash 9.wav,testing,Mike Shinoda Drums,MS BEATS,Synth One-Shot,Bass Hit,0.21346938610076904,0.32404419779777527,0.110575,0.3521614074707031,0.44516465067863464,0.093003,False,False,,1,,1
545,20.0,low_frequency_family_boundary,/Volumes/Jack_Gandy_1TB_SSD/testing-for-NITE-DSP/sample_pack_testing/Mike Shinoda Drums/MS BEATS/RYU 2 Samples/BD_Fat808_04.wav,testing,Mike Shinoda Drums,MS BEATS,Kick,Bass Hit,0.5213236808776855,0.5022720098495483,-0.019052,0.5227715969085693,0.5685099363327026,0.045738,False,False,,1,,1
546,20.0,low_frequency_family_boundary,/Volumes/Jack_Gandy_1TB_SSD/testing-for-NITE-DSP/sample_pack_testing/Mike Shinoda Drums/MS BEATS/Recharged Samples/Kick Drinks 3.wav,testing,Mike Shinoda Drums,MS BEATS,Kick,Percussion,0.2335852086544037,0.21804659068584442,-0.015539,0.380045622587204,0.40119096636772156,0.021145,False,False,,1,,1
547,20.0,low_frequency_family_boundary,/Volumes/Jack_Gandy_1TB_SSD/testing-for-NITE-DSP/sample_pack_testing/Mike Shinoda Drums/MS BEATS/Recharged Samples/Sub D3 SinisterEights.wav,testing,Mike Shinoda Drums,MS BEATS,Synth One-Shot,Bass Hit,0.28285035490989685,0.2386997938156128,-0.044151,0.39902403950691223,0.407100111246109,0.008076,False,False,,1,,1
548,20.0,low_frequency_family_boundary,/Volumes/Jack_Gandy_1TB_SSD/testing-for-NITE-DSP/sample_pack_testing/Mike Shinoda Drums/MS BEATS/maschine ms test 1 Samples/Kick 808 2.wav,testing,Mike Shinoda Drums,MS BEATS,Kick,Bass Hit,0.5668633580207825,0.4656282067298889,-0.101235,0.5121061205863953,0.5444890260696411,0.032383,False,False,,1,,1
549,20.0,low_frequency_family_boundary,/Volumes/Jack_Gandy_1TB_SSD/testing-for-NITE-DSP/sample_pack_testing/Minimal Audio/ELEMENT/1 - Drums/2 - Kick/Kick - Convoluted.wav,testing,Minimal Audio,ELEMENT,Kick,Impact,0.18791563808918,0.6115925908088684,0.423677,0.2504130005836487,0.5342294573783875,0.283816,False,False,,1,,1
550,20.0,low_frequency_family_boundary,/Volumes/Jack_Gandy_1TB_SSD/testing-for-NITE-DSP/sample_pack_testing/Minimal Audio/ELEMENT/1 - Drums/3 - Snare/Snare - Tight Organic.wav,testing,Minimal Audio,ELEMENT,Snare,Kick,0.3679523766040802,0.33584901690483093,-0.032103,0.5965390205383301,0.5947919487953186,-0.001747,False,False,,1,,1
551,20.0,low_frequency_family_boundary,/Volumes/Jack_Gandy_1TB_SSD/testing-for-NITE-DSP/sample_pack_testing/Minimal Audio/ELEMENT/3 - Bass Loops/Bass - Electric Boomerang - Emin - 78 BPM.wav,testing,Minimal Audio,ELEMENT,Bass Hit,Impact,0.13798926770687103,0.5585561990737915,0.420567,0.21174675226211548,0.5135244727134705,0.301778,False,False,,1,,1
552,20.0,low_frequency_family_boundary,/Volumes/Jack_Gandy_1TB_SSD/testing-for-NITE-DSP/sample_pack_testing/Minimal Audio/MICROTECH/2 - One Shots/1 - Kick/Kick - Tablatek.wav,testing,Minimal Audio,MICROTECH,Kick,Bass Hit,0.5020577907562256,0.3779185712337494,-0.124139,0.4863923490047455,0.521956205368042,0.035564,False,False,,1,,1
553,20.0,low_frequency_family_boundary,/Volumes/Jack_Gandy_1TB_SSD/testing-for-NITE-DSP/sample_pack_testing/Old Movies 1 - Vintage Collection (Drum Kit)/Noise & Texture (Old Movies)/SBM_Foley Texture 1.wav,testing,Old Movies 1 - Vintage Collection (Drum Kit),Noise & Texture (Old Movies),Foley,Bass Reese,0.08750199526548386,0.09606456011533737,0.008563,0.12522290647029877,0.14905479550361633,0.023832,False,False,,1,,1
554,20.0,low_frequency_family_boundary,/Volumes/Jack_Gandy_1TB_SSD/testing-for-NITE-DSP/sample_pack_testing/Organic Drum Kit/1 Kicks/Organic - Kick (49).wav,testing,Organic Drum Kit,1 Kicks,Kick,Percussion,0.3113759160041809,0.20787684619426727,-0.103499,0.3397906720638275,0.33904340863227844,-0.000747,False,False,,1,,1
555,20.0,low_frequency_family_boundary,/Volumes/Jack_Gandy_1TB_SSD/testing-for-NITE-DSP/sample_pack_testing/Organic Electronics 2 J.Views/JVIEWS_desert/JVIEWS_desert_one_shots/JVIEWS_desertwood_kick_04.wav,testing,Organic Electronics 2 J.Views,JVIEWS_desert,Foley,Kick,0.31165850162506104,0.2680659890174866,-0.043593,0.44799914956092834,0.44093576073646545,-0.007063,False,False,,1,,1
556,20.0,low_frequency_family_boundary,/Volumes/Jack_Gandy_1TB_SSD/testing-for-NITE-DSP/sample_pack_testing/Organic Electronics 2 J.Views/JVIEWS_desert/JVIEWS_desert_one_shots/JVIEWS_rv_snare_softer.wav,testing,Organic Electronics 2 J.Views,JVIEWS_desert,Snare,Kick,0.29975539445877075,0.2789386808872223,-0.020817,0.5020597577095032,0.5071437954902649,0.005084,False,False,,1,,1
557,20.0,low_frequency_family_boundary,/Volumes/Jack_Gandy_1TB_SSD/testing-for-NITE-DSP/sample_pack_testing/Sounds of KSHMR Vol.3/KSHMR_Drums/KSHMR_Beatboxing/KSHMR_Beatbox_Kick_05_C#.wav,testing,Sounds of KSHMR Vol.3,KSHMR_Drums,Foley,Bass Hit,0.16927151381969452,0.19783620536327362,0.028565,0.23448818922042847,0.28106895089149475,0.046581,False,False,,1,,1
558,20.0,low_frequency_family_boundary,/Volumes/Jack_Gandy_1TB_SSD/testing-for-NITE-DSP/sample_pack_testing/Sounds of KSHMR Vol.3/KSHMR_Drums/KSHMR_Beatboxing/KSHMR_Beatbox_Kick_07_D#.wav,testing,Sounds of KSHMR Vol.3,KSHMR_Drums,Bass Hit,Impact,0.1351037174463272,0.22316259145736694,0.088059,0.19917447865009308,0.3030010759830475,0.103827,False,False,,1,,1
559,20.0,low_frequency_family_boundary,/Volumes/Jack_Gandy_1TB_SSD/testing-for-NITE-DSP/sample_pack_testing/Sounds of KSHMR Vol.3/KSHMR_Drums/KSHMR_Drum_Enhancers/KSHMR_Kick_Enhancer_14_Vinyl.wav,testing,Sounds of KSHMR Vol.3,KSHMR_Drums,Kick,Percussion,0.24903225898742676,0.2611311674118042,0.012099,0.35063910484313965,0.37343719601631165,0.022798,False,False,,1,,1
560,20.0,low_frequency_family_boundary,/Volumes/Jack_Gandy_1TB_SSD/testing-for-NITE-DSP/sample_pack_testing/Sounds of KSHMR Vol.3/KSHMR_Drums/KSHMR_Kicks/KSHMR_Big_Kicks/KSHMR_Big_Kick_01_F.wav,testing,Sounds of KSHMR Vol.3,KSHMR_Drums,Kick,Bass Hit,0.4369595944881439,0.3475339114665985,-0.089426,0.4135254919528961,0.4457370340824127,0.032212,False,False,,1,,1
561,20.0,low_frequency_family_boundary,/Volumes/Jack_Gandy_1TB_SSD/testing-for-NITE-DSP/sample_pack_testing/Sounds of KSHMR Vol.3/KSHMR_Drums/KSHMR_Kicks/KSHMR_Big_Kicks/KSHMR_Big_Kick_05_D#.wav,testing,Sounds of KSHMR Vol.3,KSHMR_Drums,Kick,Bass Hit,0.19243453443050385,0.3398328125476837,0.147398,0.2603971064090729,0.386233925819397,0.125837,False,False,,1,,1
562,20.0,low_frequency_family_boundary,/Volumes/Jack_Gandy_1TB_SSD/testing-for-NITE-DSP/sample_pack_testing/Sounds of KSHMR Vol.3/KSHMR_Drums/KSHMR_Kicks/KSHMR_Big_Kicks/KSHMR_Big_Kick_08_E.wav,testing,Sounds of KSHMR Vol.3,KSHMR_Drums,Kick,Bass Hit,0.361030638217926,0.565180778503418,0.20415,0.41396021842956543,0.5350682735443115,0.121108,False,False,,1,,1
563,20.0,low_frequency_family_boundary,/Volumes/Jack_Gandy_1TB_SSD/testing-for-NITE-DSP/sample_pack_testing/Sounds of KSHMR Vol.3/KSHMR_Drums/KSHMR_Kicks/KSHMR_Big_Kicks/KSHMR_Big_Kick_09_E.wav,testing,Sounds of KSHMR Vol.3,KSHMR_Drums,Kick,Bass Hit,0.37863898277282715,0.662734866142273,0.284096,0.3938848674297333,0.5755873918533325,0.181703,False,False,,1,,1
564,20.0,low_frequency_family_boundary,/Volumes/Jack_Gandy_1TB_SSD/testing-for-NITE-DSP/sample_pack_testing/Sounds of KSHMR Vol.3/KSHMR_Drums/KSHMR_Kicks/KSHMR_Big_Kicks/KSHMR_Big_Kick_14_F.wav,testing,Sounds of KSHMR Vol.3,KSHMR_Drums,Kick,Bass Hit,0.3259240984916687,0.6150458455085754,0.289122,0.37715792655944824,0.5539438724517822,0.176786,False,False,,1,,1
565,20.0,low_frequency_family_boundary,/Volumes/Jack_Gandy_1TB_SSD/testing-for-NITE-DSP/sample_pack_testing/Sounds of KSHMR Vol.3/KSHMR_Drums/KSHMR_Kicks/KSHMR_Big_Kicks/KSHMR_Big_Kick_16_F.wav,testing,Sounds of KSHMR Vol.3,KSHMR_Drums,Kick,Bass Hit,0.6707577109336853,0.46611979603767395,-0.204638,0.5478581786155701,0.5755282044410706,0.02767,False,False,,1,,1
566,20.0,low_frequency_family_boundary,/Volumes/Jack_Gandy_1TB_SSD/testing-for-NITE-DSP/sample_pack_testing/Sounds of KSHMR Vol.3/KSHMR_Drums/KSHMR_Kicks/KSHMR_Big_Kicks/KSHMR_Big_Kick_19_F.wav,testing,Sounds of KSHMR Vol.3,KSHMR_Drums,Kick,Bass Hit,0.35012900829315186,0.29671865701675415,-0.05341,0.3417596220970154,0.3649737238883972,0.023214,False,False,,1,,1
567,20.0,low_frequency_family_boundary,/Volumes/Jack_Gandy_1TB_SSD/testing-for-NITE-DSP/sample_pack_testing/Sounds of KSHMR Vol.3/KSHMR_Drums/KSHMR_Kicks/KSHMR_Big_Kicks/KSHMR_Big_Kick_20_F#.wav,testing,Sounds of KSHMR Vol.3,KSHMR_Drums,Kick,Bass Hit,0.37565138936042786,0.3729647696018219,-0.002687,0.36986860632896423,0.43619436025619507,0.066326,False,False,,1,,1
568,20.0,low_frequency_family_boundary,/Volumes/Jack_Gandy_1TB_SSD/testing-for-NITE-DSP/sample_pack_testing/Sounds of KSHMR Vol.3/KSHMR_Drums/KSHMR_Kicks/KSHMR_Big_Kicks/KSHMR_Big_Kick_23_G.wav,testing,Sounds of KSHMR Vol.3,KSHMR_Drums,Kick,Bass Hit,0.6765667200088501,0.5476844906806946,-0.128882,0.5747354626655579,0.627893328666687,0.053158,False,False,,1,,1
569,20.0,low_frequency_family_boundary,/Volumes/Jack_Gandy_1TB_SSD/testing-for-NITE-DSP/sample_pack_testing/Sounds of KSHMR Vol.3/KSHMR_Drums/KSHMR_Kicks/KSHMR_Hardstyle_Kicks/KSHMR_Hardstyle_Kicks/KSHMR_Hardstyle_Kick_01_A.wav,testing,Sounds of KSHMR Vol.3,KSHMR_Drums,Kick,Bass Hit,0.15792186558246613,0.2761250436306,0.118203,0.2804553508758545,0.3711278736591339,0.090673,False,False,,1,,1
570,20.0,low_frequency_family_boundary,/Volumes/Jack_Gandy_1TB_SSD/testing-for-NITE-DSP/sample_pack_testing/Sounds of KSHMR Vol.3/KSHMR_Drums/KSHMR_Kicks/KSHMR_Hardstyle_Kicks/KSHMR_Hardstyle_Kicks/KSHMR_Hardstyle_Kick_02_A.wav,testing,Sounds of KSHMR Vol.3,KSHMR_Drums,Clap,Bass Hit,0.24105477333068848,0.27035126090049744,0.029296,0.3491385281085968,0.38093504309654236,0.031797,False,False,,1,,1
571,20.0,low_frequency_family_boundary,/Volumes/Jack_Gandy_1TB_SSD/testing-for-NITE-DSP/sample_pack_testing/Sounds of KSHMR Vol.3/KSHMR_Drums/KSHMR_Kicks/KSHMR_Hardstyle_Kicks/KSHMR_Hardstyle_Kicks/KSHMR_Hardstyle_Kick_06_C.wav,testing,Sounds of KSHMR Vol.3,KSHMR_Drums,Clap,Bass Hit,0.20513367652893066,0.3516574501991272,0.146524,0.29116520285606384,0.39299190044403076,0.101827,False,False,,1,,1
572,20.0,low_frequency_family_boundary,/Volumes/Jack_Gandy_1TB_SSD/testing-for-NITE-DSP/sample_pack_testing/Sounds of KSHMR Vol.3/KSHMR_Drums/KSHMR_Kicks/KSHMR_Hardstyle_Kicks/KSHMR_Hardstyle_Kicks/KSHMR_Hardstyle_Kick_07_D.wav,testing,Sounds of KSHMR Vol.3,KSHMR_Drums,Foley,Bass Hit,0.18855072557926178,0.34696829319000244,0.158418,0.26953229308128357,0.39179423451423645,0.122262,False,False,,1,,1
573,20.0,low_frequency_family_boundary,/Volumes/Jack_Gandy_1TB_SSD/testing-for-NITE-DSP/sample_pack_testing/Sounds of KSHMR Vol.3/KSHMR_Drums/KSHMR_Kicks/KSHMR_Hardstyle_Kicks/KSHMR_Hardstyle_Kicks/KSHMR_Hardstyle_Kick_08_D.wav,testing,Sounds of KSHMR Vol.3,KSHMR_Drums,Kick,Bass Hit,0.2581709027290344,0.243209108710289,-0.014962,0.30406370759010315,0.3284144401550293,0.024351,False,False,,1,,1
574,20.0,low_frequency_family_boundary,/Volumes/Jack_Gandy_1TB_SSD/testing-for-NITE-DSP/sample_pack_testing/Sounds of KSHMR Vol.3/KSHMR_Drums/KSHMR_Kicks/KSHMR_Hardstyle_Kicks/KSHMR_Hardstyle_Kicks/KSHMR_Hardstyle_Kick_09_D.wav,testing,Sounds of KSHMR Vol.3,KSHMR_Drums,Kick,Bass Hit,0.16763892769813538,0.2611936926841736,0.093555,0.23284749686717987,0.3206906318664551,0.087843,False,False,,1,,1
575,20.0,low_frequency_family_boundary,/Volumes/Jack_Gandy_1TB_SSD/testing-for-NITE-DSP/sample_pack_testing/Sounds of KSHMR Vol.3/KSHMR_Drums/KSHMR_Kicks/KSHMR_Hardstyle_Kicks/KSHMR_Hardstyle_Kicks/KSHMR_Hardstyle_Kick_13_D#.wav,testing,Sounds of KSHMR Vol.3,KSHMR_Drums,Kick,Bass Hit,0.2169262021780014,0.3612815737724304,0.144355,0.2979048788547516,0.4022902548313141,0.104385,False,False,,1,,1
576,20.0,low_frequency_family_boundary,/Volumes/Jack_Gandy_1TB_SSD/testing-for-NITE-DSP/sample_pack_testing/Sounds of KSHMR Vol.3/KSHMR_Drums/KSHMR_Kicks/KSHMR_Hardstyle_Kicks/KSHMR_Hardstyle_Kicks/KSHMR_Hardstyle_Kick_16_E.wav,testing,Sounds of KSHMR Vol.3,KSHMR_Drums,Snare,Bass Hit,0.2652619183063507,0.25453633069992065,-0.010726,0.33106523752212524,0.3495541512966156,0.018489,False,False,,1,,1
577,20.0,low_frequency_family_boundary,/Volumes/Jack_Gandy_1TB_SSD/testing-for-NITE-DSP/sample_pack_testing/Sounds of KSHMR Vol.3/KSHMR_Drums/KSHMR_Kicks/KSHMR_Hardstyle_Kicks/KSHMR_Hardstyle_Kicks/KSHMR_Hardstyle_Kick_18_E.wav,testing,Sounds of KSHMR Vol.3,KSHMR_Drums,Snare,Bass Hit,0.266072154045105,0.21938303112983704,-0.046689,0.38852939009666443,0.38910630345344543,0.000577,False,False,,1,,1
578,20.0,low_frequency_family_boundary,/Volumes/Jack_Gandy_1TB_SSD/testing-for-NITE-DSP/sample_pack_testing/Sounds of KSHMR Vol.3/KSHMR_Drums/KSHMR_Kicks/KSHMR_Hardstyle_Kicks/KSHMR_Hardstyle_Kicks/KSHMR_Hardstyle_Kick_20_E.wav,testing,Sounds of KSHMR Vol.3,KSHMR_Drums,Snare,Bass Hit,0.1923845261335373,0.252703994512558,0.060319,0.25847259163856506,0.32342422008514404,0.064952,False,False,,1,,1
579,20.0,low_frequency_family_boundary,/Volumes/Jack_Gandy_1TB_SSD/testing-for-NITE-DSP/sample_pack_testing/Sounds of KSHMR Vol.3/KSHMR_Drums/KSHMR_Kicks/KSHMR_Hardstyle_Kicks/KSHMR_Hardstyle_Kicks/KSHMR_Hardstyle_Kick_23_E.wav,testing,Sounds of KSHMR Vol.3,KSHMR_Drums,Kick,Bass Hit,0.33733752369880676,0.3285418152809143,-0.008796,0.3659133315086365,0.3981780707836151,0.032265,False,False,,1,,1
580,20.0,low_frequency_family_boundary,/Volumes/Jack_Gandy_1TB_SSD/testing-for-NITE-DSP/sample_pack_testing/Sounds of KSHMR Vol.3/KSHMR_Drums/KSHMR_Kicks/KSHMR_Hardstyle_Kicks/KSHMR_Hardstyle_Kicks/KSHMR_Hardstyle_Kick_24_E.wav,testing,Sounds of KSHMR Vol.3,KSHMR_Drums,Kick,Bass Hit,0.26218628883361816,0.4988195300102234,0.236633,0.3317422866821289,0.47735854983329773,0.145616,False,False,,1,,1
581,20.0,low_frequency_family_boundary,/Volumes/Jack_Gandy_1TB_SSD/testing-for-NITE-DSP/sample_pack_testing/Sounds of KSHMR Vol.3/KSHMR_Drums/KSHMR_Kicks/KSHMR_Hardstyle_Kicks/KSHMR_Hardstyle_Kicks/KSHMR_Hardstyle_Kick_26_F.wav,testing,Sounds of KSHMR Vol.3,KSHMR_Drums,Kick,Bass Hit,0.2582530975341797,0.3554970622062683,0.097244,0.31737178564071655,0.38662195205688477,0.06925,False,False,,1,,1
582,20.0,low_frequency_family_boundary,/Volumes/Jack_Gandy_1TB_SSD/testing-for-NITE-DSP/sample_pack_testing/Sounds of KSHMR Vol.3/KSHMR_Drums/KSHMR_Kicks/KSHMR_Hardstyle_Kicks/KSHMR_Hardstyle_Kicks/KSHMR_Hardstyle_Kick_29_F.wav,testing,Sounds of KSHMR Vol.3,KSHMR_Drums,Kick,Bass Hit,0.2783218324184418,0.3136022984981537,0.03528,0.3537410795688629,0.39958879351615906,0.045848,False,False,,1,,1
583,20.0,low_frequency_family_boundary,/Volumes/Jack_Gandy_1TB_SSD/testing-for-NITE-DSP/sample_pack_testing/Sounds of KSHMR Vol.3/KSHMR_Drums/KSHMR_Kicks/KSHMR_Hardstyle_Kicks/KSHMR_Hardstyle_Kicks/KSHMR_Hardstyle_Kick_30_F.wav,testing,Sounds of KSHMR Vol.3,KSHMR_Drums,Kick,Bass Hit,0.3236284554004669,0.3811863958835602,0.057558,0.3716388940811157,0.42777910828590393,0.05614,False,False,,1,,1
584,20.0,low_frequency_family_boundary,/Volumes/Jack_Gandy_1TB_SSD/testing-for-NITE-DSP/sample_pack_testing/Sounds of KSHMR Vol.3/KSHMR_Drums/KSHMR_Kicks/KSHMR_Hardstyle_Kicks/KSHMR_Hardstyle_Kicks/KSHMR_Hardstyle_Kick_32_F.wav,testing,Sounds of KSHMR Vol.3,KSHMR_Drums,Foley,Bass Hit,0.16624610126018524,0.3221449851989746,0.155899,0.24583643674850464,0.36515575647354126,0.119319,False,False,,1,,1
585,20.0,low_frequency_family_boundary,/Volumes/Jack_Gandy_1TB_SSD/testing-for-NITE-DSP/sample_pack_testing/Sounds of KSHMR Vol.3/KSHMR_Drums/KSHMR_Kicks/KSHMR_Hardstyle_Kicks/KSHMR_Hardstyle_Kicks/KSHMR_Hardstyle_Kick_38_F#.wav,testing,Sounds of KSHMR Vol.3,KSHMR_Drums,Foley,Bass Hit,0.21009193360805511,0.33343449234962463,0.123343,0.3021017611026764,0.3965874910354614,0.094486,False,False,,1,,1
586,20.0,low_frequency_family_boundary,/Volumes/Jack_Gandy_1TB_SSD/testing-for-NITE-DSP/sample_pack_testing/Sounds of KSHMR Vol.3/KSHMR_Drums/KSHMR_Kicks/KSHMR_Hardstyle_Kicks/KSHMR_Hardstyle_Kicks/KSHMR_Hardstyle_Kick_39_F#.wav,testing,Sounds of KSHMR Vol.3,KSHMR_Drums,Kick,Bass Hit,0.2809818983078003,0.5200129151344299,0.239031,0.3573603630065918,0.4897993505001068,0.132439,False,False,,1,,1
587,20.0,low_frequency_family_boundary,/Volumes/Jack_Gandy_1TB_SSD/testing-for-NITE-DSP/sample_pack_testing/Sounds of KSHMR Vol.3/KSHMR_Drums/KSHMR_Kicks/KSHMR_Hardstyle_Kicks/KSHMR_Hardstyle_Kicks/KSHMR_Hardstyle_Kick_41_F#.wav,testing,Sounds of KSHMR Vol.3,KSHMR_Drums,Kick,Bass Hit,0.22221742570400238,0.26830145716667175,0.046084,0.29266831278800964,0.33995169401168823,0.047283,False,False,,1,,1
588,20.0,low_frequency_family_boundary,/Volumes/Jack_Gandy_1TB_SSD/testing-for-NITE-DSP/sample_pack_testing/Sounds of KSHMR Vol.3/KSHMR_Drums/KSHMR_Kicks/KSHMR_Hardstyle_Kicks/KSHMR_Hardstyle_Kicks/KSHMR_Hardstyle_Kick_42_F#.wav,testing,Sounds of KSHMR Vol.3,KSHMR_Drums,Kick,Bass Hit,0.4351024031639099,0.5903862118721008,0.155284,0.4581345021724701,0.5838499665260315,0.125715,False,False,,1,,1
589,20.0,low_frequency_family_boundary,/Volumes/Jack_Gandy_1TB_SSD/testing-for-NITE-DSP/sample_pack_testing/Sounds of KSHMR Vol.3/KSHMR_Drums/KSHMR_Kicks/KSHMR_Hardstyle_Kicks/KSHMR_Hardstyle_Kicks/KSHMR_Hardstyle_Kick_43_G.wav,testing,Sounds of KSHMR Vol.3,KSHMR_Drums,Kick,Bass Hit,0.2878004014492035,0.5589766502380371,0.271176,0.36803847551345825,0.519094705581665,0.151056,False,False,,1,,1
590,20.0,low_frequency_family_boundary,/Volumes/Jack_Gandy_1TB_SSD/testing-for-NITE-DSP/sample_pack_testing/Sounds of KSHMR Vol.3/KSHMR_Drums/KSHMR_Kicks/KSHMR_Hardstyle_Kicks/KSHMR_Hardstyle_Kicks/KSHMR_Hardstyle_Kick_45_G.wav,testing,Sounds of KSHMR Vol.3,KSHMR_Drums,Snare,Bass Hit,0.1929059773683548,0.21189768612384796,0.018992,0.2795327603816986,0.30863243341445923,0.0291,False,False,,1,,1
591,20.0,low_frequency_family_boundary,/Volumes/Jack_Gandy_1TB_SSD/testing-for-NITE-DSP/sample_pack_testing/Sounds of KSHMR Vol.3/KSHMR_Drums/KSHMR_Kicks/KSHMR_Hardstyle_Kicks/KSHMR_Hardstyle_Kicks/KSHMR_Hardstyle_Kick_48_G.wav,testing,Sounds of KSHMR Vol.3,KSHMR_Drums,Kick,Bass Hit,0.35717397928237915,0.5444468259811401,0.187273,0.419624924659729,0.5450085401535034,0.125384,False,False,,1,,1
592,20.0,low_frequency_family_boundary,/Volumes/Jack_Gandy_1TB_SSD/testing-for-NITE-DSP/sample_pack_testing/Sounds of KSHMR Vol.3/KSHMR_Drums/KSHMR_Kicks/KSHMR_Hardstyle_Kicks/KSHMR_Hardstyle_Kicks/KSHMR_Hardstyle_Kick_50_G#.wav,testing,Sounds of KSHMR Vol.3,KSHMR_Drums,Kick,Bass Hit,0.1770564764738083,0.496850848197937,0.319794,0.25534841418266296,0.45781004428863525,0.202462,False,False,,1,,1
593,20.0,low_frequency_family_boundary,/Volumes/Jack_Gandy_1TB_SSD/testing-for-NITE-DSP/sample_pack_testing/Sounds of KSHMR Vol.3/KSHMR_Drums/KSHMR_Kicks/KSHMR_Hardstyle_Kicks/KSHMR_Sickdellz_Kick_Madness_All_Keys/KSHMR_x_SD_Madness_Kick_02_E.wav,testing,Sounds of KSHMR Vol.3,KSHMR_Drums,Foley,Bass Hit,0.15105946362018585,0.23251396417617798,0.081455,0.20397283136844635,0.29765385389328003,0.093681,False,False,,1,,1
594,20.0,low_frequency_family_boundary,/Volumes/Jack_Gandy_1TB_SSD/testing-for-NITE-DSP/sample_pack_testing/Sounds of KSHMR Vol.3/KSHMR_Drums/KSHMR_Kicks/KSHMR_Hardstyle_Kicks/KSHMR_Sickdellz_Kick_Valkiria_All_Keys/KSHMR_x_SD_Valkiria_Kick_A#.wav,testing,Sounds of KSHMR Vol.3,KSHMR_Drums,Foley,Bass Hit,0.20231467485427856,0.25271594524383545,0.050401,0.27414724230766296,0.32306569814682007,0.048918,False,False,,1,,1
595,20.0,low_frequency_family_boundary,/Volumes/Jack_Gandy_1TB_SSD/testing-for-NITE-DSP/sample_pack_testing/Sounds of KSHMR Vol.3/KSHMR_Drums/KSHMR_Kicks/KSHMR_Hardstyle_Kicks/KSHMR_Sickdellz_Kick_Valkiria_All_Keys/KSHMR_x_SD_Valkiria_Kick_A.wav,testing,Sounds of KSHMR Vol.3,KSHMR_Drums,Foley,Bass Hit,0.16507858037948608,0.26621073484420776,0.101132,0.24028411507606506,0.3253019154071808,0.085018,False,False,,1,,1
596,20.0,low_frequency_family_boundary,/Volumes/Jack_Gandy_1TB_SSD/testing-for-NITE-DSP/sample_pack_testing/Sounds of KSHMR Vol.3/KSHMR_Drums/KSHMR_Kicks/KSHMR_Hardstyle_Kicks/KSHMR_Sickdellz_Kick_Valkiria_All_Keys/KSHMR_x_SD_Valkiria_Kick_D#.wav,testing,Sounds of KSHMR Vol.3,KSHMR_Drums,Foley,Bass Hit,0.20493394136428833,0.2340562343597412,0.029122,0.266308069229126,0.3107941150665283,0.044486,False,False,,1,,1
597,20.0,low_frequency_family_boundary,/Volumes/Jack_Gandy_1TB_SSD/testing-for-NITE-DSP/sample_pack_testing/Sounds of KSHMR Vol.3/KSHMR_Drums/KSHMR_Kicks/KSHMR_Hardstyle_Kicks/KSHMR_Sickdellz_Kick_Valkiria_All_Keys/KSHMR_x_SD_Valkiria_Kick_D.wav,testing,Sounds of KSHMR Vol.3,KSHMR_Drums,Foley,Bass Hit,0.27335798740386963,0.1858619898557663,-0.087496,0.32261765003204346,0.29146119952201843,-0.031156,False,False,,1,,1
598,20.0,low_frequency_family_boundary,/Volumes/Jack_Gandy_1TB_SSD/testing-for-NITE-DSP/sample_pack_testing/Sounds of KSHMR Vol.3/KSHMR_Drums/KSHMR_Kicks/KSHMR_Hardstyle_Kicks/KSHMR_Sickdellz_Kick_Valkiria_All_Keys/KSHMR_x_SD_Valkiria_Kick_E.wav,testing,Sounds of KSHMR Vol.3,KSHMR_Drums,Foley,Bass Hit,0.2626977860927582,0.1869175136089325,-0.07578,0.31099599599838257,0.28878578543663025,-0.02221,False,False,,1,,1
599,20.0,low_frequency_family_boundary,/Volumes/Jack_Gandy_1TB_SSD/testing-for-NITE-DSP/sample_pack_testing/Sounds of KSHMR Vol.3/KSHMR_Drums/KSHMR_Kicks/KSHMR_Hardstyle_Kicks/KSHMR_Sickdellz_Kick_Valkiria_All_Keys/KSHMR_x_SD_Valkiria_Kick_F#.wav,testing,Sounds of KSHMR Vol.3,KSHMR_Drums,Foley,Bass Hit,0.18362553417682648,0.2712553143501282,0.08763,0.25898927450180054,0.3312031924724579,0.072214,False,False,,1,,1
600,20.0,low_frequency_family_boundary,/Volumes/Jack_Gandy_1TB_SSD/testing-for-NITE-DSP/sample_pack_testing/Sounds of KSHMR Vol.3/KSHMR_Drums/KSHMR_Kicks/KSHMR_Hardstyle_Kicks/KSHMR_Sickdellz_Kick_Valkiria_All_Keys/KSHMR_x_SD_Valkiria_Kick_F.wav,testing,Sounds of KSHMR Vol.3,KSHMR_Drums,Foley,Bass Hit,0.19340814650058746,0.24364620447158813,0.050238,0.26102638244628906,0.3123278319835663,0.051301,False,False,,1,,1
601,20.0,low_frequency_family_boundary,/Volumes/Jack_Gandy_1TB_SSD/testing-for-NITE-DSP/sample_pack_testing/Sounds of KSHMR Vol.3/KSHMR_Drums/KSHMR_Kicks/KSHMR_Hardstyle_Kicks/KSHMR_Sickdellz_Kick_Valkiria_All_Keys/KSHMR_x_SD_Valkiria_Kick_G#.wav,testing,Sounds of KSHMR Vol.3,KSHMR_Drums,Foley,Bass Hit,0.21279627084732056,0.27360767126083374,0.060811,0.2734464406967163,0.3405185043811798,0.067072,False,False,,1,,1
602,20.0,low_frequency_family_boundary,/Volumes/Jack_Gandy_1TB_SSD/testing-for-NITE-DSP/sample_pack_testing/Sounds of KSHMR Vol.3/KSHMR_Drums/KSHMR_Kicks/KSHMR_Hardstyle_Kicks/KSHMR_Sickdellz_Kick_Valkiria_All_Keys/KSHMR_x_SD_Valkiria_Kick_G.wav,testing,Sounds of KSHMR Vol.3,KSHMR_Drums,Foley,Bass Hit,0.18368716537952423,0.2842032313346863,0.100516,0.24664807319641113,0.33803173899650574,0.091384,False,False,,1,,1
603,20.0,low_frequency_family_boundary,/Volumes/Jack_Gandy_1TB_SSD/testing-for-NITE-DSP/sample_pack_testing/Sounds of KSHMR Vol.3/KSHMR_Drums/KSHMR_Kicks/KSHMR_Hip_Hop_kicks/KSHMR_808s/KSHMR_808_01_Clean_C.wav,testing,Sounds of KSHMR Vol.3,KSHMR_Drums,Synth One-Shot,Bass Hit,0.17058402299880981,0.3473949730396271,0.176811,0.3201697766780853,0.45318496227264404,0.133015,False,False,,1,,1
604,20.0,low_frequency_family_boundary,/Volumes/Jack_Gandy_1TB_SSD/testing-for-NITE-DSP/sample_pack_testing/Sounds of KSHMR Vol.3/KSHMR_Drums/KSHMR_Kicks/KSHMR_Hip_Hop_kicks/KSHMR_808s/KSHMR_808_02_Clean_C#.wav,testing,Sounds of KSHMR Vol.3,KSHMR_Drums,Kick,Bass Hit,0.22622522711753845,0.4569905996322632,0.230765,0.3188234567642212,0.4847203195095062,0.165897,False,False,,1,,1
605,20.0,low_frequency_family_boundary,/Volumes/Jack_Gandy_1TB_SSD/testing-for-NITE-DSP/sample_pack_testing/Sounds of KSHMR Vol.3/KSHMR_Drums/KSHMR_Kicks/KSHMR_Hip_Hop_kicks/KSHMR_808s/KSHMR_808_09_Clean_F.wav,testing,Sounds of KSHMR Vol.3,KSHMR_Drums,Synth One-Shot,Bass Hit,0.246323361992836,0.18972176313400269,-0.056602,0.3874225914478302,0.3849639892578125,-0.002459,False,False,,1,,1
606,20.0,low_frequency_family_boundary,/Volumes/Jack_Gandy_1TB_SSD/testing-for-NITE-DSP/sample_pack_testing/Sounds of KSHMR Vol.3/KSHMR_Drums/KSHMR_Kicks/KSHMR_Hip_Hop_kicks/KSHMR_808s/KSHMR_808_10_Clean_F.wav,testing,Sounds of KSHMR Vol.3,KSHMR_Drums,Kick,Bass Hit,0.287716269493103,0.5086123943328857,0.220896,0.39561474323272705,0.5252630710601807,0.129648,False,False,,1,,1
607,20.0,low_frequency_family_boundary,/Volumes/Jack_Gandy_1TB_SSD/testing-for-NITE-DSP/sample_pack_testing/Sounds of KSHMR Vol.3/KSHMR_Drums/KSHMR_Kicks/KSHMR_Hip_Hop_kicks/KSHMR_808s/KSHMR_808_11_Clean_G.wav,testing,Sounds of KSHMR Vol.3,KSHMR_Drums,Kick,Bass Hit,0.4485512375831604,0.4867655038833618,0.038214,0.4927276372909546,0.5604389309883118,0.067711,False,False,,1,,1
608,20.0,low_frequency_family_boundary,/Volumes/Jack_Gandy_1TB_SSD/testing-for-NITE-DSP/sample_pack_testing/Sounds of KSHMR Vol.3/KSHMR_Drums/KSHMR_Kicks/KSHMR_Hip_Hop_kicks/KSHMR_Distorted_Kicks/KSHMR_Distorted_Kick_01_C.wav,testing,Sounds of KSHMR Vol.3,KSHMR_Drums,Kick,Bass Hit,0.5013333559036255,0.46112772822380066,-0.040206,0.4527027904987335,0.5180703997612,0.065368,False,False,,1,,1
609,20.0,low_frequency_family_boundary,/Volumes/Jack_Gandy_1TB_SSD/testing-for-NITE-DSP/sample_pack_testing/Sounds of KSHMR Vol.3/KSHMR_Drums/KSHMR_Kicks/KSHMR_Hip_Hop_kicks/KSHMR_Distorted_Kicks/KSHMR_Distorted_Kick_07_E.wav,testing,Sounds of KSHMR Vol.3,KSHMR_Drums,Kick,Bass Hit,0.2988367974758148,0.6389556527137756,0.340119,0.3759976327419281,0.5785596966743469,0.202562,False,False,,1,,1
610,20.0,low_frequency_family_boundary,/Volumes/Jack_Gandy_1TB_SSD/testing-for-NITE-DSP/sample_pack_testing/Sounds of KSHMR Vol.3/KSHMR_Drums/KSHMR_Kicks/KSHMR_Hip_Hop_kicks/KSHMR_Jungle_Kicks/KSHMR_Jungle_Kick_06.wav,testing,Sounds of KSHMR Vol.3,KSHMR_Drums,Kick,Bass Hit,0.5591521263122559,0.5111339092254639,-0.048018,0.5124237537384033,0.5754809975624084,0.063057,False,False,,1,,1
611,20.0,low_frequency_family_boundary,/Volumes/Jack_Gandy_1TB_SSD/testing-for-NITE-DSP/sample_pack_testing/Sounds of KSHMR Vol.3/KSHMR_Drums/KSHMR_Kicks/KSHMR_Hip_Hop_kicks/KSHMR_Stomp_Kicks/KSHMR_Stomp_Kick_04.wav,testing,Sounds of KSHMR Vol.3,KSHMR_Drums,Kick,Impact,0.27754220366477966,0.20516477525234222,-0.072377,0.2964162230491638,0.3023955523967743,0.005979,False,False,,1,,1
612,20.0,low_frequency_family_boundary,/Volumes/Jack_Gandy_1TB_SSD/testing-for-NITE-DSP/sample_pack_testing/Sounds of KSHMR Vol.3/KSHMR_Drums/KSHMR_Kicks/KSHMR_Hip_Hop_kicks/KSHMR_Thump_Kicks/KSHMR_Thump_Kick_09.wav,testing,Sounds of KSHMR Vol.3,KSHMR_Drums,Kick,Bass Hit,0.39429911971092224,0.39981481432914734,0.005516,0.37871021032333374,0.43927258253097534,0.060562,False,False,,1,,1
613,20.0,low_frequency_family_boundary,/Volumes/Jack_Gandy_1TB_SSD/testing-for-NITE-DSP/sample_pack_testing/Sounds of KSHMR Vol.3/KSHMR_Drums/KSHMR_Kicks/KSHMR_Signature_Kicks/KSHMR_Signature_Kick_22_The_Serpent_F.wav,testing,Sounds of KSHMR Vol.3,KSHMR_Drums,Kick,Bass Hit,0.4466528594493866,0.2847047448158264,-0.161948,0.4137895107269287,0.40467384457588196,-0.009116,False,False,,1,,1
614,20.0,low_frequency_family_boundary,/Volumes/Jack_Gandy_1TB_SSD/testing-for-NITE-DSP/sample_pack_testing/Sounds of KSHMR Vol.3/KSHMR_Drums/KSHMR_Kicks/KSHMR_Signature_Kicks/KSHMR_Signature_Kick_23_The_Serpent_F.wav,testing,Sounds of KSHMR Vol.3,KSHMR_Drums,Kick,Bass Hit,0.3919938802719116,0.5523740649223328,0.16038,0.3891732096672058,0.5229895710945129,0.133816,False,False,,1,,1
615,20.0,low_frequency_family_boundary,/Volumes/Jack_Gandy_1TB_SSD/testing-for-NITE-DSP/sample_pack_testing/Sounds of KSHMR Vol.3/KSHMR_Drums/KSHMR_Kicks/KSHMR_Stadium_Kicks/KSHMR_Stadium_Kick_01_Airy.wav,testing,Sounds of KSHMR Vol.3,KSHMR_Drums,Kick,Impact,0.28664299845695496,0.416123628616333,0.129481,0.3154500722885132,0.4428331255912781,0.127383,False,False,,1,,1
616,20.0,low_frequency_family_boundary,/Volumes/Jack_Gandy_1TB_SSD/testing-for-NITE-DSP/sample_pack_testing/Sounds of KSHMR Vol.3/KSHMR_Drums/KSHMR_Kicks/KSHMR_Stadium_Kicks/KSHMR_Stadium_Kick_02_Belly.wav,testing,Sounds of KSHMR Vol.3,KSHMR_Drums,Kick,Impact,0.16119757294654846,0.5870896577835083,0.425892,0.21717432141304016,0.49772000312805176,0.280546,False,False,,1,,1
617,20.0,low_frequency_family_boundary,/Volumes/Jack_Gandy_1TB_SSD/testing-for-NITE-DSP/sample_pack_testing/Sounds of KSHMR Vol.3/KSHMR_Drums/KSHMR_Kicks/KSHMR_Stadium_Kicks/KSHMR_Stadium_Kick_03_Deep.wav,testing,Sounds of KSHMR Vol.3,KSHMR_Drums,Kick,Impact,0.21480220556259155,0.491321325302124,0.276519,0.2550880014896393,0.4659275710582733,0.21084,False,False,,1,,1
618,20.0,low_frequency_family_boundary,/Volumes/Jack_Gandy_1TB_SSD/testing-for-NITE-DSP/sample_pack_testing/Sounds of KSHMR Vol.3/KSHMR_Drums/KSHMR_Kicks/KSHMR_Stadium_Kicks/KSHMR_Stadium_Kick_04_Ouch.wav,testing,Sounds of KSHMR Vol.3,KSHMR_Drums,Kick,Impact,0.33334654569625854,0.6035126447677612,0.270166,0.3364110291004181,0.5416722297668457,0.205261,False,False,,1,,1
619,20.0,low_frequency_family_boundary,/Volumes/Jack_Gandy_1TB_SSD/testing-for-NITE-DSP/sample_pack_testing/Sounds of KSHMR Vol.3/KSHMR_Drums/KSHMR_Kicks/KSHMR_Stadium_Kicks/KSHMR_Stadium_Kick_05_Punch.wav,testing,Sounds of KSHMR Vol.3,KSHMR_Drums,Kick,Impact,0.26170384883880615,0.37055230140686035,0.108848,0.29613667726516724,0.4146617650985718,0.118525,False,False,,1,,1
620,20.0,low_frequency_family_boundary,/Volumes/Jack_Gandy_1TB_SSD/testing-for-NITE-DSP/sample_pack_testing/Sounds of KSHMR Vol.3/KSHMR_Drums/KSHMR_Kicks/KSHMR_Stadium_Kicks/KSHMR_Stadium_Kick_06_Slam.wav,testing,Sounds of KSHMR Vol.3,KSHMR_Drums,Kick,Impact,0.16136711835861206,0.7347994446754456,0.573432,0.21413783729076385,0.5744527578353882,0.360315,False,False,,1,,1
621,20.0,low_frequency_family_boundary,/Volumes/Jack_Gandy_1TB_SSD/testing-for-NITE-DSP/sample_pack_testing/Sounds of KSHMR Vol.3/KSHMR_Drums/KSHMR_Orchestral_Drums/KSHMR_Main_Drums_Low/KSHMR_Orchestral_Drum_Low_01.wav,testing,Sounds of KSHMR Vol.3,KSHMR_Drums,Kick,Impact,0.2900710105895996,0.41361886262893677,0.123548,0.3280717432498932,0.47257718443870544,0.144505,False,False,,1,,1
622,20.0,low_frequency_family_boundary,/Volumes/Jack_Gandy_1TB_SSD/testing-for-NITE-DSP/sample_pack_testing/Sounds of KSHMR Vol.3/KSHMR_Drums/KSHMR_Orchestral_Drums/KSHMR_Main_Drums_Low/KSHMR_Orchestral_Drum_Low_03.wav,testing,Sounds of KSHMR Vol.3,KSHMR_Drums,Bass Hit,Impact,0.10689926147460938,0.5448002815246582,0.437901,0.15911981463432312,0.4796365201473236,0.320517,False,False,,1,,1
623,20.0,low_frequency_family_boundary,/Volumes/Jack_Gandy_1TB_SSD/testing-for-NITE-DSP/sample_pack_testing/Sounds of KSHMR Vol.3/KSHMR_Drums/KSHMR_Orchestral_Drums/KSHMR_Main_Drums_Low/KSHMR_Orchestral_Drum_Low_04.wav,testing,Sounds of KSHMR Vol.3,KSHMR_Drums,Kick,Impact,0.20693425834178925,0.4463907480239868,0.239456,0.2619687020778656,0.4605369567871094,0.198568,False,False,,1,,1
624,20.0,low_frequency_family_boundary,/Volumes/Jack_Gandy_1TB_SSD/testing-for-NITE-DSP/sample_pack_testing/Sounds of KSHMR Vol.3/KSHMR_Drums/KSHMR_Orchestral_Drums/KSHMR_Main_Drums_Low/KSHMR_Orchestral_Drum_Low_06.wav,testing,Sounds of KSHMR Vol.3,KSHMR_Drums,Kick,Impact,0.13355296850204468,0.4968208968639374,0.363268,0.19912093877792358,0.4765639007091522,0.277443,False,False,,1,,1
625,20.0,low_frequency_family_boundary,/Volumes/Jack_Gandy_1TB_SSD/testing-for-NITE-DSP/sample_pack_testing/Sounds of KSHMR Vol.3/KSHMR_Drums/KSHMR_Orchestral_Drums/KSHMR_Main_Drums_Low/KSHMR_Orchestral_Drum_Low_07.wav,testing,Sounds of KSHMR Vol.3,KSHMR_Drums,Kick,Bass Hit,0.3716992437839508,0.30230411887168884,-0.069395,0.39297813177108765,0.42144548892974854,0.028467,False,False,,1,,1
626,20.0,low_frequency_family_boundary,/Volumes/Jack_Gandy_1TB_SSD/testing-for-NITE-DSP/sample_pack_testing/Sounds of KSHMR Vol.3/KSHMR_Drums/KSHMR_Orchestral_Drums/KSHMR_Main_Drums_Low/KSHMR_Orchestral_Drum_Low_15.wav,testing,Sounds of KSHMR Vol.3,KSHMR_Drums,Kick,Bass Hit,0.32784759998321533,0.23578248918056488,-0.092065,0.35257479548454285,0.3750159740447998,0.022441,False,False,,1,,1
627,20.0,low_frequency_family_boundary,/Volumes/Jack_Gandy_1TB_SSD/testing-for-NITE-DSP/sample_pack_testing/Sounds of KSHMR Vol.3/KSHMR_Drums/KSHMR_Orchestral_Drums/KSHMR_Main_Drums_Low/KSHMR_Orchestral_Drum_Low_19.wav,testing,Sounds of KSHMR Vol.3,KSHMR_Drums,Kick,Impact,0.32726892828941345,0.49953320622444153,0.172264,0.33744555711746216,0.4946470260620117,0.157201,False,False,,1,,1
628,20.0,low_frequency_family_boundary,/Volumes/Jack_Gandy_1TB_SSD/testing-for-NITE-DSP/sample_pack_testing/Sounds of KSHMR Vol.3/KSHMR_Drums/KSHMR_Orchestral_Drums/KSHMR_Main_Drums_Low/KSHMR_Orchestral_Drum_Low_22.wav,testing,Sounds of KSHMR Vol.3,KSHMR_Drums,Kick,Impact,0.2747160792350769,0.25378289818763733,-0.020933,0.3204894959926605,0.38389256596565247,0.063403,False,False,,1,,1
629,20.0,low_frequency_family_boundary,/Volumes/Jack_Gandy_1TB_SSD/testing-for-NITE-DSP/sample_pack_testing/Sounds of KSHMR Vol.3/KSHMR_Drums/KSHMR_Snares/KSHMR_Big_Snares/KSHMR_Big_Snare_21.wav,testing,Sounds of KSHMR Vol.3,KSHMR_Drums,Kick,Bass Hit,0.10796386003494263,0.1418009251356125,0.033837,0.1472884863615036,0.1987084001302719,0.05142,False,False,,1,,1
630,20.0,low_frequency_family_boundary,/Volumes/Jack_Gandy_1TB_SSD/testing-for-NITE-DSP/sample_pack_testing/Sounds of KSHMR Vol.3/KSHMR_FX_Elements/KSHMR_Sub_Drops/KSHMR_Sub_Drop_03_B.wav,testing,Sounds of KSHMR Vol.3,KSHMR_FX_Elements,Kick,Bass Hit,0.2907044291496277,0.49756738543510437,0.206863,0.40346986055374146,0.5282633900642395,0.124794,False,False,,1,,1
631,20.0,low_frequency_family_boundary,/Volumes/Jack_Gandy_1TB_SSD/testing-for-NITE-DSP/sample_pack_testing/Sounds of KSHMR Vol.3/KSHMR_FX_Elements/KSHMR_Sub_Drops/KSHMR_Sub_Drop_13_G.wav,testing,Sounds of KSHMR Vol.3,KSHMR_FX_Elements,Kick,Impact,0.16889233887195587,0.6725136041641235,0.503621,0.2370321899652481,0.5644048452377319,0.327373,False,False,,1,,1
632,20.0,low_frequency_family_boundary,/Volumes/Jack_Gandy_1TB_SSD/testing-for-NITE-DSP/sample_pack_testing/Sounds of KSHMR Vol.3/KSHMR_Synths/KSHMR_Bass_PsyTrance/KSHMR_Psy_Bass_One_Shots/KSHMR_Psy_Bass_11_D.wav,testing,Sounds of KSHMR Vol.3,KSHMR_Synths,Kick,Bass Hit,0.3980104625225067,0.7211346626281738,0.323124,0.45512446761131287,0.6531659960746765,0.198042,False,False,,1,,1
633,20.0,low_frequency_family_boundary,/Volumes/Jack_Gandy_1TB_SSD/testing-for-NITE-DSP/sample_pack_testing/Sounds of KSHMR Vol.3/KSHMR_Synths/KSHMR_Bass_PsyTrance/KSHMR_Psy_Bass_One_Shots/KSHMR_Psy_Bass_12_D#.wav,testing,Sounds of KSHMR Vol.3,KSHMR_Synths,Kick,Bass Hit,0.21967969834804535,0.568428099155426,0.348748,0.3167255222797394,0.5226250886917114,0.2059,False,False,,1,,1
634,20.0,low_frequency_family_boundary,/Volumes/Jack_Gandy_1TB_SSD/testing-for-NITE-DSP/sample_pack_testing/Sounds of KSHMR Vol.3/KSHMR_Synths/KSHMR_Bass_PsyTrance/KSHMR_Psy_Bass_One_Shots/KSHMR_Psy_Bass_15_D#.wav,testing,Sounds of KSHMR Vol.3,KSHMR_Synths,Kick,Bass Hit,0.4532589316368103,0.6035004258155823,0.150241,0.44496533274650574,0.5830185413360596,0.138053,False,False,,1,,1
635,20.0,low_frequency_family_boundary,/Volumes/Jack_Gandy_1TB_SSD/testing-for-NITE-DSP/sample_pack_testing/Sounds of KSHMR Vol.3/KSHMR_Synths/KSHMR_Bass_PsyTrance/KSHMR_Psy_Bass_One_Shots/KSHMR_Psy_Bass_16_E.wav,testing,Sounds of KSHMR Vol.3,KSHMR_Synths,Kick,Bass Hit,0.41499632596969604,0.6014537811279297,0.186457,0.4259538948535919,0.5748405456542969,0.148887,False,False,,1,,1
636,20.0,low_frequency_family_boundary,/Volumes/Jack_Gandy_1TB_SSD/testing-for-NITE-DSP/sample_pack_testing/Sounds of KSHMR Vol.3/KSHMR_Synths/KSHMR_Bass_PsyTrance/KSHMR_Psy_Bass_One_Shots/KSHMR_Psy_Bass_19_E.wav,testing,Sounds of KSHMR Vol.3,KSHMR_Synths,Kick,Bass Hit,0.5045084953308105,0.5399782657623291,0.03547,0.5137801766395569,0.6054027676582336,0.091623,False,False,,1,,1
637,20.0,low_frequency_family_boundary,/Volumes/Jack_Gandy_1TB_SSD/testing-for-NITE-DSP/sample_pack_testing/Sounds of KSHMR Vol.3/KSHMR_Synths/KSHMR_Bass_PsyTrance/KSHMR_Psy_Bass_One_Shots/KSHMR_Psy_Bass_20_E.wav,testing,Sounds of KSHMR Vol.3,KSHMR_Synths,Foley,Bass Hit,0.1717069149017334,0.3123983144760132,0.140691,0.2638961970806122,0.3633537292480469,0.099458,False,False,,1,,1
638,20.0,low_frequency_family_boundary,/Volumes/Jack_Gandy_1TB_SSD/testing-for-NITE-DSP/sample_pack_testing/Sounds of KSHMR Vol.3/KSHMR_Synths/KSHMR_Bass_PsyTrance/KSHMR_Psy_Bass_One_Shots/KSHMR_Psy_Bass_27_E.wav,testing,Sounds of KSHMR Vol.3,KSHMR_Synths,Kick,Bass Hit,0.38864749670028687,0.5159130096435547,0.127266,0.43719714879989624,0.5455076098442078,0.10831,False,False,,1,,1
639,20.0,low_frequency_family_boundary,/Volumes/Jack_Gandy_1TB_SSD/testing-for-NITE-DSP/sample_pack_testing/Sounds of KSHMR Vol.3/KSHMR_Synths/KSHMR_Bass_PsyTrance/KSHMR_Psy_Bass_One_Shots/KSHMR_Psy_Bass_28_E.wav,testing,Sounds of KSHMR Vol.3,KSHMR_Synths,Kick,Bass Hit,0.1983780860900879,0.3585076630115509,0.16013,0.28073033690452576,0.3903333842754364,0.109603,False,False,,1,,1
640,20.0,low_frequency_family_boundary,/Volumes/Jack_Gandy_1TB_SSD/testing-for-NITE-DSP/sample_pack_testing/Sounds of KSHMR Vol.3/KSHMR_Synths/KSHMR_Bass_PsyTrance/KSHMR_Psy_Bass_One_Shots/KSHMR_Psy_Bass_30_E.wav,testing,Sounds of KSHMR Vol.3,KSHMR_Synths,Kick,Bass Hit,0.3776930272579193,0.47937214374542236,0.101679,0.40767449140548706,0.5033518671989441,0.095677,False,False,,1,,1
641,20.0,low_frequency_family_boundary,/Volumes/Jack_Gandy_1TB_SSD/testing-for-NITE-DSP/sample_pack_testing/Sounds of KSHMR Vol.3/KSHMR_Synths/KSHMR_Bass_PsyTrance/KSHMR_Psy_Bass_One_Shots/KSHMR_Psy_Bass_31_E.wav,testing,Sounds of KSHMR Vol.3,KSHMR_Synths,Kick,Bass Hit,0.28208181262016296,0.6895976066589355,0.407516,0.3902607560157776,0.6061865091323853,0.215926,False,False,,1,,1
642,20.0,low_frequency_family_boundary,/Volumes/Jack_Gandy_1TB_SSD/testing-for-NITE-DSP/sample_pack_testing/Sounds of KSHMR Vol.3/KSHMR_Synths/KSHMR_Bass_PsyTrance/KSHMR_Psy_Bass_One_Shots/KSHMR_Psy_Bass_32_E.wav,testing,Sounds of KSHMR Vol.3,KSHMR_Synths,Kick,Bass Hit,0.43869608640670776,0.5617767572402954,0.123081,0.458275705575943,0.5751360058784485,0.11686,False,False,,1,,1
643,20.0,low_frequency_family_boundary,/Volumes/Jack_Gandy_1TB_SSD/testing-for-NITE-DSP/sample_pack_testing/Sounds of KSHMR Vol.3/KSHMR_Synths/KSHMR_Bass_PsyTrance/KSHMR_Psy_Bass_One_Shots/KSHMR_Psy_Bass_35_F.wav,testing,Sounds of KSHMR Vol.3,KSHMR_Synths,Kick,Bass Hit,0.34122350811958313,0.5754943490028381,0.234271,0.41858160495758057,0.570642352104187,0.152061,False,False,,1,,1
644,20.0,low_frequency_family_boundary,/Volumes/Jack_Gandy_1TB_SSD/testing-for-NITE-DSP/sample_pack_testing/Sounds of KSHMR Vol.3/KSHMR_Synths/KSHMR_Bass_PsyTrance/KSHMR_Psy_Bass_One_Shots/KSHMR_Psy_Bass_40_F.wav,testing,Sounds of KSHMR Vol.3,KSHMR_Synths,Kick,Bass Hit,0.29124853014945984,0.35059577226638794,0.059347,0.4402199387550354,0.5023415684700012,0.062122,False,False,,1,,1
645,20.0,low_frequency_family_boundary,/Volumes/Jack_Gandy_1TB_SSD/testing-for-NITE-DSP/sample_pack_testing/Sounds of KSHMR Vol.3/KSHMR_Synths/KSHMR_Bass_PsyTrance/KSHMR_Psy_Bass_One_Shots/KSHMR_Psy_Bass_41_F.wav,testing,Sounds of KSHMR Vol.3,KSHMR_Synths,Kick,Bass Hit,0.5140863656997681,0.4571806788444519,-0.056906,0.5015954375267029,0.548786997795105,0.047192,False,False,,1,,1
646,20.0,low_frequency_family_boundary,/Volumes/Jack_Gandy_1TB_SSD/testing-for-NITE-DSP/sample_pack_testing/Sounds of KSHMR Vol.3/KSHMR_Synths/KSHMR_Bass_PsyTrance/KSHMR_Psy_Bass_One_Shots/KSHMR_Psy_Bass_42_F.wav,testing,Sounds of KSHMR Vol.3,KSHMR_Synths,Kick,Bass Hit,0.19099996984004974,0.46964672207832336,0.278647,0.28311318159103394,0.44938161969184875,0.166268,False,False,,1,,1
647,20.0,low_frequency_family_boundary,/Volumes/Jack_Gandy_1TB_SSD/testing-for-NITE-DSP/sample_pack_testing/Sounds of KSHMR Vol.3/KSHMR_Synths/KSHMR_Bass_PsyTrance/KSHMR_Psy_Bass_One_Shots/KSHMR_Psy_Bass_46_F#.wav,testing,Sounds of KSHMR Vol.3,KSHMR_Synths,Kick,Bass Hit,0.32075023651123047,0.7669371366500854,0.446187,0.39110317826271057,0.6575565934181213,0.266453,False,False,,1,,1
648,20.0,low_frequency_family_boundary,/Volumes/Jack_Gandy_1TB_SSD/testing-for-NITE-DSP/sample_pack_testing/Sounds of KSHMR Vol.3/KSHMR_Synths/KSHMR_Bass_PsyTrance/KSHMR_Psy_Bass_One_Shots/KSHMR_Psy_Bass_47_F#.wav,testing,Sounds of KSHMR Vol.3,KSHMR_Synths,Kick,Bass Hit,0.35260844230651855,0.7687111496925354,0.416103,0.422076016664505,0.6608389616012573,0.238763,False,False,,1,,1
649,20.0,low_frequency_family_boundary,/Volumes/Jack_Gandy_1TB_SSD/testing-for-NITE-DSP/sample_pack_testing/Sounds of KSHMR Vol.3/KSHMR_Synths/KSHMR_Bass_PsyTrance/KSHMR_Psy_Bass_One_Shots/KSHMR_Psy_Bass_50_F#.wav,testing,Sounds of KSHMR Vol.3,KSHMR_Synths,Kick,Bass Hit,0.5814500451087952,0.4244222939014435,-0.157028,0.5439238548278809,0.5643075704574585,0.020384,False,False,,1,,1
650,20.0,low_frequency_family_boundary,/Volumes/Jack_Gandy_1TB_SSD/testing-for-NITE-DSP/sample_pack_testing/Sounds of KSHMR Vol.3/KSHMR_Synths/KSHMR_Bass_PsyTrance/KSHMR_Psy_Bass_One_Shots/KSHMR_Psy_Bass_52_G.wav,testing,Sounds of KSHMR Vol.3,KSHMR_Synths,Kick,Bass Hit,0.405830055475235,0.767051637172699,0.361222,0.45020487904548645,0.6711556315422058,0.220951,False,False,,1,,1
651,20.0,low_frequency_family_boundary,/Volumes/Jack_Gandy_1TB_SSD/testing-for-NITE-DSP/sample_pack_testing/Sounds of KSHMR Vol.3/KSHMR_Synths/KSHMR_Bass_PsyTrance/KSHMR_Psy_Bass_One_Shots/KSHMR_Psy_Bass_55_G.wav,testing,Sounds of KSHMR Vol.3,KSHMR_Synths,Kick,Bass Hit,0.3505556285381317,0.6308700442314148,0.280314,0.42852723598480225,0.6046617031097412,0.176134,False,False,,1,,1
652,20.0,low_frequency_family_boundary,/Volumes/Jack_Gandy_1TB_SSD/testing-for-NITE-DSP/sample_pack_testing/Sounds of KSHMR Vol.3/KSHMR_Synths/KSHMR_Bass_PsyTrance/KSHMR_Psy_Bass_One_Shots/KSHMR_Psy_Bass_61_G.wav,testing,Sounds of KSHMR Vol.3,KSHMR_Synths,Kick,Bass Hit,0.4390808045864105,0.5638819336891174,0.124801,0.4601198434829712,0.5735146403312683,0.113395,False,False,,1,,1
653,20.0,low_frequency_family_boundary,/Volumes/Jack_Gandy_1TB_SSD/testing-for-NITE-DSP/sample_pack_testing/Sounds of KSHMR Vol.3/KSHMR_Synths/KSHMR_Bass_PsyTrance/KSHMR_Psy_Bass_One_Shots/KSHMR_Psy_Bass_62_G.wav,testing,Sounds of KSHMR Vol.3,KSHMR_Synths,Kick,Bass Hit,0.26977357268333435,0.5077378749847412,0.237964,0.3401359021663666,0.48358744382858276,0.143452,False,False,,1,,1
654,20.0,low_frequency_family_boundary,/Volumes/Jack_Gandy_1TB_SSD/testing-for-NITE-DSP/sample_pack_testing/Sounds of KSHMR Vol.3/KSHMR_Synths/KSHMR_Bass_PsyTrance/KSHMR_Psy_Bass_One_Shots/KSHMR_Psy_Bass_66_G#.wav,testing,Sounds of KSHMR Vol.3,KSHMR_Synths,Kick,Bass Hit,0.6382483839988708,0.5225887894630432,-0.11566,0.5682480931282043,0.6217231750488281,0.053475,False,False,,1,,1
655,20.0,low_frequency_family_boundary,/Volumes/Jack_Gandy_1TB_SSD/testing-for-NITE-DSP/sample_pack_testing/Sounds of KSHMR Vol.3/KSHMR_Synths/KSHMR_Bass_Shots/KSHMR_Bass_Pluck/KSHMR_Bass_Pluck_12_E.wav,testing,Sounds of KSHMR Vol.3,KSHMR_Synths,Kick,Bass Hit,0.2971893548965454,0.7118041515350342,0.414615,0.35496705770492554,0.5911082029342651,0.236141,False,False,,1,,1
656,20.0,low_frequency_family_boundary,/Volumes/Jack_Gandy_1TB_SSD/testing-for-NITE-DSP/sample_pack_testing/Sounds of KSHMR Vol.3/KSHMR_Synths/KSHMR_Bass_Shots/KSHMR_Bass_Stab/KSHMR_Bass_Stab_10_F.wav,testing,Sounds of KSHMR Vol.3,KSHMR_Synths,Kick,Bass Hit,0.6298298835754395,0.3947694003582001,-0.23506,0.5822222828865051,0.5764051675796509,-0.005817,False,False,,1,,1
657,20.0,low_frequency_family_boundary,/Volumes/Jack_Gandy_1TB_SSD/testing-for-NITE-DSP/sample_pack_testing/Sounds of KSHMR Vol.3/KSHMR_VIP_Friends_of_KSHMR/CROSSNADERS/CROSSNADERS_808_Damn_F#.wav,testing,Sounds of KSHMR Vol.3,KSHMR_VIP_Friends_of_KSHMR,Kick,Bass Hit,0.33349084854125977,0.6148433089256287,0.281352,0.43118083477020264,0.591122031211853,0.159941,False,False,,1,,1
658,20.0,low_frequency_family_boundary,/Volumes/Jack_Gandy_1TB_SSD/testing-for-NITE-DSP/sample_pack_testing/Sounds of KSHMR Vol.3/KSHMR_VIP_Friends_of_KSHMR/MAURICE_WEST/MAURICE_WEST_Yin_Yang_Kick_D#.wav,testing,Sounds of KSHMR Vol.3,KSHMR_VIP_Friends_of_KSHMR,Kick,Bass Hit,0.17403943836688995,0.25771409273147583,0.083675,0.24619708955287933,0.33485180139541626,0.088655,False,False,,1,,1
659,16.0,near_duplicate_group,/Volumes/Jack_Gandy_1TB_SSD/testing-for-NITE-DSP/sample_pack_testing/Breaks/The Drum Broker - International Breaks & Essential Kicks/The Drum Broker - International Breaks 2/Crystal.wav,testing,Breaks,The Drum Broker - International Breaks & Essential Kicks,Hi-Hat Loop,Drum Loop,0.36454999446868896,0.28754693269729614,-0.077003,0.4186782240867615,0.4072996973991394,-0.011379,False,False,,1,near-0020,2
660,16.0,near_duplicate_group,/Volumes/Jack_Gandy_1TB_SSD/testing-for-NITE-DSP/sample_pack_testing/Mike Shinoda Drums/MPC 1000 Backup/LOOSESAMPLES/OP_HH.WAV,testing,Mike Shinoda Drums,MPC 1000 Backup,Rimshot,Hi-Hat,0.17631833255290985,0.22253428399562836,0.046216,0.28649264574050903,0.3212054669857025,0.034713,False,False,,1,near-0060,2
661,16.0,near_duplicate_group,/Volumes/Jack_Gandy_1TB_SSD/testing-for-NITE-DSP/sample_pack_testing/Mike Shinoda Drums/MPC 1000 Backup/RYGAR sounds/SOUND25.WAV,testing,Mike Shinoda Drums,MPC 1000 Backup,Hi-Hat Loop,Drum Loop,0.10953603684902191,0.11332643777132034,0.00379,0.19659332931041718,0.21096870303153992,0.014375,False,False,,1,near-0102,2
662,16.0,near_duplicate_group,/Volumes/Jack_Gandy_1TB_SSD/testing-for-NITE-DSP/sample_pack_testing/Mike Shinoda Drums/MPC 1000 Backup/RYGAR sounds/SOUND26.WAV,testing,Mike Shinoda Drums,MPC 1000 Backup,Hi-Hat Loop,Drum Loop,0.10953603684902191,0.11332643777132034,0.00379,0.19659332931041718,0.21096870303153992,0.014375,False,False,,1,near-0102,2
663,16.0,near_duplicate_group,/Volumes/Jack_Gandy_1TB_SSD/testing-for-NITE-DSP/sample_pack_testing/Mike Shinoda Drums/MPC 1000 Backup/SHOEBOXER/OP_HH.WAV,testing,Mike Shinoda Drums,MPC 1000 Backup,Rimshot,Hi-Hat,0.18621185421943665,0.20842477679252625,0.022213,0.2955365777015686,0.31472253799438477,0.019186,False,False,,1,near-0060,2
664,16.0,near_duplicate_group,/Volumes/Jack_Gandy_1TB_SSD/testing-for-NITE-DSP/sample_pack_testing/Organic Drum Kit/2 Snares/Organic - Snare (2).wav,testing,Organic Drum Kit,2 Snares,Snare,Percussion,0.24507258832454681,0.2060307264328003,-0.039042,0.30491870641708374,0.29511183500289917,-0.009807,False,False,,1,near-0198,2
665,0.0,class_boundary_change,/Volumes/Jack_Gandy_1TB_SSD/testing-for-NITE-DSP/sample_pack_testing/Black Octopus Sound - Pure Analog Sweeps IV (2021)/F#/Diamaudix_Audio_PAS_IV_Sweep_FX_F#_10.wav,testing,Black Octopus Sound - Pure Analog Sweeps IV (2021),F#,Chord Loop,Bass Loop,0.19261115789413452,0.16781388223171234,-0.024797,0.40363842248916626,0.4069922864437103,0.003354,False,False,,1,,1
666,0.0,class_boundary_change,/Volumes/Jack_Gandy_1TB_SSD/testing-for-NITE-DSP/sample_pack_testing/Black Octopus Sound - Pure Analog Sweeps IV (2021)/Xtra Analog Atmospheres/Diamaudix_Audio_PAS_IV_Atmospheres_C13.wav,testing,Black Octopus Sound - Pure Analog Sweeps IV (2021),Xtra Analog Atmospheres,Pad,Impact,0.14471718668937683,0.22705510258674622,0.082338,0.34842878580093384,0.4396381378173828,0.091209,False,False,,1,,1
667,0.0,class_boundary_change,/Volumes/Jack_Gandy_1TB_SSD/testing-for-NITE-DSP/sample_pack_testing/Black Octopus Sound - Pure Analog Sweeps IV (2021)/Xtra Loops/Diamaudix_Audio_PAS_IV_120_Full_Drum_Loop_Gm.wav,testing,Black Octopus Sound - Pure Analog Sweeps IV (2021),Xtra Loops,Hi-Hat Loop,Percussion Loop,0.2175891399383545,0.1727423518896103,-0.044847,0.35721415281295776,0.34544235467910767,-0.011772,False,False,,1,,1
668,0.0,class_boundary_change,/Volumes/Jack_Gandy_1TB_SSD/testing-for-NITE-DSP/sample_pack_testing/Black Octopus Sound - Pure Analog Sweeps IV (2021)/Xtra Loops/Diamaudix_Audio_PAS_IV_Full_Drum_Loop_01_118bpm.wav,testing,Black Octopus Sound - Pure Analog Sweeps IV (2021),Xtra Loops,Kick Loop,Percussion Loop,0.1738317310810089,0.16488882899284363,-0.008943,0.3488689959049225,0.3644019365310669,0.015533,False,False,,1,,1
669,0.0,class_boundary_change,/Volumes/Jack_Gandy_1TB_SSD/testing-for-NITE-DSP/sample_pack_testing/Black Octopus Sound - Pure Analog Sweeps IV (2021)/Xtra Loops/Diamaudix_Audio_PAS_IV_Perc_Loop_01_118bpm.wav,testing,Black Octopus Sound - Pure Analog Sweeps IV (2021),Xtra Loops,Rimshot,Foley,0.14383499324321747,0.13965709507465363,-0.004178,0.19734516739845276,0.2070680558681488,0.009723,False,False,,1,,1
670,0.0,class_boundary_change,/Volumes/Jack_Gandy_1TB_SSD/testing-for-NITE-DSP/sample_pack_testing/Breaks/Berlin Breaks/Moments - Sexy Mama (Break).wav,testing,Breaks,Berlin Breaks,Foley Loop,Drum Loop,0.18905489146709442,0.16693514585494995,-0.02212,0.29504144191741943,0.2924397587776184,-0.002602,False,False,,1,,1
671,0.0,class_boundary_change,/Volumes/Jack_Gandy_1TB_SSD/testing-for-NITE-DSP/sample_pack_testing/Breaks/Dirty Arse Drum Breaks/Dirty Arse Drum Breaks 1/100 BPM/monosole_100bpm_10.wav,testing,Breaks,Dirty Arse Drum Breaks,Hi-Hat Loop,Drum Loop,0.1941991150379181,0.1616819053888321,-0.032517,0.300814688205719,0.2935532331466675,-0.007261,False,False,,1,,1
672,0.0,class_boundary_change,/Volumes/Jack_Gandy_1TB_SSD/testing-for-NITE-DSP/sample_pack_testing/Breaks/Dirty Arse Drum Breaks/Dirty Arse Drum Breaks 1/105 BPM/monosole_105bpm_1.wav,testing,Breaks,Dirty Arse Drum Breaks,Hi-Hat Loop,Drum Loop,0.36655375361442566,0.2971309721469879,-0.069423,0.4762943983078003,0.4698920249938965,-0.006402,False,False,,1,,1
673,0.0,class_boundary_change,/Volumes/Jack_Gandy_1TB_SSD/testing-for-NITE-DSP/sample_pack_testing/Breaks/Dirty Arse Drum Breaks/Dirty Arse Drum Breaks 1/85 BPM/monosole_85bpm_8.wav,testing,Breaks,Dirty Arse Drum Breaks,Hi-Hat Loop,Drum Loop,0.3104133605957031,0.2773411273956299,-0.033072,0.41163721680641174,0.41314980387687683,0.001513,False,False,,1,,1
674,0.0,class_boundary_change,/Volumes/Jack_Gandy_1TB_SSD/testing-for-NITE-DSP/sample_pack_testing/Breaks/Dirty Arse Drum Breaks/Dirty Arse Drum Breaks 2/113 BPM/113BPM_3.wav,testing,Breaks,Dirty Arse Drum Breaks,Hi-Hat Loop,Drum Loop,0.22368724644184113,0.2218845933675766,-0.001803,0.3381694555282593,0.3487730026245117,0.010604,False,False,,1,,1
675,0.0,class_boundary_change,/Volumes/Jack_Gandy_1TB_SSD/testing-for-NITE-DSP/sample_pack_testing/Breaks/Dirty Arse Drum Breaks/Dirty Arse Drum Breaks 3/102 BPM/102bpm_1.wav,testing,Breaks,Dirty Arse Drum Breaks,Hi-Hat Loop,Drum Loop,0.32834765315055847,0.26994019746780396,-0.058407,0.38385528326034546,0.3750552237033844,-0.0088,False,False,,1,,1
676,0.0,class_boundary_change,/Volumes/Jack_Gandy_1TB_SSD/testing-for-NITE-DSP/sample_pack_testing/Breaks/Gems From The Crates/Snares/AKT-SNR-A011_bip.wav,testing,Breaks,Gems From The Crates,Snare,Percussion,0.20486357808113098,0.26729297637939453,0.062429,0.36739832162857056,0.4196428060531616,0.052244,False,False,,1,,1
677,0.0,class_boundary_change,/Volumes/Jack_Gandy_1TB_SSD/testing-for-NITE-DSP/sample_pack_testing/Breaks/Gems From The Crates/Snares/AKT-SNR-A026_bip.wav,testing,Breaks,Gems From The Crates,Rimshot,Snare,0.3697259724140167,0.3222126066684723,-0.047513,0.5024000406265259,0.4946131110191345,-0.007787,False,False,,1,,1
678,0.0,class_boundary_change,/Volumes/Jack_Gandy_1TB_SSD/testing-for-NITE-DSP/sample_pack_testing/Breaks/Gems From The Crates/Snares/AKT-SNR-A027_bip.wav,testing,Breaks,Gems From The Crates,Snare,Hi-Hat,0.31866687536239624,0.3312665522098541,0.0126,0.44382181763648987,0.46061447262763977,0.016793,False,False,,1,,1
679,0.0,class_boundary_change,/Volumes/Jack_Gandy_1TB_SSD/testing-for-NITE-DSP/sample_pack_testing/Breaks/Gems From The Crates/Snares/AKT-SNR-A044_bip.wav,testing,Breaks,Gems From The Crates,Rimshot,Percussion,0.19222873449325562,0.19699926674365997,0.004771,0.2852461040019989,0.3002200126647949,0.014974,False,False,,1,,1
680,0.0,class_boundary_change,/Volumes/Jack_Gandy_1TB_SSD/testing-for-NITE-DSP/sample_pack_testing/Breaks/Laidback Breaks/behindme break.wav,testing,Breaks,Laidback Breaks,Hi-Hat Loop,Drum Loop,0.22805821895599365,0.20147337019443512,-0.026585,0.3148735761642456,0.31842923164367676,0.003556,False,False,,1,,1
681,0.0,class_boundary_change,/Volumes/Jack_Gandy_1TB_SSD/testing-for-NITE-DSP/sample_pack_testing/Breaks/Laidback Breaks/blockparty break.wav,testing,Breaks,Laidback Breaks,Percussion Loop,Drum Loop,0.1244899109005928,0.16058401763439178,0.036094,0.2575300931930542,0.30505821108818054,0.047528,False,False,,1,,1
682,0.0,class_boundary_change,/Volumes/Jack_Gandy_1TB_SSD/testing-for-NITE-DSP/sample_pack_testing/Breaks/Laidback Breaks/datnew break - 2.wav,testing,Breaks,Laidback Breaks,Rimshot,Foley,0.29066160321235657,0.24666303396224976,-0.043999,0.35953453183174133,0.3451135456562042,-0.014421,False,False,,1,,1
683,0.0,class_boundary_change,/Volumes/Jack_Gandy_1TB_SSD/testing-for-NITE-DSP/sample_pack_testing/Breaks/Laidback Breaks/deergha break.wav,testing,Breaks,Laidback Breaks,Chord Loop,Bass Loop,0.1055840477347374,0.09925442188978195,-0.00633,0.21530845761299133,0.21968992054462433,0.004381,False,False,,1,,1
684,0.0,class_boundary_change,/Volumes/Jack_Gandy_1TB_SSD/testing-for-NITE-DSP/sample_pack_testing/Breaks/Laidback Breaks/dirtydrum break.wav,testing,Breaks,Laidback Breaks,Hi-Hat Loop,Drum Loop,0.17215394973754883,0.16335158050060272,-0.008802,0.2894224524497986,0.29974469542503357,0.010322,False,False,,1,,1
685,0.0,class_boundary_change,/Volumes/Jack_Gandy_1TB_SSD/testing-for-NITE-DSP/sample_pack_testing/Breaks/Laidback Breaks/familytied break.wav,testing,Breaks,Laidback Breaks,Foley Loop,Bass Loop,0.15837863087654114,0.15814514458179474,-0.000233,0.28211599588394165,0.29936107993125916,0.017245,False,False,,1,,1
686,0.0,class_boundary_change,/Volumes/Jack_Gandy_1TB_SSD/testing-for-NITE-DSP/sample_pack_testing/Breaks/Laidback Breaks/get down break.wav,testing,Breaks,Laidback Breaks,Hi-Hat Loop,Drum Loop,0.1675117015838623,0.13596221804618835,-0.031549,0.25349539518356323,0.24224993586540222,-0.011245,False,False,,1,,1
687,0.0,class_boundary_change,/Volumes/Jack_Gandy_1TB_SSD/testing-for-NITE-DSP/sample_pack_testing/Breaks/Laidback Breaks/homewards break.wav,testing,Breaks,Laidback Breaks,Hi-Hat Loop,Top Loop,0.15278862416744232,0.15103286504745483,-0.001756,0.23608049750328064,0.26085329055786133,0.024773,False,False,,1,,1
688,0.0,class_boundary_change,/Volumes/Jack_Gandy_1TB_SSD/testing-for-NITE-DSP/sample_pack_testing/Breaks/Laidback Breaks/idolove break.wav,testing,Breaks,Laidback Breaks,Bass Loop,Drum Loop,0.2010917365550995,0.17545752227306366,-0.025634,0.26282578706741333,0.2648938298225403,0.002068,False,False,,1,,1
689,0.0,class_boundary_change,/Volumes/Jack_Gandy_1TB_SSD/testing-for-NITE-DSP/sample_pack_testing/Breaks/Laidback Breaks/kapalabhati break.wav,testing,Breaks,Laidback Breaks,Foley Loop,Bass Loop,0.2615925967693329,0.2590846121311188,-0.002508,0.37603455781936646,0.3846530020236969,0.008618,False,False,,1,,1
690,0.0,class_boundary_change,/Volumes/Jack_Gandy_1TB_SSD/testing-for-NITE-DSP/sample_pack_testing/Breaks/Laidback Breaks/lovin break.wav,testing,Breaks,Laidback Breaks,Bass Loop,Drum Loop,0.1821235716342926,0.16674311459064484,-0.01538,0.2586793005466461,0.2650885283946991,0.006409,False,False,,1,,1
691,0.0,class_boundary_change,/Volumes/Jack_Gandy_1TB_SSD/testing-for-NITE-DSP/sample_pack_testing/Breaks/Laidback Breaks/street fighter break.wav,testing,Breaks,Laidback Breaks,Hi-Hat Loop,Drum Loop,0.16177454590797424,0.16179999709129333,2.5e-05,0.2687930166721344,0.28700610995292664,0.018213,False,False,,1,,1
692,0.0,class_boundary_change,/Volumes/Jack_Gandy_1TB_SSD/testing-for-NITE-DSP/sample_pack_testing/Breaks/Laidback Breaks/timesame break.wav,testing,Breaks,Laidback Breaks,Foley Loop,Bass Loop,0.22997750341892242,0.21392826735973358,-0.016049,0.35814332962036133,0.36396023631095886,0.005817,False,False,,1,,1
693,0.0,class_boundary_change,/Volumes/Jack_Gandy_1TB_SSD/testing-for-NITE-DSP/sample_pack_testing/Breaks/Laidback Breaks/tiptoes break.wav,testing,Breaks,Laidback Breaks,Hi-Hat Loop,Percussion Loop,0.18552201986312866,0.1609043926000595,-0.024618,0.3128420114517212,0.3159623146057129,0.00312,False,False,,1,,1
694,0.0,class_boundary_change,/Volumes/Jack_Gandy_1TB_SSD/testing-for-NITE-DSP/sample_pack_testing/Breaks/Laidback Breaks/watchinu break.wav,testing,Breaks,Laidback Breaks,Foley Loop,Bass Loop,0.12236180901527405,0.10833802074193954,-0.014024,0.24448901414871216,0.24242529273033142,-0.002064,False,False,,1,,1
695,0.0,class_boundary_change,/Volumes/Jack_Gandy_1TB_SSD/testing-for-NITE-DSP/sample_pack_testing/Breaks/Laidback Breaks/weedem break.wav,testing,Breaks,Laidback Breaks,Hi-Hat Loop,Drum Loop,0.09378403425216675,0.10313435643911362,0.00935,0.10889700055122375,0.13394758105278015,0.025051,False,False,,1,,1
696,0.0,class_boundary_change,/Volumes/Jack_Gandy_1TB_SSD/testing-for-NITE-DSP/sample_pack_testing/Breaks/Laidback Breaks/who_o break.wav,testing,Breaks,Laidback Breaks,Chord Loop,Drum Loop,0.12927837669849396,0.12752661108970642,-0.001752,0.19790396094322205,0.20974621176719666,0.011842,False,False,,1,,1
697,0.0,class_boundary_change,/Volumes/Jack_Gandy_1TB_SSD/testing-for-NITE-DSP/sample_pack_testing/Breaks/The Drum Broker - International Breaks & Essential Kicks/The Drum Broker - International Breaks 1/CHOPS/RUSH KICK 1.wav,testing,Breaks,The Drum Broker - International Breaks & Essential Kicks,Foley,Impact,0.14777904748916626,0.17627008259296417,0.028491,0.19079647958278656,0.2319534569978714,0.041157,False,False,,1,,1
698,0.0,class_boundary_change,/Volumes/Jack_Gandy_1TB_SSD/testing-for-NITE-DSP/sample_pack_testing/Breaks/The Drum Broker - International Breaks & Essential Kicks/The Drum Broker - International Breaks 1/CHOPS/RUSH SNARE 1_2.wav,testing,Breaks,The Drum Broker - International Breaks & Essential Kicks,Snare,Percussion,0.3222591280937195,0.36479318141937256,0.042534,0.4252965748310089,0.4680081605911255,0.042712,False,False,,1,,1
699,0.0,class_boundary_change,/Volumes/Jack_Gandy_1TB_SSD/testing-for-NITE-DSP/sample_pack_testing/Breaks/The Drum Broker - International Breaks & Essential Kicks/The Drum Broker - International Breaks 1/FILL.wav,testing,Breaks,The Drum Broker - International Breaks & Essential Kicks,Foley Loop,Percussion Loop,0.17355719208717346,0.16184793412685394,-0.011709,0.2958866357803345,0.30664002895355225,0.010753,False,False,,1,,1
700,0.0,class_boundary_change,/Volumes/Jack_Gandy_1TB_SSD/testing-for-NITE-DSP/sample_pack_testing/Breaks/The Drum Broker - International Breaks & Essential Kicks/The Drum Broker - International Breaks 1/GERM B.wav,testing,Breaks,The Drum Broker - International Breaks & Essential Kicks,Hi-Hat Loop,Drum Loop,0.31242960691452026,0.2811621427536011,-0.031267,0.4193320572376251,0.4193255603313446,-6e-06,False,False,,1,,1
701,0.0,class_boundary_change,/Volumes/Jack_Gandy_1TB_SSD/testing-for-NITE-DSP/sample_pack_testing/Breaks/The Drum Broker - International Breaks & Essential Kicks/The Drum Broker - International Breaks 1/SOULED.wav,testing,Breaks,The Drum Broker - International Breaks & Essential Kicks,Bass Loop,Drum Loop,0.17038829624652863,0.18190957605838776,0.011521,0.31009045243263245,0.33306267857551575,0.022972,False,False,,1,,1
702,0.0,class_boundary_change,/Volumes/Jack_Gandy_1TB_SSD/testing-for-NITE-DSP/sample_pack_testing/Breaks/The Drum Broker - International Breaks & Essential Kicks/The Drum Broker - International Breaks 1/WORLD.wav,testing,Breaks,The Drum Broker - International Breaks & Essential Kicks,Chord Loop,Bass Loop,0.1186378076672554,0.10367701202630997,-0.014961,0.2352319210767746,0.23042277991771698,-0.004809,False,False,,1,,1
703,0.0,class_boundary_change,/Volumes/Jack_Gandy_1TB_SSD/testing-for-NITE-DSP/sample_pack_testing/Breaks/The Drum Broker - International Breaks & Essential Kicks/The Drum Broker - International Breaks 1/y2731.13.wav,testing,Breaks,The Drum Broker - International Breaks & Essential Kicks,Hi-Hat Loop,Percussion Loop,0.1727074235677719,0.15968933701515198,-0.013018,0.23774658143520355,0.24340274930000305,0.005656,False,False,,1,,1
704,0.0,class_boundary_change,/Volumes/Jack_Gandy_1TB_SSD/testing-for-NITE-DSP/sample_pack_testing/Breaks/The Drum Broker - International Breaks & Essential Kicks/The Drum Broker - International Breaks 2/BerG.wav,testing,Breaks,The Drum Broker - International Breaks & Essential Kicks,Chord Loop,Percussion Loop,0.18956686556339264,0.1906176060438156,0.001051,0.385296106338501,0.39382204413414,0.008526,False,False,,1,,1
705,0.0,class_boundary_change,/Volumes/Jack_Gandy_1TB_SSD/testing-for-NITE-DSP/sample_pack_testing/Breaks/The Drum Broker - International Breaks & Essential Kicks/The Drum Broker - International Breaks 2/Frozen.wav,testing,Breaks,The Drum Broker - International Breaks & Essential Kicks,Hi-Hat Loop,Drum Loop,0.19792401790618896,0.22698794305324554,0.029064,0.30689021944999695,0.3393841087818146,0.032494,False,False,,1,,1
706,0.0,class_boundary_change,/Volumes/Jack_Gandy_1TB_SSD/testing-for-NITE-DSP/sample_pack_testing/Breaks/The Drum Broker - International Breaks & Essential Kicks/The Drum Broker - International Breaks 2/Isle.wav,testing,Breaks,The Drum Broker - International Breaks & Essential Kicks,Hi-Hat Loop,Drum Loop,0.33535316586494446,0.31398946046829224,-0.021364,0.41615015268325806,0.4231221377849579,0.006972,False,False,,1,,1
707,0.0,class_boundary_change,/Volumes/Jack_Gandy_1TB_SSD/testing-for-NITE-DSP/sample_pack_testing/Breaks/The Drum Broker - International Breaks & Essential Kicks/The Drum Broker - International Breaks 2/NAGILA .wav,testing,Breaks,The Drum Broker - International Breaks & Essential Kicks,Hi-Hat Loop,Drum Loop,0.3469213545322418,0.34619948267936707,-0.000722,0.4458887279033661,0.459750235080719,0.013862,False,False,,1,,1
708,0.0,class_boundary_change,/Volumes/Jack_Gandy_1TB_SSD/testing-for-NITE-DSP/sample_pack_testing/Breaks/The Drum Broker - International Breaks & Essential Kicks/The Drum Broker - International Breaks 2/NORWEIG.wav,testing,Breaks,The Drum Broker - International Breaks & Essential Kicks,Percussion Loop,Drum Loop,0.17766177654266357,0.19395427405834198,0.016292,0.3048902750015259,0.33245331048965454,0.027563,False,False,,1,,1
709,0.0,class_boundary_change,/Volumes/Jack_Gandy_1TB_SSD/testing-for-NITE-DSP/sample_pack_testing/Breaks/The Drum Broker - International Breaks & Essential Kicks/The Drum Broker - International Breaks 2/Rhythmique.wav,testing,Breaks,The Drum Broker - International Breaks & Essential Kicks,Foley Loop,Drum Loop,0.12125279754400253,0.13017335534095764,0.008921,0.1907244324684143,0.2117481529712677,0.021024,False,False,,1,,1
710,0.0,class_boundary_change,/Volumes/Jack_Gandy_1TB_SSD/testing-for-NITE-DSP/sample_pack_testing/Breaks/The Drum Broker - International Breaks & Essential Kicks/The Drum Broker - International Breaks 2/russian coast.wav,testing,Breaks,The Drum Broker - International Breaks & Essential Kicks,Kick Loop,Drum Loop,0.16896606981754303,0.1556737720966339,-0.013292,0.2616077959537506,0.2703339159488678,0.008726,False,False,,1,,1
711,0.0,class_boundary_change,/Volumes/Jack_Gandy_1TB_SSD/testing-for-NITE-DSP/sample_pack_testing/Breaks/The Drum Broker - International Breaks & Essential Kicks/The Drum Broker - International Breaks 3/7 FIRES BKK BREAK_5.wav,testing,Breaks,The Drum Broker - International Breaks & Essential Kicks,Bass Loop,Drum Loop,0.12821516394615173,0.1870412528514862,0.058826,0.17587627470493317,0.23350730538368225,0.057631,False,False,,1,,1
712,0.0,class_boundary_change,/Volumes/Jack_Gandy_1TB_SSD/testing-for-NITE-DSP/sample_pack_testing/Breaks/The Drum Broker - International Breaks & Essential Kicks/The Drum Broker - International Breaks 3/BONJOUR MATE.wav,testing,Breaks,The Drum Broker - International Breaks & Essential Kicks,Hi-Hat Loop,Percussion Loop,0.12313858419656754,0.11894863843917847,-0.00419,0.2422056943178177,0.24701517820358276,0.004809,False,False,,1,,1
713,0.0,class_boundary_change,/Volumes/Jack_Gandy_1TB_SSD/testing-for-NITE-DSP/sample_pack_testing/Breaks/The Drum Broker - International Breaks & Essential Kicks/The Drum Broker - International Breaks 3/DRAWK_3.wav,testing,Breaks,The Drum Broker - International Breaks & Essential Kicks,Snare,Percussion,0.2375895082950592,0.18723836541175842,-0.050351,0.2873314917087555,0.282856285572052,-0.004475,False,False,,1,,1
714,0.0,class_boundary_change,/Volumes/Jack_Gandy_1TB_SSD/testing-for-NITE-DSP/sample_pack_testing/Breaks/The Drum Broker - International Breaks & Essential Kicks/The Drum Broker - International Breaks 3/ELECTRO SPAIN.wav,testing,Breaks,The Drum Broker - International Breaks & Essential Kicks,Hi-Hat Loop,Top Loop,0.3055989444255829,0.22989583015441895,-0.075703,0.38010966777801514,0.3771573603153229,-0.002952,False,False,,1,,1
715,0.0,class_boundary_change,/Volumes/Jack_Gandy_1TB_SSD/testing-for-NITE-DSP/sample_pack_testing/Breaks/The Drum Broker - International Breaks & Essential Kicks/The Drum Broker - International Breaks 3/ELECTRO SPAIN_2.wav,testing,Breaks,The Drum Broker - International Breaks & Essential Kicks,Hi-Hat Loop,Top Loop,0.3300025463104248,0.27064603567123413,-0.059357,0.38810843229293823,0.40195590257644653,0.013847,False,False,,1,,1
716,0.0,class_boundary_change,/Volumes/Jack_Gandy_1TB_SSD/testing-for-NITE-DSP/sample_pack_testing/Breaks/The Drum Broker - International Breaks & Essential Kicks/The Drum Broker - International Breaks 3/FANNY.wav,testing,Breaks,The Drum Broker - International Breaks & Essential Kicks,Hi-Hat Loop,Drum Loop,0.1368626207113266,0.14796006679534912,0.011097,0.2124466896057129,0.23856154084205627,0.026115,False,False,,1,,1
717,0.0,class_boundary_change,/Volumes/Jack_Gandy_1TB_SSD/testing-for-NITE-DSP/sample_pack_testing/Breaks/The Drum Broker - International Breaks & Essential Kicks/The Drum Broker - International Breaks 3/GROSSE.wav,testing,Breaks,The Drum Broker - International Breaks & Essential Kicks,Foley Loop,Bass Loop,0.1926228106021881,0.17908576130867004,-0.013537,0.3447669446468353,0.3479911684989929,0.003224,False,False,,1,,1
718,0.0,class_boundary_change,/Volumes/Jack_Gandy_1TB_SSD/testing-for-NITE-DSP/sample_pack_testing/Breaks/The Drum Broker - International Breaks & Essential Kicks/The Drum Broker - International Breaks 3/JAMAICA.wav,testing,Breaks,The Drum Broker - International Breaks & Essential Kicks,Hi-Hat Loop,Drum Loop,0.20023082196712494,0.19438382983207703,-0.005847,0.27784886956214905,0.28822970390319824,0.010381,False,False,,1,,1
719,0.0,class_boundary_change,/Volumes/Jack_Gandy_1TB_SSD/testing-for-NITE-DSP/sample_pack_testing/Breaks/The Drum Broker - International Breaks & Essential Kicks/The Drum Broker - International Breaks 4/FRENCH FUNK2.wav,testing,Breaks,The Drum Broker - International Breaks & Essential Kicks,Hi-Hat Loop,Drum Loop,0.10385704785585403,0.12210157513618469,0.018245,0.19525370001792908,0.2271294742822647,0.031876,False,False,,1,,1
720,0.0,class_boundary_change,/Volumes/Jack_Gandy_1TB_SSD/testing-for-NITE-DSP/sample_pack_testing/Breaks/The Drum Broker - International Breaks & Essential Kicks/The Drum Broker - International Breaks 4/GINO.wav,testing,Breaks,The Drum Broker - International Breaks & Essential Kicks,Foley Loop,Drum Loop,0.1307058334350586,0.11281659454107285,-0.017889,0.26793038845062256,0.26183027029037476,-0.0061,False,False,,1,,1
721,0.0,class_boundary_change,/Volumes/Jack_Gandy_1TB_SSD/testing-for-NITE-DSP/sample_pack_testing/Breaks/The Drum Broker - International Breaks & Essential Kicks/The Drum Broker - International Breaks 4/SHUFFLE.wav,testing,Breaks,The Drum Broker - International Breaks & Essential Kicks,Percussion Loop,Drum Loop,0.18873955309391022,0.1936262845993042,0.004887,0.3291679918766022,0.35311663150787354,0.023949,False,False,,1,,1
722,0.0,class_boundary_change,/Volumes/Jack_Gandy_1TB_SSD/testing-for-NITE-DSP/sample_pack_testing/Breaks/The Drum Broker - International Breaks & Essential Kicks/The Drum Broker - International Breaks 4/SINGHA.wav,testing,Breaks,The Drum Broker - International Breaks & Essential Kicks,Foley Loop,Percussion Loop,0.18148580193519592,0.19701449573040009,0.015529,0.3220449686050415,0.3448796272277832,0.022835,False,False,,1,,1
723,0.0,class_boundary_change,/Volumes/Jack_Gandy_1TB_SSD/testing-for-NITE-DSP/sample_pack_testing/Breaks/The Drum Broker - International Breaks & Essential Kicks/The Drum Broker - International Breaks 4/SOUTH AMERICA.wav,testing,Breaks,The Drum Broker - International Breaks & Essential Kicks,Hi-Hat Loop,Percussion Loop,0.1966830939054489,0.17370657622814178,-0.022977,0.2995047867298126,0.2953011095523834,-0.004204,False,False,,1,,1
724,0.0,class_boundary_change,/Volumes/Jack_Gandy_1TB_SSD/testing-for-NITE-DSP/sample_pack_testing/Breaks/The Drum Broker - International Breaks & Essential Kicks/The Drum Broker - International Breaks 4/SUPRA CZK.wav,testing,Breaks,The Drum Broker - International Breaks & Essential Kicks,Hi-Hat Loop,Drum Loop,0.2797956168651581,0.26645150780677795,-0.013344,0.3561030328273773,0.36054930090904236,0.004446,False,False,,1,,1
725,0.0,class_boundary_change,/Volumes/Jack_Gandy_1TB_SSD/testing-for-NITE-DSP/sample_pack_testing/Breaks/The Drum Broker - International Breaks & Essential Kicks/The Drum Broker - International Breaks 4/SWEED.wav,testing,Breaks,The Drum Broker - International Breaks & Essential Kicks,Hi-Hat Loop,Drum Loop,0.27297040820121765,0.2595463991165161,-0.013424,0.3671268820762634,0.37999409437179565,0.012867,False,False,,1,,1
726,0.0,class_boundary_change,/Volumes/Jack_Gandy_1TB_SSD/testing-for-NITE-DSP/sample_pack_testing/Breaks/The Drum Broker - International Breaks & Essential Kicks/The Drum Broker - International Breaks 4/THE SPIEL .wav,testing,Breaks,The Drum Broker - International Breaks & Essential Kicks,Kick Loop,Drum Loop,0.17154256999492645,0.19586694240570068,0.024324,0.23649205267429352,0.2686103582382202,0.032118,False,False,,1,,1
727,0.0,class_boundary_change,/Volumes/Jack_Gandy_1TB_SSD/testing-for-NITE-DSP/sample_pack_testing/Breaks/The Drum Broker - International Breaks & Essential Kicks/The Drum Broker - International Breaks 4/UK FADE.wav,testing,Breaks,The Drum Broker - International Breaks & Essential Kicks,Hi-Hat Loop,Drum Loop,0.1397341787815094,0.1573948860168457,0.017661,0.2611970603466034,0.2909674644470215,0.02977,False,False,,1,,1
728,0.0,class_boundary_change,/Volumes/Jack_Gandy_1TB_SSD/testing-for-NITE-DSP/sample_pack_testing/Breaks/The Drum Broker - International Breaks & Essential Kicks/The Drum Broker - International Breaks 5/CHINA 80.wav,testing,Breaks,The Drum Broker - International Breaks & Essential Kicks,Hi-Hat Loop,Top Loop,0.2433849275112152,0.18910832703113556,-0.054277,0.332500159740448,0.3301871716976166,-0.002313,False,False,,1,,1
729,0.0,class_boundary_change,/Volumes/Jack_Gandy_1TB_SSD/testing-for-NITE-DSP/sample_pack_testing/Breaks/The Drum Broker - International Breaks & Essential Kicks/The Drum Broker - International Breaks 5/FRAGMENTS.wav,testing,Breaks,The Drum Broker - International Breaks & Essential Kicks,Foley Loop,Percussion Loop,0.18606647849082947,0.19366095960140228,0.007594,0.3093756139278412,0.3225513696670532,0.013176,False,False,,1,,1
730,0.0,class_boundary_change,/Volumes/Jack_Gandy_1TB_SSD/testing-for-NITE-DSP/sample_pack_testing/Breaks/The Drum Broker - International Breaks & Essential Kicks/The Drum Broker - International Breaks 5/MARCH TOMS_3.wav,testing,Breaks,The Drum Broker - International Breaks & Essential Kicks,Bass Loop,Percussion Loop,0.14440582692623138,0.1177511140704155,-0.026655,0.2126666158437729,0.1974012851715088,-0.015265,False,False,,1,,1
731,0.0,class_boundary_change,/Volumes/Jack_Gandy_1TB_SSD/testing-for-NITE-DSP/sample_pack_testing/Breaks/The Drum Broker - International Breaks & Essential Kicks/The Drum Broker - International Breaks 5/NASTY .wav,testing,Breaks,The Drum Broker - International Breaks & Essential Kicks,Hi-Hat Loop,Drum Loop,0.2858271598815918,0.21986456215381622,-0.065963,0.370380699634552,0.3571872413158417,-0.013193,False,False,,1,,1
732,0.0,class_boundary_change,/Volumes/Jack_Gandy_1TB_SSD/testing-for-NITE-DSP/sample_pack_testing/Breaks/The Drum Broker - International Breaks & Essential Kicks/The Drum Broker - International Breaks 5/NASTY 80'S 3.wav,testing,Breaks,The Drum Broker - International Breaks & Essential Kicks,Hi-Hat Loop,Percussion Loop,0.2005903422832489,0.17878857254981995,-0.021802,0.36286821961402893,0.36655914783477783,0.003691,False,False,,1,,1
733,0.0,class_boundary_change,/Volumes/Jack_Gandy_1TB_SSD/testing-for-NITE-DSP/sample_pack_testing/Breaks/The Drum Broker - International Breaks & Essential Kicks/The Drum Broker - International Breaks 5/NOI NOI.wav,testing,Breaks,The Drum Broker - International Breaks & Essential Kicks,Hi-Hat Loop,Drum Loop,0.1830836683511734,0.21265803277492523,0.029574,0.2918519973754883,0.31940433382987976,0.027552,False,False,,1,,1
734,0.0,class_boundary_change,/Volumes/Jack_Gandy_1TB_SSD/testing-for-NITE-DSP/sample_pack_testing/Breaks/The Drum Broker - International Breaks & Essential Kicks/The Drum Broker - International Breaks 5/PARIS.wav,testing,Breaks,The Drum Broker - International Breaks & Essential Kicks,Hi-Hat Loop,Drum Loop,0.18572017550468445,0.16738183796405792,-0.018338,0.296583354473114,0.2981782555580139,0.001595,False,False,,1,,1
735,0.0,class_boundary_change,/Volumes/Jack_Gandy_1TB_SSD/testing-for-NITE-DSP/sample_pack_testing/Capsun ProAudio - City Pop/Loops/Drum_Loops/Drum_loops_full/TCP_100_drum_loop_power_stance.wav,testing,Capsun ProAudio - City Pop,Loops,Hi-Hat Loop,Percussion Loop,0.1980280727148056,0.17878170311450958,-0.019246,0.32167670130729675,0.3226807713508606,0.001004,False,False,,1,,1
736,0.0,class_boundary_change,/Volumes/Jack_Gandy_1TB_SSD/testing-for-NITE-DSP/sample_pack_testing/Capsun ProAudio - City Pop/Loops/Drum_Loops/Drum_loops_full/TCP_110_drum_loop_ladies_night.wav,testing,Capsun ProAudio - City Pop,Loops,Drum Loop,Top Loop,0.2423081398010254,0.20551592111587524,-0.036792,0.346987783908844,0.35291749238967896,0.00593,False,False,,1,,1
737,0.0,class_boundary_change,/Volumes/Jack_Gandy_1TB_SSD/testing-for-NITE-DSP/sample_pack_testing/Capsun ProAudio - City Pop/Loops/Drum_Loops/Drum_loops_full/TCP_120_drum_loop_perfect_storm_merged.wav,testing,Capsun ProAudio - City Pop,Loops,Hi-Hat Loop,Drum Loop,0.19867122173309326,0.17045702040195465,-0.028214,0.32459694147109985,0.3245874047279358,-1e-05,False,False,,1,,1
738,0.0,class_boundary_change,/Volumes/Jack_Gandy_1TB_SSD/testing-for-NITE-DSP/sample_pack_testing/Capsun ProAudio - City Pop/Loops/Drum_Loops/Drum_loops_no_kick/TCP_100_drum_loop_power_stance_no_kick.wav,testing,Capsun ProAudio - City Pop,Loops,Hi-Hat Loop,Percussion Loop,0.23806968331336975,0.21211934089660645,-0.02595,0.3373675048351288,0.3521079123020172,0.01474,False,False,,1,,1
739,0.0,class_boundary_change,/Volumes/Jack_Gandy_1TB_SSD/testing-for-NITE-DSP/sample_pack_testing/Capsun ProAudio - City Pop/Loops/Drum_Loops/Drum_loops_no_kick/TCP_110_drum_loop_ladies_night_no_kick.wav,testing,Capsun ProAudio - City Pop,Loops,Hi-Hat Loop,Top Loop,0.3189380466938019,0.3237086534500122,0.004771,0.3518846929073334,0.40168967843055725,0.049805,False,False,,1,,1
740,0.0,class_boundary_change,/Volumes/Jack_Gandy_1TB_SSD/testing-for-NITE-DSP/sample_pack_testing/Capsun ProAudio - City Pop/Loops/Drum_Loops/Drum_loops_no_kick/TCP_95_drum_loop_dirty_dancers_no_kick.wav,testing,Capsun ProAudio - City Pop,Loops,Hi-Hat Loop,Top Loop,0.3668056130409241,0.2749622166156769,-0.091843,0.4159458577632904,0.416675865650177,0.00073,False,False,,1,,1
741,0.0,class_boundary_change,/Volumes/Jack_Gandy_1TB_SSD/testing-for-NITE-DSP/sample_pack_testing/Capsun ProAudio - City Pop/Loops/Melodic_Loops/Electric_Bass/CPA_TCP_110_electric_bass_deep_diver_Cm.wav,testing,Capsun ProAudio - City Pop,Loops,Foley Loop,Bass Loop,0.17646482586860657,0.20043984055519104,0.023975,0.3727942407131195,0.4007419943809509,0.027948,False,False,,1,,1
742,0.0,class_boundary_change,/Volumes/Jack_Gandy_1TB_SSD/testing-for-NITE-DSP/sample_pack_testing/Capsun ProAudio - City Pop/Loops/Melodic_Loops/Melodic_Stack_no_guitar/CPA_TCP_100_melodic_stack_traffic_control_no_guitar_E.wav,testing,Capsun ProAudio - City Pop,Loops,Synth Loop,Chord Loop,0.2755807638168335,0.2437310665845871,-0.03185,0.5234460830688477,0.5230533480644226,-0.000393,False,False,,1,,1
743,0.0,class_boundary_change,/Volumes/Jack_Gandy_1TB_SSD/testing-for-NITE-DSP/sample_pack_testing/Capsun ProAudio - City Pop/Loops/Melodic_Loops/Melodic_Stack_stripped/CPA_TCP_100_melodic_stack_road_behind_stripped_G.wav,testing,Capsun ProAudio - City Pop,Loops,Synth Loop,Chord Loop,0.28228145837783813,0.2679159939289093,-0.014365,0.4913595914840698,0.4934598207473755,0.0021,False,False,,1,,1
744,0.0,class_boundary_change,/Volumes/Jack_Gandy_1TB_SSD/testing-for-NITE-DSP/sample_pack_testing/Capsun ProAudio - City Pop/One_Shots/Drum_One_Shots/Snares/CPA_TCP_snare_romantics.wav,testing,Capsun ProAudio - City Pop,One_Shots,Snare,Impact,0.283422589302063,0.23308655619621277,-0.050336,0.31315550208091736,0.323896586894989,0.010741,False,False,,1,,1
745,0.0,class_boundary_change,/Volumes/Jack_Gandy_1TB_SSD/testing-for-NITE-DSP/sample_pack_testing/Drum Breaks/5th Dimension - Rainmaker (part1).wav,testing,Drum Breaks,Drum Breaks,Hi-Hat Loop,Drum Loop,0.1783963292837143,0.1796497255563736,0.001253,0.3021608293056488,0.321270614862442,0.01911,False,False,,1,,1
746,0.0,class_boundary_change,/Volumes/Jack_Gandy_1TB_SSD/testing-for-NITE-DSP/sample_pack_testing/Drum Breaks/Atomic Rooster - The Rock.wav,testing,Drum Breaks,Drum Breaks,Hi-Hat Loop,Drum Loop,0.32485589385032654,0.2682880163192749,-0.056568,0.389925479888916,0.37748876214027405,-0.012437,False,False,,1,,1
747,0.0,class_boundary_change,/Volumes/Jack_Gandy_1TB_SSD/testing-for-NITE-DSP/sample_pack_testing/Drum Breaks/Average White Band - T.L.C. (montage).wav,testing,Drum Breaks,Drum Breaks,Hi-Hat Loop,Drum Loop,0.23870879411697388,0.26793333888053894,0.029225,0.3368358612060547,0.36774885654449463,0.030913,False,False,,1,,1
748,0.0,class_boundary_change,/Volumes/Jack_Gandy_1TB_SSD/testing-for-NITE-DSP/sample_pack_testing/Drum Breaks/Cresa Watson - Dead.wav,testing,Drum Breaks,Drum Breaks,Percussion Loop,Drum Loop,0.19867835938930511,0.20615100860595703,0.007473,0.29906395077705383,0.3206965923309326,0.021633,False,False,,1,,1
749,0.0,class_boundary_change,/Volumes/Jack_Gandy_1TB_SSD/testing-for-NITE-DSP/sample_pack_testing/Drum Breaks/Dexter Wansel - Theme From The Planets (part1).wav,testing,Drum Breaks,Drum Breaks,Hi-Hat Loop,Drum Loop,0.25005611777305603,0.2397230565547943,-0.010333,0.37581562995910645,0.39095985889434814,0.015144,False,False,,1,,1
750,0.0,class_boundary_change,/Volumes/Jack_Gandy_1TB_SSD/testing-for-NITE-DSP/sample_pack_testing/Drum Recollection/2023 Drums/(Open Hat) Destroyed.wav,testing,Drum Recollection,2023 Drums,Crash,Clap,0.09972196072340012,0.08417729288339615,-0.015545,0.13370287418365479,0.12147285044193268,-0.01223,False,False,,1,,1
751,0.0,class_boundary_change,/Volumes/Jack_Gandy_1TB_SSD/testing-for-NITE-DSP/sample_pack_testing/Drum Recollection/2023 Drums/(Snare) Working.wav,testing,Drum Recollection,2023 Drums,Rimshot,Foley,0.1807275116443634,0.14535510540008545,-0.035372,0.22358980774879456,0.20603694021701813,-0.017553,False,False,,1,,1
752,0.0,class_boundary_change,/Volumes/Jack_Gandy_1TB_SSD/testing-for-NITE-DSP/sample_pack_testing/Drum Recollection/Essentials Drum Kit Vol. 001/Claps/Best Service Clap.wav,testing,Drum Recollection,Essentials Drum Kit Vol. 001,Rimshot,Snare,0.38283562660217285,0.36827152967453003,-0.014564,0.6062955856323242,0.6026899218559265,-0.003606,False,False,,1,,1
753,0.0,class_boundary_change,/Volumes/Jack_Gandy_1TB_SSD/testing-for-NITE-DSP/sample_pack_testing/Drum Recollection/Essentials Drum Kit Vol. 001/Hi Hats/Versible Hi Hat.wav,testing,Drum Recollection,Essentials Drum Kit Vol. 001,Foley,Hi-Hat,0.20785757899284363,0.278532475233078,0.070675,0.26562175154685974,0.32345080375671387,0.057829,False,False,,1,,1
754,0.0,class_boundary_change,/Volumes/Jack_Gandy_1TB_SSD/testing-for-NITE-DSP/sample_pack_testing/Drum Recollection/Essentials Drum Kit Vol. 001/Open Hats/DN Open Hat.wav,testing,Drum Recollection,Essentials Drum Kit Vol. 001,Foley,Impact,0.17351806163787842,0.128422811627388,-0.045095,0.23400278389453888,0.20563699305057526,-0.028366,False,False,,1,,1
755,0.0,class_boundary_change,/Volumes/Jack_Gandy_1TB_SSD/testing-for-NITE-DSP/sample_pack_testing/Drum Recollection/Essentials Drum Kit Vol. 001/Open Hats/FA4 Open Hat.wav,testing,Drum Recollection,Essentials Drum Kit Vol. 001,Crash,Hi-Hat,0.21752242743968964,0.3089393377304077,0.091417,0.2517419159412384,0.3152256906032562,0.063484,False,False,,1,,1
756,0.0,class_boundary_change,/Volumes/Jack_Gandy_1TB_SSD/testing-for-NITE-DSP/sample_pack_testing/Drum Recollection/Essentials Drum Kit Vol. 001/Open Hats/Fav Open Hat.wav,testing,Drum Recollection,Essentials Drum Kit Vol. 001,Crash,Hi-Hat,0.12946884334087372,0.14726398885250092,0.017795,0.1806965172290802,0.2046690732240677,0.023973,False,False,,1,,1
757,0.0,class_boundary_change,/Volumes/Jack_Gandy_1TB_SSD/testing-for-NITE-DSP/sample_pack_testing/Drum Recollection/Essentials Drum Kit Vol. 001/Open Hats/Reversed Slingshot Open Hat.wav,testing,Drum Recollection,Essentials Drum Kit Vol. 001,Vocal One-Shot,Hi-Hat,0.12958258390426636,0.12471584230661392,-0.004867,0.19329707324504852,0.193446546792984,0.000149,False,False,,1,,1
758,0.0,class_boundary_change,/Volumes/Jack_Gandy_1TB_SSD/testing-for-NITE-DSP/sample_pack_testing/Drum Recollection/Essentials Drum Kit Vol. 001/Snares/Layer Snare.wav,testing,Drum Recollection,Essentials Drum Kit Vol. 001,Rimshot,Snare,0.362802118062973,0.3416016697883606,-0.0212,0.5867987275123596,0.5793243050575256,-0.007474,False,False,,1,,1
759,0.0,class_boundary_change,/Volumes/Jack_Gandy_1TB_SSD/testing-for-NITE-DSP/sample_pack_testing/Drum Recollection/Essentials Drumkit Vol. 002/Hi-Hats/Secret Kit Hi-Hat.wav,testing,Drum Recollection,Essentials Drumkit Vol. 002,Foley,Hi-Hat,0.1768985241651535,0.22996653616428375,0.053068,0.22159242630004883,0.27230438590049744,0.050712,False,False,,1,,1
760,0.0,class_boundary_change,/Volumes/Jack_Gandy_1TB_SSD/testing-for-NITE-DSP/sample_pack_testing/Drum Recollection/Essentials Drumkit Vol. 002/Hi-Hats/Virtual Hi-Hat.wav,testing,Drum Recollection,Essentials Drumkit Vol. 002,Rimshot,Hi-Hat,0.34831830859184265,0.3998977541923523,0.051579,0.5568288564682007,0.5894327759742737,0.032604,False,False,,1,,1
761,0.0,class_boundary_change,/Volumes/Jack_Gandy_1TB_SSD/testing-for-NITE-DSP/sample_pack_testing/Drum Recollection/Essentials Drumkit Vol. 002/Open Hats/Care Package Open Hat.wav,testing,Drum Recollection,Essentials Drumkit Vol. 002,Weather/Nature Atmos,Hi-Hat,0.14558108150959015,0.13713397085666656,-0.008447,0.19886085391044617,0.19836674630641937,-0.000494,False,False,,1,,1
762,0.0,class_boundary_change,/Volumes/Jack_Gandy_1TB_SSD/testing-for-NITE-DSP/sample_pack_testing/Drum Recollection/Essentials Drumkit Vol. 002/Open Hats/Dead Man's Open Hat.wav,testing,Drum Recollection,Essentials Drumkit Vol. 002,Crash,Hi-Hat,0.26844412088394165,0.3434629738330841,0.075019,0.312332421541214,0.36333999037742615,0.051008,False,False,,1,,1
763,0.0,class_boundary_change,/Volumes/Jack_Gandy_1TB_SSD/testing-for-NITE-DSP/sample_pack_testing/Drum Recollection/Essentials Drumkit Vol. 002/Open Hats/Scratchy Open Hat.wav,testing,Drum Recollection,Essentials Drumkit Vol. 002,Crash,Hi-Hat,0.1624731868505478,0.18924498558044434,0.026772,0.2166253924369812,0.24574074149131775,0.029115,False,False,,1,,1
764,0.0,class_boundary_change,/Volumes/Jack_Gandy_1TB_SSD/testing-for-NITE-DSP/sample_pack_testing/Drum Recollection/Essentials Drumkit Vol. 002/Snares/Mario Kart Snare.wav,testing,Drum Recollection,Essentials Drumkit Vol. 002,Rimshot,Snare,0.24289719760417938,0.20943114161491394,-0.033466,0.4101695120334625,0.39532744884490967,-0.014842,False,False,,1,,1
765,0.0,class_boundary_change,/Volumes/Jack_Gandy_1TB_SSD/testing-for-NITE-DSP/sample_pack_testing/Drum Recollection/New Wave Drum Kit Vol. 1/New Wave Drum Kit/Open Hats/Currency Open Hat .wav,testing,Drum Recollection,New Wave Drum Kit Vol. 1,Crash,Hi-Hat,0.22008971869945526,0.28836268186569214,0.068273,0.25444138050079346,0.3046848475933075,0.050243,False,False,,1,,1
766,0.0,class_boundary_change,/Volumes/Jack_Gandy_1TB_SSD/testing-for-NITE-DSP/sample_pack_testing/Drum Recollection/New Wave Drum Kit Vol. 1/New Wave Drum Kit/Open Hats/Verb Open Hat .wav,testing,Drum Recollection,New Wave Drum Kit Vol. 1,Crash,Hi-Hat,0.28124430775642395,0.26158440113067627,-0.01966,0.287291944026947,0.29542076587677,0.008129,False,False,,1,,1
767,0.0,class_boundary_change,/Volumes/Jack_Gandy_1TB_SSD/testing-for-NITE-DSP/sample_pack_testing/Drum Recollection/New Wave Drum Kit Vol. 2/Hi-Hats/@prod.ksubi - Reversed Hi Hat.wav,testing,Drum Recollection,New Wave Drum Kit Vol. 2,Foley,Hi-Hat,0.15073788166046143,0.17843097448349,0.027693,0.20412522554397583,0.23515017330646515,0.031025,False,False,,1,,1
768,0.0,class_boundary_change,/Volumes/Jack_Gandy_1TB_SSD/testing-for-NITE-DSP/sample_pack_testing/Drum Recollection/New Wave Drum Kit Vol. 2/Open Hats/@prod.ksubi - Drip Open Hat.wav,testing,Drum Recollection,New Wave Drum Kit Vol. 2,Crash,Hi-Hat,0.21991583704948425,0.29415610432624817,0.07424,0.26447585225105286,0.3185562193393707,0.05408,False,False,,1,,1
769,0.0,class_boundary_change,/Volumes/Jack_Gandy_1TB_SSD/testing-for-NITE-DSP/sample_pack_testing/Drum Recollection/New Wave Drum Kit Vol. 2/Open Hats/@prod.ksubi - Le wa Open Hat.wav,testing,Drum Recollection,New Wave Drum Kit Vol. 2,Weather/Nature Atmos,Hi-Hat,0.11049269139766693,0.16277046501636505,0.052278,0.1607556790113449,0.22006399929523468,0.059308,False,False,,1,,1
770,0.0,class_boundary_change,/Volumes/Jack_Gandy_1TB_SSD/testing-for-NITE-DSP/sample_pack_testing/Drum Recollection/Official Drum Kit Vol. 1/Open Hats/Popeye's Open Hat .wav,testing,Drum Recollection,Official Drum Kit Vol. 1,Crash,Hi-Hat,0.2563680410385132,0.34441158175468445,0.088044,0.29455405473709106,0.3465346097946167,0.051981,False,False,,1,,1
771,0.0,class_boundary_change,/Volumes/Jack_Gandy_1TB_SSD/testing-for-NITE-DSP/sample_pack_testing/Drum Recollection/Official Drum Kit Vol. 2/808s/Wonda Sub.wav,testing,Drum Recollection,Official Drum Kit Vol. 2,Pad,Impact,0.140115886926651,0.14941033720970154,0.009294,0.3419208824634552,0.3801687955856323,0.038248,False,False,,1,,1
772,0.0,class_boundary_change,/Volumes/Jack_Gandy_1TB_SSD/testing-for-NITE-DSP/sample_pack_testing/Drum Recollection/Official Drum Kit Vol. 2/Claps/Orlando 100x Clap.wav,testing,Drum Recollection,Official Drum Kit Vol. 2,Foley,Impact,0.20862498879432678,0.21852882206439972,0.009904,0.2621907591819763,0.2921278774738312,0.029937,False,False,,1,,1
773,0.0,class_boundary_change,/Volumes/Jack_Gandy_1TB_SSD/testing-for-NITE-DSP/sample_pack_testing/Drum Recollection/Official Drum Kit Vol. 2/Hi-Hats/Mal Reverse Hi-Hat.wav,testing,Drum Recollection,Official Drum Kit Vol. 2,Foley,Hi-Hat,0.17785705626010895,0.30066192150115967,0.122805,0.24385489523410797,0.33107611536979675,0.087221,False,False,,1,,1
774,0.0,class_boundary_change,/Volumes/Jack_Gandy_1TB_SSD/testing-for-NITE-DSP/sample_pack_testing/Drum Recollection/Official Drum Kit Vol. 2/Open Hats/Bill-Will-Made-It Open Hat.wav,testing,Drum Recollection,Official Drum Kit Vol. 2,Crash,Hi-Hat,0.3232809901237488,0.3573172092437744,0.034036,0.34178626537323,0.37410789728164673,0.032322,False,False,,1,,1
775,0.0,class_boundary_change,/Volumes/Jack_Gandy_1TB_SSD/testing-for-NITE-DSP/sample_pack_testing/Drum Recollection/Official Drum Kit Vol. 2/Open Hats/Crazy Man Open Hat.wav,testing,Drum Recollection,Official Drum Kit Vol. 2,Weather/Nature Atmos,Hi-Hat,0.13315491378307343,0.16718260943889618,0.034028,0.188821479678154,0.2269960641860962,0.038175,False,False,,1,,1
776,0.0,class_boundary_change,/Volumes/Jack_Gandy_1TB_SSD/testing-for-NITE-DSP/sample_pack_testing/Drum Recollection/Official Drum Kit Vol. 2/Open Hats/Iron Mac Open Hat.wav,testing,Drum Recollection,Official Drum Kit Vol. 2,Crash,Hi-Hat,0.1462361216545105,0.1656389832496643,0.019403,0.23810456693172455,0.25880882143974304,0.020704,False,False,,1,,1
777,0.0,class_boundary_change,/Volumes/Jack_Gandy_1TB_SSD/testing-for-NITE-DSP/sample_pack_testing/Drum Recollection/Official Drum Kit Vol. 2/Open Hats/Lessons Open Hat.wav,testing,Drum Recollection,Official Drum Kit Vol. 2,Weather/Nature Atmos,Hi-Hat,0.11618155986070633,0.1904832273721695,0.074302,0.1618751883506775,0.23654936254024506,0.074674,False,False,,1,,1
778,0.0,class_boundary_change,/Volumes/Jack_Gandy_1TB_SSD/testing-for-NITE-DSP/sample_pack_testing/Drum Recollection/Official Drum Kit Vol. 2/Open Hats/Pyrex Reverse Open Hat.wav,testing,Drum Recollection,Official Drum Kit Vol. 2,Weather/Nature Atmos,Hi-Hat,0.12685228884220123,0.21042950451374054,0.083577,0.17988406121730804,0.2545400857925415,0.074656,False,False,,1,,1
779,0.0,class_boundary_change,/Volumes/Jack_Gandy_1TB_SSD/testing-for-NITE-DSP/sample_pack_testing/Drum Recollection/Official Drum Kit Vol. 2/Open Hats/Reverse Open Hat The Goat.wav,testing,Drum Recollection,Official Drum Kit Vol. 2,Weather/Nature Atmos,Hi-Hat,0.11261364817619324,0.14959292113780975,0.036979,0.17912748456001282,0.2197183519601822,0.040591,False,False,,1,,1
780,0.0,class_boundary_change,/Volumes/Jack_Gandy_1TB_SSD/testing-for-NITE-DSP/sample_pack_testing/Drum Recollection/Official Drum Kit Vol. 2/Snares/Future x Sizzle Snare.wav,testing,Drum Recollection,Official Drum Kit Vol. 2,Rimshot,Snare,0.36924508213996887,0.34621724486351013,-0.023028,0.6210551857948303,0.6137462854385376,-0.007309,False,False,,1,,1
781,0.0,class_boundary_change,/Volumes/Jack_Gandy_1TB_SSD/testing-for-NITE-DSP/sample_pack_testing/Home Clouds - Pop Rock/splice-export__home-clouds-at-rubber-tracks-london-pop-up/loop/Drums/RT_Home_Clouds_Drum_Loop_13_Drums_Will_Allen_132_loop.wav,testing,Home Clouds - Pop Rock,splice-export__home-clouds-at-rubber-tracks-london-pop-up,Bass Loop,Drum Loop,0.22145801782608032,0.18720342218875885,-0.034255,0.31709572672843933,0.30986398458480835,-0.007232,False,False,,1,,1
782,0.0,class_boundary_change,/Volumes/Jack_Gandy_1TB_SSD/testing-for-NITE-DSP/sample_pack_testing/IMANU/IMANU Patreon August 2022 Samples/fast plucks Aharmm.wav,testing,IMANU,IMANU Patreon August 2022 Samples,Chord Loop,Synth Loop,0.27275344729423523,0.2529306411743164,-0.019823,0.5143306255340576,0.5201192498207092,0.005789,False,False,,1,,1
783,0.0,class_boundary_change,/Volumes/Jack_Gandy_1TB_SSD/testing-for-NITE-DSP/sample_pack_testing/IMANU/IMANU Patreon August 2024 Samples/Pretty anthem Bm.wav,testing,IMANU,IMANU Patreon August 2024 Samples,Chord Loop,Bass Loop,0.18980441987514496,0.21335963904857635,0.023555,0.38450518250465393,0.4133690297603607,0.028864,False,False,,1,,1
784,0.0,class_boundary_change,/Volumes/Jack_Gandy_1TB_SSD/testing-for-NITE-DSP/sample_pack_testing/IMANU/IMANU Patreon February 2023 Samples/Glidy reese D#m.wav,testing,IMANU,IMANU Patreon February 2023 Samples,Synth Loop,Bass Loop,0.14606213569641113,0.206187903881073,0.060126,0.39070266485214233,0.4582253098487854,0.067523,False,False,,1,,1
785,0.0,class_boundary_change,/Volumes/Jack_Gandy_1TB_SSD/testing-for-NITE-DSP/sample_pack_testing/IMANU/IMANU Patreon June 2022 Samples/weird piano arp G#m with an extra A.wav,testing,IMANU,IMANU Patreon June 2022 Samples,Chord Loop,Bass Loop,0.18094751238822937,0.15680353343486786,-0.024144,0.3772910535335541,0.37149617075920105,-0.005795,False,False,,1,,1
786,0.0,class_boundary_change,/Volumes/Jack_Gandy_1TB_SSD/testing-for-NITE-DSP/sample_pack_testing/IMANU/IMANU Patreon June 2024 Samples /Nice reese Am.wav,testing,IMANU,IMANU Patreon June 2024 Samples ,Chord Loop,Bass Loop,0.17660145461559296,0.1747496873140335,-0.001852,0.37947651743888855,0.4083700180053711,0.028894,False,False,,1,,1
787,0.0,class_boundary_change,/Volumes/Jack_Gandy_1TB_SSD/testing-for-NITE-DSP/sample_pack_testing/Ian Chang - Dirty Drums/splice-export__ian-chang-dirty-drums/one_shot/Drums/Hat/RT_Ian_Chang_Open_Hi_Hat_Soft_Drums_Ian_Chang_one_shot.wav,testing,Ian Chang - Dirty Drums,splice-export__ian-chang-dirty-drums,Crash,Impact,0.4716617465019226,0.32103317975997925,-0.150629,0.4216393828392029,0.40467873215675354,-0.016961,False,False,,1,,1
788,0.0,class_boundary_change,/Volumes/Jack_Gandy_1TB_SSD/testing-for-NITE-DSP/sample_pack_testing/Just Jared - OP1 Drums/Kicks/Just Jared - OP1 Drums Kick 12.wav,testing,Just Jared - OP1 Drums,Kicks,Foley,Rimshot,0.29483234882354736,0.24777567386627197,-0.047057,0.38178133964538574,0.3642174005508423,-0.017564,False,False,,1,,1
789,0.0,class_boundary_change,/Volumes/Jack_Gandy_1TB_SSD/testing-for-NITE-DSP/sample_pack_testing/Just Jared - OP1 Drums/Snares/Just Jared - OP1 Drums Snare 5.wav,testing,Just Jared - OP1 Drums,Snares,Rimshot,Impact,0.2092045694589615,0.22929587960243225,0.020091,0.2759018838405609,0.3227563202381134,0.046854,False,False,,1,,1
790,0.0,class_boundary_change,/Volumes/Jack_Gandy_1TB_SSD/testing-for-NITE-DSP/sample_pack_testing/Koan Sound/Koan Sound Samples/Foley Pack 01/Foley Drums/Snare 04.wav,testing,Koan Sound,Koan Sound Samples,Rimshot,Foley,0.2919815480709076,0.2949528396129608,0.002971,0.4957617223262787,0.49616119265556335,0.000399,False,False,,1,,1
791,0.0,class_boundary_change,/Volumes/Jack_Gandy_1TB_SSD/testing-for-NITE-DSP/sample_pack_testing/Koan Sound/Koan Sound Samples/Foley Pack 01/Foley Drums/Snare 07.wav,testing,Koan Sound,Koan Sound Samples,Rimshot,Foley,0.4014618992805481,0.44705700874328613,0.045595,0.5577227473258972,0.5786111950874329,0.020888,False,False,,1,,1
792,0.0,class_boundary_change,/Volumes/Jack_Gandy_1TB_SSD/testing-for-NITE-DSP/sample_pack_testing/Koan Sound/Koan Sound Samples/Foley Pack 01/Foley Drums/Snare 09.wav,testing,Koan Sound,Koan Sound Samples,Rimshot,Foley,0.3938261568546295,0.4007503092288971,0.006924,0.4986928403377533,0.5075530409812927,0.00886,False,False,,1,,1
793,0.0,class_boundary_change,/Volumes/Jack_Gandy_1TB_SSD/testing-for-NITE-DSP/sample_pack_testing/Koan Sound/Koan Sound Samples/Raw Drums/Processed/Snare Processed 6.wav,testing,Koan Sound,Koan Sound Samples,Snare,Percussion,0.2770368158817291,0.28576570749282837,0.008729,0.4371887147426605,0.4654851257801056,0.028296,False,False,,1,,1
794,0.0,class_boundary_change,/Volumes/Jack_Gandy_1TB_SSD/testing-for-NITE-DSP/sample_pack_testing/Koan Sound/Koan Sound Samples/Raw Drums/Raw/Raw Hat 04.wav,testing,Koan Sound,Koan Sound Samples,Rimshot,Percussion,0.30954617261886597,0.2975098192691803,-0.012036,0.4668462872505188,0.47157207131385803,0.004726,False,False,,1,,1
795,0.0,class_boundary_change,/Volumes/Jack_Gandy_1TB_SSD/testing-for-NITE-DSP/sample_pack_testing/Loaded Samples - Lo-Fi Memphis 2/DRUMS & PERC LOOPS/Clave Loop #2 [65BPM].wav,testing,Loaded Samples - Lo-Fi Memphis 2,DRUMS & PERC LOOPS,Foley Loop,Percussion Loop,0.15212224423885345,0.14839598536491394,-0.003726,0.22622616589069366,0.23378886282444,0.007563,False,False,,1,,1
796,0.0,class_boundary_change,/Volumes/Jack_Gandy_1TB_SSD/testing-for-NITE-DSP/sample_pack_testing/Loaded Samples - Lo-Fi Memphis 2/DRUMS/Hats/LFM2_Bright OHH #1.wav,testing,Loaded Samples - Lo-Fi Memphis 2,DRUMS,Weather/Nature Atmos,Hi-Hat,0.2113085240125656,0.240804061293602,0.029496,0.27013736963272095,0.2937844395637512,0.023647,False,False,,1,,1
797,0.0,class_boundary_change,/Volumes/Jack_Gandy_1TB_SSD/testing-for-NITE-DSP/sample_pack_testing/Loaded Samples - Lo-Fi Memphis 2/DRUMS/Hats/LFM2_Real CHH.wav,testing,Loaded Samples - Lo-Fi Memphis 2,DRUMS,Foley,Hi-Hat,0.2649809420108795,0.3430527448654175,0.078072,0.40753015875816345,0.45980069041252136,0.052271,False,False,,1,,1
798,0.0,class_boundary_change,/Volumes/Jack_Gandy_1TB_SSD/testing-for-NITE-DSP/sample_pack_testing/Loaded Samples - Lo-Fi Memphis 2/MELODIES (X3 & DR5)/Loops (Cassette Processed)/Fast Life #3 [75 BPM] (F#).wav,testing,Loaded Samples - Lo-Fi Memphis 2,MELODIES (X3 & DR5),Synth Loop,Chord Loop,0.2604356110095978,0.26199012994766235,0.001555,0.5599868297576904,0.5690165162086487,0.00903,False,False,,1,,1
799,0.0,class_boundary_change,/Volumes/Jack_Gandy_1TB_SSD/testing-for-NITE-DSP/sample_pack_testing/Loaded Samples - Lo-Fi Memphis 2/MELODIES (X3 & DR5)/Stems (Cassette Processed)/STEM_Bell Will Toll #2 [72BPM] (G).wav,testing,Loaded Samples - Lo-Fi Memphis 2,MELODIES (X3 & DR5),Chord Loop,Bass Loop,0.18651120364665985,0.1881656050682068,0.001654,0.3806374967098236,0.39512884616851807,0.014491,False,False,,1,,1
800,0.0,class_boundary_change,/Volumes/Jack_Gandy_1TB_SSD/testing-for-NITE-DSP/sample_pack_testing/Loaded Samples - Lo-Fi Memphis 2/MELODIES (X3 & DR5)/Stems (Cassette Processed)/STEM_Laid Back #3 [75 BPM] (F#).wav,testing,Loaded Samples - Lo-Fi Memphis 2,MELODIES (X3 & DR5),Chord Loop,Bass Loop,0.16875439882278442,0.21461334824562073,0.045859,0.35778895020484924,0.40224263072013855,0.044454,False,False,,1,,1
801,0.0,class_boundary_change,/Volumes/Jack_Gandy_1TB_SSD/testing-for-NITE-DSP/sample_pack_testing/Loaded Samples - Lo-Fi Memphis 2/MELODIES (X3 & DR5)/Stems (OG Versions)/OGSTEM_DR5 Bones #1 [72 BPM] (E).wav,testing,Loaded Samples - Lo-Fi Memphis 2,MELODIES (X3 & DR5),Synth Loop,Chord Loop,0.3191209137439728,0.2652820348739624,-0.053839,0.5355481505393982,0.5153532028198242,-0.020195,False,False,,1,,1
802,0.0,class_boundary_change,/Volumes/Jack_Gandy_1TB_SSD/testing-for-NITE-DSP/sample_pack_testing/Loaded Samples - Lo-Fi Memphis 2/MELODIES (X3 & DR5)/Stems (OG Versions)/OGSTEM_Laid Back #1 [75 BPM] (F#).wav,testing,Loaded Samples - Lo-Fi Memphis 2,MELODIES (X3 & DR5),Chord Loop,Synth Loop,0.24378542602062225,0.21664157509803772,-0.027144,0.45162448287010193,0.46061310172080994,0.008989,False,False,,1,,1
803,0.0,class_boundary_change,/Volumes/Jack_Gandy_1TB_SSD/testing-for-NITE-DSP/sample_pack_testing/Loaded Samples - Lo-Fi Memphis 2/MELODIES (X3 & DR5)/Stems (OG Versions)/OGSTEM_Laid Back #3 [75 BPM] (F#).wav,testing,Loaded Samples - Lo-Fi Memphis 2,MELODIES (X3 & DR5),Chord Loop,Bass Loop,0.20935651659965515,0.24609428644180298,0.036738,0.41859668493270874,0.4583321213722229,0.039735,False,False,,1,,1
804,0.0,class_boundary_change,/Volumes/Jack_Gandy_1TB_SSD/testing-for-NITE-DSP/sample_pack_testing/Loaded Samples - Lo-Fi Memphis 2/MELODIES (X3 & DR5)/Stems (OG Versions)/OGSTEM_Time Tunnel #3 [66 BPM] (F).wav,testing,Loaded Samples - Lo-Fi Memphis 2,MELODIES (X3 & DR5),Chord Loop,Bass Loop,0.1569557636976242,0.1625281125307083,0.005572,0.3363387882709503,0.35621532797813416,0.019877,False,False,,1,,1
805,0.0,class_boundary_change,/Volumes/Jack_Gandy_1TB_SSD/testing-for-NITE-DSP/sample_pack_testing/MGF Mega Pack/Analogue Collection/Arp + Seq/ML Arp 30.wav,testing,MGF Mega Pack,Analogue Collection,Synth Loop,Bass Loop,0.1692194938659668,0.18458543717861176,0.015366,0.35376861691474915,0.3695394992828369,0.015771,False,False,,1,,1
806,0.0,class_boundary_change,/Volumes/Jack_Gandy_1TB_SSD/testing-for-NITE-DSP/sample_pack_testing/MGF Mega Pack/Analogue Collection/Arp + Seq/P6 AUG18PT1_055.wav,testing,MGF Mega Pack,Analogue Collection,Chord Loop,Synth Loop,0.18537980318069458,0.16119469702243805,-0.024185,0.3439835011959076,0.33896857500076294,-0.005015,False,False,,1,,1
807,0.0,class_boundary_change,/Volumes/Jack_Gandy_1TB_SSD/testing-for-NITE-DSP/sample_pack_testing/MGF Mega Pack/Analogue Collection/Perc/MOD_KICK 14.wav,testing,MGF Mega Pack,Analogue Collection,Crash,Impact,0.15704785287380219,0.34520283341407776,0.188155,0.22241687774658203,0.3885113596916199,0.166094,False,False,,1,,1
808,0.0,class_boundary_change,/Volumes/Jack_Gandy_1TB_SSD/testing-for-NITE-DSP/sample_pack_testing/MGF Mega Pack/Analogue Collection/SFX/EURO1_HIT_28.wav,testing,MGF Mega Pack,Analogue Collection,Chord Loop,Bass Loop,0.17874547839164734,0.1621558666229248,-0.01659,0.36382973194122314,0.3739871084690094,0.010157,False,False,,1,,1
809,0.0,class_boundary_change,/Volumes/Jack_Gandy_1TB_SSD/testing-for-NITE-DSP/sample_pack_testing/MGF Mega Pack/Analogue Collection/SFX/J106 CASSETTE1_289.wav,testing,MGF Mega Pack,Analogue Collection,Synth One-Shot,Pad,0.16898198425769806,0.16595272719860077,-0.003029,0.42966294288635254,0.43716222047805786,0.007499,False,False,,1,,1
810,0.0,class_boundary_change,/Volumes/Jack_Gandy_1TB_SSD/testing-for-NITE-DSP/sample_pack_testing/MGF Mega Pack/Analogue Collection/SFX/MS20 SFX 043.wav,testing,MGF Mega Pack,Analogue Collection,Chord Loop,Foley Loop,0.1857849359512329,0.157082661986351,-0.028702,0.405900776386261,0.39909082651138306,-0.00681,False,False,,1,,1
811,0.0,class_boundary_change,/Volumes/Jack_Gandy_1TB_SSD/testing-for-NITE-DSP/sample_pack_testing/MGF Mega Pack/Misc + Found Sound/Casiotone 501/Chords SFX Misc/Organ Choir Pad D3.wav,testing,MGF Mega Pack,Misc + Found Sound,Pad,Synth One-Shot,0.27284136414527893,0.2721031904220581,-0.000738,0.5644172430038452,0.5680625438690186,0.003645,False,False,,1,,1
812,0.0,class_boundary_change,/Volumes/Jack_Gandy_1TB_SSD/testing-for-NITE-DSP/sample_pack_testing/MGF Mega Pack/Misc + Found Sound/Casiotone 501/Multis/Organ Pad/Organ Pad A1.wav,testing,MGF Mega Pack,Misc + Found Sound,Pad,Synth One-Shot,0.2551195025444031,0.24937891960144043,-0.005741,0.5463957190513611,0.5468735694885254,0.000478,False,False,,1,,1
813,0.0,class_boundary_change,/Volumes/Jack_Gandy_1TB_SSD/testing-for-NITE-DSP/sample_pack_testing/MGF Mega Pack/Misc + Found Sound/Casiotone 501/Multis/Organ Pad/Organ Pad C1.wav,testing,MGF Mega Pack,Misc + Found Sound,Pad,Synth One-Shot,0.25359418988227844,0.22400595247745514,-0.029588,0.5593454837799072,0.5496993064880371,-0.009646,False,False,,1,,1
814,0.0,class_boundary_change,/Volumes/Jack_Gandy_1TB_SSD/testing-for-NITE-DSP/sample_pack_testing/MGF Mega Pack/Misc + Found Sound/Casiotone 501/Multis/Organ Pad/Organ Pad D#1.wav,testing,MGF Mega Pack,Misc + Found Sound,Pad,Synth One-Shot,0.28631019592285156,0.26523005962371826,-0.02108,0.5644004940986633,0.5555587410926819,-0.008842,False,False,,1,,1
815,0.0,class_boundary_change,/Volumes/Jack_Gandy_1TB_SSD/testing-for-NITE-DSP/sample_pack_testing/MGF Mega Pack/Misc + Found Sound/Casiotone 501/Multis/Organ Pad/Organ Pad F#1.wav,testing,MGF Mega Pack,Misc + Found Sound,Pad,Synth One-Shot,0.30149975419044495,0.28487786650657654,-0.016622,0.6134786605834961,0.6072600483894348,-0.006219,False,False,,1,,1
816,0.0,class_boundary_change,/Volumes/Jack_Gandy_1TB_SSD/testing-for-NITE-DSP/sample_pack_testing/MGF Mega Pack/Misc + Found Sound/Leichhardt 14-3-15/Med/LEICH-4-3-15-089.wav,testing,MGF Mega Pack,Misc + Found Sound,Foley,Impact,0.15183469653129578,0.29860833287239075,0.146774,0.2145950347185135,0.33691367506980896,0.122319,False,False,,1,,1
817,0.0,class_boundary_change,/Volumes/Jack_Gandy_1TB_SSD/testing-for-NITE-DSP/sample_pack_testing/MGF Mega Pack/Misc + Found Sound/Syd Park Play Equipment/Med/SYDPARK-MED-009.wav,testing,MGF Mega Pack,Misc + Found Sound,Foley Loop,Bass Loop,0.15083590149879456,0.12795136868953705,-0.022885,0.2584080100059509,0.24096524715423584,-0.017443,False,False,,1,,1
818,0.0,class_boundary_change,/Volumes/Jack_Gandy_1TB_SSD/testing-for-NITE-DSP/sample_pack_testing/MGF Mega Pack/Misc + Found Sound/Syd Park Play Equipment/Med/SYDPARK-MED-028.wav,testing,MGF Mega Pack,Misc + Found Sound,Foley,Impact,0.16230043768882751,0.13871973752975464,-0.023581,0.23721016943454742,0.23019129037857056,-0.007019,False,False,,1,,1
819,0.0,class_boundary_change,/Volumes/Jack_Gandy_1TB_SSD/testing-for-NITE-DSP/sample_pack_testing/MGF Mega Pack/Misc + Found Sound/Syd Park Play Equipment/Short/SYDPARK-SHORT-065.wav,testing,MGF Mega Pack,Misc + Found Sound,Foley,Impact,0.25738459825515747,0.25525107979774475,-0.002134,0.3026931881904602,0.3325558602809906,0.029863,False,False,,1,,1
820,0.0,class_boundary_change,/Volumes/Jack_Gandy_1TB_SSD/testing-for-NITE-DSP/sample_pack_testing/MGF Mega Pack/Misc + Found Sound/UTS Foley 1/Long + Med/Walking in Dirt-1.wav,testing,MGF Mega Pack,Misc + Found Sound,Hi-Hat Loop,Percussion Loop,0.1682276427745819,0.1540917009115219,-0.014136,0.27600523829460144,0.27219584584236145,-0.003809,False,False,,1,,1
821,0.0,class_boundary_change,/Volumes/Jack_Gandy_1TB_SSD/testing-for-NITE-DSP/sample_pack_testing/MGF Mega Pack/Misc + Found Sound/UTS Foley 1/Short/Foot Hat-1.wav,testing,MGF Mega Pack,Misc + Found Sound,Snare,Hi-Hat,0.33209529519081116,0.3117775321006775,-0.020318,0.503754198551178,0.5045964121818542,0.000842,False,False,,1,,1
822,0.0,class_boundary_change,/Volumes/Jack_Gandy_1TB_SSD/testing-for-NITE-DSP/sample_pack_testing/MGF Mega Pack/Misc + Found Sound/UTS Foley 1/Short/Foot Hat-3.wav,testing,MGF Mega Pack,Misc + Found Sound,Snare,Hi-Hat,0.4048929512500763,0.3859906494617462,-0.018902,0.567880392074585,0.5731435418128967,0.005263,False,False,,1,,1
823,0.0,class_boundary_change,/Volumes/Jack_Gandy_1TB_SSD/testing-for-NITE-DSP/sample_pack_testing/MGF Mega Pack/Misc + Found Sound/UTS Foley 1/Short/Foot Hat-4.wav,testing,MGF Mega Pack,Misc + Found Sound,Snare,Percussion,0.23072540760040283,0.23041574656963348,-0.00031,0.3564590811729431,0.37092509865760803,0.014466,False,False,,1,,1
824,0.0,class_boundary_change,/Volumes/Jack_Gandy_1TB_SSD/testing-for-NITE-DSP/sample_pack_testing/MGF Mega Pack/Misc + Found Sound/UTS Foley 1/Short/Studio Cube-23.wav,testing,MGF Mega Pack,Misc + Found Sound,Rimshot,Percussion,0.24821965396404266,0.21561144292354584,-0.032608,0.33495619893074036,0.33501777052879333,6.2e-05,False,False,,1,,1
825,0.0,class_boundary_change,/Volumes/Jack_Gandy_1TB_SSD/testing-for-NITE-DSP/sample_pack_testing/MGF Mega Pack/Misc + Found Sound/Verb Percs/MGF_VERBPERCS2_64.wav,testing,MGF Mega Pack,Misc + Found Sound,Clap,Impact,0.21363727748394012,0.29160311818122864,0.077966,0.28301766514778137,0.3578631579875946,0.074845,False,False,,1,,1
826,0.0,class_boundary_change,/Volumes/Jack_Gandy_1TB_SSD/testing-for-NITE-DSP/sample_pack_testing/MGF Mega Pack/Multisamples/DX21 Chorus Pack/Landescape/Landescape + Chorus F#2.wav,testing,MGF Mega Pack,Multisamples,Pad,Synth One-Shot,0.2839837074279785,0.25606676936149597,-0.027917,0.5695216059684753,0.5569015741348267,-0.01262,False,False,,1,,1
827,0.0,class_boundary_change,/Volumes/Jack_Gandy_1TB_SSD/testing-for-NITE-DSP/sample_pack_testing/MGF Mega Pack/Multisamples/MGF Alpha Juno Vol 1/G Star Lead/G Star Lead - F#6.wav,testing,MGF Mega Pack,Multisamples,Vocal One-Shot,Impact,0.11461416631937027,0.1456414759159088,0.031027,0.18031319975852966,0.23231643438339233,0.052003,False,False,,1,,1
828,0.0,class_boundary_change,/Volumes/Jack_Gandy_1TB_SSD/testing-for-NITE-DSP/sample_pack_testing/MGF Mega Pack/Retro Digital Collection/Chords - Pads/DX11 Dub Tech Pad Bm11 Alt.wav,testing,MGF Mega Pack,Retro Digital Collection,Chord Loop,Bass Loop,0.18762405216693878,0.16356009244918823,-0.024064,0.4017466604709625,0.40834951400756836,0.006603,False,False,,1,,1
829,0.0,class_boundary_change,/Volumes/Jack_Gandy_1TB_SSD/testing-for-NITE-DSP/sample_pack_testing/MGF Mega Pack/Retro Digital Collection/Chords - Pads/JV Chords+SFX_057.wav,testing,MGF Mega Pack,Retro Digital Collection,Pad,Synth One-Shot,0.24867649376392365,0.2164892554283142,-0.032187,0.5548696517944336,0.5419103503227234,-0.012959,False,False,,1,,1
830,0.0,class_boundary_change,/Volumes/Jack_Gandy_1TB_SSD/testing-for-NITE-DSP/sample_pack_testing/MGF Mega Pack/Retro Digital Collection/Chords - Pads/JV Voice Oohs2B-1- CMin.wav,testing,MGF Mega Pack,Retro Digital Collection,Pad,Vocal One-Shot,0.19073650240898132,0.17754633724689484,-0.01319,0.4419006109237671,0.4411424994468689,-0.000758,False,False,,1,,1
831,0.0,class_boundary_change,/Volumes/Jack_Gandy_1TB_SSD/testing-for-NITE-DSP/sample_pack_testing/MGF Mega Pack/Retro Digital Collection/Singles/DX11 Lead 6 C3.wav,testing,MGF Mega Pack,Retro Digital Collection,Pad,Synth One-Shot,0.3204343616962433,0.2843962013721466,-0.036038,0.6222919821739197,0.6092862486839294,-0.013006,False,False,,1,,1
832,0.0,class_boundary_change,/Volumes/Jack_Gandy_1TB_SSD/testing-for-NITE-DSP/sample_pack_testing/Mike Shinoda Drums/MPC 1000 Backup/ALBUM4SNDS/Sample14.WAV (SNARE).WAV,testing,Mike Shinoda Drums,MPC 1000 Backup,Foley,Impact,0.27606117725372314,0.3721851706504822,0.096124,0.2957410216331482,0.38912874460220337,0.093388,False,False,,1,,1
833,0.0,class_boundary_change,/Volumes/Jack_Gandy_1TB_SSD/testing-for-NITE-DSP/sample_pack_testing/Mike Shinoda Drums/MPC 1000 Backup/Beat Bits 2/B5-PiSh_01.L.wav,testing,Mike Shinoda Drums,MPC 1000 Backup,Snare,Percussion,0.2549563944339752,0.22703693807125092,-0.027919,0.2885778546333313,0.2954408824443817,0.006863,False,False,,1,,1
834,0.0,class_boundary_change,/Volumes/Jack_Gandy_1TB_SSD/testing-for-NITE-DSP/sample_pack_testing/Mike Shinoda Drums/MPC 1000 Backup/LOOSESAMPLES/CL_HH.WAV,testing,Mike Shinoda Drums,MPC 1000 Backup,Weather/Nature Atmos,Hi-Hat,0.16377057135105133,0.23684892058372498,0.073078,0.22251158952713013,0.28228846192359924,0.059777,False,False,,1,,1
835,0.0,class_boundary_change,/Volumes/Jack_Gandy_1TB_SSD/testing-for-NITE-DSP/sample_pack_testing/Mike Shinoda Drums/MPC 1000 Backup/LOOSESAMPLES/DJ_HAT.WAV,testing,Mike Shinoda Drums,MPC 1000 Backup,Foley,Hi-Hat,0.2570490837097168,0.3715287744998932,0.11448,0.38742348551750183,0.46132323145866394,0.0739,False,False,,1,,1
836,0.0,class_boundary_change,/Volumes/Jack_Gandy_1TB_SSD/testing-for-NITE-DSP/sample_pack_testing/Mike Shinoda Drums/MPC 1000 Backup/MPC1000 FILES/FUGITIVE/46 SNARE.WAV,testing,Mike Shinoda Drums,MPC 1000 Backup,Rimshot,Percussion,0.22743061184883118,0.29003533720970154,0.062605,0.3571089804172516,0.40650856494903564,0.0494,False,False,,1,,1
837,0.0,class_boundary_change,/Volumes/Jack_Gandy_1TB_SSD/testing-for-NITE-DSP/sample_pack_testing/Mike Shinoda Drums/MPC 1000 Backup/Mike_s Beats #1/COULDVE1.wav,testing,Mike Shinoda Drums,MPC 1000 Backup,Foley Loop,Bass Loop,0.11527612805366516,0.11421763151884079,-0.001058,0.16992145776748657,0.18224135041236877,0.01232,False,False,,1,,1
838,0.0,class_boundary_change,/Volumes/Jack_Gandy_1TB_SSD/testing-for-NITE-DSP/sample_pack_testing/Mike Shinoda Drums/MPC 1000 Backup/NewFinishesA/R!!SNARE.wav,testing,Mike Shinoda Drums,MPC 1000 Backup,Snare,Percussion,0.3147181570529938,0.27782756090164185,-0.036891,0.3659879267215729,0.36801669001579285,0.002029,False,False,,1,,1
839,0.0,class_boundary_change,/Volumes/Jack_Gandy_1TB_SSD/testing-for-NITE-DSP/sample_pack_testing/Mike Shinoda Drums/MPC 1000 Backup/RICK 808/808 11.WAV,testing,Mike Shinoda Drums,MPC 1000 Backup,Crash,Hi-Hat,0.2930283546447754,0.2537705600261688,-0.039258,0.30059614777565,0.29554104804992676,-0.005055,False,False,,1,,1
840,0.0,class_boundary_change,/Volumes/Jack_Gandy_1TB_SSD/testing-for-NITE-DSP/sample_pack_testing/Mike Shinoda Drums/MPC 1000 Backup/Xero Current/R!!SNARE.wav,testing,Mike Shinoda Drums,MPC 1000 Backup,Snare,Percussion,0.32281213998794556,0.2995986342430115,-0.023214,0.3743784427642822,0.38336992263793945,0.008991,False,False,,1,,1
841,0.0,class_boundary_change,/Volumes/Jack_Gandy_1TB_SSD/testing-for-NITE-DSP/sample_pack_testing/Mike Shinoda Drums/MPC 1000 Backup/Xero Current/pencil_c.wav,testing,Mike Shinoda Drums,MPC 1000 Backup,Kick Loop,Drum Loop,0.17495392262935638,0.17016924917697906,-0.004785,0.26891785860061646,0.27220889925956726,0.003291,False,False,,1,,1
842,0.0,class_boundary_change,/Volumes/Jack_Gandy_1TB_SSD/testing-for-NITE-DSP/sample_pack_testing/Mike Shinoda Drums/MS BEATS/Amethyst Samples/Kick AR60sLate V54 2.wav,testing,Mike Shinoda Drums,MS BEATS,Foley,Percussion,0.20100916922092438,0.21736393868923187,0.016355,0.26873448491096497,0.28669071197509766,0.017956,False,False,,1,,1
843,0.0,class_boundary_change,/Volumes/Jack_Gandy_1TB_SSD/testing-for-NITE-DSP/sample_pack_testing/Mike Shinoda Drums/MS BEATS/Amethyst Samples/Snare AR60sLate V24 2.wav,testing,Mike Shinoda Drums,MS BEATS,Snare,Percussion,0.3420521020889282,0.430573970079422,0.088522,0.5022962093353271,0.541962206363678,0.039666,False,False,,1,,1
844,0.0,class_boundary_change,/Volumes/Jack_Gandy_1TB_SSD/testing-for-NITE-DSP/sample_pack_testing/Mike Shinoda Drums/MS BEATS/Amethyst Samples/Snare AR60sLate V24 3.wav,testing,Mike Shinoda Drums,MS BEATS,Rimshot,Percussion,0.20304450392723083,0.17539070546627045,-0.027654,0.2551960349082947,0.24527506530284882,-0.009921,False,False,,1,,1
845,0.0,class_boundary_change,/Volumes/Jack_Gandy_1TB_SSD/testing-for-NITE-DSP/sample_pack_testing/Mike Shinoda Drums/MS BEATS/Amethyst Samples/Snare AR60sLate V40 3.wav,testing,Mike Shinoda Drums,MS BEATS,Rimshot,Percussion,0.2601158022880554,0.32103607058525085,0.06092,0.3613312542438507,0.40607717633247375,0.044746,False,False,,1,,1
846,0.0,class_boundary_change,/Volumes/Jack_Gandy_1TB_SSD/testing-for-NITE-DSP/sample_pack_testing/Mike Shinoda Drums/MS BEATS/Amethyst Samples/Snare AR60sLate V54 3.wav,testing,Mike Shinoda Drums,MS BEATS,Snare,Percussion,0.36845308542251587,0.3139631152153015,-0.05449,0.45290690660476685,0.4516974091529846,-0.001209,False,False,,1,,1
847,0.0,class_boundary_change,/Volumes/Jack_Gandy_1TB_SSD/testing-for-NITE-DSP/sample_pack_testing/Mike Shinoda Drums/MS BEATS/Amethyst Samples/Snare AR60sLate V65 3.wav,testing,Mike Shinoda Drums,MS BEATS,Rimshot,Percussion,0.30312836170196533,0.3231135606765747,0.019985,0.36519503593444824,0.39487695693969727,0.029682,False,False,,1,,1
848,0.0,class_boundary_change,/Volumes/Jack_Gandy_1TB_SSD/testing-for-NITE-DSP/sample_pack_testing/Mike Shinoda Drums/MS BEATS/Amethyst Samples/Snare AR60sLate V98 2.wav,testing,Mike Shinoda Drums,MS BEATS,Snare,Percussion,0.31161144375801086,0.39421603083610535,0.082605,0.4954375624656677,0.5434083938598633,0.047971,False,False,,1,,1
849,0.0,class_boundary_change,/Volumes/Jack_Gandy_1TB_SSD/testing-for-NITE-DSP/sample_pack_testing/Mike Shinoda Drums/MS BEATS/Amethyst Samples/Snare AR60sLate V98 3.wav,testing,Mike Shinoda Drums,MS BEATS,Snare,Percussion,0.3918469250202179,0.3444369435310364,-0.04741,0.4845966100692749,0.4923188388347626,0.007722,False,False,,1,,1
850,0.0,class_boundary_change,/Volumes/Jack_Gandy_1TB_SSD/testing-for-NITE-DSP/sample_pack_testing/Mike Shinoda Drums/MS BEATS/Amethyst Samples/SnareFlam AR60sLate V40 1.wav,testing,Mike Shinoda Drums,MS BEATS,Rimshot,Percussion,0.21412798762321472,0.16728052496910095,-0.046847,0.262221097946167,0.24061539769172668,-0.021606,False,False,,1,,1
851,0.0,class_boundary_change,/Volumes/Jack_Gandy_1TB_SSD/testing-for-NITE-DSP/sample_pack_testing/Mike Shinoda Drums/MS BEATS/Bowser Meat Samples/Snare EricSneo 3 V2.wav,testing,Mike Shinoda Drums,MS BEATS,Crash,Impact,0.21565966308116913,0.20134101808071136,-0.014319,0.2370544970035553,0.2650158107280731,0.027961,False,False,,1,,1
852,0.0,class_boundary_change,/Volumes/Jack_Gandy_1TB_SSD/testing-for-NITE-DSP/sample_pack_testing/Mike Shinoda Drums/MS BEATS/Gnarly Tribal Samples/Kick PlatBounce 5.wav,testing,Mike Shinoda Drums,MS BEATS,Foley,Impact,0.14322614669799805,0.13088661432266235,-0.01234,0.19383801519870758,0.2076021283864975,0.013764,False,False,,1,,1
853,0.0,class_boundary_change,/Volumes/Jack_Gandy_1TB_SSD/testing-for-NITE-DSP/sample_pack_testing/Minimal Audio/ELEMENT/1 - Drums/1 - Drum Loops/1 - Full Loops/Drums - Dub Ya - 78 BPM.wav,testing,Minimal Audio,ELEMENT,Chord Loop,Bass Loop,0.14830681681632996,0.14725816249847412,-0.001049,0.3031426966190338,0.3161780834197998,0.013035,False,False,,1,,1
854,0.0,class_boundary_change,/Volumes/Jack_Gandy_1TB_SSD/testing-for-NITE-DSP/sample_pack_testing/Minimal Audio/ELEMENT/1 - Drums/1 - Drum Loops/3 - Snare Loops/Clap - Abominable Break - 78 BPM.wav,testing,Minimal Audio,ELEMENT,Foley Loop,Top Loop,0.15536269545555115,0.1536332070827484,-0.001729,0.2064000815153122,0.23195137083530426,0.025551,False,False,,1,,1
855,0.0,class_boundary_change,/Volumes/Jack_Gandy_1TB_SSD/testing-for-NITE-DSP/sample_pack_testing/Minimal Audio/ELEMENT/1 - Drums/1 - Drum Loops/4 - Top Loops/Perc - Abominable Break - 78 BPM.wav,testing,Minimal Audio,ELEMENT,Hi-Hat Loop,Percussion Loop,0.24930530786514282,0.22980552911758423,-0.0195,0.3664839267730713,0.3713509142398834,0.004867,False,False,,1,,1
856,0.0,class_boundary_change,/Volumes/Jack_Gandy_1TB_SSD/testing-for-NITE-DSP/sample_pack_testing/Minimal Audio/ELEMENT/1 - Drums/1 - Drum Loops/4 - Top Loops/Perc - Low Slug - 78 BPM.wav,testing,Minimal Audio,ELEMENT,Foley Loop,Percussion Loop,0.25440821051597595,0.24813339114189148,-0.006275,0.4199545085430145,0.4262419641017914,0.006287,False,False,,1,,1
857,0.0,class_boundary_change,/Volumes/Jack_Gandy_1TB_SSD/testing-for-NITE-DSP/sample_pack_testing/Minimal Audio/ELEMENT/1 - Drums/3 - Snare/Snare - Quarter Tatt.wav,testing,Minimal Audio,ELEMENT,Foley,Impact,0.13964086771011353,0.14247740805149078,0.002837,0.1872679889202118,0.22226262092590332,0.034995,False,False,,1,,1
858,0.0,class_boundary_change,/Volumes/Jack_Gandy_1TB_SSD/testing-for-NITE-DSP/sample_pack_testing/Minimal Audio/ELEMENT/1 - Drums/4 - Hats/Hi-Hat - Rezz.wav,testing,Minimal Audio,ELEMENT,Rimshot,Percussion,0.22997747361660004,0.19487133622169495,-0.035106,0.31235823035240173,0.3016018271446228,-0.010756,False,False,,1,,1
859,0.0,class_boundary_change,/Volumes/Jack_Gandy_1TB_SSD/testing-for-NITE-DSP/sample_pack_testing/Minimal Audio/ELEMENT/3 - Bass Loops/Bass - Dub Jug - E - 78 BPM.wav,testing,Minimal Audio,ELEMENT,Kick Loop,Bass Loop,0.21864190697669983,0.21342132985591888,-0.005221,0.3568250238895416,0.36907294392585754,0.012248,False,False,,1,,1
860,0.0,class_boundary_change,/Volumes/Jack_Gandy_1TB_SSD/testing-for-NITE-DSP/sample_pack_testing/Minimal Audio/MICROTECH/1 - Loops/2 - Snare - 172 BPM/Snare - Tek Sync - 172 BPM.wav,testing,Minimal Audio,MICROTECH,Hi-Hat Loop,Top Loop,0.35050567984580994,0.4306981563568115,0.080192,0.3632573187351227,0.4596039652824402,0.096347,False,False,,1,,1
861,0.0,class_boundary_change,/Volumes/Jack_Gandy_1TB_SSD/testing-for-NITE-DSP/sample_pack_testing/Minimal Audio/MICROTECH/2 - One Shots/2 - Snare/Snare - Hyper Tek.wav,testing,Minimal Audio,MICROTECH,Snare,Hi-Hat,0.3645225167274475,0.3657068908214569,0.001184,0.5682144165039062,0.574304461479187,0.00609,False,False,,1,,1
862,0.0,class_boundary_change,/Volumes/Jack_Gandy_1TB_SSD/testing-for-NITE-DSP/sample_pack_testing/Minimal Audio/MICROTECH/2 - One Shots/2 - Snare/Snare - Tone Snap 1.wav,testing,Minimal Audio,MICROTECH,Rimshot,Percussion,0.2636828124523163,0.33606719970703125,0.072384,0.4215415120124817,0.4649987816810608,0.043457,False,False,,1,,1
863,0.0,class_boundary_change,/Volumes/Jack_Gandy_1TB_SSD/testing-for-NITE-DSP/sample_pack_testing/Minimal Audio/OXIDE/1 - Loops/Metal - 125 BPM/Metal - Vessel Groove - 125 BPM.wav,testing,Minimal Audio,OXIDE,Foley Loop,Bass Loop,0.23652228713035583,0.2010115087032318,-0.035511,0.35412129759788513,0.3526128828525543,-0.001508,False,False,,1,,1
864,0.0,class_boundary_change,/Volumes/Jack_Gandy_1TB_SSD/testing-for-NITE-DSP/sample_pack_testing/Minimal Audio/REFLECT/1 - Drums/1 - Loops/1 - Full Loops /Drums - Halfsies - 130 BPM.wav,testing,Minimal Audio,REFLECT,Bass Loop,Percussion Loop,0.19836050271987915,0.1694955825805664,-0.028865,0.3306717872619629,0.33049169182777405,-0.00018,False,False,,1,,1
865,0.0,class_boundary_change,/Volumes/Jack_Gandy_1TB_SSD/testing-for-NITE-DSP/sample_pack_testing/Minimal Audio/REFLECT/4 - Bass Loops/Bass - Senita - C - 130BPM.wav,testing,Minimal Audio,REFLECT,Chord Loop,Bass Loop,0.2650241553783417,0.2029782086610794,-0.062046,0.46191835403442383,0.44889646768569946,-0.013022,False,False,,1,,1
866,0.0,class_boundary_change,/Volumes/Jack_Gandy_1TB_SSD/testing-for-NITE-DSP/sample_pack_testing/Old Movies 1 - Vintage Collection (Drum Kit)/Hats/Hat 22.wav,testing,Old Movies 1 - Vintage Collection (Drum Kit),Hats,Weather/Nature Atmos,Hi-Hat,0.17706908285617828,0.25268352031707764,0.075614,0.23116381466388702,0.28903159499168396,0.057868,False,False,,1,,1
867,0.0,class_boundary_change,/Volumes/Jack_Gandy_1TB_SSD/testing-for-NITE-DSP/sample_pack_testing/Old Movies 1 - Vintage Collection (Drum Kit)/Hats/Hat Roll 3.wav,testing,Old Movies 1 - Vintage Collection (Drum Kit),Hats,Weather/Nature Atmos,Hi-Hat,0.15826669335365295,0.23401957750320435,0.075753,0.21264497935771942,0.27412286400794983,0.061478,False,False,,1,,1
868,0.0,class_boundary_change,/Volumes/Jack_Gandy_1TB_SSD/testing-for-NITE-DSP/sample_pack_testing/Old Movies 1 - Vintage Collection (Drum Kit)/Hats/Hat Roll 7.wav,testing,Old Movies 1 - Vintage Collection (Drum Kit),Hats,Weather/Nature Atmos,Foley,0.18192993104457855,0.17542241513729095,-0.006508,0.24714690446853638,0.2498682290315628,0.002721,False,False,,1,,1
869,0.0,class_boundary_change,/Volumes/Jack_Gandy_1TB_SSD/testing-for-NITE-DSP/sample_pack_testing/Old Movies 1 - Vintage Collection (Drum Kit)/Hats/Open Hat 1.wav,testing,Old Movies 1 - Vintage Collection (Drum Kit),Hats,Foley,Rimshot,0.1549319475889206,0.1461700052022934,-0.008762,0.2383093386888504,0.2357865869998932,-0.002523,False,False,,1,,1
870,0.0,class_boundary_change,/Volumes/Jack_Gandy_1TB_SSD/testing-for-NITE-DSP/sample_pack_testing/Old Movies 1 - Vintage Collection (Drum Kit)/Hats/Open Hat 3.wav,testing,Old Movies 1 - Vintage Collection (Drum Kit),Hats,Foley,Hi-Hat,0.22623062133789062,0.21128104627132416,-0.01495,0.28492024540901184,0.2864719033241272,0.001552,False,False,,1,,1
871,0.0,class_boundary_change,/Volumes/Jack_Gandy_1TB_SSD/testing-for-NITE-DSP/sample_pack_testing/Old Movies 1 - Vintage Collection (Drum Kit)/Hats/Open Hat 4.wav,testing,Old Movies 1 - Vintage Collection (Drum Kit),Hats,Foley,Hi-Hat,0.20227907598018646,0.1859169900417328,-0.016362,0.25311025977134705,0.2529725432395935,-0.000138,False,False,,1,,1
872,0.0,class_boundary_change,/Volumes/Jack_Gandy_1TB_SSD/testing-for-NITE-DSP/sample_pack_testing/Old Movies 1 - Vintage Collection (Drum Kit)/Hats/Open Hat 6.wav,testing,Old Movies 1 - Vintage Collection (Drum Kit),Hats,Crash,Hi-Hat,0.27001041173934937,0.3109316825866699,0.040921,0.2888405919075012,0.3253447711467743,0.036504,False,False,,1,,1
873,0.0,class_boundary_change,/Volumes/Jack_Gandy_1TB_SSD/testing-for-NITE-DSP/sample_pack_testing/Old Movies 1 - Vintage Collection (Drum Kit)/Hats/Open Hat 7.wav,testing,Old Movies 1 - Vintage Collection (Drum Kit),Hats,Crash,Hi-Hat,0.3136935830116272,0.2557690739631653,-0.057925,0.31400126218795776,0.30279257893562317,-0.011209,False,False,,1,,1
874,0.0,class_boundary_change,/Volumes/Jack_Gandy_1TB_SSD/testing-for-NITE-DSP/sample_pack_testing/Old Movies 1 - Vintage Collection (Drum Kit)/Melodic Elements (Old Movies)/TTCRB_Whistle.wav,testing,Old Movies 1 - Vintage Collection (Drum Kit),Melodic Elements (Old Movies),Chord Loop,Vocal Loop,0.1487506479024887,0.1354123204946518,-0.013338,0.2837982773780823,0.2830744981765747,-0.000724,False,False,,1,,1
875,0.0,class_boundary_change,/Volumes/Jack_Gandy_1TB_SSD/testing-for-NITE-DSP/sample_pack_testing/Old Movies 1 - Vintage Collection (Drum Kit)/Snares/Snare 21.wav,testing,Old Movies 1 - Vintage Collection (Drum Kit),Snares,Rimshot,Snare,0.38295966386795044,0.34907934069633484,-0.03388,0.5581605434417725,0.5484212636947632,-0.009739,False,False,,1,,1
876,0.0,class_boundary_change,/Volumes/Jack_Gandy_1TB_SSD/testing-for-NITE-DSP/sample_pack_testing/Old Movies 1 - Vintage Collection (Drum Kit)/Snares/Snare 24.wav,testing,Old Movies 1 - Vintage Collection (Drum Kit),Snares,Snare,Percussion,0.2912253439426422,0.2720230519771576,-0.019202,0.4878791272640228,0.4907393753528595,0.00286,False,False,,1,,1
877,0.0,class_boundary_change,/Volumes/Jack_Gandy_1TB_SSD/testing-for-NITE-DSP/sample_pack_testing/Old Movies 1 - Vintage Collection (Drum Kit)/Snares/Snare 26 (Washed Out).wav,testing,Old Movies 1 - Vintage Collection (Drum Kit),Snares,Snare,Percussion,0.20612965524196625,0.24816857278347015,0.042039,0.2765762507915497,0.3313455879688263,0.054769,False,False,,1,,1
878,0.0,class_boundary_change,/Volumes/Jack_Gandy_1TB_SSD/testing-for-NITE-DSP/sample_pack_testing/Organic Drum Kit/2 Snares/Organic - Snare (82).wav,testing,Organic Drum Kit,2 Snares,Snare,Impact,0.2045518010854721,0.26145270466804504,0.056901,0.24563384056091309,0.31946462392807007,0.073831,False,False,,1,,1
879,0.0,class_boundary_change,/Volumes/Jack_Gandy_1TB_SSD/testing-for-NITE-DSP/sample_pack_testing/Organic Drum Kit/4 Hi-Hats/1 Closed Hats/Organic - HiHat_G (2).wav,testing,Organic Drum Kit,4 Hi-Hats,Snare,Percussion,0.29535624384880066,0.3081168830394745,0.012761,0.5321327447891235,0.5346173644065857,0.002485,False,False,,1,,1
880,0.0,class_boundary_change,/Volumes/Jack_Gandy_1TB_SSD/testing-for-NITE-DSP/sample_pack_testing/Organic Drum Kit/4 Hi-Hats/2 Open Hats/Organic - O.HiHat_(15).wav,testing,Organic Drum Kit,4 Hi-Hats,Crash,Hi-Hat,0.41261518001556396,0.4116128385066986,-0.001002,0.4968641996383667,0.49719393253326416,0.00033,False,False,,1,,1
881,0.0,class_boundary_change,/Volumes/Jack_Gandy_1TB_SSD/testing-for-NITE-DSP/sample_pack_testing/Organic Drum Kit/4 Hi-Hats/2 Open Hats/Organic - O.HiHat_(4).wav,testing,Organic Drum Kit,4 Hi-Hats,Hi-Hat,Crash,0.48761194944381714,0.45395734906196594,-0.033655,0.5992913842201233,0.5766664743423462,-0.022625,False,False,,1,,1
882,0.0,class_boundary_change,/Volumes/Jack_Gandy_1TB_SSD/testing-for-NITE-DSP/sample_pack_testing/Organic Drum Kit/5 Percussion/2 Cajon Box/1 Cajon Box/2 Snare Slap/Organic - Cajon Snare_A (11).wav,testing,Organic Drum Kit,5 Percussion,Foley,Rimshot,0.3453599214553833,0.328469455242157,-0.01689,0.49339762330055237,0.4867451786994934,-0.006652,False,False,,1,,1
883,0.0,class_boundary_change,/Volumes/Jack_Gandy_1TB_SSD/testing-for-NITE-DSP/sample_pack_testing/Organic Drum Kit/5 Percussion/2 Cajon Box/1 Cajon Box/2 Snare Slap/Organic - Cajon Snare_A (18).wav,testing,Organic Drum Kit,5 Percussion,Rimshot,Percussion,0.24846568703651428,0.32011187076568604,0.071646,0.38994044065475464,0.4285305440425873,0.03859,False,False,,1,,1
884,0.0,class_boundary_change,/Volumes/Jack_Gandy_1TB_SSD/testing-for-NITE-DSP/sample_pack_testing/Organic Drum Kit/5 Percussion/2 Cajon Box/1 Cajon Box/2 Snare Slap/Organic - Cajon Snare_A (20).wav,testing,Organic Drum Kit,5 Percussion,Foley,Percussion,0.29324015974998474,0.26816272735595703,-0.025077,0.37490248680114746,0.37391749024391174,-0.000985,False,False,,1,,1
885,0.0,class_boundary_change,/Volumes/Jack_Gandy_1TB_SSD/testing-for-NITE-DSP/sample_pack_testing/Organic Drum Kit/5 Percussion/2 Cajon Box/1 Cajon Box/2 Snare Slap/Organic - Cajon Snare_A (21).wav,testing,Organic Drum Kit,5 Percussion,Rimshot,Percussion,0.30009183287620544,0.3609214127063751,0.06083,0.4342144727706909,0.46642428636550903,0.03221,False,False,,1,,1
886,0.0,class_boundary_change,/Volumes/Jack_Gandy_1TB_SSD/testing-for-NITE-DSP/sample_pack_testing/Organic Drum Kit/5 Percussion/2 Cajon Box/1 Cajon Box/2 Snare Slap/Organic - Cajon Snare_A (9).wav,testing,Organic Drum Kit,5 Percussion,Foley,Percussion,0.37597712874412537,0.3068801462650299,-0.069097,0.4896070063114166,0.4677842855453491,-0.021823,False,False,,1,,1
887,0.0,class_boundary_change,/Volumes/Jack_Gandy_1TB_SSD/testing-for-NITE-DSP/sample_pack_testing/Organic Drum Kit/5 Percussion/4 Metalic/3 Zill Finger Cymbals/Organic - Zill Finger Cymbal (12).wav,testing,Organic Drum Kit,5 Percussion,Hi-Hat,Foley,0.1814652383327484,0.18426531553268433,0.0028,0.24638712406158447,0.25461483001708984,0.008228,False,False,,1,,1
888,0.0,class_boundary_change,/Volumes/Jack_Gandy_1TB_SSD/testing-for-NITE-DSP/sample_pack_testing/Organic Drum Kit/8 Drum Loops/Drum Loops/Drum Loop 11 - 83 BPM (A).wav,testing,Organic Drum Kit,8 Drum Loops,Kick Loop,Percussion Loop,0.1562260389328003,0.15878146886825562,0.002555,0.2617083489894867,0.2878122329711914,0.026104,False,False,,1,,1
889,0.0,class_boundary_change,/Volumes/Jack_Gandy_1TB_SSD/testing-for-NITE-DSP/sample_pack_testing/Organic Drum Kit/8 Drum Loops/Drum Loops/Drum Loop 11 - 83 BPM (B).wav,testing,Organic Drum Kit,8 Drum Loops,Hi-Hat Loop,Top Loop,0.2582152187824249,0.21898896992206573,-0.039226,0.3280244469642639,0.34269797801971436,0.014674,False,False,,1,,1
890,0.0,class_boundary_change,/Volumes/Jack_Gandy_1TB_SSD/testing-for-NITE-DSP/sample_pack_testing/Organic Drum Kit/8 Drum Loops/Drum Loops/Drum Loop 13 - 95 BPM (A).wav,testing,Organic Drum Kit,8 Drum Loops,Kick Loop,Drum Loop,0.22108379006385803,0.20380373299121857,-0.01728,0.2925582826137543,0.30530253052711487,0.012744,False,False,,1,,1
891,0.0,class_boundary_change,/Volumes/Jack_Gandy_1TB_SSD/testing-for-NITE-DSP/sample_pack_testing/Organic Drum Kit/8 Drum Loops/Drum Loops/Drum Loop 13 - 95 BPM (B).wav,testing,Organic Drum Kit,8 Drum Loops,Hi-Hat Loop,Top Loop,0.28526151180267334,0.212945818901062,-0.072316,0.3607254922389984,0.35329872369766235,-0.007427,False,False,,1,,1
892,0.0,class_boundary_change,/Volumes/Jack_Gandy_1TB_SSD/testing-for-NITE-DSP/sample_pack_testing/Organic Drum Kit/8 Drum Loops/Drum Loops/Drum Loop 13 - 95 BPM (C).wav,testing,Organic Drum Kit,8 Drum Loops,Hi-Hat Loop,Drum Loop,0.24843378365039825,0.19153361022472382,-0.0569,0.3660750985145569,0.3628740906715393,-0.003201,False,False,,1,,1
893,0.0,class_boundary_change,/Volumes/Jack_Gandy_1TB_SSD/testing-for-NITE-DSP/sample_pack_testing/Organic Drum Kit/8 Drum Loops/Drum Loops/Drum Loop 15 - 89 BPM.wav,testing,Organic Drum Kit,8 Drum Loops,Drum Loop,Kick Loop,0.16006267070770264,0.1340266615152359,-0.026036,0.2553403079509735,0.24756228923797607,-0.007778,False,False,,1,,1
894,0.0,class_boundary_change,/Volumes/Jack_Gandy_1TB_SSD/testing-for-NITE-DSP/sample_pack_testing/Organic Drum Kit/8 Drum Loops/Drum Loops/Drum Loop 19 - 88 BPM (C).wav,testing,Organic Drum Kit,8 Drum Loops,Hi-Hat Loop,Top Loop,0.2073933631181717,0.20878557860851288,0.001392,0.26035845279693604,0.29496482014656067,0.034606,False,False,,1,,1
895,0.0,class_boundary_change,/Volumes/Jack_Gandy_1TB_SSD/testing-for-NITE-DSP/sample_pack_testing/Organic Drum Kit/8 Drum Loops/Drum Loops/Drum Loop 7 - 93 BPM (A).wav,testing,Organic Drum Kit,8 Drum Loops,Hi-Hat Loop,Drum Loop,0.3294575810432434,0.2604339122772217,-0.069024,0.40816372632980347,0.40594273805618286,-0.002221,False,False,,1,,1
896,0.0,class_boundary_change,/Volumes/Jack_Gandy_1TB_SSD/testing-for-NITE-DSP/sample_pack_testing/Organic Drum Kit/8 Drum Loops/Drum Loops/Drum Loop 8 - 93 BPM (A).wav,testing,Organic Drum Kit,8 Drum Loops,Hi-Hat Loop,Top Loop,0.14772363007068634,0.16108208894729614,0.013358,0.24240607023239136,0.28365030884742737,0.041244,False,False,,1,,1
897,0.0,class_boundary_change,/Volumes/Jack_Gandy_1TB_SSD/testing-for-NITE-DSP/sample_pack_testing/Organic Drum Kit/8 Drum Loops/Percussion Loops/Shaker LP - 93 BPM (1).wav,testing,Organic Drum Kit,8 Drum Loops,Hi-Hat Loop,Top Loop,0.22280049324035645,0.21268822252750397,-0.010112,0.265582412481308,0.2920476794242859,0.026465,False,False,,1,,1
898,0.0,class_boundary_change,/Volumes/Jack_Gandy_1TB_SSD/testing-for-NITE-DSP/sample_pack_testing/Organic Drum Kit/8 Drum Loops/Percussion Loops/Shaker LP - 95 BPM (2).wav,testing,Organic Drum Kit,8 Drum Loops,Hi-Hat Loop,Top Loop,0.32290613651275635,0.32432663440704346,0.00142,0.32288646697998047,0.37133800983428955,0.048452,False,False,,1,,1
899,0.0,class_boundary_change,/Volumes/Jack_Gandy_1TB_SSD/testing-for-NITE-DSP/sample_pack_testing/Organic Drum Kit/Maschine Kits/Deep Impact Kit Samples/Organic - HiHat_F (3).wav,testing,Organic Drum Kit,Maschine Kits,Rimshot,Foley,0.37891262769699097,0.2992774546146393,-0.079635,0.4897671937942505,0.4689919650554657,-0.020775,False,False,,1,,1
900,0.0,class_boundary_change,/Volumes/Jack_Gandy_1TB_SSD/testing-for-NITE-DSP/sample_pack_testing/Organic Drum Kit/Maschine Kits/Deep Impact Kit Samples/Organic - O.HiHat_F (1).wav,testing,Organic Drum Kit,Maschine Kits,Crash,Hi-Hat,0.3619591295719147,0.45978569984436035,0.097827,0.422985702753067,0.47152280807495117,0.048537,False,False,,1,,1
901,0.0,class_boundary_change,/Volumes/Jack_Gandy_1TB_SSD/testing-for-NITE-DSP/sample_pack_testing/Organic Drum Kit/Maschine Kits/New Age Kit 1 Samples/Organic - O.HiHat_(15).wav,testing,Organic Drum Kit,Maschine Kits,Crash,Foley,0.20516498386859894,0.1634189933538437,-0.041746,0.2624785304069519,0.24261511862277985,-0.019863,False,False,,1,,1
902,0.0,class_boundary_change,/Volumes/Jack_Gandy_1TB_SSD/testing-for-NITE-DSP/sample_pack_testing/Organic Drum Kit/Maschine Kits/New Age Kit 2 Samples/Organic - HiHat (4).wav,testing,Organic Drum Kit,Maschine Kits,Rimshot,Hi-Hat,0.30028077960014343,0.28520461916923523,-0.015076,0.46130526065826416,0.46717384457588196,0.005869,False,False,,1,,1
903,0.0,class_boundary_change,/Volumes/Jack_Gandy_1TB_SSD/testing-for-NITE-DSP/sample_pack_testing/Organic Drum Kit/Maschine Kits/Sun Tzu Kit Samples/Organic - Cymbal (15).wav,testing,Organic Drum Kit,Maschine Kits,Crash,Impact,0.5763314366340637,0.3522260785102844,-0.224105,0.4803082346916199,0.464994341135025,-0.015314,False,False,,1,,1
904,0.0,class_boundary_change,/Volumes/Jack_Gandy_1TB_SSD/testing-for-NITE-DSP/sample_pack_testing/Organic Electronics 2 J.Views/JVIEWS_city/JVIEWS_city_loops/JVIEWS_clock_shop_klutzy_disco_90.wav,testing,Organic Electronics 2 J.Views,JVIEWS_city,Foley Loop,Bass Loop,0.23824341595172882,0.20505069196224213,-0.033193,0.35958507657051086,0.3543159067630768,-0.005269,False,False,,1,,1
905,0.0,class_boundary_change,/Volumes/Jack_Gandy_1TB_SSD/testing-for-NITE-DSP/sample_pack_testing/Organic Electronics 2 J.Views/JVIEWS_countryside/JVIEWS_countryside_one_shots/JVIEWS_hollow_tree_snare_02.wav,testing,Organic Electronics 2 J.Views,JVIEWS_countryside,Foley,Impact,0.17297443747520447,0.3758774697780609,0.202903,0.23210979998111725,0.38586246967315674,0.153753,False,False,,1,,1
906,0.0,class_boundary_change,/Volumes/Jack_Gandy_1TB_SSD/testing-for-NITE-DSP/sample_pack_testing/Organic Electronics 2 J.Views/JVIEWS_countryside/JVIEWS_countryside_one_shots/JVIEWS_hollow_tree_snare_03.wav,testing,Organic Electronics 2 J.Views,JVIEWS_countryside,Foley,Impact,0.1905726194381714,0.36660510301589966,0.176032,0.2518007159233093,0.38949471712112427,0.137694,False,False,,1,,1
907,0.0,class_boundary_change,/Volumes/Jack_Gandy_1TB_SSD/testing-for-NITE-DSP/sample_pack_testing/Organic Electronics 2 J.Views/JVIEWS_countryside/JVIEWS_countryside_one_shots/JVIEWS_hollow_tree_snare_04.wav,testing,Organic Electronics 2 J.Views,JVIEWS_countryside,Rimshot,Percussion,0.23740530014038086,0.30673670768737793,0.069331,0.3198733925819397,0.36093154549598694,0.041058,False,False,,1,,1
908,0.0,class_boundary_change,/Volumes/Jack_Gandy_1TB_SSD/testing-for-NITE-DSP/sample_pack_testing/Organic Electronics 2 J.Views/JVIEWS_desert/JVIEWS_desert_one_shots/JVIEWS_desertwood_kick_01.wav,testing,Organic Electronics 2 J.Views,JVIEWS_desert,Foley,Percussion,0.22329692542552948,0.24557450413703918,0.022278,0.3128416836261749,0.3682728409767151,0.055431,False,False,,1,,1
909,0.0,class_boundary_change,/Volumes/Jack_Gandy_1TB_SSD/testing-for-NITE-DSP/sample_pack_testing/Organic Electronics 2 J.Views/JVIEWS_desert/JVIEWS_desert_one_shots/JVIEWS_desertwood_snare_clap_amp.wav,testing,Organic Electronics 2 J.Views,JVIEWS_desert,Crash,Impact,0.25872817635536194,0.3417169451713562,0.082989,0.30688121914863586,0.381892591714859,0.075011,False,False,,1,,1
910,0.0,class_boundary_change,/Volumes/Jack_Gandy_1TB_SSD/testing-for-NITE-DSP/sample_pack_testing/Organic Electronics 2 J.Views/JVIEWS_desert/JVIEWS_desert_one_shots/JVIEWS_snare_thru_mountain_01.wav,testing,Organic Electronics 2 J.Views,JVIEWS_desert,Rimshot,Percussion,0.26678115129470825,0.2572419345378876,-0.009539,0.3990030884742737,0.4144384562969208,0.015435,False,False,,1,,1
911,0.0,class_boundary_change,/Volumes/Jack_Gandy_1TB_SSD/testing-for-NITE-DSP/sample_pack_testing/Organic Electronics 2 J.Views/JVIEWS_studio/JVIEWS_studio_loops/JVIEWS_analog_machine_drum_04_126.wav,testing,Organic Electronics 2 J.Views,JVIEWS_studio,Hi-Hat Loop,Bass Loop,0.19756154716014862,0.17706331610679626,-0.020498,0.3871878981590271,0.3845696449279785,-0.002618,False,False,,1,,1
912,0.0,class_boundary_change,/Volumes/Jack_Gandy_1TB_SSD/testing-for-NITE-DSP/sample_pack_testing/Organic Electronics 2 J.Views/JVIEWS_studio/JVIEWS_studio_loops/JVIEWS_analog_machine_drum_06_no_kick_126_F#.wav,testing,Organic Electronics 2 J.Views,JVIEWS_studio,Hi-Hat Loop,Percussion Loop,0.13005883991718292,0.12814122438430786,-0.001918,0.2649364769458771,0.2704898715019226,0.005553,False,False,,1,,1
913,0.0,class_boundary_change,/Volumes/Jack_Gandy_1TB_SSD/testing-for-NITE-DSP/sample_pack_testing/Organic Electronics 2 J.Views/JVIEWS_studio/JVIEWS_studio_loops/JVIEWS_the_belt_tightener_110.wav,testing,Organic Electronics 2 J.Views,JVIEWS_studio,Hi-Hat Loop,Percussion Loop,0.1915048509836197,0.18556956946849823,-0.005935,0.370965838432312,0.3863106667995453,0.015345,False,False,,1,,1
914,0.0,class_boundary_change,/Volumes/Jack_Gandy_1TB_SSD/testing-for-NITE-DSP/sample_pack_testing/Organic Electronics 2 J.Views/JVIEWS_studio/JVIEWS_studio_loops/JVIEWS_the_trailblazer_115.wav,testing,Organic Electronics 2 J.Views,JVIEWS_studio,Hi-Hat Loop,Percussion Loop,0.20756468176841736,0.16634108126163483,-0.041224,0.3402322232723236,0.33099743723869324,-0.009235,False,False,,1,,1
915,0.0,class_boundary_change,/Volumes/Jack_Gandy_1TB_SSD/testing-for-NITE-DSP/sample_pack_testing/Organic Electronics 2 J.Views/JVIEWS_studio/JVIEWS_studio_one_shots/JVIEWS_analog_machine_drum_noise_crash.wav,testing,Organic Electronics 2 J.Views,JVIEWS_studio,Crash,Impact,0.34264686703681946,0.69048672914505,0.34784,0.32494887709617615,0.5491960048675537,0.224247,False,False,,1,,1
916,0.0,class_boundary_change,/Volumes/Jack_Gandy_1TB_SSD/testing-for-NITE-DSP/sample_pack_testing/Organic Electronics 2 J.Views/JVIEWS_studio/JVIEWS_studio_one_shots/JVIEWS_analog_machine_drum_snare_02.wav,testing,Organic Electronics 2 J.Views,JVIEWS_studio,Crash,Impact,0.15015308558940887,0.5408897995948792,0.390737,0.21508696675300598,0.4774913787841797,0.262404,False,False,,1,,1
917,0.0,class_boundary_change,/Volumes/Jack_Gandy_1TB_SSD/testing-for-NITE-DSP/sample_pack_testing/Organic Electronics 2 J.Views/JVIEWS_studio/JVIEWS_studio_one_shots/JVIEWS_soft_dark_snare.wav,testing,Organic Electronics 2 J.Views,JVIEWS_studio,Snare,Percussion,0.21520790457725525,0.1819392591714859,-0.033269,0.26954853534698486,0.26893317699432373,-0.000615,False,False,,1,,1
918,0.0,class_boundary_change,/Volumes/Jack_Gandy_1TB_SSD/testing-for-NITE-DSP/sample_pack_testing/Sounds of KSHMR Vol.3/KSHMR_Drums/KSHMR_Acoustic_Drums/Hi-Hat/kshmr_acoustic_closed_hat_05_clean.wav,testing,Sounds of KSHMR Vol.3,KSHMR_Drums,Rimshot,Hi-Hat,0.33761879801750183,0.3057279586791992,-0.031891,0.47830212116241455,0.4689485728740692,-0.009354,False,False,,1,,1
919,0.0,class_boundary_change,/Volumes/Jack_Gandy_1TB_SSD/testing-for-NITE-DSP/sample_pack_testing/Sounds of KSHMR Vol.3/KSHMR_Drums/KSHMR_Acoustic_Drums/Hi-Hat/kshmr_acoustic_closed_hat_09_hard.wav,testing,Sounds of KSHMR Vol.3,KSHMR_Drums,Hi-Hat,Snare,0.4445491135120392,0.4357657730579376,-0.008783,0.6100205779075623,0.5941439867019653,-0.015877,False,False,,1,,1
920,0.0,class_boundary_change,/Volumes/Jack_Gandy_1TB_SSD/testing-for-NITE-DSP/sample_pack_testing/Sounds of KSHMR Vol.3/KSHMR_Drums/KSHMR_Acoustic_Drums/Snare/kshmr_acoustic_snare_13_f.wav,testing,Sounds of KSHMR Vol.3,KSHMR_Drums,Snare,Impact,0.35917773842811584,0.22994503378868103,-0.129233,0.3625745177268982,0.3525644540786743,-0.01001,False,False,,1,,1
921,0.0,class_boundary_change,/Volumes/Jack_Gandy_1TB_SSD/testing-for-NITE-DSP/sample_pack_testing/Sounds of KSHMR Vol.3/KSHMR_Drums/KSHMR_Acoustic_Drums/Snare/kshmr_acoustic_snare_16_f#.wav,testing,Sounds of KSHMR Vol.3,KSHMR_Drums,Snare,Impact,0.26547783613204956,0.2676873207092285,0.002209,0.30799922347068787,0.3533279299736023,0.045329,False,False,,1,,1
922,0.0,class_boundary_change,/Volumes/Jack_Gandy_1TB_SSD/testing-for-NITE-DSP/sample_pack_testing/Sounds of KSHMR Vol.3/KSHMR_Drums/KSHMR_Acoustic_Drums/Snare/kshmr_acoustic_snare_17_f#.wav,testing,Sounds of KSHMR Vol.3,KSHMR_Drums,Snare,Impact,0.3189072906970978,0.29662373661994934,-0.022284,0.33209332823753357,0.37477824091911316,0.042685,False,False,,1,,1
923,0.0,class_boundary_change,/Volumes/Jack_Gandy_1TB_SSD/testing-for-NITE-DSP/sample_pack_testing/Sounds of KSHMR Vol.3/KSHMR_Drums/KSHMR_Acoustic_Drums/Snare/kshmr_acoustic_snare_25_g#.wav,testing,Sounds of KSHMR Vol.3,KSHMR_Drums,Snare,Percussion,0.2680087387561798,0.21110230684280396,-0.056906,0.3325786292552948,0.3257642984390259,-0.006814,False,False,,1,,1
924,0.0,class_boundary_change,/Volumes/Jack_Gandy_1TB_SSD/testing-for-NITE-DSP/sample_pack_testing/Sounds of KSHMR Vol.3/KSHMR_Drums/KSHMR_Acoustic_Drums/Snare/kshmr_acoustic_snare_flam_01_e.wav,testing,Sounds of KSHMR Vol.3,KSHMR_Drums,Crash,Impact,0.21511811017990112,0.4255877137184143,0.21047,0.2476048320531845,0.4054040312767029,0.157799,False,False,,1,,1
925,0.0,class_boundary_change,/Volumes/Jack_Gandy_1TB_SSD/testing-for-NITE-DSP/sample_pack_testing/Sounds of KSHMR Vol.3/KSHMR_Drums/KSHMR_Acoustic_Drums/Snare/kshmr_acoustic_snare_roll_02_medium.wav,testing,Sounds of KSHMR Vol.3,KSHMR_Drums,Crash,Impact,0.16642320156097412,0.21343912184238434,0.047016,0.2213669866323471,0.28610703349113464,0.06474,False,False,,1,,1
926,0.0,class_boundary_change,/Volumes/Jack_Gandy_1TB_SSD/testing-for-NITE-DSP/sample_pack_testing/Sounds of KSHMR Vol.3/KSHMR_Drums/KSHMR_Beatboxing/KSHMR_Beatbox_Kick_01.wav,testing,Sounds of KSHMR Vol.3,KSHMR_Drums,Rimshot,Hi-Hat,0.13709992170333862,0.11284812539815903,-0.024252,0.21279451251029968,0.19831496477127075,-0.01448,False,False,,1,,1
927,0.0,class_boundary_change,/Volumes/Jack_Gandy_1TB_SSD/testing-for-NITE-DSP/sample_pack_testing/Sounds of KSHMR Vol.3/KSHMR_Drums/KSHMR_Beatboxing/KSHMR_Beatbox_Open_Hat_02.wav,testing,Sounds of KSHMR Vol.3,KSHMR_Drums,Crash,Hi-Hat,0.2522736191749573,0.21306711435317993,-0.039207,0.2813355624675751,0.2768641412258148,-0.004471,False,False,,1,,1
928,0.0,class_boundary_change,/Volumes/Jack_Gandy_1TB_SSD/testing-for-NITE-DSP/sample_pack_testing/Sounds of KSHMR Vol.3/KSHMR_Drums/KSHMR_Claps/KSHMR_Church_Claps/Clap/kshmr_church_clap_01.wav,testing,Sounds of KSHMR Vol.3,KSHMR_Drums,Rimshot,Clap,0.26439666748046875,0.19953013956546783,-0.064867,0.3266759216785431,0.30984434485435486,-0.016832,False,False,,1,,1
929,0.0,class_boundary_change,/Volumes/Jack_Gandy_1TB_SSD/testing-for-NITE-DSP/sample_pack_testing/Sounds of KSHMR Vol.3/KSHMR_Drums/KSHMR_Claps/KSHMR_Clap_FX/KSHMR_Clap_FX_01_Reverb_Clap.wav,testing,Sounds of KSHMR Vol.3,KSHMR_Drums,Crash,Impact,0.3596704602241516,0.33850234746932983,-0.021168,0.3275125026702881,0.36648029088974,0.038968,False,False,,1,,1
930,0.0,class_boundary_change,/Volumes/Jack_Gandy_1TB_SSD/testing-for-NITE-DSP/sample_pack_testing/Sounds of KSHMR Vol.3/KSHMR_Drums/KSHMR_Claps/KSHMR_Clap_FX/KSHMR_Clap_FX_02_Reverb_Clap.wav,testing,Sounds of KSHMR Vol.3,KSHMR_Drums,Crash,Impact,0.37106648087501526,0.4191593825817108,0.048093,0.3301512897014618,0.4056606590747833,0.075509,False,False,,1,,1
931,0.0,class_boundary_change,/Volumes/Jack_Gandy_1TB_SSD/testing-for-NITE-DSP/sample_pack_testing/Sounds of KSHMR Vol.3/KSHMR_Drums/KSHMR_Claps/KSHMR_Clap_FX/KSHMR_Clap_FX_03_Reverb_Clap.wav,testing,Sounds of KSHMR Vol.3,KSHMR_Drums,Crash,Impact,0.21649286150932312,0.4101296365261078,0.193637,0.2655060887336731,0.4057905673980713,0.140284,False,False,,1,,1
932,0.0,class_boundary_change,/Volumes/Jack_Gandy_1TB_SSD/testing-for-NITE-DSP/sample_pack_testing/Sounds of KSHMR Vol.3/KSHMR_Drums/KSHMR_Claps/KSHMR_Clap_FX/KSHMR_Clap_FX_04_Reverb_Clap.wav,testing,Sounds of KSHMR Vol.3,KSHMR_Drums,Crash,Impact,0.5902185440063477,0.4008464515209198,-0.189372,0.4410420060157776,0.4458242654800415,0.004782,False,False,,1,,1
933,0.0,class_boundary_change,/Volumes/Jack_Gandy_1TB_SSD/testing-for-NITE-DSP/sample_pack_testing/Sounds of KSHMR Vol.3/KSHMR_Drums/KSHMR_Claps/KSHMR_Clap_FX/KSHMR_Clap_FX_05_Reverb_Clap.wav,testing,Sounds of KSHMR Vol.3,KSHMR_Drums,Crash,Impact,0.4651111662387848,0.4106396436691284,-0.054472,0.39866963028907776,0.4418599009513855,0.04319,False,False,,1,,1
934,0.0,class_boundary_change,/Volumes/Jack_Gandy_1TB_SSD/testing-for-NITE-DSP/sample_pack_testing/Sounds of KSHMR Vol.3/KSHMR_Drums/KSHMR_Claps/KSHMR_Clap_FX/KSHMR_Clap_FX_08_Reverb_Clap_w_Flutter.wav,testing,Sounds of KSHMR Vol.3,KSHMR_Drums,Crash,Impact,0.15111388266086578,0.2753455936908722,0.124232,0.18805846571922302,0.30773523449897766,0.119677,False,False,,1,,1
935,0.0,class_boundary_change,/Volumes/Jack_Gandy_1TB_SSD/testing-for-NITE-DSP/sample_pack_testing/Sounds of KSHMR Vol.3/KSHMR_Drums/KSHMR_Claps/KSHMR_Clap_FX/KSHMR_Clap_FX_09_Reverb_Clap_w_Flutter.wav,testing,Sounds of KSHMR Vol.3,KSHMR_Drums,Crash,Impact,0.2154814451932907,0.2943025827407837,0.078821,0.2532901167869568,0.33363625407218933,0.080346,False,False,,1,,1
936,0.0,class_boundary_change,/Volumes/Jack_Gandy_1TB_SSD/testing-for-NITE-DSP/sample_pack_testing/Sounds of KSHMR Vol.3/KSHMR_Drums/KSHMR_Claps/KSHMR_Clap_FX/KSHMR_Clap_FX_10_Reverb_Clap_w_Flutter.wav,testing,Sounds of KSHMR Vol.3,KSHMR_Drums,Crash,Impact,0.1814471334218979,0.32946985960006714,0.148023,0.2315439134836197,0.35450586676597595,0.122962,False,False,,1,,1
937,0.0,class_boundary_change,/Volumes/Jack_Gandy_1TB_SSD/testing-for-NITE-DSP/sample_pack_testing/Sounds of KSHMR Vol.3/KSHMR_Drums/KSHMR_Claps/KSHMR_Clap_FX/KSHMR_Clap_FX_11_Sub_Clap.wav,testing,Sounds of KSHMR Vol.3,KSHMR_Drums,Crash,Impact,0.15240289270877838,0.33915749192237854,0.186755,0.1979721486568451,0.3546980023384094,0.156726,False,False,,1,,1
938,0.0,class_boundary_change,/Volumes/Jack_Gandy_1TB_SSD/testing-for-NITE-DSP/sample_pack_testing/Sounds of KSHMR Vol.3/KSHMR_Drums/KSHMR_Claps/KSHMR_Clap_FX/KSHMR_Clap_FX_12_Sub_Clap.wav,testing,Sounds of KSHMR Vol.3,KSHMR_Drums,Crash,Impact,0.23884494602680206,0.41347306966781616,0.174628,0.24812407791614532,0.3846462666988373,0.136522,False,False,,1,,1
939,0.0,class_boundary_change,/Volumes/Jack_Gandy_1TB_SSD/testing-for-NITE-DSP/sample_pack_testing/Sounds of KSHMR Vol.3/KSHMR_Drums/KSHMR_Claps/KSHMR_Clap_FX/KSHMR_Clap_FX_13_Sub_Clap.wav,testing,Sounds of KSHMR Vol.3,KSHMR_Drums,Crash,Impact,0.25703996419906616,0.271867573261261,0.014828,0.2669784724712372,0.3075222969055176,0.040544,False,False,,1,,1
940,0.0,class_boundary_change,/Volumes/Jack_Gandy_1TB_SSD/testing-for-NITE-DSP/sample_pack_testing/Sounds of KSHMR Vol.3/KSHMR_Drums/KSHMR_Claps/KSHMR_Clap_FX/KSHMR_Clap_FX_14_Sub_Clap.wav,testing,Sounds of KSHMR Vol.3,KSHMR_Drums,Crash,Impact,0.21380147337913513,0.409471720457077,0.19567,0.2412390410900116,0.3927994966506958,0.15156,False,False,,1,,1
941,0.0,class_boundary_change,/Volumes/Jack_Gandy_1TB_SSD/testing-for-NITE-DSP/sample_pack_testing/Sounds of KSHMR Vol.3/KSHMR_Drums/KSHMR_Claps/KSHMR_Drop_Claps/KSHMR_Drop_Clap_01_126.wav,testing,Sounds of KSHMR Vol.3,KSHMR_Drums,Hi-Hat Loop,Top Loop,0.27557456493377686,0.26464784145355225,-0.010927,0.2842841148376465,0.3308298885822296,0.046546,False,False,,1,,1
942,0.0,class_boundary_change,/Volumes/Jack_Gandy_1TB_SSD/testing-for-NITE-DSP/sample_pack_testing/Sounds of KSHMR Vol.3/KSHMR_Drums/KSHMR_Claps/KSHMR_Pre-Shifted_Claps/KSHMR_Pre_Shifted_Clap_04.wav,testing,Sounds of KSHMR Vol.3,KSHMR_Drums,Clap,Foley,0.3229537904262543,0.3050125241279602,-0.017941,0.39077991247177124,0.3915528357028961,0.000773,False,False,,1,,1
943,0.0,class_boundary_change,/Volumes/Jack_Gandy_1TB_SSD/testing-for-NITE-DSP/sample_pack_testing/Sounds of KSHMR Vol.3/KSHMR_Drums/KSHMR_Claps/KSHMR_Regular_Claps/KSHMR_Clap_Dirty_03.wav,testing,Sounds of KSHMR Vol.3,KSHMR_Drums,Rimshot,Snare,0.3492051362991333,0.3222101628780365,-0.026995,0.5033172369003296,0.49662989377975464,-0.006687,False,False,,1,,1
944,0.0,class_boundary_change,/Volumes/Jack_Gandy_1TB_SSD/testing-for-NITE-DSP/sample_pack_testing/Sounds of KSHMR Vol.3/KSHMR_Drums/KSHMR_Claps/KSHMR_Regular_Claps/KSHMR_Clap_Jungle_01.wav,testing,Sounds of KSHMR Vol.3,KSHMR_Drums,Rimshot,Snare,0.2741805911064148,0.26012444496154785,-0.014056,0.4300013482570648,0.4264543950557709,-0.003547,False,False,,1,,1
945,0.0,class_boundary_change,/Volumes/Jack_Gandy_1TB_SSD/testing-for-NITE-DSP/sample_pack_testing/Sounds of KSHMR Vol.3/KSHMR_Drums/KSHMR_Claps/KSHMR_Stadium_Claps/KSHMR_Stadium_Clap_05.wav,testing,Sounds of KSHMR Vol.3,KSHMR_Drums,Clap,Impact,0.315570592880249,0.33884409070014954,0.023273,0.3136254847049713,0.3711603879928589,0.057535,False,False,,1,,1
946,0.0,class_boundary_change,/Volumes/Jack_Gandy_1TB_SSD/testing-for-NITE-DSP/sample_pack_testing/Sounds of KSHMR Vol.3/KSHMR_Drums/KSHMR_Claps/KSHMR_Stadium_Claps/KSHMR_Stadium_Clap_07.wav,testing,Sounds of KSHMR Vol.3,KSHMR_Drums,Clap,Impact,0.23267216980457306,0.36967650055885315,0.137004,0.27455878257751465,0.3849053382873535,0.110347,False,False,,1,,1
947,0.0,class_boundary_change,/Volumes/Jack_Gandy_1TB_SSD/testing-for-NITE-DSP/sample_pack_testing/Sounds of KSHMR Vol.3/KSHMR_Drums/KSHMR_Claps/KSHMR_Stadium_Claps/KSHMR_Stadium_Clap_08.wav,testing,Sounds of KSHMR Vol.3,KSHMR_Drums,Clap,Impact,0.2967865467071533,0.31355541944503784,0.016769,0.3274227976799011,0.3742545545101166,0.046832,False,False,,1,,1
948,0.0,class_boundary_change,/Volumes/Jack_Gandy_1TB_SSD/testing-for-NITE-DSP/sample_pack_testing/Sounds of KSHMR Vol.3/KSHMR_Drums/KSHMR_Claps/KSHMR_Stadium_Claps/KSHMR_Stadium_Clap_09.wav,testing,Sounds of KSHMR Vol.3,KSHMR_Drums,Crash,Impact,0.21179091930389404,0.3779774308204651,0.166187,0.2537103295326233,0.3804319500923157,0.126722,False,False,,1,,1
949,0.0,class_boundary_change,/Volumes/Jack_Gandy_1TB_SSD/testing-for-NITE-DSP/sample_pack_testing/Sounds of KSHMR Vol.3/KSHMR_Drums/KSHMR_Cymbals/KSHMR_Hi_Hats_Open/KSHMR_Open_Hat_15_808.wav,testing,Sounds of KSHMR Vol.3,KSHMR_Drums,Crash,Hi-Hat,0.26291194558143616,0.3958415985107422,0.13293,0.29861992597579956,0.37452465295791626,0.075905,False,False,,1,,1
950,0.0,class_boundary_change,/Volumes/Jack_Gandy_1TB_SSD/testing-for-NITE-DSP/sample_pack_testing/Sounds of KSHMR Vol.3/KSHMR_Drums/KSHMR_Cymbals/KSHMR_Hi_Hats_Open/KSHMR_Open_Hat_17_808.wav,testing,Sounds of KSHMR Vol.3,KSHMR_Drums,Crash,Hi-Hat,0.4221666753292084,0.3741854429244995,-0.047981,0.4255000352859497,0.4222128987312317,-0.003287,False,False,,1,,1
951,0.0,class_boundary_change,/Volumes/Jack_Gandy_1TB_SSD/testing-for-NITE-DSP/sample_pack_testing/Sounds of KSHMR Vol.3/KSHMR_Drums/KSHMR_Drum_Enhancers/KSHMR_Kick_Enhancer_01_Deep_Stomp.wav,testing,Sounds of KSHMR Vol.3,KSHMR_Drums,Foley,Impact,0.1251862347126007,0.43078741431236267,0.305601,0.19152319431304932,0.42907997965812683,0.237557,False,False,,1,,1
952,0.0,class_boundary_change,/Volumes/Jack_Gandy_1TB_SSD/testing-for-NITE-DSP/sample_pack_testing/Sounds of KSHMR Vol.3/KSHMR_Drums/KSHMR_Drum_Enhancers/KSHMR_Kick_Enhancer_04_Ratchet.wav,testing,Sounds of KSHMR Vol.3,KSHMR_Drums,Foley,Hi-Hat,0.17381078004837036,0.22163832187652588,0.047828,0.24427005648612976,0.2875936031341553,0.043324,False,False,,1,,1
953,0.0,class_boundary_change,/Volumes/Jack_Gandy_1TB_SSD/testing-for-NITE-DSP/sample_pack_testing/Sounds of KSHMR Vol.3/KSHMR_Drums/KSHMR_Drum_Enhancers/KSHMR_Kick_Enhancer_06_Stomp.wav,testing,Sounds of KSHMR Vol.3,KSHMR_Drums,Snare,Percussion,0.18488213419914246,0.2942703664302826,0.109388,0.3119235634803772,0.4044514298439026,0.092528,False,False,,1,,1
954,0.0,class_boundary_change,/Volumes/Jack_Gandy_1TB_SSD/testing-for-NITE-DSP/sample_pack_testing/Sounds of KSHMR Vol.3/KSHMR_Drums/KSHMR_Drum_Enhancers/KSHMR_Snare_Enhancer_11_Crowd_Noise.wav,testing,Sounds of KSHMR Vol.3,KSHMR_Drums,Crash,Impact,0.3032006323337555,0.21293847262859344,-0.090262,0.290998250246048,0.2810108959674835,-0.009987,False,False,,1,,1
955,0.0,class_boundary_change,/Volumes/Jack_Gandy_1TB_SSD/testing-for-NITE-DSP/sample_pack_testing/Sounds of KSHMR Vol.3/KSHMR_Drums/KSHMR_Drum_Enhancers/KSHMR_Snare_Enhancer_16_Fire.wav,testing,Sounds of KSHMR Vol.3,KSHMR_Drums,Foley,Impact,0.19149860739707947,0.37247148156166077,0.180973,0.22272640466690063,0.3637346625328064,0.141008,False,False,,1,,1
956,0.0,class_boundary_change,/Volumes/Jack_Gandy_1TB_SSD/testing-for-NITE-DSP/sample_pack_testing/Sounds of KSHMR Vol.3/KSHMR_Drums/KSHMR_Drum_Enhancers/KSHMR_Snare_Enhancer_21_Lofi_Wind.wav,testing,Sounds of KSHMR Vol.3,KSHMR_Drums,Foley,Impact,0.16785646975040436,0.11838039010763168,-0.049476,0.23681442439556122,0.2057231366634369,-0.031091,False,False,,1,,1
957,0.0,class_boundary_change,/Volumes/Jack_Gandy_1TB_SSD/testing-for-NITE-DSP/sample_pack_testing/Sounds of KSHMR Vol.3/KSHMR_Drums/KSHMR_Kicks/KSHMR_Hardstyle_Kicks/KSHMR_Hardstyle_Kicks/KSHMR_Hardstyle_Kick_21_E.wav,testing,Sounds of KSHMR Vol.3,KSHMR_Drums,Foley,Percussion,0.1865650713443756,0.16482886672019958,-0.021736,0.3329671621322632,0.3333030939102173,0.000336,False,False,,1,,1
958,0.0,class_boundary_change,/Volumes/Jack_Gandy_1TB_SSD/testing-for-NITE-DSP/sample_pack_testing/Sounds of KSHMR Vol.3/KSHMR_Drums/KSHMR_Kicks/KSHMR_Hardstyle_Kicks/KSHMR_Sickdellz_Kick_Madness_All_Keys/KSHMR_x_SD_Madness_Kick_01_D#.wav,testing,Sounds of KSHMR Vol.3,KSHMR_Drums,Foley,Impact,0.19697074592113495,0.19623088836669922,-0.00074,0.23893192410469055,0.275546133518219,0.036614,False,False,,1,,1
959,0.0,class_boundary_change,/Volumes/Jack_Gandy_1TB_SSD/testing-for-NITE-DSP/sample_pack_testing/Sounds of KSHMR Vol.3/KSHMR_Drums/KSHMR_Kicks/KSHMR_Hip_Hop_kicks/KSHMR_Stomp_Kicks/KSHMR_Stomp_Kick_11.wav,testing,Sounds of KSHMR Vol.3,KSHMR_Drums,Foley,Impact,0.2894607186317444,0.3396469056606293,0.050186,0.3007892370223999,0.38423460721969604,0.083445,False,False,,1,,1
960,0.0,class_boundary_change,/Volumes/Jack_Gandy_1TB_SSD/testing-for-NITE-DSP/sample_pack_testing/Sounds of KSHMR Vol.3/KSHMR_Drums/KSHMR_Orchestral_Drums/KSHMR_Cymbals/KSHMR_Crashes_Scary/KSHMR_Orchestral_Crash_Scary_08.wav,testing,Sounds of KSHMR Vol.3,KSHMR_Drums,Crash,Impact,0.24347896873950958,0.2125818431377411,-0.030897,0.407929003238678,0.4216085374355316,0.01368,False,False,,1,,1
961,0.0,class_boundary_change,/Volumes/Jack_Gandy_1TB_SSD/testing-for-NITE-DSP/sample_pack_testing/Sounds of KSHMR Vol.3/KSHMR_Drums/KSHMR_Orchestral_Drums/KSHMR_Main_Drums_Low/KSHMR_Orchestral_Drum_Low_02.wav,testing,Sounds of KSHMR Vol.3,KSHMR_Drums,Foley,Impact,0.21177120506763458,0.45863577723503113,0.246865,0.26519352197647095,0.45983389019966125,0.19464,False,False,,1,,1
962,0.0,class_boundary_change,/Volumes/Jack_Gandy_1TB_SSD/testing-for-NITE-DSP/sample_pack_testing/Sounds of KSHMR Vol.3/KSHMR_Drums/KSHMR_Orchestral_Drums/KSHMR_Main_Drums_Low/KSHMR_Orchestral_Drum_Low_05.wav,testing,Sounds of KSHMR Vol.3,KSHMR_Drums,Foley,Impact,0.1390501856803894,0.3991253077983856,0.260075,0.21119269728660583,0.4261668622493744,0.214974,False,False,,1,,1
963,0.0,class_boundary_change,/Volumes/Jack_Gandy_1TB_SSD/testing-for-NITE-DSP/sample_pack_testing/Sounds of KSHMR Vol.3/KSHMR_Drums/KSHMR_Orchestral_Drums/KSHMR_Main_Drums_Low/KSHMR_Orchestral_Drum_Low_08.wav,testing,Sounds of KSHMR Vol.3,KSHMR_Drums,Crash,Impact,0.1327534019947052,0.738379955291748,0.605627,0.18875384330749512,0.58167964220047,0.392926,False,False,,1,,1
964,0.0,class_boundary_change,/Volumes/Jack_Gandy_1TB_SSD/testing-for-NITE-DSP/sample_pack_testing/Sounds of KSHMR Vol.3/KSHMR_Drums/KSHMR_Orchestral_Drums/KSHMR_Multi_Hits/KSHMR_Orchestral_Multi_Hits_03.wav,testing,Sounds of KSHMR Vol.3,KSHMR_Drums,Crash,Impact,0.15309621393680573,0.4948362708091736,0.34174,0.2049620896577835,0.4466053247451782,0.241643,False,False,,1,,1
965,0.0,class_boundary_change,/Volumes/Jack_Gandy_1TB_SSD/testing-for-NITE-DSP/sample_pack_testing/Sounds of KSHMR Vol.3/KSHMR_Drums/KSHMR_Orchestral_Drums/KSHMR_Snares/KSHMR_Orchestral_Snare_01.wav,testing,Sounds of KSHMR Vol.3,KSHMR_Drums,Snare,Impact,0.23528936505317688,0.2312295138835907,-0.00406,0.253388911485672,0.2931024432182312,0.039714,False,False,,1,,1
966,0.0,class_boundary_change,/Volumes/Jack_Gandy_1TB_SSD/testing-for-NITE-DSP/sample_pack_testing/Sounds of KSHMR Vol.3/KSHMR_Drums/KSHMR_Orchestral_Drums/KSHMR_Snares/KSHMR_Orchestral_Snare_02.wav,testing,Sounds of KSHMR Vol.3,KSHMR_Drums,Crash,Impact,0.19140106439590454,0.42391014099121094,0.232509,0.2294524610042572,0.4006980359554291,0.171246,False,False,,1,,1
967,0.0,class_boundary_change,/Volumes/Jack_Gandy_1TB_SSD/testing-for-NITE-DSP/sample_pack_testing/Sounds of KSHMR Vol.3/KSHMR_Drums/KSHMR_Orchestral_Drums/KSHMR_Snares/KSHMR_Orchestral_Snare_03.wav,testing,Sounds of KSHMR Vol.3,KSHMR_Drums,Crash,Impact,0.3730581998825073,0.3204707205295563,-0.052587,0.32879573106765747,0.358089804649353,0.029294,False,False,,1,,1
968,0.0,class_boundary_change,/Volumes/Jack_Gandy_1TB_SSD/testing-for-NITE-DSP/sample_pack_testing/Sounds of KSHMR Vol.3/KSHMR_Drums/KSHMR_Orchestral_Drums/KSHMR_Snares/KSHMR_Orchestral_Snare_04.wav,testing,Sounds of KSHMR Vol.3,KSHMR_Drums,Crash,Impact,0.20815491676330566,0.4845680892467499,0.276413,0.23532995581626892,0.4309599697589874,0.19563,False,False,,1,,1
969,0.0,class_boundary_change,/Volumes/Jack_Gandy_1TB_SSD/testing-for-NITE-DSP/sample_pack_testing/Sounds of KSHMR Vol.3/KSHMR_Drums/KSHMR_Orchestral_Drums/KSHMR_Snares/KSHMR_Orchestral_Snare_06_Short_Roll.wav,testing,Sounds of KSHMR Vol.3,KSHMR_Drums,Crash,Impact,0.14303423464298248,0.4384469985961914,0.295413,0.17626982927322388,0.39608925580978394,0.219819,False,False,,1,,1
970,0.0,class_boundary_change,/Volumes/Jack_Gandy_1TB_SSD/testing-for-NITE-DSP/sample_pack_testing/Sounds of KSHMR Vol.3/KSHMR_Drums/KSHMR_Percussion/KSHMR_Tambourines/KSHMR_Tambourine_Shake_03.wav,testing,Sounds of KSHMR Vol.3,KSHMR_Drums,Foley Loop,Percussion Loop,0.12464893609285355,0.11939667910337448,-0.005252,0.2187463790178299,0.22739656269550323,0.00865,False,False,,1,,1
971,0.0,class_boundary_change,/Volumes/Jack_Gandy_1TB_SSD/testing-for-NITE-DSP/sample_pack_testing/Sounds of KSHMR Vol.3/KSHMR_Drums/KSHMR_Snares/KSHMR_Big_Snares/KSHMR_Big_Snare_02.wav,testing,Sounds of KSHMR Vol.3,KSHMR_Drums,Crash,Impact,0.2636207938194275,0.20013532042503357,-0.063485,0.25950103998184204,0.25355076789855957,-0.00595,False,False,,1,,1
972,0.0,class_boundary_change,/Volumes/Jack_Gandy_1TB_SSD/testing-for-NITE-DSP/sample_pack_testing/Sounds of KSHMR Vol.3/KSHMR_Drums/KSHMR_Snares/KSHMR_Big_Snares/KSHMR_Big_Snare_03.wav,testing,Sounds of KSHMR Vol.3,KSHMR_Drums,Foley,Clap,0.15203018486499786,0.1474689543247223,-0.004561,0.2158711552619934,0.21634264290332794,0.000471,False,False,,1,,1
973,0.0,class_boundary_change,/Volumes/Jack_Gandy_1TB_SSD/testing-for-NITE-DSP/sample_pack_testing/Sounds of KSHMR Vol.3/KSHMR_Drums/KSHMR_Snares/KSHMR_Big_Snares/KSHMR_Big_Snare_09.wav,testing,Sounds of KSHMR Vol.3,KSHMR_Drums,Foley,Clap,0.1646052449941635,0.1299591213464737,-0.034646,0.22236710786819458,0.20100241899490356,-0.021365,False,False,,1,,1
974,0.0,class_boundary_change,/Volumes/Jack_Gandy_1TB_SSD/testing-for-NITE-DSP/sample_pack_testing/Sounds of KSHMR Vol.3/KSHMR_Drums/KSHMR_Snares/KSHMR_Big_Snares/KSHMR_Big_Snare_10.wav,testing,Sounds of KSHMR Vol.3,KSHMR_Drums,Snare,Impact,0.10369177162647247,0.10903862118721008,0.005347,0.13298152387142181,0.16128328442573547,0.028302,False,False,,1,,1
975,0.0,class_boundary_change,/Volumes/Jack_Gandy_1TB_SSD/testing-for-NITE-DSP/sample_pack_testing/Sounds of KSHMR Vol.3/KSHMR_Drums/KSHMR_Snares/KSHMR_Big_Snares/KSHMR_Big_Snare_14.wav,testing,Sounds of KSHMR Vol.3,KSHMR_Drums,Foley,Impact,0.1761564016342163,0.1684066355228424,-0.00775,0.22291794419288635,0.2371169924736023,0.014199,False,False,,1,,1
976,0.0,class_boundary_change,/Volumes/Jack_Gandy_1TB_SSD/testing-for-NITE-DSP/sample_pack_testing/Sounds of KSHMR Vol.3/KSHMR_Drums/KSHMR_Snares/KSHMR_Big_Snares/KSHMR_Big_Snare_15.wav,testing,Sounds of KSHMR Vol.3,KSHMR_Drums,Crash,Impact,0.1739952713251114,0.3457357883453369,0.171741,0.20356804132461548,0.34222930669784546,0.138661,False,False,,1,,1
977,0.0,class_boundary_change,/Volumes/Jack_Gandy_1TB_SSD/testing-for-NITE-DSP/sample_pack_testing/Sounds of KSHMR Vol.3/KSHMR_Drums/KSHMR_Snares/KSHMR_Big_Snares/KSHMR_Big_Snare_17.wav,testing,Sounds of KSHMR Vol.3,KSHMR_Drums,Crash,Impact,0.15940795838832855,0.28261813521385193,0.12321,0.18172648549079895,0.29787787795066833,0.116151,False,False,,1,,1
978,0.0,class_boundary_change,/Volumes/Jack_Gandy_1TB_SSD/testing-for-NITE-DSP/sample_pack_testing/Sounds of KSHMR Vol.3/KSHMR_Drums/KSHMR_Snares/KSHMR_Hard_Snares/KSHMR_Hard_Snare_01_A#.wav,testing,Sounds of KSHMR Vol.3,KSHMR_Drums,Crash,Impact,0.28171542286872864,0.3681665062904358,0.086451,0.2956908941268921,0.38471460342407227,0.089024,False,False,,1,,1
979,0.0,class_boundary_change,/Volumes/Jack_Gandy_1TB_SSD/testing-for-NITE-DSP/sample_pack_testing/Sounds of KSHMR Vol.3/KSHMR_Drums/KSHMR_Snares/KSHMR_Hip_Hop_Snares/KSHMR_Hip_Hop_Snare_23_F#.wav,testing,Sounds of KSHMR Vol.3,KSHMR_Drums,Rimshot,Impact,0.26112100481987,0.2212524563074112,-0.039869,0.3044860363006592,0.30874550342559814,0.004259,False,False,,1,,1
980,0.0,class_boundary_change,/Volumes/Jack_Gandy_1TB_SSD/testing-for-NITE-DSP/sample_pack_testing/Sounds of KSHMR Vol.3/KSHMR_Drums/KSHMR_Snares/KSHMR_Hip_Hop_Snares/KSHMR_Hip_Hop_Snare_27_G#.wav,testing,Sounds of KSHMR Vol.3,KSHMR_Drums,Rimshot,Snare,0.27591821551322937,0.25464046001434326,-0.021278,0.47005337476730347,0.4585988521575928,-0.011455,False,False,,1,,1
981,0.0,class_boundary_change,/Volumes/Jack_Gandy_1TB_SSD/testing-for-NITE-DSP/sample_pack_testing/Sounds of KSHMR Vol.3/KSHMR_Drums/KSHMR_Snares/KSHMR_Snare_FX/KSHMR_Snare_FX_01_E.wav,testing,Sounds of KSHMR Vol.3,KSHMR_Drums,Crash,Impact,0.46436381340026855,0.7722444534301758,0.307881,0.3836759030818939,0.6220141053199768,0.238338,False,False,,1,,1
982,0.0,class_boundary_change,/Volumes/Jack_Gandy_1TB_SSD/testing-for-NITE-DSP/sample_pack_testing/Sounds of KSHMR Vol.3/KSHMR_Drums/KSHMR_Snares/KSHMR_Snare_FX/KSHMR_Snare_FX_02_F.wav,testing,Sounds of KSHMR Vol.3,KSHMR_Drums,Crash,Impact,0.4850338399410248,0.7488006949424744,0.263767,0.3743061423301697,0.5885669589042664,0.214261,False,False,,1,,1
983,0.0,class_boundary_change,/Volumes/Jack_Gandy_1TB_SSD/testing-for-NITE-DSP/sample_pack_testing/Sounds of KSHMR Vol.3/KSHMR_Drums/KSHMR_Snares/KSHMR_Snare_FX/KSHMR_Snare_FX_03_F.wav,testing,Sounds of KSHMR Vol.3,KSHMR_Drums,Crash,Impact,0.24348679184913635,0.6503084897994995,0.406822,0.2574089765548706,0.5073552131652832,0.249946,False,False,,1,,1
984,0.0,class_boundary_change,/Volumes/Jack_Gandy_1TB_SSD/testing-for-NITE-DSP/sample_pack_testing/Sounds of KSHMR Vol.3/KSHMR_Drums/KSHMR_Snares/KSHMR_Snare_FX/KSHMR_Snare_FX_04_G.wav,testing,Sounds of KSHMR Vol.3,KSHMR_Drums,Crash,Impact,0.25179222226142883,0.5624520182609558,0.31066,0.25804322957992554,0.4616638422012329,0.203621,False,False,,1,,1
985,0.0,class_boundary_change,/Volumes/Jack_Gandy_1TB_SSD/testing-for-NITE-DSP/sample_pack_testing/Sounds of KSHMR Vol.3/KSHMR_Drums/KSHMR_Snares/KSHMR_Snare_FX/KSHMR_Snare_FX_05_G.wav,testing,Sounds of KSHMR Vol.3,KSHMR_Drums,Crash,Impact,0.3885023593902588,0.8049695491790771,0.416467,0.3659026324748993,0.6516512632369995,0.285749,False,False,,1,,1
986,0.0,class_boundary_change,/Volumes/Jack_Gandy_1TB_SSD/testing-for-NITE-DSP/sample_pack_testing/Sounds of KSHMR Vol.3/KSHMR_Drums/KSHMR_Transitions/KSHMR_Crash_Transitions/KSHMR_Orchestral_Crash_Transition_06.wav,testing,Sounds of KSHMR Vol.3,KSHMR_Drums,Crash,Impact,0.20047952234745026,0.1715468317270279,-0.028933,0.30567389726638794,0.30840054154396057,0.002727,False,False,,1,,1
987,0.0,class_boundary_change,/Volumes/Jack_Gandy_1TB_SSD/testing-for-NITE-DSP/sample_pack_testing/Sounds of KSHMR Vol.3/KSHMR_Drums/KSHMR_Transitions/KSHMR_Crash_Transitions/KSHMR_Orchestral_Crash_Transition_08_Ending_Deep.wav,testing,Sounds of KSHMR Vol.3,KSHMR_Drums,Crash,Impact,0.36219388246536255,0.32550790905952454,-0.036686,0.4081268012523651,0.4406178593635559,0.032491,False,False,,1,,1
988,0.0,class_boundary_change,/Volumes/Jack_Gandy_1TB_SSD/testing-for-NITE-DSP/sample_pack_testing/Sounds of KSHMR Vol.3/KSHMR_Drums_Loops/KSHMR_Drum_Loops_Full/KSHMR_Acoustic_Drum_Loops/KSHMR_Acoustic_Drum_Loop_07_110.wav,testing,Sounds of KSHMR Vol.3,KSHMR_Drums_Loops,Bass Loop,Percussion Loop,0.2235545665025711,0.2234576940536499,-9.7e-05,0.361351877450943,0.37613776326179504,0.014786,False,False,,1,,1
989,0.0,class_boundary_change,/Volumes/Jack_Gandy_1TB_SSD/testing-for-NITE-DSP/sample_pack_testing/Sounds of KSHMR Vol.3/KSHMR_Drums_Loops/KSHMR_Drum_Loops_Full/KSHMR_Acoustic_Drum_Loops/KSHMR_Acoustic_Drum_Loop_15_128.wav,testing,Sounds of KSHMR Vol.3,KSHMR_Drums_Loops,Bass Loop,Drum Loop,0.20056910812854767,0.20020192861557007,-0.000367,0.3682651221752167,0.3870733976364136,0.018808,False,False,,1,,1
990,0.0,class_boundary_change,/Volumes/Jack_Gandy_1TB_SSD/testing-for-NITE-DSP/sample_pack_testing/Sounds of KSHMR Vol.3/KSHMR_Drums_Loops/KSHMR_Drum_Loops_Full/KSHMR_Acoustic_Drum_Loops/KSHMR_Acoustic_Drum_Loop_17_128.wav,testing,Sounds of KSHMR Vol.3,KSHMR_Drums_Loops,Foley Loop,Top Loop,0.108002670109272,0.12437089532613754,0.016368,0.1547604650259018,0.2027181088924408,0.047958,False,False,,1,,1
991,0.0,class_boundary_change,/Volumes/Jack_Gandy_1TB_SSD/testing-for-NITE-DSP/sample_pack_testing/Sounds of KSHMR Vol.3/KSHMR_Drums_Loops/KSHMR_Drum_Loops_Full/KSHMR_Acoustic_Drum_Loops/KSHMR_Acoustic_Drum_Loop_20_130.wav,testing,Sounds of KSHMR Vol.3,KSHMR_Drums_Loops,Bass Loop,Drum Loop,0.2411969006061554,0.22531574964523315,-0.015881,0.33637192845344543,0.35138270258903503,0.015011,False,False,,1,,1
992,0.0,class_boundary_change,/Volumes/Jack_Gandy_1TB_SSD/testing-for-NITE-DSP/sample_pack_testing/Sounds of KSHMR Vol.3/KSHMR_Drums_Loops/KSHMR_Drum_Loops_Full/KSHMR_Break_Beat_Loops/KSHMR_Break_Beat_Loop_07_145.wav,testing,Sounds of KSHMR Vol.3,KSHMR_Drums_Loops,Drum Loop,Top Loop,0.4675576388835907,0.36385053396224976,-0.103707,0.453482061624527,0.4657955467700958,0.012313,False,False,,1,,1
993,0.0,class_boundary_change,/Volumes/Jack_Gandy_1TB_SSD/testing-for-NITE-DSP/sample_pack_testing/Sounds of KSHMR Vol.3/KSHMR_Drums_Loops/KSHMR_Drum_Loops_Full/KSHMR_Break_Beat_Loops/KSHMR_Break_Beat_Loop_11_170.wav,testing,Sounds of KSHMR Vol.3,KSHMR_Drums_Loops,Hi-Hat Loop,Top Loop,0.4490503966808319,0.3499670624732971,-0.099083,0.4670277237892151,0.48784130811691284,0.020814,False,False,,1,,1
994,0.0,class_boundary_change,/Volumes/Jack_Gandy_1TB_SSD/testing-for-NITE-DSP/sample_pack_testing/Sounds of KSHMR Vol.3/KSHMR_Drums_Loops/KSHMR_Drum_Loops_Full/KSHMR_Break_Beat_Loops/KSHMR_Break_Beat_Loop_19_180.wav,testing,Sounds of KSHMR Vol.3,KSHMR_Drums_Loops,Drum Loop,Top Loop,0.27294400334358215,0.2318388670682907,-0.041105,0.3856363892555237,0.3937346339225769,0.008098,False,False,,1,,1
995,0.0,class_boundary_change,/Volumes/Jack_Gandy_1TB_SSD/testing-for-NITE-DSP/sample_pack_testing/Sounds of KSHMR Vol.3/KSHMR_Drums_Loops/KSHMR_Drum_Loops_Full/KSHMR_Cinematic_Drum_Loops/KSHMR_Cinematic_Drum_Loop_01_64.wav,testing,Sounds of KSHMR Vol.3,KSHMR_Drums_Loops,Crash,Impact,0.171996608376503,0.582859992980957,0.410863,0.20126961171627045,0.4670197069644928,0.26575,False,False,,1,,1
996,0.0,class_boundary_change,/Volumes/Jack_Gandy_1TB_SSD/testing-for-NITE-DSP/sample_pack_testing/Sounds of KSHMR Vol.3/KSHMR_Drums_Loops/KSHMR_Drum_Loops_Full/KSHMR_Cinematic_Drum_Loops/KSHMR_Cinematic_Drum_Loop_07_90.wav,testing,Sounds of KSHMR Vol.3,KSHMR_Drums_Loops,Foley Loop,Bass Loop,0.18734554946422577,0.16477549076080322,-0.02257,0.32303768396377563,0.3336721360683441,0.010634,False,False,,1,,1
997,0.0,class_boundary_change,/Volumes/Jack_Gandy_1TB_SSD/testing-for-NITE-DSP/sample_pack_testing/Sounds of KSHMR Vol.3/KSHMR_Drums_Loops/KSHMR_Drum_Loops_Full/KSHMR_Cinematic_Drum_Loops/KSHMR_Cinematic_Drum_Loop_14_115.wav,testing,Sounds of KSHMR Vol.3,KSHMR_Drums_Loops,Bass Loop,Drum Loop,0.22087346017360687,0.20054033398628235,-0.020333,0.32461845874786377,0.3387076258659363,0.014089,False,False,,1,,1
998,0.0,class_boundary_change,/Volumes/Jack_Gandy_1TB_SSD/testing-for-NITE-DSP/sample_pack_testing/Sounds of KSHMR Vol.3/KSHMR_Drums_Loops/KSHMR_Drum_Loops_Full/KSHMR_Cinematic_Drum_Loops/KSHMR_Cinematic_Drum_Loop_15_118_Triplet.wav,testing,Sounds of KSHMR Vol.3,KSHMR_Drums_Loops,Percussion Loop,Top Loop,0.1833261251449585,0.2154718041419983,0.032146,0.25914618372917175,0.32403507828712463,0.064889,False,False,,1,,1
999,0.0,class_boundary_change,/Volumes/Jack_Gandy_1TB_SSD/testing-for-NITE-DSP/sample_pack_testing/Sounds of KSHMR Vol.3/KSHMR_Drums_Loops/KSHMR_Drum_Loops_Full/KSHMR_Cinematic_Drum_Loops/KSHMR_Cinematic_Drum_Loop_29_128.wav,testing,Sounds of KSHMR Vol.3,KSHMR_Drums_Loops,Percussion Loop,Top Loop,0.2755383551120758,0.2184126377105713,-0.057126,0.3413112759590149,0.351279616355896,0.009968,False,False,,1,,1
1000,0.0,class_boundary_change,/Volumes/Jack_Gandy_1TB_SSD/testing-for-NITE-DSP/sample_pack_testing/Sounds of KSHMR Vol.3/KSHMR_Drums_Loops/KSHMR_Drum_Loops_Full/KSHMR_Cinematic_Drum_Loops/KSHMR_Cinematic_Drum_Loop_30_128.wav,testing,Sounds of KSHMR Vol.3,KSHMR_Drums_Loops,Percussion Loop,Top Loop,0.21748647093772888,0.24178782105445862,0.024301,0.27670755982398987,0.3376224935054779,0.060915,False,False,,1,,1
1001,0.0,class_boundary_change,/Volumes/Jack_Gandy_1TB_SSD/testing-for-NITE-DSP/sample_pack_testing/Sounds of KSHMR Vol.3/KSHMR_Drums_Loops/KSHMR_Drum_Loops_Full/KSHMR_Cinematic_Drum_Loops/KSHMR_Cinematic_Drum_Loop_31_128.wav,testing,Sounds of KSHMR Vol.3,KSHMR_Drums_Loops,Drum Loop,Top Loop,0.20744867622852325,0.20348761975765228,-0.003961,0.2730681300163269,0.3131484091281891,0.04008,False,False,,1,,1
1002,0.0,class_boundary_change,/Volumes/Jack_Gandy_1TB_SSD/testing-for-NITE-DSP/sample_pack_testing/Sounds of KSHMR Vol.3/KSHMR_Drums_Loops/KSHMR_Drum_Loops_Full/KSHMR_Cinematic_Drum_Loops/KSHMR_Cinematic_Drum_Loop_37_128.wav,testing,Sounds of KSHMR Vol.3,KSHMR_Drums_Loops,Percussion Loop,Top Loop,0.22565555572509766,0.20505255460739136,-0.020603,0.2949911952018738,0.32543712854385376,0.030446,False,False,,1,,1
1003,0.0,class_boundary_change,/Volumes/Jack_Gandy_1TB_SSD/testing-for-NITE-DSP/sample_pack_testing/Sounds of KSHMR Vol.3/KSHMR_Drums_Loops/KSHMR_Drum_Loops_Full/KSHMR_Cinematic_Drum_Loops/KSHMR_Cinematic_Drum_Loop_41_128.wav,testing,Sounds of KSHMR Vol.3,KSHMR_Drums_Loops,Drum Loop,Top Loop,0.3859518766403198,0.29680028557777405,-0.089152,0.41541218757629395,0.4274751842021942,0.012063,False,False,,1,,1
1004,0.0,class_boundary_change,/Volumes/Jack_Gandy_1TB_SSD/testing-for-NITE-DSP/sample_pack_testing/Sounds of KSHMR Vol.3/KSHMR_Drums_Loops/KSHMR_Drum_Loops_Full/KSHMR_Cinematic_Drum_Loops/KSHMR_Cinematic_Drum_Loop_42_128.wav,testing,Sounds of KSHMR Vol.3,KSHMR_Drums_Loops,Percussion Loop,Top Loop,0.23196063935756683,0.21974126994609833,-0.012219,0.304119735956192,0.3457234501838684,0.041604,False,False,,1,,1
1005,0.0,class_boundary_change,/Volumes/Jack_Gandy_1TB_SSD/testing-for-NITE-DSP/sample_pack_testing/Sounds of KSHMR Vol.3/KSHMR_Drums_Loops/KSHMR_Drum_Loops_Full/KSHMR_Cinematic_Drum_Loops/KSHMR_Cinematic_Drum_Loop_45_128_Triplet.wav,testing,Sounds of KSHMR Vol.3,KSHMR_Drums_Loops,Percussion Loop,Top Loop,0.20108528435230255,0.18852804601192474,-0.012557,0.26059505343437195,0.2879352271556854,0.02734,False,False,,1,,1
1006,0.0,class_boundary_change,/Volumes/Jack_Gandy_1TB_SSD/testing-for-NITE-DSP/sample_pack_testing/Sounds of KSHMR Vol.3/KSHMR_Drums_Loops/KSHMR_Drum_Loops_Full/KSHMR_Cinematic_Drum_Loops/KSHMR_Cinematic_Drum_Loop_55_170.wav,testing,Sounds of KSHMR Vol.3,KSHMR_Drums_Loops,Percussion Loop,Top Loop,0.324006587266922,0.3377715051174164,0.013765,0.38634881377220154,0.45198169350624084,0.065633,False,False,,1,,1
1007,0.0,class_boundary_change,/Volumes/Jack_Gandy_1TB_SSD/testing-for-NITE-DSP/sample_pack_testing/Sounds of KSHMR Vol.3/KSHMR_Drums_Loops/KSHMR_Drum_Loops_Full/KSHMR_Ethnic_Drum_Loops/KSHMR_Ethnic_Drum_Loop_13_105.wav,testing,Sounds of KSHMR Vol.3,KSHMR_Drums_Loops,Foley Loop,Percussion Loop,0.3304731249809265,0.3413980305194855,0.010925,0.4455772340297699,0.47293978929519653,0.027363,False,False,,1,,1
1008,0.0,class_boundary_change,/Volumes/Jack_Gandy_1TB_SSD/testing-for-NITE-DSP/sample_pack_testing/Sounds of KSHMR Vol.3/KSHMR_Drums_Loops/KSHMR_Drum_Loops_Full/KSHMR_Ethnic_Drum_Loops/KSHMR_Ethnic_Drum_Loop_44_128.wav,testing,Sounds of KSHMR Vol.3,KSHMR_Drums_Loops,Percussion Loop,Top Loop,0.31100600957870483,0.2566567361354828,-0.054349,0.3351304233074188,0.3564522862434387,0.021322,False,False,,1,,1
1009,0.0,class_boundary_change,/Volumes/Jack_Gandy_1TB_SSD/testing-for-NITE-DSP/sample_pack_testing/Sounds of KSHMR Vol.3/KSHMR_Drums_Loops/KSHMR_Drum_Loops_Full/KSHMR_Hip_Hop_Drum_Loops/KSHMR_Hip_Hop_Full_Loops/KSHMR_Hip_Hop_Drum_Loop_01_85.wav,testing,Sounds of KSHMR Vol.3,KSHMR_Drums_Loops,Hi-Hat Loop,Top Loop,0.23769167065620422,0.18560436367988586,-0.052087,0.3225933909416199,0.32019302248954773,-0.0024,False,False,,1,,1
1010,0.0,class_boundary_change,/Volumes/Jack_Gandy_1TB_SSD/testing-for-NITE-DSP/sample_pack_testing/Sounds of KSHMR Vol.3/KSHMR_Drums_Loops/KSHMR_Drum_Loops_Full/KSHMR_Hip_Hop_Drum_Loops/KSHMR_Hip_Hop_Full_Loops/KSHMR_Hip_Hop_Drum_Loop_02_85.wav,testing,Sounds of KSHMR Vol.3,KSHMR_Drums_Loops,Hi-Hat Loop,Top Loop,0.1545289009809494,0.1747989058494568,0.02027,0.2460830956697464,0.2897678315639496,0.043685,False,False,,1,,1
1011,0.0,class_boundary_change,/Volumes/Jack_Gandy_1TB_SSD/testing-for-NITE-DSP/sample_pack_testing/Sounds of KSHMR Vol.3/KSHMR_Drums_Loops/KSHMR_Drum_Loops_Full/KSHMR_Hip_Hop_Drum_Loops/KSHMR_Hip_Hop_Full_Loops/KSHMR_Hip_Hop_Drum_Loop_03_86.wav,testing,Sounds of KSHMR Vol.3,KSHMR_Drums_Loops,Hi-Hat Loop,Top Loop,0.2502901554107666,0.23330481350421906,-0.016985,0.315719336271286,0.33720114827156067,0.021482,False,False,,1,,1
1012,0.0,class_boundary_change,/Volumes/Jack_Gandy_1TB_SSD/testing-for-NITE-DSP/sample_pack_testing/Sounds of KSHMR Vol.3/KSHMR_Drums_Loops/KSHMR_Drum_Loops_Full/KSHMR_Hip_Hop_Drum_Loops/KSHMR_Hip_Hop_Full_Loops/KSHMR_Hip_Hop_Drum_Loop_07_90.wav,testing,Sounds of KSHMR Vol.3,KSHMR_Drums_Loops,Hi-Hat Loop,Top Loop,0.34807196259498596,0.33918479084968567,-0.008887,0.38072866201400757,0.43053296208381653,0.049804,False,False,,1,,1
1013,0.0,class_boundary_change,/Volumes/Jack_Gandy_1TB_SSD/testing-for-NITE-DSP/sample_pack_testing/Sounds of KSHMR Vol.3/KSHMR_Drums_Loops/KSHMR_Drum_Loops_Full/KSHMR_Hip_Hop_Drum_Loops/KSHMR_Hip_Hop_Full_Loops/KSHMR_Hip_Hop_Drum_Loop_08_94.wav,testing,Sounds of KSHMR Vol.3,KSHMR_Drums_Loops,Hi-Hat Loop,Top Loop,0.23202498257160187,0.193291574716568,-0.038733,0.2867526710033417,0.2930765748023987,0.006324,False,False,,1,,1
1014,0.0,class_boundary_change,/Volumes/Jack_Gandy_1TB_SSD/testing-for-NITE-DSP/sample_pack_testing/Sounds of KSHMR Vol.3/KSHMR_Drums_Loops/KSHMR_Drum_Loops_Full/KSHMR_Hip_Hop_Drum_Loops/KSHMR_Hip_Hop_Full_Loops/KSHMR_Hip_Hop_Drum_Loop_10_100.wav,testing,Sounds of KSHMR Vol.3,KSHMR_Drums_Loops,Hi-Hat Loop,Top Loop,0.23569726943969727,0.21668097376823425,-0.019016,0.35025277733802795,0.37071695923805237,0.020464,False,False,,1,,1
1015,0.0,class_boundary_change,/Volumes/Jack_Gandy_1TB_SSD/testing-for-NITE-DSP/sample_pack_testing/Sounds of KSHMR Vol.3/KSHMR_Drums_Loops/KSHMR_Drum_Loops_Full/KSHMR_Hip_Hop_Drum_Loops/KSHMR_Hip_Hop_Full_Loops/KSHMR_Hip_Hop_Drum_Loop_13_112.wav,testing,Sounds of KSHMR Vol.3,KSHMR_Drums_Loops,Bass Loop,Percussion Loop,0.2410711795091629,0.1982300728559494,-0.042841,0.36803245544433594,0.3655003607273102,-0.002532,False,False,,1,,1
1016,0.0,class_boundary_change,/Volumes/Jack_Gandy_1TB_SSD/testing-for-NITE-DSP/sample_pack_testing/Sounds of KSHMR Vol.3/KSHMR_Drums_Loops/KSHMR_Drum_Loops_Full/KSHMR_Hip_Hop_Drum_Loops/KSHMR_Hip_Hop_Full_Loops/KSHMR_Hip_Hop_Drum_Loop_21_140.wav,testing,Sounds of KSHMR Vol.3,KSHMR_Drums_Loops,Hi-Hat Loop,Top Loop,0.21525995433330536,0.20764516294002533,-0.007615,0.2836880385875702,0.31509390473365784,0.031406,False,False,,1,,1
1017,0.0,class_boundary_change,/Volumes/Jack_Gandy_1TB_SSD/testing-for-NITE-DSP/sample_pack_testing/Sounds of KSHMR Vol.3/KSHMR_Drums_Loops/KSHMR_Drum_Loops_Full/KSHMR_Hip_Hop_Drum_Loops/KSHMR_Hip_Hop_Full_Loops/KSHMR_Hip_Hop_Drum_Loop_23_140.wav,testing,Sounds of KSHMR Vol.3,KSHMR_Drums_Loops,Drum Loop,Top Loop,0.2625511586666107,0.2044084370136261,-0.058143,0.3222869038581848,0.31871670484542847,-0.00357,False,False,,1,,1
1018,0.0,class_boundary_change,/Volumes/Jack_Gandy_1TB_SSD/testing-for-NITE-DSP/sample_pack_testing/Sounds of KSHMR Vol.3/KSHMR_Drums_Loops/KSHMR_Drum_Loops_Full/KSHMR_Hip_Hop_Drum_Loops/KSHMR_Hip_Hop_Full_Loops/KSHMR_Hip_Hop_Drum_Loop_25_150.wav,testing,Sounds of KSHMR Vol.3,KSHMR_Drums_Loops,Bass Loop,Top Loop,0.19131240248680115,0.20131748914718628,0.010005,0.29862090945243835,0.3319171071052551,0.033296,False,False,,1,,1
1019,0.0,class_boundary_change,/Volumes/Jack_Gandy_1TB_SSD/testing-for-NITE-DSP/sample_pack_testing/Sounds of KSHMR Vol.3/KSHMR_Drums_Loops/KSHMR_Drum_Loops_Full/KSHMR_Hip_Hop_Drum_Loops/KSHMR_Hip_Hop_Full_Loops/KSHMR_Hip_Hop_Drum_Loop_26_150.wav,testing,Sounds of KSHMR Vol.3,KSHMR_Drums_Loops,Hi-Hat Loop,Top Loop,0.33401721715927124,0.259482204914093,-0.074535,0.3796141445636749,0.3969912827014923,0.017377,False,False,,1,,1
1020,0.0,class_boundary_change,/Volumes/Jack_Gandy_1TB_SSD/testing-for-NITE-DSP/sample_pack_testing/Sounds of KSHMR Vol.3/KSHMR_Drums_Loops/KSHMR_Drum_Loops_Full/KSHMR_Hip_Hop_Drum_Loops/KSHMR_Hip_Hop_Full_Loops/KSHMR_Hip_Hop_Drum_Loop_28_160.wav,testing,Sounds of KSHMR Vol.3,KSHMR_Drums_Loops,Drum Loop,Hi-Hat Loop,0.37753555178642273,0.26579537987709045,-0.11174,0.48162704706192017,0.4628305733203888,-0.018796,False,False,,1,,1
1021,0.0,class_boundary_change,/Volumes/Jack_Gandy_1TB_SSD/testing-for-NITE-DSP/sample_pack_testing/Sounds of KSHMR Vol.3/KSHMR_Drums_Loops/KSHMR_Drum_Loops_Full/KSHMR_Hip_Hop_Drum_Loops/KSHMR_Hip_Hop_Full_Loops/KSHMR_Hip_Hop_Drum_Loop_29_170.wav,testing,Sounds of KSHMR Vol.3,KSHMR_Drums_Loops,Hi-Hat Loop,Top Loop,0.4549867510795593,0.3327755331993103,-0.122211,0.4853147566318512,0.4929049015045166,0.00759,False,False,,1,,1
1022,0.0,class_boundary_change,/Volumes/Jack_Gandy_1TB_SSD/testing-for-NITE-DSP/sample_pack_testing/Sounds of KSHMR Vol.3/KSHMR_Drums_Loops/KSHMR_Drum_Loops_Full/KSHMR_Hip_Hop_Drum_Loops/KSHMR_Hip_Hop_Full_Loops/KSHMR_Hip_Hop_Drum_Loop_32_174.wav,testing,Sounds of KSHMR Vol.3,KSHMR_Drums_Loops,Hi-Hat Loop,Top Loop,0.36160507798194885,0.29552772641181946,-0.066077,0.43548962473869324,0.44352248311042786,0.008033,False,False,,1,,1
1023,0.0,class_boundary_change,/Volumes/Jack_Gandy_1TB_SSD/testing-for-NITE-DSP/sample_pack_testing/Sounds of KSHMR Vol.3/KSHMR_Drums_Loops/KSHMR_Drum_Loops_Full/KSHMR_Moombah_Loops/KSHMR_Moombah_Drum_Loop_01_97.wav,testing,Sounds of KSHMR Vol.3,KSHMR_Drums_Loops,Hi-Hat Loop,Top Loop,0.2181716412305832,0.1821829378604889,-0.035989,0.31556612253189087,0.3215640187263489,0.005998,False,False,,1,,1
1024,0.0,class_boundary_change,/Volumes/Jack_Gandy_1TB_SSD/testing-for-NITE-DSP/sample_pack_testing/Sounds of KSHMR Vol.3/KSHMR_Drums_Loops/KSHMR_Drum_Loops_Full/KSHMR_Moombah_Loops/KSHMR_Moombah_Drum_Loop_06_100.wav,testing,Sounds of KSHMR Vol.3,KSHMR_Drums_Loops,Hi-Hat Loop,Top Loop,0.3294243812561035,0.4102606177330017,0.080836,0.3275083601474762,0.42209404706954956,0.094586,False,False,,1,,1
1025,0.0,class_boundary_change,/Volumes/Jack_Gandy_1TB_SSD/testing-for-NITE-DSP/sample_pack_testing/Sounds of KSHMR Vol.3/KSHMR_Drums_Loops/KSHMR_Drum_Loops_Full/KSHMR_Moombah_Loops/KSHMR_Moombah_Drum_Loop_11_105.wav,testing,Sounds of KSHMR Vol.3,KSHMR_Drums_Loops,Hi-Hat Loop,Top Loop,0.19881001114845276,0.33496591448783875,0.136156,0.23249311745166779,0.3533918559551239,0.120899,False,False,,1,,1
1026,0.0,class_boundary_change,/Volumes/Jack_Gandy_1TB_SSD/testing-for-NITE-DSP/sample_pack_testing/Sounds of KSHMR Vol.3/KSHMR_Drums_Loops/KSHMR_Drum_Loops_Full/KSHMR_Moombah_Loops/KSHMR_Moombah_Drum_Loop_14_120.wav,testing,Sounds of KSHMR Vol.3,KSHMR_Drums_Loops,Percussion Loop,Top Loop,0.16254062950611115,0.17332571744918823,0.010785,0.2399793416261673,0.274004191160202,0.034025,False,False,,1,,1
1027,0.0,class_boundary_change,/Volumes/Jack_Gandy_1TB_SSD/testing-for-NITE-DSP/sample_pack_testing/Sounds of KSHMR Vol.3/KSHMR_Drums_Loops/KSHMR_Drum_Loops_Full/KSHMR_Moombah_Loops/KSHMR_Moombah_Drum_Loop_15_120.wav,testing,Sounds of KSHMR Vol.3,KSHMR_Drums_Loops,Percussion Loop,Top Loop,0.15623335540294647,0.23719215393066406,0.080959,0.21714268624782562,0.309120774269104,0.091978,False,False,,1,,1
1028,0.0,class_boundary_change,/Volumes/Jack_Gandy_1TB_SSD/testing-for-NITE-DSP/sample_pack_testing/Sounds of KSHMR Vol.3/KSHMR_Drums_Loops/KSHMR_Drum_Loops_Full/KSHMR_Percussion_Loops/KSHMR_Percussion_Loop_05_100.wav,testing,Sounds of KSHMR Vol.3,KSHMR_Drums_Loops,Hi-Hat Loop,Percussion Loop,0.2717587649822235,0.2644971013069153,-0.007262,0.3681974411010742,0.3794584572315216,0.011261,False,False,,1,,1
1029,0.0,class_boundary_change,/Volumes/Jack_Gandy_1TB_SSD/testing-for-NITE-DSP/sample_pack_testing/Sounds of KSHMR Vol.3/KSHMR_Drums_Loops/KSHMR_Drum_Loops_Full/KSHMR_Percussion_Loops/KSHMR_Percussion_Loop_11_100.wav,testing,Sounds of KSHMR Vol.3,KSHMR_Drums_Loops,Foley Loop,Percussion Loop,0.2082107961177826,0.1914331018924713,-0.016778,0.31954675912857056,0.32821744680404663,0.008671,False,False,,1,,1
1030,0.0,class_boundary_change,/Volumes/Jack_Gandy_1TB_SSD/testing-for-NITE-DSP/sample_pack_testing/Sounds of KSHMR Vol.3/KSHMR_Drums_Loops/KSHMR_Drum_Loops_Full/KSHMR_Percussion_Loops/KSHMR_Percussion_Loop_30_128.wav,testing,Sounds of KSHMR Vol.3,KSHMR_Drums_Loops,Foley Loop,Percussion Loop,0.11823007464408875,0.10773847252130508,-0.010492,0.18181870877742767,0.1907973289489746,0.008979,False,False,,1,,1
1031,0.0,class_boundary_change,/Volumes/Jack_Gandy_1TB_SSD/testing-for-NITE-DSP/sample_pack_testing/Sounds of KSHMR Vol.3/KSHMR_Drums_Loops/KSHMR_Drum_Loops_Full/KSHMR_Vintage_Soul_Loops/KSHMR_Vintage_Soul_Loop_07_100_Top.wav,testing,Sounds of KSHMR Vol.3,KSHMR_Drums_Loops,Hi-Hat Loop,Top Loop,0.30817338824272156,0.26808303594589233,-0.04009,0.37559470534324646,0.3996966481208801,0.024102,False,False,,1,,1
1032,0.0,class_boundary_change,/Volumes/Jack_Gandy_1TB_SSD/testing-for-NITE-DSP/sample_pack_testing/Sounds of KSHMR Vol.3/KSHMR_Drums_Loops/KSHMR_Drum_Loops_Full/KSHMR_Vintage_Soul_Loops/KSHMR_Vintage_Soul_Loop_10_108.wav,testing,Sounds of KSHMR Vol.3,KSHMR_Drums_Loops,Drum Loop,Top Loop,0.2517023980617523,0.22941996157169342,-0.022282,0.3344993591308594,0.3601655960083008,0.025666,False,False,,1,,1
1033,0.0,class_boundary_change,/Volumes/Jack_Gandy_1TB_SSD/testing-for-NITE-DSP/sample_pack_testing/Sounds of KSHMR Vol.3/KSHMR_Drums_Loops/KSHMR_Drum_Loops_Full/KSHMR_Vintage_Soul_Loops/KSHMR_Vintage_Soul_Loop_15_110.wav,testing,Sounds of KSHMR Vol.3,KSHMR_Drums_Loops,Drum Loop,Top Loop,0.2871477007865906,0.25440144538879395,-0.032746,0.37507349252700806,0.4018276333808899,0.026754,False,False,,1,,1
1034,0.0,class_boundary_change,/Volumes/Jack_Gandy_1TB_SSD/testing-for-NITE-DSP/sample_pack_testing/Sounds of KSHMR Vol.3/KSHMR_Drums_Loops/KSHMR_Drum_Loops_Solo/KSHMR_Shaker_Loops/KSHMR_Shaker_Loop_20_128.wav,testing,Sounds of KSHMR Vol.3,KSHMR_Drums_Loops,Hi-Hat Loop,Top Loop,0.37862011790275574,0.30421334505081177,-0.074407,0.4152551591396332,0.43144941329956055,0.016194,False,False,,1,,1
1035,0.0,class_boundary_change,/Volumes/Jack_Gandy_1TB_SSD/testing-for-NITE-DSP/sample_pack_testing/Sounds of KSHMR Vol.3/KSHMR_Drums_Loops/KSHMR_Drum_Loops_Solo/KSHMR_Shaker_Loops/KSHMR_Shaker_Loop_21_128.wav,testing,Sounds of KSHMR Vol.3,KSHMR_Drums_Loops,Hi-Hat Loop,Top Loop,0.34296050667762756,0.2869514226913452,-0.056009,0.3798358738422394,0.39535605907440186,0.01552,False,False,,1,,1
1036,0.0,class_boundary_change,/Volumes/Jack_Gandy_1TB_SSD/testing-for-NITE-DSP/sample_pack_testing/Sounds of KSHMR Vol.3/KSHMR_Drums_Loops/KSHMR_Drum_Loops_Solo/KSHMR_Shaker_Loops/KSHMR_Shaker_Loop_24_128.wav,testing,Sounds of KSHMR Vol.3,KSHMR_Drums_Loops,Hi-Hat Loop,Top Loop,0.3311208188533783,0.2576909363269806,-0.07343,0.33201003074645996,0.3372606933116913,0.005251,False,False,,1,,1
1037,0.0,class_boundary_change,/Volumes/Jack_Gandy_1TB_SSD/testing-for-NITE-DSP/sample_pack_testing/Sounds of KSHMR Vol.3/KSHMR_Drums_Loops/KSHMR_Drum_Loops_Solo/KSHMR_Snare_Drum_Loops/KSHMR_Snare_Loop_06_130.wav,testing,Sounds of KSHMR Vol.3,KSHMR_Drums_Loops,Percussion Loop,Top Loop,0.1811010241508484,0.340505987405777,0.159405,0.2210754007101059,0.3586541414260864,0.137579,False,False,,1,,1
1038,0.0,class_boundary_change,/Volumes/Jack_Gandy_1TB_SSD/testing-for-NITE-DSP/sample_pack_testing/Sounds of KSHMR Vol.3/KSHMR_Drums_Loops/KSHMR_Drum_Loops_Solo/KSHMR_Snare_Drum_Loops/KSHMR_Snare_Loop_07_130.wav,testing,Sounds of KSHMR Vol.3,KSHMR_Drums_Loops,Percussion Loop,Top Loop,0.2110346555709839,0.3949950337409973,0.18396,0.2869166135787964,0.42948541045188904,0.142569,False,False,,1,,1
1039,0.0,class_boundary_change,/Volumes/Jack_Gandy_1TB_SSD/testing-for-NITE-DSP/sample_pack_testing/Sounds of KSHMR Vol.3/KSHMR_FX_Elements/KSHMR_Ambiance_and_Foley/KSHMR_Ambiance_Elemental/KSHMR_Water/KSHMR_Water_04_Splash.wav,testing,Sounds of KSHMR Vol.3,KSHMR_FX_Elements,Foley,Impact,0.16633257269859314,0.19140633940696716,0.025074,0.23385591804981232,0.2745720446109772,0.040716,False,False,,1,,1
1040,0.0,class_boundary_change,/Volumes/Jack_Gandy_1TB_SSD/testing-for-NITE-DSP/sample_pack_testing/Sounds of KSHMR Vol.3/KSHMR_FX_Elements/KSHMR_Ambiance_and_Foley/KSHMR_Ambiance_Scenes/KSHMR_Ambiance_Scene_05_Earthquake.wav,testing,Sounds of KSHMR Vol.3,KSHMR_FX_Elements,Foley Loop,Bass Loop,0.24765640497207642,0.23579369485378265,-0.011863,0.3753491938114166,0.38471224904060364,0.009363,False,False,,1,,1
1041,0.0,class_boundary_change,/Volumes/Jack_Gandy_1TB_SSD/testing-for-NITE-DSP/sample_pack_testing/Sounds of KSHMR Vol.3/KSHMR_Fills/KSHMR_Long_Fills/KSHMR_Long_Fill_07_128.wav,testing,Sounds of KSHMR Vol.3,KSHMR_Fills,Hi-Hat Loop,Top Loop,0.2852255403995514,0.21523721516132355,-0.069988,0.35478249192237854,0.36583855748176575,0.011056,False,False,,1,,1
1042,0.0,class_boundary_change,/Volumes/Jack_Gandy_1TB_SSD/testing-for-NITE-DSP/sample_pack_testing/Sounds of KSHMR Vol.3/KSHMR_Fills/KSHMR_Long_Fills/KSHMR_Long_Fill_15_140.wav,testing,Sounds of KSHMR Vol.3,KSHMR_Fills,Drum Loop,Percussion Loop,0.2519826292991638,0.19399049878120422,-0.057992,0.32252174615859985,0.3183346688747406,-0.004187,False,False,,1,,1
1043,0.0,class_boundary_change,/Volumes/Jack_Gandy_1TB_SSD/testing-for-NITE-DSP/sample_pack_testing/Sounds of KSHMR Vol.3/KSHMR_Fills/KSHMR_Long_Fills/KSHMR_Long_Fill_17_140.wav,testing,Sounds of KSHMR Vol.3,KSHMR_Fills,Hi-Hat Loop,Top Loop,0.16616947948932648,0.3391304910182953,0.172961,0.2353673130273819,0.38843512535095215,0.153068,False,False,,1,,1
1044,0.0,class_boundary_change,/Volumes/Jack_Gandy_1TB_SSD/testing-for-NITE-DSP/sample_pack_testing/Sounds of KSHMR Vol.3/KSHMR_Fills/KSHMR_Long_Fills/KSHMR_Long_Fill_20_150.wav,testing,Sounds of KSHMR Vol.3,KSHMR_Fills,Hi-Hat Loop,Top Loop,0.2503246068954468,0.45978590846061707,0.209461,0.32027873396873474,0.4777398109436035,0.157461,False,False,,1,,1
1045,0.0,class_boundary_change,/Volumes/Jack_Gandy_1TB_SSD/testing-for-NITE-DSP/sample_pack_testing/Sounds of KSHMR Vol.3/KSHMR_Fills/KSHMR_Short_Fills/KSHMR_Short_Fills_120-130/KSHMR_Short_Drum_Fill_04_126.wav,testing,Sounds of KSHMR Vol.3,KSHMR_Fills,Bass Loop,Top Loop,0.2046063244342804,0.35426756739616394,0.149661,0.2749175429344177,0.40936508774757385,0.134448,False,False,,1,,1
1046,0.0,class_boundary_change,/Volumes/Jack_Gandy_1TB_SSD/testing-for-NITE-DSP/sample_pack_testing/Sounds of KSHMR Vol.3/KSHMR_Fills/KSHMR_Short_Fills/KSHMR_Short_Fills_130-160/KSHMR_Short_Drum_Fill_10_145.wav,testing,Sounds of KSHMR Vol.3,KSHMR_Fills,Hi-Hat Loop,Top Loop,0.24189072847366333,0.39740830659866333,0.155518,0.30482733249664307,0.4308512210845947,0.126024,False,False,,1,,1
1047,0.0,class_boundary_change,/Volumes/Jack_Gandy_1TB_SSD/testing-for-NITE-DSP/sample_pack_testing/Sounds of KSHMR Vol.3/KSHMR_Fills/KSHMR_Signature_Fills/KSHMR_Signature_Fill_09_Dead_Mans_Hand_3_128.wav,testing,Sounds of KSHMR Vol.3,KSHMR_Fills,Bass Loop,Top Loop,0.12221266329288483,0.1542735993862152,0.032061,0.17885686457157135,0.23936575651168823,0.060509,False,False,,1,,1
1048,0.0,class_boundary_change,/Volumes/Jack_Gandy_1TB_SSD/testing-for-NITE-DSP/sample_pack_testing/Sounds of KSHMR Vol.3/KSHMR_Fills/KSHMR_Synth_Fills/KSHMR_Synth_Fill_21_155_Dm.wav,testing,Sounds of KSHMR Vol.3,KSHMR_Fills,Vocal Loop,Top Loop,0.12055709958076477,0.10510057955980301,-0.015457,0.19078390300273895,0.19577822089195251,0.004994,False,False,,1,,1
1049,0.0,class_boundary_change,/Volumes/Jack_Gandy_1TB_SSD/testing-for-NITE-DSP/sample_pack_testing/Sounds of KSHMR Vol.3/KSHMR_Fills/KSHMR_Synth_Fills/KSHMR_Synth_Fill_23_155_F.wav,testing,Sounds of KSHMR Vol.3,KSHMR_Fills,Bass Loop,Top Loop,0.163275808095932,0.13470426201820374,-0.028572,0.2457868456840515,0.24860236048698425,0.002816,False,False,,1,,1
1050,0.0,class_boundary_change,/Volumes/Jack_Gandy_1TB_SSD/testing-for-NITE-DSP/sample_pack_testing/Sounds of KSHMR Vol.3/KSHMR_Live_Instruments/KSHMR_Main_Instruments/KSHMR_Guitar/KSHMR_Guitar_Chords/KSHMR_Acoustic_Chords/KSHMR_Acoustic_Guitar_Chords_30_128_D#m-Em.wav,testing,Sounds of KSHMR Vol.3,KSHMR_Live_Instruments,Chord Loop,Bass Loop,0.18725936114788055,0.16899247467517853,-0.018267,0.383182555437088,0.3819411098957062,-0.001241,False,False,,1,,1
1051,0.0,class_boundary_change,/Volumes/Jack_Gandy_1TB_SSD/testing-for-NITE-DSP/sample_pack_testing/Sounds of KSHMR Vol.3/KSHMR_Live_Instruments/KSHMR_Main_Instruments/KSHMR_Guitar/KSHMR_Guitar_Chords/KSHMR_Acoustic_Chords/KSHMR_Acoustic_Guitar_Chords_34_140_Am-G-F-G.wav,testing,Sounds of KSHMR Vol.3,KSHMR_Live_Instruments,Bass Loop,Percussion Loop,0.16216599941253662,0.15920551121234894,-0.00296,0.35152187943458557,0.36413121223449707,0.012609,False,False,,1,,1
1052,0.0,class_boundary_change,/Volumes/Jack_Gandy_1TB_SSD/testing-for-NITE-DSP/sample_pack_testing/Sounds of KSHMR Vol.3/KSHMR_Live_Instruments/KSHMR_Main_Instruments/KSHMR_Guitar/KSHMR_Guitar_FX/KSHMR_Guitar_FX_02_Mute_Strum_104_.wav,testing,Sounds of KSHMR Vol.3,KSHMR_Live_Instruments,Foley Loop,Percussion Loop,0.1972130537033081,0.18390007317066193,-0.013313,0.31250545382499695,0.3184490501880646,0.005944,False,False,,1,,1
1053,0.0,class_boundary_change,/Volumes/Jack_Gandy_1TB_SSD/testing-for-NITE-DSP/sample_pack_testing/Sounds of KSHMR Vol.3/KSHMR_Live_Instruments/KSHMR_Main_Instruments/KSHMR_Reverse_Instruments/KSHMR_Reverse_Instrument_04_Cello_128_Em.wav,testing,Sounds of KSHMR Vol.3,KSHMR_Live_Instruments,Chord Loop,Bass Loop,0.16798469424247742,0.14937622845172882,-0.018608,0.3143780529499054,0.31588831543922424,0.00151,False,False,,1,,1
1054,0.0,class_boundary_change,/Volumes/Jack_Gandy_1TB_SSD/testing-for-NITE-DSP/sample_pack_testing/Sounds of KSHMR Vol.3/KSHMR_Live_Instruments/KSHMR_Orchestral_Instruments/KSHMR_Brass/KSHMR_Brass_Loops/KSHMR_Brass_Loop_08_128_Dm.wav,testing,Sounds of KSHMR Vol.3,KSHMR_Live_Instruments,Chord Loop,Bass Loop,0.204457089304924,0.21919965744018555,0.014743,0.373261034488678,0.39592286944389343,0.022662,False,False,,1,,1
1055,0.0,class_boundary_change,/Volumes/Jack_Gandy_1TB_SSD/testing-for-NITE-DSP/sample_pack_testing/Sounds of KSHMR Vol.3/KSHMR_Song_Starters/KSHMR_Song_Starters_Hip_Hop/KSHMR_Song_Starter_Hip_Hop_Lavish_140_Fm_Bass.wav,testing,Sounds of KSHMR Vol.3,KSHMR_Song_Starters,Chord Loop,Bass Loop,0.22382231056690216,0.20192307233810425,-0.021899,0.4543810486793518,0.46220314502716064,0.007822,False,False,,1,,1
1056,0.0,class_boundary_change,/Volumes/Jack_Gandy_1TB_SSD/testing-for-NITE-DSP/sample_pack_testing/Sounds of KSHMR Vol.3/KSHMR_Synths/KSHMR_Synth_Loops/KSHMR_Synth_Loop_28_128_F#m.wav,testing,Sounds of KSHMR Vol.3,KSHMR_Synths,Vocal Loop,Synth Loop,0.15380306541919708,0.20062589645385742,0.046823,0.31537726521492004,0.3728277087211609,0.05745,False,False,,1,,1
1057,0.0,class_boundary_change,/Volumes/Jack_Gandy_1TB_SSD/testing-for-NITE-DSP/sample_pack_testing/Sounds of KSHMR Vol.3/KSHMR_VIP_Friends_of_KSHMR/7SKIES/7SKIES_Cinematic_Drums.wav,testing,Sounds of KSHMR Vol.3,KSHMR_VIP_Friends_of_KSHMR,Bass Loop,Percussion Loop,0.18803881108760834,0.18307246267795563,-0.004966,0.2907858192920685,0.3109697997570038,0.020184,False,False,,1,,1
1058,0.0,class_boundary_change,/Volumes/Jack_Gandy_1TB_SSD/testing-for-NITE-DSP/sample_pack_testing/Sounds of KSHMR Vol.3/KSHMR_VIP_Friends_of_KSHMR/CROSSNADERS/CROSSNADERS_Perc_Loop_Instinct_Killa_150.wav,testing,Sounds of KSHMR Vol.3,KSHMR_VIP_Friends_of_KSHMR,Hi-Hat Loop,Top Loop,0.32713788747787476,0.2836618721485138,-0.043476,0.3655591905117035,0.3929315209388733,0.027372,False,False,,1,,1
1059,0.0,class_boundary_change,/Volumes/Jack_Gandy_1TB_SSD/testing-for-NITE-DSP/sample_pack_testing/Sounds of KSHMR Vol.3/KSHMR_VIP_Friends_of_KSHMR/LUIS_TORRES/LUIS_TORRES_Hype_Drop_Drum_Loop.wav,testing,Sounds of KSHMR Vol.3,KSHMR_VIP_Friends_of_KSHMR,Hi-Hat Loop,Top Loop,0.28242382407188416,0.2947785556316376,0.012355,0.33276548981666565,0.38212138414382935,0.049356,False,False,,1,,1
1060,0.0,class_boundary_change,/Volumes/Jack_Gandy_1TB_SSD/testing-for-NITE-DSP/sample_pack_testing/Sounds of KSHMR Vol.3/KSHMR_VIP_Friends_of_KSHMR/LUIS_TORRES/LUIS_TORRES_Worlds_Smallest_Clap.wav,testing,Sounds of KSHMR Vol.3,KSHMR_VIP_Friends_of_KSHMR,Rimshot,Foley,0.3531590700149536,0.3204187750816345,-0.03274,0.4102456271648407,0.4012909233570099,-0.008955,False,False,,1,,1
1061,0.0,class_boundary_change,/Volumes/Jack_Gandy_1TB_SSD/testing-for-NITE-DSP/sample_pack_testing/Sounds of KSHMR Vol.3/KSHMR_VIP_Friends_of_KSHMR/MRBLACK/MRBLACK_Psy_Loop.wav,testing,Sounds of KSHMR Vol.3,KSHMR_VIP_Friends_of_KSHMR,Hi-Hat Loop,Top Loop,0.21677881479263306,0.2744847238063812,0.057706,0.31763118505477905,0.3932642638683319,0.075633,False,False,,1,,1
1062,0.0,class_boundary_change,/Volumes/Jack_Gandy_1TB_SSD/testing-for-NITE-DSP/sample_pack_testing/Sounds of KSHMR Vol.3/KSHMR_VIP_Friends_of_KSHMR/NICKY_ROMERO/NICKY_ROMERO_Clap_Toulouse.wav,testing,Sounds of KSHMR Vol.3,KSHMR_VIP_Friends_of_KSHMR,Hi-Hat Loop,Top Loop,0.19814114272594452,0.4085085988044739,0.210367,0.21207961440086365,0.3693493604660034,0.15727,False,False,,1,,1
1063,0.0,class_boundary_change,/Volumes/Jack_Gandy_1TB_SSD/testing-for-NITE-DSP/sample_pack_testing/Sounds of KSHMR Vol.3/KSHMR_VIP_Friends_of_KSHMR/SHAUN_FRANK/SHAUN_FRANK_Big_Snare.wav,testing,Sounds of KSHMR Vol.3,KSHMR_VIP_Friends_of_KSHMR,Rimshot,Impact,0.19405439496040344,0.25990384817123413,0.065849,0.24754241108894348,0.32093268632888794,0.07339,False,False,,1,,1
1064,0.0,class_boundary_change,/Volumes/Jack_Gandy_1TB_SSD/testing-for-NITE-DSP/sample_pack_testing/Sounds of KSHMR Vol.3/KSHMR_VIP_Friends_of_KSHMR/SHAUN_FRANK/SHAUN_FRANK_FX_Drum_Loop_122_.wav,testing,Sounds of KSHMR Vol.3,KSHMR_VIP_Friends_of_KSHMR,Hi-Hat Loop,Top Loop,0.2505618631839752,0.28683599829673767,0.036274,0.2974957525730133,0.36483117938041687,0.067335,False,False,,1,,1
1065,0.0,class_boundary_change,/Volumes/Jack_Gandy_1TB_SSD/testing-for-NITE-DSP/sample_pack_testing/Sounds of KSHMR Vol.3/KSHMR_VIP_Friends_of_KSHMR/ZEDD/ZEDD_Claps_Snare_Done_with_Love_128.wav,testing,Sounds of KSHMR Vol.3,KSHMR_VIP_Friends_of_KSHMR,Kick Loop,Top Loop,0.14773915708065033,0.32472553849220276,0.176986,0.18624576926231384,0.34329524636268616,0.157049,False,False,,1,,1
1066,0.0,class_boundary_change,/Volumes/Jack_Gandy_1TB_SSD/testing-for-NITE-DSP/sample_pack_testing/Sounds of KSHMR Vol.3/KSHMR_VIP_Friends_of_KSHMR/ZEDD/ZEDD_Guitar_Break_Free.wav,testing,Sounds of KSHMR Vol.3,KSHMR_VIP_Friends_of_KSHMR,Bass Loop,Foley Loop,0.21605029702186584,0.17887866497039795,-0.037172,0.38707396388053894,0.3720538318157196,-0.01502,False,False,,1,,1
1067,0.0,class_boundary_change,/Volumes/Jack_Gandy_1TB_SSD/testing-for-NITE-DSP/sample_pack_testing/Sounds of KSHMR Vol.3/KSHMR_VIP_Friends_of_KSHMR/ZEDD/ZEDD_Reverb_Clap_Shotgun.wav,testing,Sounds of KSHMR Vol.3,KSHMR_VIP_Friends_of_KSHMR,Rimshot,Impact,0.19738101959228516,0.20439812541007996,0.007017,0.25828200578689575,0.2910957932472229,0.032814,False,False,,1,,1
1068,0.0,class_boundary_change,/Volumes/Jack_Gandy_1TB_SSD/testing-for-NITE-DSP/sample_pack_testing/Sounds of KSHMR Vol.3/KSHMR_VIP_Friends_of_KSHMR/ZEDD/ZEDD_Snare_02_Walk_on_Water.wav,testing,Sounds of KSHMR Vol.3,KSHMR_VIP_Friends_of_KSHMR,Crash,Impact,0.32110434770584106,0.39694133400917053,0.075837,0.3135841190814972,0.3963143229484558,0.08273,False,False,,1,,1
1069,0.0,class_boundary_change,/Volumes/Jack_Gandy_1TB_SSD/testing-for-NITE-DSP/sample_pack_testing/Sounds of KSHMR Vol.3/KSHMR_Vocals/KSHMR_Vocals_FX/KSHMR_Crowd/KSHMR_Crowd_Chant/KSHMR_Crowd_Chant_Loop_01_Ohh_Ohh_124.wav,testing,Sounds of KSHMR Vol.3,KSHMR_Vocals,Vocal Loop,Top Loop,0.10643875598907471,0.10097181797027588,-0.005467,0.13554033637046814,0.15275919437408447,0.017219,False,False,,1,,1
1070,0.0,class_boundary_change,/Volumes/Jack_Gandy_1TB_SSD/testing-for-NITE-DSP/sample_pack_testing/Sounds of KSHMR Vol.3/KSHMR_World_Sounds/KSHMR_India/KSHMR_India_PL_Sitar_150_Cm.wav,testing,Sounds of KSHMR Vol.3,KSHMR_World_Sounds,Chord Loop,Synth Loop,0.11966395378112793,0.12812075018882751,0.008457,0.2615233361721039,0.28441494703292847,0.022892,False,False,,1,,1
1071,0.0,class_boundary_change,/Volumes/Jack_Gandy_1TB_SSD/testing-for-NITE-DSP/sample_pack_testing/Sounds of KSHMR Vol.3/KSHMR_World_Sounds/KSHMR_Native_America/KSHMR_Native_America_DR_Battle_Drums_138.wav,testing,Sounds of KSHMR Vol.3,KSHMR_World_Sounds,Bass Loop,Percussion Loop,0.24425071477890015,0.22046129405498505,-0.023789,0.3229326903820038,0.31924933195114136,-0.003683,False,False,,1,,1
