review_rank,path,destination,predicted_class,filename_class,confidence,similarity,nearest_reference_label,nearest_reference_path,aspect_overall,duration_seconds,form_hint,form_hint_confidence,spectral_centroid_hz,low_band_energy_ratio,high_band_energy_ratio,periodicity_strength,duplicate_flags,reason,requires_approval,owner_decision,owner_reviewer,owner_note
1,/Volumes/Jack_Gandy_1TB_SSD/testing-for-NITE-DSP/sample_pack_testing/Mike Shinoda Drums/MS BEATS/Luna FOR PRINT Samples/Snare Gold 7.wav,/Volumes/Jack_Gandy_1TB_SSD/testing-for-NITE-DSP/sample_pack_testing/Mike Shinoda Drums/MS BEATS/Luna FOR PRINT Samples/Snare - Snare Gold 7.wav,Snare,Snare,0.720224,0.734844,Snare,/Volumes/Jack_Gandy_1TB_SSD/testing-for-NITE-DSP/sample_pack_testing/Mike Shinoda Drums/MS BEATS/maschine ms test 1 Samples/Snare Gold 7.wav,1.0,0.1538125,possibly_one_shot,0.68,2883.7975972717772,0.7120571938250428,0.11911068267581475,0.0,acoustic_near_duplicate;exact_duplicate_canonical,class passed new-domain suggestion receipt; approval required,True,,,
2,/Volumes/Jack_Gandy_1TB_SSD/testing-for-NITE-DSP/sample_pack_testing/Mike Shinoda Drums/MS BEATS/Luna Samples/Snare Gold 7.wav,/Volumes/Jack_Gandy_1TB_SSD/testing-for-NITE-DSP/sample_pack_testing/Mike Shinoda Drums/MS BEATS/Luna Samples/Snare - Snare Gold 7.wav,Snare,Snare,0.723136,0.73533,Snare,/Volumes/Jack_Gandy_1TB_SSD/testing-for-NITE-DSP/sample_pack_testing/Mike Shinoda Drums/MS BEATS/maschine ms test 1 Samples/Snare Gold 7.wav,1.0,0.1538125,possibly_one_shot,0.68,2883.7975972717772,0.7120571938250428,0.11911068267581475,0.0,acoustic_near_duplicate;exact_duplicate_alias,class passed new-domain suggestion receipt; approval required,True,,,
3,/Volumes/Jack_Gandy_1TB_SSD/testing-for-NITE-DSP/sample_pack_testing/Mike Shinoda Drums/MS BEATS/Luna2 Samples/Snare Gold 7.wav,/Volumes/Jack_Gandy_1TB_SSD/testing-for-NITE-DSP/sample_pack_testing/Mike Shinoda Drums/MS BEATS/Luna2 Samples/Snare - Snare Gold 7.wav,Snare,Snare,0.723136,0.73533,Snare,/Volumes/Jack_Gandy_1TB_SSD/testing-for-NITE-DSP/sample_pack_testing/Mike Shinoda Drums/MS BEATS/maschine ms test 1 Samples/Snare Gold 7.wav,1.0,0.1538125,possibly_one_shot,0.68,2883.7975972717772,0.7120571938250428,0.11911068267581475,0.0,acoustic_near_duplicate;exact_duplicate_alias,class passed new-domain suggestion receipt; approval required,True,,,
4,/Volumes/Jack_Gandy_1TB_SSD/testing-for-NITE-DSP/sample_pack_testing/Organic Drum Kit/Maschine Kits/Juggernaut Kit Samples/Organic - Snare (116).wav,/Volumes/Jack_Gandy_1TB_SSD/testing-for-NITE-DSP/sample_pack_testing/Organic Drum Kit/Maschine Kits/Juggernaut Kit Samples/Snare - Organic - Snare (116).wav,Snare,Snare,0.72318,0.735538,Snare,/Volumes/Jack_Gandy_1TB_SSD/Samples 2021 ->/2026/Koan_Snare.wav,0.5358041981997942,1.0,possibly_one_shot,0.68,1134.1386963286984,0.1714586911018359,0.09495954519173515,0.0032585084403613813,acoustic_near_duplicate,class passed new-domain suggestion receipt; approval required,True,,,
5,/Volumes/Jack_Gandy_1TB_SSD/testing-for-NITE-DSP/sample_pack_testing/Mike Shinoda Drums/MS BEATS/Attendant 2 Samples/Analog_Clap2_MPC60.wav,/Volumes/Jack_Gandy_1TB_SSD/testing-for-NITE-DSP/sample_pack_testing/Mike Shinoda Drums/MS BEATS/Attendant 2 Samples/Clap - Analog_Clap2_MPC60.wav,Clap,,0.768501,0.741396,Clap,/Volumes/Jack_Gandy_1TB_SSD/Samples 2021 ->/Sample Packs/Black Octopus Sound - Pure Analog Sweeps IV (2021)/Xtra One Shots/Diamaudix_Audio_PAS_IV_Clap_03.wav,0.6425730431152019,0.288,possibly_one_shot,0.68,2799.791394044814,0.0014001771304707573,0.2902396648105922,0.024797690036057644,exact_duplicate_canonical,class passed new-domain suggestion receipt; approval required,True,,,
6,/Volumes/Jack_Gandy_1TB_SSD/testing-for-NITE-DSP/sample_pack_testing/Organic Drum Kit/Maschine Kits/Coast2coast Kit Samples/Organic - Snare (107).wav,/Volumes/Jack_Gandy_1TB_SSD/testing-for-NITE-DSP/sample_pack_testing/Organic Drum Kit/Maschine Kits/Coast2coast Kit Samples/Snare - Organic - Snare (107).wav,Snare,Snare,0.696613,0.744008,Snare,/Volumes/Jack_Gandy_1TB_SSD/testing-for-NITE-DSP/sample_pack_testing/Black Octopus Sound - Pure Analog Sweeps IV (2021)/Xtra One Shots/Diamaudix_Audio_PAS_IV_Snare_03.wav,0.7908761092333821,1.1009375,possibly_one_shot,0.68,1879.955541327439,0.7425455238029202,0.10681168867823683,0.003953315343495639,acoustic_near_duplicate,class passed new-domain suggestion receipt; approval required,True,,,
7,/Volumes/Jack_Gandy_1TB_SSD/testing-for-NITE-DSP/sample_pack_testing/Organic Drum Kit/1 Kicks/Organic - Kick (120).wav,/Volumes/Jack_Gandy_1TB_SSD/testing-for-NITE-DSP/sample_pack_testing/Organic Drum Kit/1 Kicks/Kick - Organic - Kick (120).wav,Kick,Kick,0.824326,0.747645,Kick,/Volumes/Jack_Gandy_1TB_SSD/testing-for-NITE-DSP/sample_pack_testing/Organic Drum Kit/1 Kicks/Organic - Kick (107).wav,0.7204059495583369,1.25,possibly_one_shot,0.68,311.1325599594277,0.9896930476091428,0.0009129968510016122,0.029289274370655156,acoustic_near_duplicate,class passed new-domain suggestion receipt; approval required,True,,,
8,/Volumes/Jack_Gandy_1TB_SSD/testing-for-NITE-DSP/sample_pack_testing/Mike Shinoda Drums/MS BEATS/Gyoza Samples/Snare IrieMun.wav,/Volumes/Jack_Gandy_1TB_SSD/testing-for-NITE-DSP/sample_pack_testing/Mike Shinoda Drums/MS BEATS/Gyoza Samples/Snare - Snare IrieMun.wav,Snare,Snare,0.690894,0.748124,Snare,/Volumes/Jack_Gandy_1TB_SSD/testing-for-NITE-DSP/sample_pack_testing/Drum Recollection/Official Drum Kit Vol. 2/Snares/2048 Mans Snare.wav,0.4445815603842142,0.2725625,possibly_one_shot,0.68,3447.6133348102676,0.11747612405926178,0.6924110656997552,0.0,exact_duplicate_alias,class passed new-domain suggestion receipt; approval required,True,,,
9,/Volumes/Jack_Gandy_1TB_SSD/testing-for-NITE-DSP/sample_pack_testing/Organic Drum Kit/Maschine Kits/Ethnic Stomp Kit Samples/Organic - Kick (120).wav,/Volumes/Jack_Gandy_1TB_SSD/testing-for-NITE-DSP/sample_pack_testing/Organic Drum Kit/Maschine Kits/Ethnic Stomp Kit Samples/Kick - Organic - Kick (120).wav,Kick,Kick,0.826275,0.750309,Kick,/Volumes/Jack_Gandy_1TB_SSD/testing-for-NITE-DSP/sample_pack_testing/Organic Drum Kit/1 Kicks/Organic - Kick (107).wav,0.7204059495583369,1.25,possibly_one_shot,0.68,311.1325599594277,0.9896930476091428,0.0009129968510016122,0.029289274370655156,acoustic_near_duplicate,class passed new-domain suggestion receipt; approval required,True,,,
10,/Volumes/Jack_Gandy_1TB_SSD/testing-for-NITE-DSP/sample_pack_testing/Organic Drum Kit/2 Snares/Organic - Snare (107).wav,/Volumes/Jack_Gandy_1TB_SSD/testing-for-NITE-DSP/sample_pack_testing/Organic Drum Kit/2 Snares/Snare - Organic - Snare (107).wav,Snare,Snare,0.696187,0.750825,Snare,/Volumes/Jack_Gandy_1TB_SSD/testing-for-NITE-DSP/sample_pack_testing/Black Octopus Sound - Pure Analog Sweeps IV (2021)/Xtra One Shots/Diamaudix_Audio_PAS_IV_Snare_03.wav,0.7908761092333821,1.1009375,possibly_one_shot,0.68,1879.955541327439,0.7425455238029202,0.10681168867823683,0.003953315343495639,acoustic_near_duplicate,class passed new-domain suggestion receipt; approval required,True,,,
11,/Volumes/Jack_Gandy_1TB_SSD/testing-for-NITE-DSP/sample_pack_testing/Sounds of KSHMR Vol.3/KSHMR_Drums/KSHMR_Kicks/KSHMR_Punchy_Kicks/KSHMR_Punchy_Kick_31_F#.wav,/Volumes/Jack_Gandy_1TB_SSD/testing-for-NITE-DSP/sample_pack_testing/Sounds of KSHMR Vol.3/KSHMR_Drums/KSHMR_Kicks/KSHMR_Punchy_Kicks/Kick - KSHMR_Punchy_Kick_31_F#.wav,Kick,Kick,0.817135,0.752506,Kick,/Volumes/Jack_Gandy_1TB_SSD/testing-for-NITE-DSP/sample_pack_testing/Sounds of KSHMR Vol.3/KSHMR_Drums/KSHMR_Kicks/KSHMR_Punchy_Kicks/KSHMR_Punchy_Kick_24_F#_Soft.wav,0.9032858132280358,0.2725625,possibly_one_shot,0.68,393.85116717205005,0.9595980089460948,0.0062294046628048536,0.0,acoustic_near_duplicate,class passed new-domain suggestion receipt; approval required,True,,,
12,/Volumes/Jack_Gandy_1TB_SSD/testing-for-NITE-DSP/sample_pack_testing/Organic Drum Kit/2 Snares/Organic - Snare (116).wav,/Volumes/Jack_Gandy_1TB_SSD/testing-for-NITE-DSP/sample_pack_testing/Organic Drum Kit/2 Snares/Snare - Organic - Snare (116).wav,Snare,Snare,0.748566,0.755906,Snare,/Volumes/Jack_Gandy_1TB_SSD/Samples 2021 ->/2026/Koan_Snare.wav,0.5358041981997942,1.0,possibly_one_shot,0.68,1134.1386963286984,0.1714586911018359,0.09495954519173515,0.0032585084403613813,acoustic_near_duplicate,class passed new-domain suggestion receipt; approval required,True,,,
13,/Volumes/Jack_Gandy_1TB_SSD/testing-for-NITE-DSP/sample_pack_testing/Mike Shinoda Drums/MS BEATS/Dance Rock Samples/Snare Gold 5.wav,/Volumes/Jack_Gandy_1TB_SSD/testing-for-NITE-DSP/sample_pack_testing/Mike Shinoda Drums/MS BEATS/Dance Rock Samples/Snare - Snare Gold 5.wav,Snare,Snare,0.818754,0.756333,Snare,/Volumes/Jack_Gandy_1TB_SSD/testing-for-NITE-DSP/sample_pack_testing/Sounds of KSHMR Vol.3/KSHMR_Drums/KSHMR_Snares/KSHMR_Tight_Snares/KSHMR_Tight_Snare_23_E.wav,0.6952890792669637,0.340125,possibly_one_shot,0.68,2901.141605849958,0.7381761944280866,0.11689689872428234,0.04889194211621325,exact_duplicate_canonical,class passed new-domain suggestion receipt; approval required,True,,,
14,/Volumes/Jack_Gandy_1TB_SSD/testing-for-NITE-DSP/sample_pack_testing/Organic Drum Kit/2 Snares/Organic - Snare (5).wav,/Volumes/Jack_Gandy_1TB_SSD/testing-for-NITE-DSP/sample_pack_testing/Organic Drum Kit/2 Snares/Snare - Organic - Snare (5).wav,Snare,Snare,0.817623,0.757681,Snare,/Volumes/Jack_Gandy_1TB_SSD/testing-for-NITE-DSP/sample_pack_testing/Mike Shinoda Drums/MS BEATS/maschine ms test 1 Samples/Snare Gold 7.wav,0.5327460995958966,0.6240625,possibly_one_shot,0.68,1815.5988152546463,0.4913499555576872,0.27657116533236586,0.05385742877322382,acoustic_near_duplicate,class passed new-domain suggestion receipt; approval required,True,,,
15,/Volumes/Jack_Gandy_1TB_SSD/testing-for-NITE-DSP/sample_pack_testing/Organic Drum Kit/Maschine Kits/Sun Tzu Kit Samples/Organic - Snare (5).wav,/Volumes/Jack_Gandy_1TB_SSD/testing-for-NITE-DSP/sample_pack_testing/Organic Drum Kit/Maschine Kits/Sun Tzu Kit Samples/Snare - Organic - Snare (5).wav,Snare,Snare,0.821054,0.759297,Snare,/Volumes/Jack_Gandy_1TB_SSD/testing-for-NITE-DSP/sample_pack_testing/Mike Shinoda Drums/MS BEATS/maschine ms test 1 Samples/Snare Gold 7.wav,0.5327460995958966,0.6240625,possibly_one_shot,0.68,1815.5988152546463,0.4913499555576872,0.27657116533236586,0.05385742877322382,acoustic_near_duplicate,class passed new-domain suggestion receipt; approval required,True,,,
16,/Volumes/Jack_Gandy_1TB_SSD/testing-for-NITE-DSP/sample_pack_testing/Mike Shinoda Drums/MS BEATS/Bowser Meat Samples/Snare EricSneo 3 V3.wav,/Volumes/Jack_Gandy_1TB_SSD/testing-for-NITE-DSP/sample_pack_testing/Mike Shinoda Drums/MS BEATS/Bowser Meat Samples/Snare - Snare EricSneo 3 V3.wav,Snare,Snare,0.78482,0.762962,Snare,/Volumes/Jack_Gandy_1TB_SSD/testing-for-NITE-DSP/sample_pack_testing/Mike Shinoda Drums/MS BEATS/Victory March Samples/Snare BigBusiness 1.wav,0.7818987458477498,0.2545,possibly_one_shot,0.68,3708.8176665741635,0.5089375293946479,0.3970432114012323,0.0,acoustic_near_duplicate;exact_duplicate_canonical,class passed new-domain suggestion receipt; approval required,True,,,
17,/Volumes/Jack_Gandy_1TB_SSD/testing-for-NITE-DSP/sample_pack_testing/Drum Recollection/Official Drum Kit Vol. 2/Kicks/Hard Rack Kick.wav,/Volumes/Jack_Gandy_1TB_SSD/testing-for-NITE-DSP/sample_pack_testing/Drum Recollection/Official Drum Kit Vol. 2/Kicks/Kick - Hard Rack Kick.wav,Kick,Kick,0.814212,0.763543,Kick,/Volumes/Jack_Gandy_1TB_SSD/testing-for-NITE-DSP/sample_pack_testing/Drum Recollection/New Wave Drum Kit Vol. 2/Kicks/Racky Kick.wav,0.8493570220211736,1.985625,mixed_or_uncertain_form,0.35,75.99909927893628,0.9793190022347021,1.5820400745770648e-05,0.0017550532232509283,acoustic_near_duplicate,class passed new-domain suggestion receipt; approval required,True,,,
18,/Volumes/Jack_Gandy_1TB_SSD/testing-for-NITE-DSP/sample_pack_testing/Mike Shinoda Drums/MS BEATS/Water Taxi Samples/B57-PiSh_01.L.wav,/Volumes/Jack_Gandy_1TB_SSD/testing-for-NITE-DSP/sample_pack_testing/Mike Shinoda Drums/MS BEATS/Water Taxi Samples/Kick - B57-PiSh_01.L.wav,Kick,,0.835341,0.763844,Kick,/Volumes/Jack_Gandy_1TB_SSD/testing-for-NITE-DSP/sample_pack_testing/Organic Drum Kit/1 Kicks/Organic - Kick (11).wav,0.630011553190927,1.1626875,mixed_or_uncertain_form,0.35,874.9398222686688,0.9859751605462036,0.00045983952102455306,0.21349906568882662,acoustic_near_duplicate;exact_duplicate_alias,class passed new-domain suggestion receipt; approval required,True,,,
19,/Volumes/Jack_Gandy_1TB_SSD/testing-for-NITE-DSP/sample_pack_testing/Mike Shinoda Drums/MS BEATS/Denver Samples/Snare EricSneo 3 V3.wav,/Volumes/Jack_Gandy_1TB_SSD/testing-for-NITE-DSP/sample_pack_testing/Mike Shinoda Drums/MS BEATS/Denver Samples/Snare - Snare EricSneo 3 V3.wav,Snare,Snare,0.785299,0.764,Snare,/Volumes/Jack_Gandy_1TB_SSD/testing-for-NITE-DSP/sample_pack_testing/Mike Shinoda Drums/MS BEATS/Victory March Samples/Snare BigBusiness 1.wav,0.7818987458477498,0.2545,possibly_one_shot,0.68,3708.8176665741635,0.5089375293946479,0.3970432114012323,0.0,acoustic_near_duplicate;exact_duplicate_alias,class passed new-domain suggestion receipt; approval required,True,,,
20,/Volumes/Jack_Gandy_1TB_SSD/testing-for-NITE-DSP/sample_pack_testing/Mike Shinoda Drums/MS BEATS/Invader Samples/Snare EricSneo 3 V3.wav,/Volumes/Jack_Gandy_1TB_SSD/testing-for-NITE-DSP/sample_pack_testing/Mike Shinoda Drums/MS BEATS/Invader Samples/Snare - Snare EricSneo 3 V3.wav,Snare,Snare,0.788139,0.765869,Snare,/Volumes/Jack_Gandy_1TB_SSD/testing-for-NITE-DSP/sample_pack_testing/Mike Shinoda Drums/MS BEATS/Victory March Samples/Snare BigBusiness 1.wav,0.7818987458477498,0.2545,possibly_one_shot,0.68,3708.8176665741635,0.5089375293946479,0.3970432114012323,0.0,acoustic_near_duplicate;exact_duplicate_alias,class passed new-domain suggestion receipt; approval required,True,,,
21,/Volumes/Jack_Gandy_1TB_SSD/testing-for-NITE-DSP/sample_pack_testing/Drum Recollection/Official Drum Kit Vol. 2/Kicks/I Hate Kicks Kick.wav,/Volumes/Jack_Gandy_1TB_SSD/testing-for-NITE-DSP/sample_pack_testing/Drum Recollection/Official Drum Kit Vol. 2/Kicks/Kick - I Hate Kicks Kick.wav,Kick,Kick,0.816327,0.766256,Kick,/Volumes/Jack_Gandy_1TB_SSD/testing-for-NITE-DSP/sample_pack_testing/Lex Luger Drumkit/Lex_Luger_Drumkit/LL_one_shots/LL_kick_pink_2.wav,0.6302008273989052,1.7451875,mixed_or_uncertain_form,0.35,23.398062484500844,0.9813422483146993,4.932277552984569e-06,0.0027179882390570976,acoustic_near_duplicate,class passed new-domain suggestion receipt; approval required,True,,,
22,/Volumes/Jack_Gandy_1TB_SSD/testing-for-NITE-DSP/sample_pack_testing/Drum Recollection/Official Drum Kit Vol. 2/Kicks/Owen Starlight Kick.wav,/Volumes/Jack_Gandy_1TB_SSD/testing-for-NITE-DSP/sample_pack_testing/Drum Recollection/Official Drum Kit Vol. 2/Kicks/Kick - Owen Starlight Kick.wav,Kick,Kick,0.823503,0.76755,Kick,/Volumes/Jack_Gandy_1TB_SSD/testing-for-NITE-DSP/sample_pack_testing/Drum Recollection/New Wave Drum Kit Vol. 2/Kicks/Racky Kick.wav,0.8745195588463902,1.2740625,possibly_one_shot,0.68,106.72287650889291,0.9795626584623341,1.361463728196129e-05,0.00419939047056627,acoustic_near_duplicate,class passed new-domain suggestion receipt; approval required,True,,,
23,/Volumes/Jack_Gandy_1TB_SSD/testing-for-NITE-DSP/sample_pack_testing/Drum Recollection/Essentials Drumkit Vol. 002/Kicks/Roland Cloud Kick.wav,/Volumes/Jack_Gandy_1TB_SSD/testing-for-NITE-DSP/sample_pack_testing/Drum Recollection/Essentials Drumkit Vol. 002/Kicks/Kick - Roland Cloud Kick.wav,Kick,Kick,0.820436,0.768073,Kick,/Volumes/Jack_Gandy_1TB_SSD/testing-for-NITE-DSP/sample_pack_testing/Lex Luger Drumkit/Lex_Luger_Drumkit/LL_one_shots/LL_kick_pink_2.wav,0.6423736011028575,1.8461875,mixed_or_uncertain_form,0.35,76.67697924547291,0.9784284091057506,2.5136791067178093e-05,0.0018482879033681337,acoustic_near_duplicate,class passed new-domain suggestion receipt; approval required,True,,,
24,/Volumes/Jack_Gandy_1TB_SSD/testing-for-NITE-DSP/sample_pack_testing/Mike Shinoda Drums/MPC 1000 Backup/Beat Bits 2/B57-PiSh_01.L.wav,/Volumes/Jack_Gandy_1TB_SSD/testing-for-NITE-DSP/sample_pack_testing/Mike Shinoda Drums/MPC 1000 Backup/Beat Bits 2/Kick - B57-PiSh_01.L.wav,Kick,,0.837723,0.770205,Kick,/Volumes/Jack_Gandy_1TB_SSD/testing-for-NITE-DSP/sample_pack_testing/Organic Drum Kit/1 Kicks/Organic - Kick (11).wav,0.630011553190927,1.1626875,mixed_or_uncertain_form,0.35,874.9398222686688,0.9859751605462036,0.00045983952102455306,0.21349906568882662,acoustic_near_duplicate;exact_duplicate_canonical,class passed new-domain suggestion receipt; approval required,True,,,
25,/Volumes/Jack_Gandy_1TB_SSD/testing-for-NITE-DSP/sample_pack_testing/Mike Shinoda Drums/MS BEATS/Vinyl Kit Samples/Snare EricSneo 3 V3.wav,/Volumes/Jack_Gandy_1TB_SSD/testing-for-NITE-DSP/sample_pack_testing/Mike Shinoda Drums/MS BEATS/Vinyl Kit Samples/Snare - Snare EricSneo 3 V3.wav,Snare,Snare,0.793989,0.770255,Snare,/Volumes/Jack_Gandy_1TB_SSD/testing-for-NITE-DSP/sample_pack_testing/Mike Shinoda Drums/MS BEATS/Victory March Samples/Snare BigBusiness 1.wav,0.7818987458477498,0.2545,possibly_one_shot,0.68,3708.8176665741635,0.5089375293946479,0.3970432114012323,0.0,acoustic_near_duplicate;exact_duplicate_alias,class passed new-domain suggestion receipt; approval required,True,,,
26,/Volumes/Jack_Gandy_1TB_SSD/testing-for-NITE-DSP/sample_pack_testing/Drum Recollection/Essentials Drum Kit Vol. 001/Kicks/Turn That Velocity Up.wav,/Volumes/Jack_Gandy_1TB_SSD/testing-for-NITE-DSP/sample_pack_testing/Drum Recollection/Essentials Drum Kit Vol. 001/Kicks/Kick - Turn That Velocity Up.wav,Kick,,0.828825,0.77381,Kick,/Volumes/Jack_Gandy_1TB_SSD/testing-for-NITE-DSP/sample_pack_testing/Lex Luger Drumkit/Lex_Luger_Drumkit/LL_one_shots/LL_kick_pink_2.wav,0.614800551809123,1.8461875,mixed_or_uncertain_form,0.35,72.06253771054678,0.9815670651070437,5.647081081506445e-06,0.0021452558258087907,acoustic_near_duplicate,class passed new-domain suggestion receipt; approval required,True,,,
27,/Volumes/Jack_Gandy_1TB_SSD/testing-for-NITE-DSP/sample_pack_testing/Sounds of KSHMR Vol.3/KSHMR_Drums/KSHMR_Kicks/KSHMR_Signature_Kicks/KSHMR_Signature_Kick_01_Back_To_Me_C.wav,/Volumes/Jack_Gandy_1TB_SSD/testing-for-NITE-DSP/sample_pack_testing/Sounds of KSHMR Vol.3/KSHMR_Drums/KSHMR_Kicks/KSHMR_Signature_Kicks/Kick - KSHMR_Signature_Kick_01_Back_To_Me_C.wav,Kick,Kick,0.81838,0.778965,Kick,/Volumes/Jack_Gandy_1TB_SSD/testing-for-NITE-DSP/sample_pack_testing/Mike Shinoda Drums/MS BEATS/Auckland2013 Samples/Kick Gamsay 2.wav,0.8110460214537852,0.4688125,possibly_one_shot,0.68,561.963765584424,0.9791974840192115,0.005380369604800573,0.07803840874540854,acoustic_near_duplicate,class passed new-domain suggestion receipt; approval required,True,,,
28,/Volumes/Jack_Gandy_1TB_SSD/testing-for-NITE-DSP/sample_pack_testing/Mike Shinoda Drums/MPC 1000 Backup/NEPTUNES SAMPLES/KIK lo serious.wav,/Volumes/Jack_Gandy_1TB_SSD/testing-for-NITE-DSP/sample_pack_testing/Mike Shinoda Drums/MPC 1000 Backup/NEPTUNES SAMPLES/Kick - KIK lo serious.wav,Kick,Kick,0.840883,0.779384,Kick,/Volumes/Jack_Gandy_1TB_SSD/testing-for-NITE-DSP/sample_pack_testing/Organic Drum Kit/1 Kicks/Organic - Kick (104).wav,0.6554664988957686,0.2963125,possibly_one_shot,0.68,727.5831133181218,0.9505285358495551,4.322229700375301e-05,0.0,acoustic_near_duplicate;exact_duplicate_canonical,class passed new-domain suggestion receipt; approval required,True,,,
29,/Volumes/Jack_Gandy_1TB_SSD/testing-for-NITE-DSP/sample_pack_testing/Mike Shinoda Drums/MPC 1000 Backup/neptunes/KIK lo serious.wav,/Volumes/Jack_Gandy_1TB_SSD/testing-for-NITE-DSP/sample_pack_testing/Mike Shinoda Drums/MPC 1000 Backup/neptunes/Kick - KIK lo serious.wav,Kick,Kick,0.840883,0.779384,Kick,/Volumes/Jack_Gandy_1TB_SSD/testing-for-NITE-DSP/sample_pack_testing/Organic Drum Kit/1 Kicks/Organic - Kick (104).wav,0.6554664988957686,0.2963125,possibly_one_shot,0.68,727.5831133181218,0.9505285358495551,4.322229700375301e-05,0.0,acoustic_near_duplicate;exact_duplicate_alias,class passed new-domain suggestion receipt; approval required,True,,,
30,/Volumes/Jack_Gandy_1TB_SSD/testing-for-NITE-DSP/sample_pack_testing/MGF Mega Pack/Analogue Collection/Perc/SP Kicky7.wav,/Volumes/Jack_Gandy_1TB_SSD/testing-for-NITE-DSP/sample_pack_testing/MGF Mega Pack/Analogue Collection/Perc/Kick - SP Kicky7.wav,Kick,,0.83698,0.780003,Kick,/Volumes/Jack_Gandy_1TB_SSD/testing-for-NITE-DSP/sample_pack_testing/Minimal Audio/REFLECT/1 - Drums/2 - Kick /Kick - Topaz.wav,0.5862682379549194,0.3750625,possibly_one_shot,0.68,443.8551772996271,0.8030837960824541,0.036793501773086046,0.01712608828063559,acoustic_near_duplicate,class passed new-domain suggestion receipt; approval required,True,,,
31,/Volumes/Jack_Gandy_1TB_SSD/testing-for-NITE-DSP/sample_pack_testing/Mike Shinoda Drums/MS BEATS/Gadd9 Drums Samples/Snare IrieMun.wav,/Volumes/Jack_Gandy_1TB_SSD/testing-for-NITE-DSP/sample_pack_testing/Mike Shinoda Drums/MS BEATS/Gadd9 Drums Samples/Snare - Snare IrieMun.wav,Snare,Snare,0.773264,0.785595,Snare,/Volumes/Jack_Gandy_1TB_SSD/testing-for-NITE-DSP/sample_pack_testing/Mike Shinoda Drums/MS BEATS/Victory March Samples/Snare BigBusiness 1.wav,0.7400654014619613,0.2725625,possibly_one_shot,0.68,3447.6133348102676,0.11747612405926178,0.6924110656997552,0.0,exact_duplicate_canonical,class passed new-domain suggestion receipt; approval required,True,,,
32,/Volumes/Jack_Gandy_1TB_SSD/testing-for-NITE-DSP/sample_pack_testing/Mike Shinoda Drums/MS BEATS/RECHARGE THEME 1 Samples/BD_AlienAnalog008.wav,/Volumes/Jack_Gandy_1TB_SSD/testing-for-NITE-DSP/sample_pack_testing/Mike Shinoda Drums/MS BEATS/RECHARGE THEME 1 Samples/Kick - BD_AlienAnalog008.wav,Kick,Kick,0.818934,0.786246,Kick,/Volumes/Jack_Gandy_1TB_SSD/Samples 2021 ->/Sample Packs/Loaded Samples - Lo-Fi Memphis 2/DRUMS/Kicks & 808s/LFM2_Kick 909 Punch (1) (G).wav,0.7515557228918314,0.5328125,possibly_one_shot,0.68,123.26258590572861,0.9937044103553565,1.896561159775791e-05,0.09082886555293644,exact_duplicate_canonical,class passed new-domain suggestion receipt; approval required,True,,,
33,/Volumes/Jack_Gandy_1TB_SSD/testing-for-NITE-DSP/sample_pack_testing/MGF Mega Pack/Misc + Found Sound/Abstract Hits/MGF-DigiHits-53.wav,/Volumes/Jack_Gandy_1TB_SSD/testing-for-NITE-DSP/sample_pack_testing/MGF Mega Pack/Misc + Found Sound/Abstract Hits/Kick - MGF-DigiHits-53.wav,Kick,,0.83898,0.787044,Kick,/Volumes/Jack_Gandy_1TB_SSD/Samples 2021 ->/Sample Packs/Loaded Samples - Lo-Fi Memphis 2/DRUMS/Kicks & 808s/LFM2_Kick 909 Punch (1) (G).wav,0.694410387804827,0.3750625,possibly_one_shot,0.68,443.85564383061677,0.803083849271979,0.03679350007050354,0.017125383065329187,acoustic_near_duplicate,class passed new-domain suggestion receipt; approval required,True,,,
34,/Volumes/Jack_Gandy_1TB_SSD/testing-for-NITE-DSP/sample_pack_testing/Organic Drum Kit/Maschine Kits/Jungle Thump Kit Samples/Organic - Snare (24).wav,/Volumes/Jack_Gandy_1TB_SSD/testing-for-NITE-DSP/sample_pack_testing/Organic Drum Kit/Maschine Kits/Jungle Thump Kit Samples/Snare - Organic - Snare (24).wav,Snare,Snare,0.837845,0.788482,Snare,/Volumes/Jack_Gandy_1TB_SSD/testing-for-NITE-DSP/sample_pack_testing/Black Octopus Sound - Pure Analog Sweeps IV (2021)/Xtra One Shots/Diamaudix_Audio_PAS_IV_Snare_03.wav,0.6554861941266149,1.1009375,possibly_one_shot,0.68,1489.2703523095897,0.750473982287534,0.10220764066006868,0.0032312797959498946,acoustic_near_duplicate,class passed new-domain suggestion receipt; approval required,True,,,
35,/Volumes/Jack_Gandy_1TB_SSD/testing-for-NITE-DSP/sample_pack_testing/Mike Shinoda Drums/MPC 1000 Backup/DRE SAMPLES/KIK_MPS.wav,/Volumes/Jack_Gandy_1TB_SSD/testing-for-NITE-DSP/sample_pack_testing/Mike Shinoda Drums/MPC 1000 Backup/DRE SAMPLES/Kick - KIK_MPS.wav,Kick,Kick,0.85323,0.789072,Kick,/Volumes/Jack_Gandy_1TB_SSD/Samples 2021 ->/Sample Packs/Loaded Samples - Lo-Fi Memphis 2/DRUMS/Kicks & 808s/LFM2_Kick 909 Punch (1) (G).wav,0.6531068401002772,0.4814375,possibly_one_shot,0.68,1301.4885974139502,0.9962638589590316,1.4506273994187791e-06,0.05203355353306681,acoustic_near_duplicate,class passed new-domain suggestion receipt; approval required,True,,,
36,/Volumes/Jack_Gandy_1TB_SSD/testing-for-NITE-DSP/sample_pack_testing/Mike Shinoda Drums/MPC 1000 Backup/DRE SAMPLES/KIK_BLP.wav,/Volumes/Jack_Gandy_1TB_SSD/testing-for-NITE-DSP/sample_pack_testing/Mike Shinoda Drums/MPC 1000 Backup/DRE SAMPLES/Kick - KIK_BLP.wav,Kick,Kick,0.839266,0.789344,Kick,/Volumes/Jack_Gandy_1TB_SSD/Samples 2021 ->/Sample Packs/Loaded Samples - Lo-Fi Memphis 2/DRUMS/Kicks & 808s/LFM2_Kick 909 Punch (1) (G).wav,0.6658610798694261,0.4431875,possibly_one_shot,0.68,1240.6822930056164,0.9960587116828905,9.479597869987409e-07,0.04681990975938751,acoustic_near_duplicate,class passed new-domain suggestion receipt; approval required,True,,,
37,/Volumes/Jack_Gandy_1TB_SSD/testing-for-NITE-DSP/sample_pack_testing/Mike Shinoda Drums/MPC 1000 Backup/Beat Bits 2/B54-PiSh_01.L.wav,/Volumes/Jack_Gandy_1TB_SSD/testing-for-NITE-DSP/sample_pack_testing/Mike Shinoda Drums/MPC 1000 Backup/Beat Bits 2/Kick - B54-PiSh_01.L.wav,Kick,,0.857669,0.790339,Kick,/Volumes/Jack_Gandy_1TB_SSD/Samples 2021 ->/Sample Packs/Loaded Samples - Lo-Fi Memphis 2/DRUMS/Kicks & 808s/LFM2_Kick 909 Punch (1) (G).wav,0.6256217464657126,1.1413125,mixed_or_uncertain_form,0.35,882.6489783842851,0.9919091848119237,0.00021646607148131892,0.04653303639991056,acoustic_near_duplicate;exact_duplicate_canonical,class passed new-domain suggestion receipt; approval required,True,,,
38,/Volumes/Jack_Gandy_1TB_SSD/testing-for-NITE-DSP/sample_pack_testing/Mike Shinoda Drums/MS BEATS/Water Taxi Samples/B54-PiSh_01.L.wav,/Volumes/Jack_Gandy_1TB_SSD/testing-for-NITE-DSP/sample_pack_testing/Mike Shinoda Drums/MS BEATS/Water Taxi Samples/Kick - B54-PiSh_01.L.wav,Kick,,0.858535,0.79115,Kick,/Volumes/Jack_Gandy_1TB_SSD/Samples 2021 ->/Sample Packs/Loaded Samples - Lo-Fi Memphis 2/DRUMS/Kicks & 808s/LFM2_Kick 909 Punch (1) (G).wav,0.6256217464657126,1.1413125,mixed_or_uncertain_form,0.35,882.6489783842851,0.9919091848119237,0.00021646607148131892,0.04653303639991056,acoustic_near_duplicate;exact_duplicate_alias,class passed new-domain suggestion receipt; approval required,True,,,
39,/Volumes/Jack_Gandy_1TB_SSD/testing-for-NITE-DSP/sample_pack_testing/Mike Shinoda Drums/MS BEATS/Recharged Samples/BD_AlienAnalog008.wav,/Volumes/Jack_Gandy_1TB_SSD/testing-for-NITE-DSP/sample_pack_testing/Mike Shinoda Drums/MS BEATS/Recharged Samples/Kick - BD_AlienAnalog008.wav,Kick,Kick,0.818454,0.79687,Kick,/Volumes/Jack_Gandy_1TB_SSD/Samples 2021 ->/Sample Packs/Mike Shinoda Drums/MPC 1000 Backup/Beat Bits 3/808_lng_.wav,0.721998604604764,0.5328125,possibly_one_shot,0.68,123.26258590572861,0.9937044103553565,1.896561159775791e-05,0.09082886555293644,exact_duplicate_alias,class passed new-domain suggestion receipt; approval required,True,,,
40,/Volumes/Jack_Gandy_1TB_SSD/testing-for-NITE-DSP/sample_pack_testing/Mike Shinoda Drums/MS BEATS/Invader Samples/Kick Bionic 2.wav,/Volumes/Jack_Gandy_1TB_SSD/testing-for-NITE-DSP/sample_pack_testing/Mike Shinoda Drums/MS BEATS/Invader Samples/Kick - Kick Bionic 2.wav,Kick,Kick,0.851783,0.798582,Kick,/Volumes/Jack_Gandy_1TB_SSD/Samples 2021 ->/Sample Packs/Loaded Samples - Lo-Fi Memphis 2/DRUMS/Kicks & 808s/LFM2_Kick 909 Punch (1) (G).wav,0.8038119318393674,0.3490625,possibly_one_shot,0.68,426.63876307602555,0.9800291338015238,0.0019082601302319749,0.0216249548092101,acoustic_near_duplicate;exact_duplicate_alias,class passed new-domain suggestion receipt; approval required,True,,,
41,/Volumes/Jack_Gandy_1TB_SSD/testing-for-NITE-DSP/sample_pack_testing/Organic Drum Kit/Maschine Kits/Domination Kit Samples/Organic - Kick (126).wav,/Volumes/Jack_Gandy_1TB_SSD/testing-for-NITE-DSP/sample_pack_testing/Organic Drum Kit/Maschine Kits/Domination Kit Samples/Kick - Organic - Kick (126).wav,Kick,Kick,0.847086,0.800563,Kick,/Volumes/Jack_Gandy_1TB_SSD/testing-for-NITE-DSP/sample_pack_testing/Organic Drum Kit/1 Kicks/Organic - Kick (10).wav,0.7698126664759438,1.1344375,mixed_or_uncertain_form,0.35,326.24609670599716,0.9855178327586234,0.0001429553748266873,0.12118138056467591,acoustic_near_duplicate,class passed new-domain suggestion receipt; approval required,True,,,
42,/Volumes/Jack_Gandy_1TB_SSD/testing-for-NITE-DSP/sample_pack_testing/Mike Shinoda Drums/MS BEATS/Denver Samples/Kick Bionic 2.wav,/Volumes/Jack_Gandy_1TB_SSD/testing-for-NITE-DSP/sample_pack_testing/Mike Shinoda Drums/MS BEATS/Denver Samples/Kick - Kick Bionic 2.wav,Kick,Kick,0.852934,0.800721,Kick,/Volumes/Jack_Gandy_1TB_SSD/Samples 2021 ->/Sample Packs/Loaded Samples - Lo-Fi Memphis 2/DRUMS/Kicks & 808s/LFM2_Kick 909 Punch (1) (G).wav,0.8038119318393674,0.3490625,possibly_one_shot,0.68,426.63876307602555,0.9800291338015238,0.0019082601302319749,0.0216249548092101,acoustic_near_duplicate;exact_duplicate_canonical,class passed new-domain suggestion receipt; approval required,True,,,
43,/Volumes/Jack_Gandy_1TB_SSD/testing-for-NITE-DSP/sample_pack_testing/Organic Drum Kit/1 Kicks/Organic - Kick (126).wav,/Volumes/Jack_Gandy_1TB_SSD/testing-for-NITE-DSP/sample_pack_testing/Organic Drum Kit/1 Kicks/Kick - Organic - Kick (126).wav,Kick,Kick,0.851172,0.800949,Kick,/Volumes/Jack_Gandy_1TB_SSD/testing-for-NITE-DSP/sample_pack_testing/Organic Drum Kit/1 Kicks/Organic - Kick (10).wav,0.7698126664759438,1.1344375,mixed_or_uncertain_form,0.35,326.24609670599716,0.9855178327586234,0.0001429553748266873,0.12118138056467591,acoustic_near_duplicate,class passed new-domain suggestion receipt; approval required,True,,,
44,/Volumes/Jack_Gandy_1TB_SSD/testing-for-NITE-DSP/sample_pack_testing/Organic Drum Kit/2 Snares/Organic - Snare (24).wav,/Volumes/Jack_Gandy_1TB_SSD/testing-for-NITE-DSP/sample_pack_testing/Organic Drum Kit/2 Snares/Snare - Organic - Snare (24).wav,Snare,Snare,0.842799,0.801214,Snare,/Volumes/Jack_Gandy_1TB_SSD/testing-for-NITE-DSP/sample_pack_testing/Organic Drum Kit/Maschine Kits/Jungle Thump Kit Samples/Organic - Snare (24).wav,1.0,1.1009375,possibly_one_shot,0.68,1489.2703523095897,0.750473982287534,0.10220764066006868,0.0032312797959498946,acoustic_near_duplicate,class passed new-domain suggestion receipt; approval required,True,,,
45,/Volumes/Jack_Gandy_1TB_SSD/testing-for-NITE-DSP/sample_pack_testing/Mike Shinoda Drums/MS BEATS/Gyoza Samples/Kick 909 6.wav,/Volumes/Jack_Gandy_1TB_SSD/testing-for-NITE-DSP/sample_pack_testing/Mike Shinoda Drums/MS BEATS/Gyoza Samples/Kick - Kick 909 6.wav,Kick,Kick,0.823409,0.80504,Kick,/Volumes/Jack_Gandy_1TB_SSD/Samples 2021 ->/Sample Packs/Loaded Samples - Lo-Fi Memphis 2/DRUMS/Kicks & 808s/LFM2_Kick 909 Punch (1) (G).wav,0.761038714613486,0.229875,possibly_one_shot,0.68,199.5551921921087,0.9949125995148513,9.55297170058305e-05,0.0,acoustic_near_duplicate;exact_duplicate_alias,class passed new-domain suggestion receipt; approval required,True,,,
46,/Volumes/Jack_Gandy_1TB_SSD/testing-for-NITE-DSP/sample_pack_testing/Mike Shinoda Drums/MS BEATS/Vinyl Kit Samples/Kick Bionic 2.wav,/Volumes/Jack_Gandy_1TB_SSD/testing-for-NITE-DSP/sample_pack_testing/Mike Shinoda Drums/MS BEATS/Vinyl Kit Samples/Kick - Kick Bionic 2.wav,Kick,Kick,0.856712,0.80598,Kick,/Volumes/Jack_Gandy_1TB_SSD/Samples 2021 ->/Sample Packs/Loaded Samples - Lo-Fi Memphis 2/DRUMS/Kicks & 808s/LFM2_Kick 909 Punch (1) (G).wav,0.8038119318393674,0.3490625,possibly_one_shot,0.68,426.63876307602555,0.9800291338015238,0.0019082601302319749,0.0216249548092101,acoustic_near_duplicate;exact_duplicate_alias,class passed new-domain suggestion receipt; approval required,True,,,
47,/Volumes/Jack_Gandy_1TB_SSD/testing-for-NITE-DSP/sample_pack_testing/Sounds of KSHMR Vol.3/KSHMR_Drums/KSHMR_Kicks/KSHMR_Punchy_Kicks/KSHMR_Punchy_Kick_33_G.wav,/Volumes/Jack_Gandy_1TB_SSD/testing-for-NITE-DSP/sample_pack_testing/Sounds of KSHMR Vol.3/KSHMR_Drums/KSHMR_Kicks/KSHMR_Punchy_Kicks/Kick - KSHMR_Punchy_Kick_33_G.wav,Kick,Kick,0.845915,0.806689,Kick,/Volumes/Jack_Gandy_1TB_SSD/testing-for-NITE-DSP/sample_pack_testing/Mike Shinoda Drums/MS BEATS/Auckland2013 Samples/Kick Gamsay 2.wav,0.7408884074560457,0.3,possibly_one_shot,0.68,382.61498325943614,0.9786604162062187,0.005413104093145878,0.07263113542345025,acoustic_near_duplicate,class passed new-domain suggestion receipt; approval required,True,,,
48,/Volumes/Jack_Gandy_1TB_SSD/testing-for-NITE-DSP/sample_pack_testing/Mike Shinoda Drums/MS BEATS/Gadd9 Drums Samples/Kick 909 6.wav,/Volumes/Jack_Gandy_1TB_SSD/testing-for-NITE-DSP/sample_pack_testing/Mike Shinoda Drums/MS BEATS/Gadd9 Drums Samples/Kick - Kick 909 6.wav,Kick,Kick,0.831933,0.807802,Kick,/Volumes/Jack_Gandy_1TB_SSD/Samples 2021 ->/Sample Packs/Loaded Samples - Lo-Fi Memphis 2/DRUMS/Kicks & 808s/LFM2_Kick 909 Punch (1) (G).wav,0.761038714613486,0.229875,possibly_one_shot,0.68,199.5551921921087,0.9949125995148513,9.55297170058305e-05,0.0,acoustic_near_duplicate;exact_duplicate_canonical,class passed new-domain suggestion receipt; approval required,True,,,
49,/Volumes/Jack_Gandy_1TB_SSD/testing-for-NITE-DSP/sample_pack_testing/Mike Shinoda Drums/MS BEATS/Andes Samples/Kick AllOver 2.wav,/Volumes/Jack_Gandy_1TB_SSD/testing-for-NITE-DSP/sample_pack_testing/Mike Shinoda Drums/MS BEATS/Andes Samples/Kick - Kick AllOver 2.wav,Kick,Kick,0.862922,0.812968,Kick,/Volumes/Jack_Gandy_1TB_SSD/testing-for-NITE-DSP/sample_pack_testing/Organic Drum Kit/1 Kicks/Organic - Kick (10).wav,0.722783795592319,0.309125,possibly_one_shot,0.68,217.33853289268677,0.9871731941103686,0.0003992459632082283,0.04720291672904148,exact_duplicate_alias,class passed new-domain suggestion receipt; approval required,True,,,
50,/Volumes/Jack_Gandy_1TB_SSD/testing-for-NITE-DSP/sample_pack_testing/Organic Drum Kit/1 Kicks/Organic - Kick (142).wav,/Volumes/Jack_Gandy_1TB_SSD/testing-for-NITE-DSP/sample_pack_testing/Organic Drum Kit/1 Kicks/Kick - Organic - Kick (142).wav,Kick,Kick,0.859822,0.825341,Kick,/Volumes/Jack_Gandy_1TB_SSD/testing-for-NITE-DSP/sample_pack_testing/Organic Drum Kit/1 Kicks/Organic - Kick (104).wav,0.6411614565631255,1.0,possibly_one_shot,0.68,171.44517785334313,0.9830646457107881,8.941390095892439e-06,0.003808459585271429,acoustic_near_duplicate,class passed new-domain suggestion receipt; approval required,True,,,
51,/Volumes/Jack_Gandy_1TB_SSD/testing-for-NITE-DSP/sample_pack_testing/Organic Drum Kit/Maschine Kits/Deep Impact Kit Samples/Organic - Kick (142).wav,/Volumes/Jack_Gandy_1TB_SSD/testing-for-NITE-DSP/sample_pack_testing/Organic Drum Kit/Maschine Kits/Deep Impact Kit Samples/Kick - Organic - Kick (142).wav,Kick,Kick,0.862123,0.826755,Kick,/Volumes/Jack_Gandy_1TB_SSD/testing-for-NITE-DSP/sample_pack_testing/Organic Drum Kit/1 Kicks/Organic - Kick (104).wav,0.6411614565631255,1.0,possibly_one_shot,0.68,171.44517785334313,0.9830646457107881,8.941390095892439e-06,0.003808459585271429,acoustic_near_duplicate,class passed new-domain suggestion receipt; approval required,True,,,
52,/Volumes/Jack_Gandy_1TB_SSD/testing-for-NITE-DSP/sample_pack_testing/Mike Shinoda Drums/MS BEATS/Aerial Samples/Kick AllOver 2.wav,/Volumes/Jack_Gandy_1TB_SSD/testing-for-NITE-DSP/sample_pack_testing/Mike Shinoda Drums/MS BEATS/Aerial Samples/Kick - Kick AllOver 2.wav,Kick,Kick,0.866638,0.831642,Kick,/Volumes/Jack_Gandy_1TB_SSD/testing-for-NITE-DSP/sample_pack_testing/Organic Drum Kit/1 Kicks/Organic - Kick (10).wav,0.722783795592319,0.309125,possibly_one_shot,0.68,217.33853289268677,0.9871731941103686,0.0003992459632082283,0.04720291672904148,exact_duplicate_canonical,class passed new-domain suggestion receipt; approval required,True,,,
53,/Volumes/Jack_Gandy_1TB_SSD/testing-for-NITE-DSP/sample_pack_testing/Mike Shinoda Drums/MS BEATS/Denver Samples/Kick AwakeArise 1.wav,/Volumes/Jack_Gandy_1TB_SSD/testing-for-NITE-DSP/sample_pack_testing/Mike Shinoda Drums/MS BEATS/Denver Samples/Kick - Kick AwakeArise 1.wav,Kick,Kick,0.873238,0.838024,Kick,/Volumes/Jack_Gandy_1TB_SSD/testing-for-NITE-DSP/sample_pack_testing/Organic Drum Kit/1 Kicks/Organic - Kick (104).wav,0.6768117084517562,0.193375,possibly_one_shot,0.68,315.23790308204536,0.9926610073019503,0.00024583070716659644,0.0,acoustic_near_duplicate;exact_duplicate_canonical,class passed new-domain suggestion receipt; approval required,True,,,
54,/Volumes/Jack_Gandy_1TB_SSD/testing-for-NITE-DSP/sample_pack_testing/Mike Shinoda Drums/MS BEATS/Invader Samples/Kick AwakeArise 1.wav,/Volumes/Jack_Gandy_1TB_SSD/testing-for-NITE-DSP/sample_pack_testing/Mike Shinoda Drums/MS BEATS/Invader Samples/Kick - Kick AwakeArise 1.wav,Kick,Kick,0.873239,0.838516,Kick,/Volumes/Jack_Gandy_1TB_SSD/testing-for-NITE-DSP/sample_pack_testing/Organic Drum Kit/1 Kicks/Organic - Kick (104).wav,0.6768117084517562,0.193375,possibly_one_shot,0.68,315.23790308204536,0.9926610073019503,0.00024583070716659644,0.0,acoustic_near_duplicate;exact_duplicate_alias,class passed new-domain suggestion receipt; approval required,True,,,
55,/Volumes/Jack_Gandy_1TB_SSD/testing-for-NITE-DSP/sample_pack_testing/Mike Shinoda Drums/MS BEATS/Vinyl Kit Samples/Kick AwakeArise 1.wav,/Volumes/Jack_Gandy_1TB_SSD/testing-for-NITE-DSP/sample_pack_testing/Mike Shinoda Drums/MS BEATS/Vinyl Kit Samples/Kick - Kick AwakeArise 1.wav,Kick,Kick,0.87408,0.838838,Kick,/Volumes/Jack_Gandy_1TB_SSD/testing-for-NITE-DSP/sample_pack_testing/Organic Drum Kit/1 Kicks/Organic - Kick (104).wav,0.6768117084517562,0.193375,possibly_one_shot,0.68,315.23790308204536,0.9926610073019503,0.00024583070716659644,0.0,acoustic_near_duplicate;exact_duplicate_alias,class passed new-domain suggestion receipt; approval required,True,,,
56,/Volumes/Jack_Gandy_1TB_SSD/testing-for-NITE-DSP/sample_pack_testing/Mike Shinoda Drums/MS BEATS/Luna FOR PRINT Samples/Kick 909 5.wav,/Volumes/Jack_Gandy_1TB_SSD/testing-for-NITE-DSP/sample_pack_testing/Mike Shinoda Drums/MS BEATS/Luna FOR PRINT Samples/Kick - Kick 909 5.wav,Kick,Kick,0.885607,0.860455,Kick,/Volumes/Jack_Gandy_1TB_SSD/Samples 2021 ->/Sample Packs/Loaded Samples - Lo-Fi Memphis 2/DRUMS/Kicks & 808s/LFM2_Kick 909 Punch (1) (G).wav,0.6822477463996759,0.23075,possibly_one_shot,0.68,198.05592398413748,0.9908565606405864,8.959499515067947e-05,0.0,acoustic_near_duplicate;exact_duplicate_canonical,class passed new-domain suggestion receipt; approval required,True,,,
57,/Volumes/Jack_Gandy_1TB_SSD/testing-for-NITE-DSP/sample_pack_testing/Mike Shinoda Drums/MS BEATS/Luna Samples/Kick 909 5.wav,/Volumes/Jack_Gandy_1TB_SSD/testing-for-NITE-DSP/sample_pack_testing/Mike Shinoda Drums/MS BEATS/Luna Samples/Kick - Kick 909 5.wav,Kick,Kick,0.885607,0.860455,Kick,/Volumes/Jack_Gandy_1TB_SSD/Samples 2021 ->/Sample Packs/Loaded Samples - Lo-Fi Memphis 2/DRUMS/Kicks & 808s/LFM2_Kick 909 Punch (1) (G).wav,0.6822477463996759,0.23075,possibly_one_shot,0.68,198.05592398413748,0.9908565606405864,8.959499515067947e-05,0.0,acoustic_near_duplicate;exact_duplicate_alias,class passed new-domain suggestion receipt; approval required,True,,,
58,/Volumes/Jack_Gandy_1TB_SSD/testing-for-NITE-DSP/sample_pack_testing/Mike Shinoda Drums/MS BEATS/Luna2 Samples/Kick 909 5.wav,/Volumes/Jack_Gandy_1TB_SSD/testing-for-NITE-DSP/sample_pack_testing/Mike Shinoda Drums/MS BEATS/Luna2 Samples/Kick - Kick 909 5.wav,Kick,Kick,0.885378,0.861155,Kick,/Volumes/Jack_Gandy_1TB_SSD/Samples 2021 ->/Sample Packs/Loaded Samples - Lo-Fi Memphis 2/DRUMS/Kicks & 808s/LFM2_Kick 909 Punch (1) (G).wav,0.6822477463996759,0.23075,possibly_one_shot,0.68,198.05592398413748,0.9908565606405864,8.959499515067947e-05,0.0,acoustic_near_duplicate;exact_duplicate_alias,class passed new-domain suggestion receipt; approval required,True,,,
59,/Volumes/Jack_Gandy_1TB_SSD/testing-for-NITE-DSP/sample_pack_testing/Sounds of KSHMR Vol.3/KSHMR_Drums/KSHMR_Snares/KSHMR_Hard_Snares/KSHMR_Hard_Snare_03_D#.wav,/Volumes/Jack_Gandy_1TB_SSD/testing-for-NITE-DSP/sample_pack_testing/Sounds of KSHMR Vol.3/KSHMR_Drums/KSHMR_Snares/KSHMR_Hard_Snares/Snare - KSHMR_Hard_Snare_03_D#.wav,Snare,Snare,0.716433,0.731559,Snare,/Volumes/Jack_Gandy_1TB_SSD/testing-for-NITE-DSP/sample_pack_testing/Black Octopus Sound - Pure Analog Sweeps IV (2021)/Xtra One Shots/Diamaudix_Audio_PAS_IV_Snare_03.wav,0.6577988251116268,0.252125,possibly_one_shot,0.68,3237.345926301725,0.3943750623893844,0.3709896460854467,0.0,,class passed new-domain suggestion receipt; approval required,True,,,
60,/Volumes/Jack_Gandy_1TB_SSD/testing-for-NITE-DSP/sample_pack_testing/Mike Shinoda Drums/MS BEATS/Auckland2013 Samples/Snare Ame 1.wav,/Volumes/Jack_Gandy_1TB_SSD/testing-for-NITE-DSP/sample_pack_testing/Mike Shinoda Drums/MS BEATS/Auckland2013 Samples/Snare - Snare Ame 1.wav,Snare,Snare,0.621529,0.732042,Snare,/Volumes/Jack_Gandy_1TB_SSD/testing-for-NITE-DSP/sample_pack_testing/Sounds of KSHMR Vol.3/KSHMR_Drums/KSHMR_Snares/KSHMR_Tight_Snares/KSHMR_Tight_Snare_14_C#.wav,0.7522363473767074,0.21,possibly_one_shot,0.68,3161.331399210731,0.6885953440745427,0.17765877484337564,0.0,,class passed new-domain suggestion receipt; approval required,True,,,
61,/Volumes/Jack_Gandy_1TB_SSD/testing-for-NITE-DSP/sample_pack_testing/Loaded Samples - Lo-Fi Memphis 2/DRUMS/Snares/LFM2_Snare Rocket (1).wav,/Volumes/Jack_Gandy_1TB_SSD/testing-for-NITE-DSP/sample_pack_testing/Loaded Samples - Lo-Fi Memphis 2/DRUMS/Snares/Snare - LFM2_Snare Rocket (1).wav,Snare,Snare,0.741937,0.732462,Snare,/Volumes/Jack_Gandy_1TB_SSD/Samples 2021 ->/2026/Koan_Snare.wav,0.5468570255361962,0.3855,mixed_or_uncertain_form,0.35,3139.3448232350556,0.05094303525398774,0.2927413759767069,0.11985636362613711,,class passed new-domain suggestion receipt; approval required,True,,,
62,/Volumes/Jack_Gandy_1TB_SSD/testing-for-NITE-DSP/sample_pack_testing/Just Jared - OP1 Drums/Kicks/Just Jared - OP1 Drums Kick 8.wav,/Volumes/Jack_Gandy_1TB_SSD/testing-for-NITE-DSP/sample_pack_testing/Just Jared - OP1 Drums/Kicks/Kick - Just Jared - OP1 Drums Kick 8.wav,Kick,Kick,0.815536,0.73294,Kick,/Volumes/Jack_Gandy_1TB_SSD/testing-for-NITE-DSP/sample_pack_testing/Organic Drum Kit/1 Kicks/Organic - Kick (104).wav,0.772126870141321,0.30275,possibly_one_shot,0.68,962.0639491628472,0.9774934684045441,9.480585812404858e-05,0.08728295423946532,,class passed new-domain suggestion receipt; approval required,True,,,
63,/Volumes/Jack_Gandy_1TB_SSD/testing-for-NITE-DSP/sample_pack_testing/Drum Recollection/Official Drum Kit Vol. 1/Snares/Night Light Snare .wav,/Volumes/Jack_Gandy_1TB_SSD/testing-for-NITE-DSP/sample_pack_testing/Drum Recollection/Official Drum Kit Vol. 1/Snares/Snare - Night Light Snare .wav,Snare,Snare,0.686252,0.73392,Snare,/Volumes/Jack_Gandy_1TB_SSD/testing-for-NITE-DSP/sample_pack_testing/Lex Luger Drumkit/Lex_Luger_Drumkit/LL_one_shots/LL_snare_sugar.wav,0.30324825170369757,7.851,possibly_sustained,0.55,82.6947665594563,0.04221641851354612,0.5125041623508784,0.0,,class passed new-domain suggestion receipt; approval required,True,,,
64,/Volumes/Jack_Gandy_1TB_SSD/testing-for-NITE-DSP/sample_pack_testing/Organic Drum Kit/2 Snares/Organic - Snare (44).wav,/Volumes/Jack_Gandy_1TB_SSD/testing-for-NITE-DSP/sample_pack_testing/Organic Drum Kit/2 Snares/Snare - Organic - Snare (44).wav,Snare,Snare,0.684545,0.734007,Snare,/Volumes/Jack_Gandy_1TB_SSD/testing-for-NITE-DSP/sample_pack_testing/Koan Sound/Koan_Sound_2025/Shaper Table Track Project/Samples/Imported/Snare Vinyl 04.wav,0.7427653865891448,0.461375,possibly_one_shot,0.68,2212.794331461743,0.24151337225314018,0.1414286169842649,0.023603891640671473,,class passed new-domain suggestion receipt; approval required,True,,,
65,/Volumes/Jack_Gandy_1TB_SSD/testing-for-NITE-DSP/sample_pack_testing/Drum Recollection/2023 Drums/(Snare) Section8 Outta Here.wav,/Volumes/Jack_Gandy_1TB_SSD/testing-for-NITE-DSP/sample_pack_testing/Drum Recollection/2023 Drums/Snare - (Snare) Section8 Outta Here.wav,Snare,Snare,0.659934,0.734286,Snare,/Volumes/Jack_Gandy_1TB_SSD/testing-for-NITE-DSP/sample_pack_testing/Drum Recollection/2023 Drums/(Snare) World Series.wav,0.8705060636309095,1.7143125,mixed_or_uncertain_form,0.35,486.8677334912576,0.07247277020849924,0.5956602095929799,0.0010482180983105301,,class passed new-domain suggestion receipt; approval required,True,,,
66,/Volumes/Jack_Gandy_1TB_SSD/testing-for-NITE-DSP/sample_pack_testing/Loaded Samples - Lo-Fi Memphis 2/DRUMS/Snares/LFM2_Snare 808 #2 (3).wav,/Volumes/Jack_Gandy_1TB_SSD/testing-for-NITE-DSP/sample_pack_testing/Loaded Samples - Lo-Fi Memphis 2/DRUMS/Snares/Snare - LFM2_Snare 808 #2 (3).wav,Snare,Kick,0.812907,0.734748,Snare,/Volumes/Jack_Gandy_1TB_SSD/testing-for-NITE-DSP/sample_pack_testing/Mike Shinoda Drums/MS BEATS/maschine ms test 1 Samples/Snare Gold 7.wav,0.534159322934688,0.29025,possibly_one_shot,0.68,3384.8760813750837,0.24832720017479118,0.38146575491886414,0.027035852336597208,,class passed new-domain suggestion receipt; approval required,True,,,
67,/Volumes/Jack_Gandy_1TB_SSD/testing-for-NITE-DSP/sample_pack_testing/Organic Drum Kit/2 Snares/Organic - Snare (89).wav,/Volumes/Jack_Gandy_1TB_SSD/testing-for-NITE-DSP/sample_pack_testing/Organic Drum Kit/2 Snares/Snare - Organic - Snare (89).wav,Snare,Snare,0.668441,0.735745,Snare,/Volumes/Jack_Gandy_1TB_SSD/Samples 2021 ->/2026/Koan_Snare.wav,0.5574613183160192,0.4185625,possibly_one_shot,0.68,2064.2202930396757,0.3158284391009561,0.22149916817803983,0.3399632250733045,,class passed new-domain suggestion receipt; approval required,True,,,
68,/Volumes/Jack_Gandy_1TB_SSD/testing-for-NITE-DSP/sample_pack_testing/Mike Shinoda Drums/MS BEATS/Dance Rock Samples/Snare UnSkool 1.wav,/Volumes/Jack_Gandy_1TB_SSD/testing-for-NITE-DSP/sample_pack_testing/Mike Shinoda Drums/MS BEATS/Dance Rock Samples/Snare - Snare UnSkool 1.wav,Snare,Snare,0.683207,0.736082,Snare,/Volumes/Jack_Gandy_1TB_SSD/testing-for-NITE-DSP/sample_pack_testing/Mike Shinoda Drums/MS BEATS/maschine ms test 1 Samples/Snare Gold 7.wav,0.7459769527002993,0.1908125,possibly_one_shot,0.68,2326.239769734821,0.7052627367666697,0.08925048982596115,0.0,,class passed new-domain suggestion receipt; approval required,True,,,
69,/Volumes/Jack_Gandy_1TB_SSD/testing-for-NITE-DSP/sample_pack_testing/Loaded Samples - Lo-Fi Memphis 2/DRUMS/Snares/LFM2_Snare 808 #1 (1).wav,/Volumes/Jack_Gandy_1TB_SSD/testing-for-NITE-DSP/sample_pack_testing/Loaded Samples - Lo-Fi Memphis 2/DRUMS/Snares/Snare - LFM2_Snare 808 #1 (1).wav,Snare,Kick,0.736056,0.736163,Snare,/Volumes/Jack_Gandy_1TB_SSD/testing-for-NITE-DSP/sample_pack_testing/Mike Shinoda Drums/MS BEATS/maschine ms test 1 Samples/Snare Gold 7.wav,0.631336495776529,0.159875,possibly_one_shot,0.68,3992.4360683595646,0.2362531828982346,0.5858136984624297,0.0,,class passed new-domain suggestion receipt; approval required,True,,,
70,/Volumes/Jack_Gandy_1TB_SSD/testing-for-NITE-DSP/sample_pack_testing/Sounds of KSHMR Vol.3/KSHMR_Drums/KSHMR_Snares/KSHMR_Tight_Snares/KSHMR_Tight_Snare_30_F.wav,/Volumes/Jack_Gandy_1TB_SSD/testing-for-NITE-DSP/sample_pack_testing/Sounds of KSHMR Vol.3/KSHMR_Drums/KSHMR_Snares/KSHMR_Tight_Snares/Snare - KSHMR_Tight_Snare_30_F.wav,Snare,Snare,0.749004,0.736284,Snare,/Volumes/Jack_Gandy_1TB_SSD/testing-for-NITE-DSP/sample_pack_testing/Black Octopus Sound - Pure Analog Sweeps IV (2021)/Xtra One Shots/Diamaudix_Audio_PAS_IV_Snare_03.wav,0.8249067506842471,0.428625,possibly_one_shot,0.68,3671.596261285747,0.7177158871550963,0.2522737967595175,0.01937136223818945,,class passed new-domain suggestion receipt; approval required,True,,,
71,/Volumes/Jack_Gandy_1TB_SSD/testing-for-NITE-DSP/sample_pack_testing/Organic Drum Kit/1 Kicks/Organic - Kick (152).wav,/Volumes/Jack_Gandy_1TB_SSD/testing-for-NITE-DSP/sample_pack_testing/Organic Drum Kit/1 Kicks/Kick - Organic - Kick (152).wav,Kick,Kick,0.831042,0.736683,Kick,/Volumes/Jack_Gandy_1TB_SSD/Samples 2021 ->/Sample Packs/Loaded Samples - Lo-Fi Memphis 2/DRUMS/Kicks & 808s/LFM2_Kick 909 Punch (1) (G).wav,0.6010187367544552,1.1009375,possibly_one_shot,0.68,102.56181461753793,0.9950678754809573,6.348054780416012e-05,0.2180807277027258,,class passed new-domain suggestion receipt; approval required,True,,,
72,/Volumes/Jack_Gandy_1TB_SSD/testing-for-NITE-DSP/sample_pack_testing/Organic Drum Kit/2 Snares/Organic - Snare (88).wav,/Volumes/Jack_Gandy_1TB_SSD/testing-for-NITE-DSP/sample_pack_testing/Organic Drum Kit/2 Snares/Snare - Organic - Snare (88).wav,Snare,Snare,0.712259,0.736752,Snare,/Volumes/Jack_Gandy_1TB_SSD/testing-for-NITE-DSP/sample_pack_testing/Sounds of KSHMR Vol.3/KSHMR_Drums/KSHMR_Snares/KSHMR_Tight_Snares/KSHMR_Tight_Snare_36_F#.wav,0.807812205136826,0.5010625,possibly_one_shot,0.68,2229.9796996550353,0.8081882634203982,0.06447800989903324,0.05365017605604186,,class passed new-domain suggestion receipt; approval required,True,,,
73,/Volumes/Jack_Gandy_1TB_SSD/testing-for-NITE-DSP/sample_pack_testing/Organic Drum Kit/3 Claps/Organic - Clap (34).wav,/Volumes/Jack_Gandy_1TB_SSD/testing-for-NITE-DSP/sample_pack_testing/Organic Drum Kit/3 Claps/Clap - Organic - Clap (34).wav,Clap,Clap,0.782315,0.736862,Clap,/Volumes/Jack_Gandy_1TB_SSD/testing-for-NITE-DSP/sample_pack_testing/Organic Drum Kit/Maschine Kits/Ethnic Stomp Kit Samples/Organic - Clap (14).wav,0.7357686614911128,1.621625,mixed_or_uncertain_form,0.35,1883.1210342620843,0.00419902667395911,0.23185297504406127,0.06450663515991334,,class passed new-domain suggestion receipt; approval required,True,,,
74,/Volumes/Jack_Gandy_1TB_SSD/testing-for-NITE-DSP/sample_pack_testing/Black Octopus Sound - Pure Analog Sweeps IV (2021)/Xtra One Shots/Diamaudix_Audio_PAS_IV_Snare_02.wav,/Volumes/Jack_Gandy_1TB_SSD/testing-for-NITE-DSP/sample_pack_testing/Black Octopus Sound - Pure Analog Sweeps IV (2021)/Xtra One Shots/Snare - Diamaudix_Audio_PAS_IV_Snare_02.wav,Snare,Snare,0.627208,0.737285,Snare,/Volumes/Jack_Gandy_1TB_SSD/testing-for-NITE-DSP/sample_pack_testing/Sounds of KSHMR Vol.3/KSHMR_Drums/KSHMR_Snares/KSHMR_Tight_Snares/KSHMR_Tight_Snare_14_C#.wav,0.5641931988826335,0.594875,possibly_one_shot,0.68,1533.0151081102422,0.8300266433463513,0.060587183389088625,0.009729008305659965,,class passed new-domain suggestion receipt; approval required,True,,,
75,/Volumes/Jack_Gandy_1TB_SSD/testing-for-NITE-DSP/sample_pack_testing/Organic Drum Kit/Maschine Kits/Imagination Kit Samples/Organic - Snare (90).wav,/Volumes/Jack_Gandy_1TB_SSD/testing-for-NITE-DSP/sample_pack_testing/Organic Drum Kit/Maschine Kits/Imagination Kit Samples/Snare - Organic - Snare (90).wav,Snare,Snare,0.719503,0.73838,Snare,/Volumes/Jack_Gandy_1TB_SSD/Samples 2021 ->/2026/Koan_Snare.wav,0.7944790568413814,0.397625,possibly_one_shot,0.68,2605.7046869128044,0.7784045042875755,0.09308449067506747,0.022667702108619674,,class passed new-domain suggestion receipt; approval required,True,,,
76,/Volumes/Jack_Gandy_1TB_SSD/testing-for-NITE-DSP/sample_pack_testing/Sounds of KSHMR Vol.3/KSHMR_Drums/KSHMR_Snares/KSHMR_Tight_Snares/KSHMR_Tight_Snare_31_F.wav,/Volumes/Jack_Gandy_1TB_SSD/testing-for-NITE-DSP/sample_pack_testing/Sounds of KSHMR Vol.3/KSHMR_Drums/KSHMR_Snares/KSHMR_Tight_Snares/Snare - KSHMR_Tight_Snare_31_F.wav,Snare,Snare,0.740182,0.738846,Snare,/Volumes/Jack_Gandy_1TB_SSD/testing-for-NITE-DSP/sample_pack_testing/Sounds of KSHMR Vol.3/KSHMR_Drums/KSHMR_Snares/KSHMR_Tight_Snares/KSHMR_Tight_Snare_23_E.wav,0.7351318078516099,0.2235625,possibly_one_shot,0.68,3790.3676666039037,0.7899824038061798,0.16674261137491939,0.0,,class passed new-domain suggestion receipt; approval required,True,,,
77,/Volumes/Jack_Gandy_1TB_SSD/testing-for-NITE-DSP/sample_pack_testing/Sounds of KSHMR Vol.3/KSHMR_Drums/KSHMR_Snares/KSHMR_Tight_Snares/KSHMR_Tight_Snare_32_F.wav,/Volumes/Jack_Gandy_1TB_SSD/testing-for-NITE-DSP/sample_pack_testing/Sounds of KSHMR Vol.3/KSHMR_Drums/KSHMR_Snares/KSHMR_Tight_Snares/Snare - KSHMR_Tight_Snare_32_F.wav,Snare,Snare,0.736282,0.739309,Snare,/Volumes/Jack_Gandy_1TB_SSD/testing-for-NITE-DSP/sample_pack_testing/Sounds of KSHMR Vol.3/KSHMR_Drums/KSHMR_Snares/KSHMR_Tight_Snares/KSHMR_Tight_Snare_23_E.wav,0.7775525665621478,0.3656875,possibly_one_shot,0.68,3654.6740434861226,0.7015672503228124,0.2392386038129096,0.025388068356911726,,class passed new-domain suggestion receipt; approval required,True,,,
78,/Volumes/Jack_Gandy_1TB_SSD/testing-for-NITE-DSP/sample_pack_testing/Organic Drum Kit/1 Kicks/Organic - Kick (129).wav,/Volumes/Jack_Gandy_1TB_SSD/testing-for-NITE-DSP/sample_pack_testing/Organic Drum Kit/1 Kicks/Kick - Organic - Kick (129).wav,Kick,Kick,0.818173,0.73944,Kick,/Volumes/Jack_Gandy_1TB_SSD/testing-for-NITE-DSP/sample_pack_testing/Organic Drum Kit/1 Kicks/Organic - Kick (106).wav,0.7233777073679762,1.40625,mixed_or_uncertain_form,0.35,478.6680701347666,0.9805237677071545,0.0011248907005193336,0.2307565830615974,,class passed new-domain suggestion receipt; approval required,True,,,
79,/Volumes/Jack_Gandy_1TB_SSD/testing-for-NITE-DSP/sample_pack_testing/Breaks/Gems From The Crates/Snares/AKT-SNR-A004_bip.wav,/Volumes/Jack_Gandy_1TB_SSD/testing-for-NITE-DSP/sample_pack_testing/Breaks/Gems From The Crates/Snares/Snare - AKT-SNR-A004_bip.wav,Snare,Snare,0.681537,0.739537,Snare,/Volumes/Jack_Gandy_1TB_SSD/testing-for-NITE-DSP/sample_pack_testing/Organic Drum Kit/Maschine Kits/Jungle Thump Kit Samples/Organic - Snare (24).wav,0.6210658300422237,0.7430625,possibly_one_shot,0.68,3276.8336815936873,0.7821053287146701,0.04031180674416457,0.00870786183520851,,class passed new-domain suggestion receipt; approval required,True,,,
80,/Volumes/Jack_Gandy_1TB_SSD/testing-for-NITE-DSP/sample_pack_testing/Sounds of KSHMR Vol.3/KSHMR_Drums/KSHMR_Snares/KSHMR_Tight_Snares/KSHMR_Tight_Snare_40_G.wav,/Volumes/Jack_Gandy_1TB_SSD/testing-for-NITE-DSP/sample_pack_testing/Sounds of KSHMR Vol.3/KSHMR_Drums/KSHMR_Snares/KSHMR_Tight_Snares/Snare - KSHMR_Tight_Snare_40_G.wav,Snare,Snare,0.719669,0.742401,Snare,/Volumes/Jack_Gandy_1TB_SSD/Samples 2021 ->/Vocalist_Samples/BT/Snare BT Vintage Modern 1.wav,0.5696686555678764,0.50425,possibly_one_shot,0.68,3254.8231299792997,0.3010880751110711,0.4837745289913174,0.01829983543880361,,class passed new-domain suggestion receipt; approval required,True,,,
81,/Volumes/Jack_Gandy_1TB_SSD/testing-for-NITE-DSP/sample_pack_testing/Mike Shinoda Drums/MS BEATS/Cookie Monster Samples/SD_GoldDust2_MPC60.wav,/Volumes/Jack_Gandy_1TB_SSD/testing-for-NITE-DSP/sample_pack_testing/Mike Shinoda Drums/MS BEATS/Cookie Monster Samples/Snare - SD_GoldDust2_MPC60.wav,Snare,,0.760208,0.742548,Snare,/Volumes/Jack_Gandy_1TB_SSD/testing-for-NITE-DSP/sample_pack_testing/Mike Shinoda Drums/MS BEATS/maschine ms test 1 Samples/Snare Gold 7.wav,0.7168098806898189,0.2374375,possibly_one_shot,0.68,2493.707424187928,0.7368916435363182,0.08364720514745978,0.0,,class passed new-domain suggestion receipt; approval required,True,,,
82,/Volumes/Jack_Gandy_1TB_SSD/testing-for-NITE-DSP/sample_pack_testing/Mike Shinoda Drums/MPC 1000 Backup/LOOSESAMPLES/KIK14.WAV,/Volumes/Jack_Gandy_1TB_SSD/testing-for-NITE-DSP/sample_pack_testing/Mike Shinoda Drums/MPC 1000 Backup/LOOSESAMPLES/Kick - KIK14.WAV,Kick,,0.82,0.742665,Kick,/Volumes/Jack_Gandy_1TB_SSD/Samples 2021 ->/Sample Packs/Origin Sound - Adore - RNB Soul (2025)/one_shots/drum_hits/kicks/OS_AD_kick_loungin.wav,0.6524898025182779,0.3265625,possibly_one_shot,0.68,482.4213277558437,0.9965353665336146,0.0001256178451414529,0.0,,class passed new-domain suggestion receipt; approval required,True,,,
83,/Volumes/Jack_Gandy_1TB_SSD/testing-for-NITE-DSP/sample_pack_testing/Mike Shinoda Drums/MPC 1000 Backup/LOOSESAMPLES/63_SNARE.WAV,/Volumes/Jack_Gandy_1TB_SSD/testing-for-NITE-DSP/sample_pack_testing/Mike Shinoda Drums/MPC 1000 Backup/LOOSESAMPLES/Snare - 63_SNARE.WAV,Snare,Snare,0.658144,0.744085,Snare,/Volumes/Jack_Gandy_1TB_SSD/testing-for-NITE-DSP/sample_pack_testing/Mike Shinoda Drums/MS BEATS/Amethyst Samples/Snare AR60sLate V108 3.wav,0.7226225909951886,0.4561875,possibly_one_shot,0.68,2525.9317929696726,0.024332733866603142,0.23339776650307692,0.020206477579016696,,class passed new-domain suggestion receipt; approval required,True,,,
84,/Volumes/Jack_Gandy_1TB_SSD/testing-for-NITE-DSP/sample_pack_testing/Organic Drum Kit/3 Claps/Organic - Clap (41).wav,/Volumes/Jack_Gandy_1TB_SSD/testing-for-NITE-DSP/sample_pack_testing/Organic Drum Kit/3 Claps/Clap - Organic - Clap (41).wav,Clap,Clap,0.864402,0.744197,Clap,/Volumes/Jack_Gandy_1TB_SSD/testing-for-NITE-DSP/sample_pack_testing/Organic Drum Kit/3 Claps/Organic - Clap (17).wav,0.6699465040819064,1.40625,possibly_one_shot,0.68,1374.6489344239478,0.005818932091417145,0.38515408894036945,0.014943879787616545,,class passed new-domain suggestion receipt; approval required,True,,,
85,/Volumes/Jack_Gandy_1TB_SSD/testing-for-NITE-DSP/sample_pack_testing/Loaded Samples - Lo-Fi Memphis 2/DRUMS/Snares/LFM2_Snare 808 Hi (3).wav,/Volumes/Jack_Gandy_1TB_SSD/testing-for-NITE-DSP/sample_pack_testing/Loaded Samples - Lo-Fi Memphis 2/DRUMS/Snares/Snare - LFM2_Snare 808 Hi (3).wav,Snare,Kick,0.803715,0.744331,Snare,/Volumes/Jack_Gandy_1TB_SSD/testing-for-NITE-DSP/sample_pack_testing/Mike Shinoda Drums/MS BEATS/Victory March Samples/Snare BigBusiness 1.wav,0.5933950892009338,0.258375,possibly_one_shot,0.68,3499.997808887034,0.026089650474738317,0.39741186974445525,0.0,,class passed new-domain suggestion receipt; approval required,True,,,
86,/Volumes/Jack_Gandy_1TB_SSD/testing-for-NITE-DSP/sample_pack_testing/Sounds of KSHMR Vol.3/KSHMR_Drums/KSHMR_Snares/KSHMR_Tight_Snares/KSHMR_Tight_Snare_01_A.wav,/Volumes/Jack_Gandy_1TB_SSD/testing-for-NITE-DSP/sample_pack_testing/Sounds of KSHMR Vol.3/KSHMR_Drums/KSHMR_Snares/KSHMR_Tight_Snares/Snare - KSHMR_Tight_Snare_01_A.wav,Snare,Snare,0.637368,0.744427,Snare,/Volumes/Jack_Gandy_1TB_SSD/Samples 2021 ->/Vocalist_Samples/BT/Snare BT Vintage Modern 1.wav,0.7715654543695272,0.252125,possibly_one_shot,0.68,3516.1583080754826,0.6177178133330583,0.10627062504189462,0.0,,class passed new-domain suggestion receipt; approval required,True,,,
87,/Volumes/Jack_Gandy_1TB_SSD/testing-for-NITE-DSP/sample_pack_testing/Organic Drum Kit/1 Kicks/Organic - Kick (153).wav,/Volumes/Jack_Gandy_1TB_SSD/testing-for-NITE-DSP/sample_pack_testing/Organic Drum Kit/1 Kicks/Kick - Organic - Kick (153).wav,Kick,Kick,0.835132,0.74453,Kick,/Volumes/Jack_Gandy_1TB_SSD/Samples 2021 ->/Sample Packs/Loaded Samples - Lo-Fi Memphis 2/DRUMS/Kicks & 808s/LFM2_Kick 909 Punch (1) (G).wav,0.7210755844670343,1.1009375,possibly_one_shot,0.68,325.71591400143234,0.9887222466974281,0.00016496286269927679,0.0036673751702145404,,class passed new-domain suggestion receipt; approval required,True,,,
88,/Volumes/Jack_Gandy_1TB_SSD/testing-for-NITE-DSP/sample_pack_testing/Organic Drum Kit/2 Snares/Organic - Snare (41).wav,/Volumes/Jack_Gandy_1TB_SSD/testing-for-NITE-DSP/sample_pack_testing/Organic Drum Kit/2 Snares/Snare - Organic - Snare (41).wav,Snare,Snare,0.703938,0.745099,Snare,/Volumes/Jack_Gandy_1TB_SSD/testing-for-NITE-DSP/sample_pack_testing/Mike Shinoda Drums/MS BEATS/maschine ms test 1 Samples/Snare Gold 7.wav,0.5713774367617755,0.5198125,possibly_one_shot,0.68,2408.5281183297375,0.32127658837473816,0.2666348174035059,0.012883842709345174,,class passed new-domain suggestion receipt; approval required,True,,,
89,/Volumes/Jack_Gandy_1TB_SSD/testing-for-NITE-DSP/sample_pack_testing/Sounds of KSHMR Vol.3/KSHMR_Drums/KSHMR_Claps/KSHMR_Pre-Shifted_Claps/KSHMR_Pre_Shifted_Clap_29.wav,/Volumes/Jack_Gandy_1TB_SSD/testing-for-NITE-DSP/sample_pack_testing/Sounds of KSHMR Vol.3/KSHMR_Drums/KSHMR_Claps/KSHMR_Pre-Shifted_Claps/Clap - KSHMR_Pre_Shifted_Clap_29.wav,Clap,Clap,0.804437,0.746142,Clap,/Volumes/Jack_Gandy_1TB_SSD/Samples 2021 ->/Sample Packs/Senegal Sessions/One_Shots/Drums/Claps/SS_SS_clap_shaker.wav,0.6506981419797643,0.5668125,possibly_one_shot,0.68,3446.7270460422296,0.008003329222848327,0.5172356427999563,0.023579413303691902,,class passed new-domain suggestion receipt; approval required,True,,,
90,/Volumes/Jack_Gandy_1TB_SSD/testing-for-NITE-DSP/sample_pack_testing/Sounds of KSHMR Vol.3/KSHMR_Drums/KSHMR_Snares/KSHMR_Tight_Snares/KSHMR_Tight_Snare_20_D#.wav,/Volumes/Jack_Gandy_1TB_SSD/testing-for-NITE-DSP/sample_pack_testing/Sounds of KSHMR Vol.3/KSHMR_Drums/KSHMR_Snares/KSHMR_Tight_Snares/Snare - KSHMR_Tight_Snare_20_D#.wav,Snare,Snare,0.663476,0.746147,Snare,/Volumes/Jack_Gandy_1TB_SSD/testing-for-NITE-DSP/sample_pack_testing/Sounds of KSHMR Vol.3/KSHMR_Drums/KSHMR_Snares/KSHMR_Tight_Snares/KSHMR_Tight_Snare_14_C#.wav,0.7965161920731653,0.252125,possibly_one_shot,0.68,2724.9788268104044,0.7976098055932858,0.12987736524927304,0.0,,class passed new-domain suggestion receipt; approval required,True,,,
91,/Volumes/Jack_Gandy_1TB_SSD/testing-for-NITE-DSP/sample_pack_testing/Sounds of KSHMR Vol.3/KSHMR_Drums/KSHMR_Snares/KSHMR_Tight_Snares/KSHMR_Tight_Snare_35_F#.wav,/Volumes/Jack_Gandy_1TB_SSD/testing-for-NITE-DSP/sample_pack_testing/Sounds of KSHMR Vol.3/KSHMR_Drums/KSHMR_Snares/KSHMR_Tight_Snares/Snare - KSHMR_Tight_Snare_35_F#.wav,Snare,Snare,0.745082,0.746451,Snare,/Volumes/Jack_Gandy_1TB_SSD/testing-for-NITE-DSP/sample_pack_testing/Sounds of KSHMR Vol.3/KSHMR_Drums/KSHMR_Snares/KSHMR_Tight_Snares/KSHMR_Tight_Snare_14_C#.wav,0.7031772375358812,0.252125,possibly_one_shot,0.68,4268.445762662911,0.5357917054716103,0.33845149384035333,0.0,,class passed new-domain suggestion receipt; approval required,True,,,
92,/Volumes/Jack_Gandy_1TB_SSD/testing-for-NITE-DSP/sample_pack_testing/Organic Drum Kit/2 Snares/Organic - Snare (18).wav,/Volumes/Jack_Gandy_1TB_SSD/testing-for-NITE-DSP/sample_pack_testing/Organic Drum Kit/2 Snares/Snare - Organic - Snare (18).wav,Snare,Snare,0.669419,0.747366,Snare,/Volumes/Jack_Gandy_1TB_SSD/Samples 2021 ->/Sample Packs/Black Octopus Sound - Pure Analog Sweeps IV (2021)/Xtra One Shots/Diamaudix_Audio_PAS_IV_Snare_01.wav,0.7018137463357212,0.7853125,mixed_or_uncertain_form,0.35,1681.5141813625908,0.3739945654942853,0.20762844963741658,0.13091741128058443,,class passed new-domain suggestion receipt; approval required,True,,,
93,/Volumes/Jack_Gandy_1TB_SSD/testing-for-NITE-DSP/sample_pack_testing/Organic Drum Kit/1 Kicks/Organic - Kick (140).wav,/Volumes/Jack_Gandy_1TB_SSD/testing-for-NITE-DSP/sample_pack_testing/Organic Drum Kit/1 Kicks/Kick - Organic - Kick (140).wav,Kick,Kick,0.829973,0.747577,Kick,/Volumes/Jack_Gandy_1TB_SSD/testing-for-NITE-DSP/sample_pack_testing/Organic Drum Kit/1 Kicks/Organic - Kick (11).wav,0.7532675398386802,1.0,possibly_one_shot,0.68,693.7551866464778,0.9767205174255023,4.4886091667637236e-05,0.19626972893350622,,class passed new-domain suggestion receipt; approval required,True,,,
94,/Volumes/Jack_Gandy_1TB_SSD/testing-for-NITE-DSP/sample_pack_testing/Mike Shinoda Drums/MS BEATS/Dance Rock Samples/Snare Gold 1.wav,/Volumes/Jack_Gandy_1TB_SSD/testing-for-NITE-DSP/sample_pack_testing/Mike Shinoda Drums/MS BEATS/Dance Rock Samples/Snare - Snare Gold 1.wav,Snare,Snare,0.704425,0.748663,Snare,/Volumes/Jack_Gandy_1TB_SSD/testing-for-NITE-DSP/sample_pack_testing/Sounds of KSHMR Vol.3/KSHMR_Drums/KSHMR_Snares/KSHMR_Tight_Snares/KSHMR_Tight_Snare_14_C#.wav,0.6512860211095098,0.2648125,possibly_one_shot,0.68,3632.0588261607586,0.8454435932104563,0.06370487929165972,0.0,,class passed new-domain suggestion receipt; approval required,True,,,
95,/Volumes/Jack_Gandy_1TB_SSD/testing-for-NITE-DSP/sample_pack_testing/Old Movies 1 - Vintage Collection (Drum Kit)/Snares/Snare 39.wav,/Volumes/Jack_Gandy_1TB_SSD/testing-for-NITE-DSP/sample_pack_testing/Old Movies 1 - Vintage Collection (Drum Kit)/Snares/Snare - Snare 39.wav,Snare,Snare,0.682199,0.748938,Snare,/Volumes/Jack_Gandy_1TB_SSD/testing-for-NITE-DSP/sample_pack_testing/Lex Luger Drumkit/Lex_Luger_Drumkit/LL_one_shots/LL_snare_sugar.wav,0.5497448331343459,0.1910625,possibly_one_shot,0.68,3017.4522326183837,0.17601796185721474,0.5713460775761113,0.0,,class passed new-domain suggestion receipt; approval required,True,,,
96,/Volumes/Jack_Gandy_1TB_SSD/testing-for-NITE-DSP/sample_pack_testing/Sounds of KSHMR Vol.3/KSHMR_Drums/KSHMR_Claps/KSHMR_Trap_Claps/KSHMR_Trap_Clap_02.wav,/Volumes/Jack_Gandy_1TB_SSD/testing-for-NITE-DSP/sample_pack_testing/Sounds of KSHMR Vol.3/KSHMR_Drums/KSHMR_Claps/KSHMR_Trap_Claps/Clap - KSHMR_Trap_Clap_02.wav,Clap,Clap,0.753371,0.749258,Clap,/Volumes/Jack_Gandy_1TB_SSD/testing-for-NITE-DSP/sample_pack_testing/Drum Recollection/Essentials Drum Kit Vol. 001/Claps/Updated Luger.wav,0.5197409451461493,0.186875,possibly_one_shot,0.68,2638.346853622308,0.0005546597516295333,0.4085247555170541,0.0,,class passed new-domain suggestion receipt; approval required,True,,,
97,/Volumes/Jack_Gandy_1TB_SSD/testing-for-NITE-DSP/sample_pack_testing/Breaks/Gems From The Crates/Claps/AKT-CLP-A005_bip.wav,/Volumes/Jack_Gandy_1TB_SSD/testing-for-NITE-DSP/sample_pack_testing/Breaks/Gems From The Crates/Claps/Clap - AKT-CLP-A005_bip.wav,Clap,Clap,0.823297,0.749551,Clap,/Volumes/Jack_Gandy_1TB_SSD/testing-for-NITE-DSP/sample_pack_testing/Sounds of KSHMR Vol.3/KSHMR_Drums/KSHMR_Claps/KSHMR_Natural_Hand_Claps/KSHMR_Stacks/KSHMR_Human_Stack_Clap_04_Horse.wav,0.49417251322327055,0.7430625,possibly_one_shot,0.68,1781.533033255969,0.008258634369255315,0.3878340481642312,0.005815969911578317,,class passed new-domain suggestion receipt; approval required,True,,,
98,/Volumes/Jack_Gandy_1TB_SSD/testing-for-NITE-DSP/sample_pack_testing/Sounds of KSHMR Vol.3/KSHMR_Drums/KSHMR_Snares/KSHMR_Tight_Snares/KSHMR_Tight_Snare_37_G.wav,/Volumes/Jack_Gandy_1TB_SSD/testing-for-NITE-DSP/sample_pack_testing/Sounds of KSHMR Vol.3/KSHMR_Drums/KSHMR_Snares/KSHMR_Tight_Snares/Snare - KSHMR_Tight_Snare_37_G.wav,Snare,Snare,0.724757,0.751751,Snare,/Volumes/Jack_Gandy_1TB_SSD/testing-for-NITE-DSP/sample_pack_testing/Sounds of KSHMR Vol.3/KSHMR_Drums/KSHMR_Snares/KSHMR_Tight_Snares/KSHMR_Tight_Snare_14_C#.wav,0.6311263170359518,0.428625,possibly_one_shot,0.68,3601.7129532884114,0.7446350726534641,0.16484933743858549,0.020974326553743025,,class passed new-domain suggestion receipt; approval required,True,,,
99,/Volumes/Jack_Gandy_1TB_SSD/testing-for-NITE-DSP/sample_pack_testing/Minimal Audio/MICROTECH/2 - One Shots/2 - Snare/Snare - Metal Spread 1.wav,/Volumes/Jack_Gandy_1TB_SSD/testing-for-NITE-DSP/sample_pack_testing/Minimal Audio/MICROTECH/2 - One Shots/2 - Snare/Snare - Snare - Metal Spread 1.wav,Snare,Snare,0.705216,0.751934,Snare,/Volumes/Jack_Gandy_1TB_SSD/testing-for-NITE-DSP/sample_pack_testing/Drum Recollection/Official Drum Kit Vol. 2/Snares/2048 Mans Snare.wav,0.45006420805742503,0.348875,possibly_one_shot,0.68,3720.0158846703994,0.34169672747644614,0.4631023333007728,0.03608803839910791,,class passed new-domain suggestion receipt; approval required,True,,,
100,/Volumes/Jack_Gandy_1TB_SSD/testing-for-NITE-DSP/sample_pack_testing/Organic Drum Kit/2 Snares/Organic - Snare (78).wav,/Volumes/Jack_Gandy_1TB_SSD/testing-for-NITE-DSP/sample_pack_testing/Organic Drum Kit/2 Snares/Snare - Organic - Snare (78).wav,Snare,Snare,0.728362,0.751998,Snare,/Volumes/Jack_Gandy_1TB_SSD/testing-for-NITE-DSP/sample_pack_testing/Organic Drum Kit/Maschine Kits/New Age Kit 2 Samples/Organic - Snare (78).wav,1.0,0.5730625,possibly_one_shot,0.68,4038.042277272515,0.20874270789694924,0.6347850565250098,0.02882657352295525,,class passed new-domain suggestion receipt; approval required,True,,,
101,/Volumes/Jack_Gandy_1TB_SSD/testing-for-NITE-DSP/sample_pack_testing/Sounds of KSHMR Vol.3/KSHMR_Drums/KSHMR_Snares/KSHMR_Tight_Snares/KSHMR_Tight_Snare_16_C#.wav,/Volumes/Jack_Gandy_1TB_SSD/testing-for-NITE-DSP/sample_pack_testing/Sounds of KSHMR Vol.3/KSHMR_Drums/KSHMR_Snares/KSHMR_Tight_Snares/Snare - KSHMR_Tight_Snare_16_C#.wav,Snare,Snare,0.659138,0.752367,Snare,/Volumes/Jack_Gandy_1TB_SSD/testing-for-NITE-DSP/sample_pack_testing/Sounds of KSHMR Vol.3/KSHMR_Drums/KSHMR_Snares/KSHMR_Tight_Snares/KSHMR_Tight_Snare_28_F.wav,0.6255994674994708,0.252125,possibly_one_shot,0.68,2822.233665100382,0.6609168078586249,0.22134384719171257,0.0,,class passed new-domain suggestion receipt; approval required,True,,,
102,/Volumes/Jack_Gandy_1TB_SSD/testing-for-NITE-DSP/sample_pack_testing/Organic Drum Kit/1 Kicks/Organic - Kick (141).wav,/Volumes/Jack_Gandy_1TB_SSD/testing-for-NITE-DSP/sample_pack_testing/Organic Drum Kit/1 Kicks/Kick - Organic - Kick (141).wav,Kick,Kick,0.838233,0.753119,Kick,/Volumes/Jack_Gandy_1TB_SSD/testing-for-NITE-DSP/sample_pack_testing/Organic Drum Kit/1 Kicks/Organic - Kick (11).wav,0.7628237610115581,1.0,possibly_one_shot,0.68,837.3228043024144,0.9934363038918966,2.8193416872702654e-05,0.0433835970050613,,class passed new-domain suggestion receipt; approval required,True,,,
103,/Volumes/Jack_Gandy_1TB_SSD/testing-for-NITE-DSP/sample_pack_testing/Mike Shinoda Drums/MS BEATS/Animals Beat Samples/Clap_ClapTrapLayer_03.wav,/Volumes/Jack_Gandy_1TB_SSD/testing-for-NITE-DSP/sample_pack_testing/Mike Shinoda Drums/MS BEATS/Animals Beat Samples/Clap - Clap_ClapTrapLayer_03.wav,Clap,Clap,0.865531,0.753882,Clap,/Volumes/Jack_Gandy_1TB_SSD/testing-for-NITE-DSP/sample_pack_testing/Sounds of KSHMR Vol.3/KSHMR_VIP_Friends_of_KSHMR/CROSSNADERS/CROSSNADERS_Clap_Instinct_Killa.wav,0.8381401938124321,0.347,possibly_one_shot,0.68,2380.864720798072,0.0015651306180932102,0.27188119327287397,0.035631266963097666,,class passed new-domain suggestion receipt; approval required,True,,,
104,/Volumes/Jack_Gandy_1TB_SSD/testing-for-NITE-DSP/sample_pack_testing/Sounds of KSHMR Vol.3/KSHMR_Drums/KSHMR_Snares/KSHMR_Tight_Snares/KSHMR_Tight_Snare_34_F#.wav,/Volumes/Jack_Gandy_1TB_SSD/testing-for-NITE-DSP/sample_pack_testing/Sounds of KSHMR Vol.3/KSHMR_Drums/KSHMR_Snares/KSHMR_Tight_Snares/Snare - KSHMR_Tight_Snare_34_F#.wav,Snare,Snare,0.772059,0.75403,Snare,/Volumes/Jack_Gandy_1TB_SSD/testing-for-NITE-DSP/sample_pack_testing/Sounds of KSHMR Vol.3/KSHMR_Drums/KSHMR_Snares/KSHMR_Tight_Snares/KSHMR_Tight_Snare_28_F.wav,0.7701032629935155,0.252125,possibly_one_shot,0.68,3714.002534642454,0.5870791065803381,0.2564661215762653,0.0,,class passed new-domain suggestion receipt; approval required,True,,,
105,/Volumes/Jack_Gandy_1TB_SSD/testing-for-NITE-DSP/sample_pack_testing/Sounds of KSHMR Vol.3/KSHMR_Drums/KSHMR_Snares/KSHMR_Tight_Snares/KSHMR_Tight_Snare_08_A#.wav,/Volumes/Jack_Gandy_1TB_SSD/testing-for-NITE-DSP/sample_pack_testing/Sounds of KSHMR Vol.3/KSHMR_Drums/KSHMR_Snares/KSHMR_Tight_Snares/Snare - KSHMR_Tight_Snare_08_A#.wav,Snare,Snare,0.707254,0.754095,Snare,/Volumes/Jack_Gandy_1TB_SSD/testing-for-NITE-DSP/sample_pack_testing/Sounds of KSHMR Vol.3/KSHMR_Drums/KSHMR_Snares/KSHMR_Tight_Snares/KSHMR_Tight_Snare_14_C#.wav,0.6928127482552382,0.1985,possibly_one_shot,0.68,3513.7898473667833,0.5900056317327231,0.23782860671110367,0.0,,class passed new-domain suggestion receipt; approval required,True,,,
106,/Volumes/Jack_Gandy_1TB_SSD/testing-for-NITE-DSP/sample_pack_testing/Loaded Samples - Lo-Fi Memphis 2/DRUMS/Snares/LFM2_Snare 808 Medium (2).wav,/Volumes/Jack_Gandy_1TB_SSD/testing-for-NITE-DSP/sample_pack_testing/Loaded Samples - Lo-Fi Memphis 2/DRUMS/Snares/Snare - LFM2_Snare 808 Medium (2).wav,Snare,Kick,0.788276,0.754157,Snare,/Volumes/Jack_Gandy_1TB_SSD/testing-for-NITE-DSP/sample_pack_testing/Mike Shinoda Drums/MS BEATS/Victory March Samples/Snare BigBusiness 1.wav,0.6432352462193404,0.1783125,possibly_one_shot,0.68,4324.4275483951515,0.18481954986704593,0.6474941993871012,0.0,,class passed new-domain suggestion receipt; approval required,True,,,
107,/Volumes/Jack_Gandy_1TB_SSD/testing-for-NITE-DSP/sample_pack_testing/Old Movies 1 - Vintage Collection (Drum Kit)/Snares/Snare 23.wav,/Volumes/Jack_Gandy_1TB_SSD/testing-for-NITE-DSP/sample_pack_testing/Old Movies 1 - Vintage Collection (Drum Kit)/Snares/Snare - Snare 23.wav,Snare,Snare,0.820703,0.754531,Snare,/Volumes/Jack_Gandy_1TB_SSD/testing-for-NITE-DSP/sample_pack_testing/Mike Shinoda Drums/MS BEATS/Amethyst Samples/Snare AR60sLate V65 1.wav,0.6977869918042267,0.34975,possibly_one_shot,0.68,2910.043569051853,0.36327958239464797,0.4022041002884609,0.034113250396294814,,class passed new-domain suggestion receipt; approval required,True,,,
108,/Volumes/Jack_Gandy_1TB_SSD/testing-for-NITE-DSP/sample_pack_testing/MGF Mega Pack/Misc + Found Sound/Abstract Hits/MGF-DigiHits-25.wav,/Volumes/Jack_Gandy_1TB_SSD/testing-for-NITE-DSP/sample_pack_testing/MGF Mega Pack/Misc + Found Sound/Abstract Hits/Kick - MGF-DigiHits-25.wav,Kick,,0.813198,0.754557,Kick,/Volumes/Jack_Gandy_1TB_SSD/testing-for-NITE-DSP/sample_pack_testing/Lex Luger Drumkit/Lex_Luger_Drumkit/LL_one_shots/LL_kick_pink_2.wav,0.6667759484720122,0.3751875,possibly_one_shot,0.68,328.5726256312132,0.8767691411593578,0.0014370946953321559,0.06896255639520205,,class passed new-domain suggestion receipt; approval required,True,,,
109,/Volumes/Jack_Gandy_1TB_SSD/testing-for-NITE-DSP/sample_pack_testing/Breaks/The Drum Broker - International Breaks & Essential Kicks/The Drum Broker - Essential Kicks/Paper.wav,/Volumes/Jack_Gandy_1TB_SSD/testing-for-NITE-DSP/sample_pack_testing/Breaks/The Drum Broker - International Breaks & Essential Kicks/The Drum Broker - Essential Kicks/Kick - Paper.wav,Kick,,0.836068,0.754932,Kick,/Volumes/Jack_Gandy_1TB_SSD/testing-for-NITE-DSP/sample_pack_testing/Organic Drum Kit/1 Kicks/Organic - Kick (104).wav,0.660422158519804,0.481125,possibly_one_shot,0.68,737.6123531854695,0.9678011665632549,0.001355141819681646,0.013790775664006346,,class passed new-domain suggestion receipt; approval required,True,,,
110,/Volumes/Jack_Gandy_1TB_SSD/testing-for-NITE-DSP/sample_pack_testing/Sounds of KSHMR Vol.3/KSHMR_Drums/KSHMR_Claps/KSHMR_Regular_Claps/KSHMR_Clap_Stick_Clap_03.wav,/Volumes/Jack_Gandy_1TB_SSD/testing-for-NITE-DSP/sample_pack_testing/Sounds of KSHMR Vol.3/KSHMR_Drums/KSHMR_Claps/KSHMR_Regular_Claps/Snare - KSHMR_Clap_Stick_Clap_03.wav,Snare,Clap,0.698066,0.755412,Snare,/Volumes/Jack_Gandy_1TB_SSD/testing-for-NITE-DSP/sample_pack_testing/Sounds of KSHMR Vol.3/KSHMR_Drums/KSHMR_Snares/KSHMR_Tight_Snares/KSHMR_Tight_Snare_31_F.wav,0.6496758421828375,0.167,possibly_one_shot,0.68,3355.8631512119246,0.4628763242002579,0.3187602463390556,0.0,,class passed new-domain suggestion receipt; approval required,True,,,
111,/Volumes/Jack_Gandy_1TB_SSD/testing-for-NITE-DSP/sample_pack_testing/Minimal Audio/REFLECT/1 - Drums/4 - Claps/Clap - Magnolia.wav,/Volumes/Jack_Gandy_1TB_SSD/testing-for-NITE-DSP/sample_pack_testing/Minimal Audio/REFLECT/1 - Drums/4 - Claps/Clap - Clap - Magnolia.wav,Clap,Clap,0.724877,0.756285,Clap,/Volumes/Jack_Gandy_1TB_SSD/testing-for-NITE-DSP/sample_pack_testing/Minimal Audio/REFLECT/1 - Drums/4 - Claps/Clap - Acacia.wav,0.8208129493217776,0.5233125,possibly_one_shot,0.68,3372.319046948536,0.0008513406666415327,0.21320282102507215,0.011061268746671427,,class passed new-domain suggestion receipt; approval required,True,,,
112,/Volumes/Jack_Gandy_1TB_SSD/testing-for-NITE-DSP/sample_pack_testing/Black Octopus Sound - Pure Analog Sweeps IV (2021)/Xtra One Shots/Diamaudix_Audio_PAS_IV_Clap_05.wav,/Volumes/Jack_Gandy_1TB_SSD/testing-for-NITE-DSP/sample_pack_testing/Black Octopus Sound - Pure Analog Sweeps IV (2021)/Xtra One Shots/Clap - Diamaudix_Audio_PAS_IV_Clap_05.wav,Clap,Clap,0.723561,0.75653,Clap,/Volumes/Jack_Gandy_1TB_SSD/testing-for-NITE-DSP/sample_pack_testing/Organic Drum Kit/Maschine Kits/Ethnic Stomp Kit Samples/Organic - Clap (14).wav,0.6224989408911115,0.75,possibly_one_shot,0.68,2198.4980959511067,0.004840699775458798,0.3398899538672045,0.012072691481449035,,class passed new-domain suggestion receipt; approval required,True,,,
113,/Volumes/Jack_Gandy_1TB_SSD/testing-for-NITE-DSP/sample_pack_testing/Mike Shinoda Drums/MS BEATS/Jungle Gym Samples/Snare KaiTracid 3.wav,/Volumes/Jack_Gandy_1TB_SSD/testing-for-NITE-DSP/sample_pack_testing/Mike Shinoda Drums/MS BEATS/Jungle Gym Samples/Snare - Snare KaiTracid 3.wav,Snare,Snare,0.769615,0.756741,Snare,/Volumes/Jack_Gandy_1TB_SSD/testing-for-NITE-DSP/sample_pack_testing/Sounds of KSHMR Vol.3/KSHMR_Drums/KSHMR_Snares/KSHMR_Tight_Snares/KSHMR_Tight_Snare_14_C#.wav,0.8175018171125036,0.1504375,possibly_one_shot,0.68,3833.5416199460597,0.47471574571725794,0.38524703228078533,0.0,,class passed new-domain suggestion receipt; approval required,True,,,
114,/Volumes/Jack_Gandy_1TB_SSD/testing-for-NITE-DSP/sample_pack_testing/Breaks/Gems From The Crates/Claps/AKT-CLP-A013_bip.wav,/Volumes/Jack_Gandy_1TB_SSD/testing-for-NITE-DSP/sample_pack_testing/Breaks/Gems From The Crates/Claps/Clap - AKT-CLP-A013_bip.wav,Clap,Clap,0.816204,0.756849,Clap,/Volumes/Jack_Gandy_1TB_SSD/testing-for-NITE-DSP/sample_pack_testing/Organic Drum Kit/3 Claps/Organic - Clap (16).wav,0.6003714590032591,0.7430625,possibly_one_shot,0.68,2669.3517375889755,4.007144911404851e-05,0.2580696987348353,0.006498422334733282,,class passed new-domain suggestion receipt; approval required,True,,,
115,/Volumes/Jack_Gandy_1TB_SSD/testing-for-NITE-DSP/sample_pack_testing/Old Movies 1 - Vintage Collection (Drum Kit)/Snares/Snare 13.wav,/Volumes/Jack_Gandy_1TB_SSD/testing-for-NITE-DSP/sample_pack_testing/Old Movies 1 - Vintage Collection (Drum Kit)/Snares/Snare - Snare 13.wav,Snare,Snare,0.724915,0.756869,Snare,/Volumes/Jack_Gandy_1TB_SSD/testing-for-NITE-DSP/sample_pack_testing/Mike Shinoda Drums/MS BEATS/Victory March Samples/Snare BigBusiness 1.wav,0.809567257874407,0.224625,possibly_one_shot,0.68,3683.734502993104,0.047214189184219,0.6957291732609574,0.0,,class passed new-domain suggestion receipt; approval required,True,,,
116,/Volumes/Jack_Gandy_1TB_SSD/testing-for-NITE-DSP/sample_pack_testing/Minimal Audio/MICROTECH/2 - One Shots/2 - Snare/Snare - Noise Probe.wav,/Volumes/Jack_Gandy_1TB_SSD/testing-for-NITE-DSP/sample_pack_testing/Minimal Audio/MICROTECH/2 - One Shots/2 - Snare/Snare - Snare - Noise Probe.wav,Snare,Snare,0.734277,0.757004,Snare,/Volumes/Jack_Gandy_1TB_SSD/testing-for-NITE-DSP/sample_pack_testing/Minimal Audio/MICROTECH/2 - One Shots/2 - Snare/Snare - Metal Spread 1.wav,0.8072215094112197,0.236625,possibly_one_shot,0.68,4088.7659829830054,0.11464189265989189,0.5429885720954665,0.0,,class passed new-domain suggestion receipt; approval required,True,,,
117,/Volumes/Jack_Gandy_1TB_SSD/testing-for-NITE-DSP/sample_pack_testing/Loaded Samples - Lo-Fi Memphis 2/DRUMS/Kicks & 808s/LFM2_Kick Bitcrush (2) (G).wav,/Volumes/Jack_Gandy_1TB_SSD/testing-for-NITE-DSP/sample_pack_testing/Loaded Samples - Lo-Fi Memphis 2/DRUMS/Kicks & 808s/Kick - LFM2_Kick Bitcrush (2) (G).wav,Kick,Kick,0.827359,0.757942,Kick,/Volumes/Jack_Gandy_1TB_SSD/Samples 2021 ->/Sample Packs/Loaded Samples - Lo-Fi Memphis 2/DRUMS/Kicks & 808s/LFM2_Kick 909 Punch (1) (G).wav,0.7406304941999778,1.003875,mixed_or_uncertain_form,0.35,425.6987456967238,0.9950811738751848,0.00010064455433360396,0.024881676652142824,,class passed new-domain suggestion receipt; approval required,True,,,
118,/Volumes/Jack_Gandy_1TB_SSD/testing-for-NITE-DSP/sample_pack_testing/MGF Mega Pack/Misc + Found Sound/Abstract Hits/MGF-DigiHits-125.wav,/Volumes/Jack_Gandy_1TB_SSD/testing-for-NITE-DSP/sample_pack_testing/MGF Mega Pack/Misc + Found Sound/Abstract Hits/Kick - MGF-DigiHits-125.wav,Kick,,0.82713,0.758471,Kick,/Volumes/Jack_Gandy_1TB_SSD/testing-for-NITE-DSP/sample_pack_testing/Lex Luger Drumkit/Lex_Luger_Drumkit/LL_one_shots/LL_kick_pink_2.wav,0.7672387085254206,0.5019375,possibly_one_shot,0.68,559.907348677762,0.8098773346108522,0.003202635669439985,0.01420769830808976,,class passed new-domain suggestion receipt; approval required,True,,,
119,/Volumes/Jack_Gandy_1TB_SSD/testing-for-NITE-DSP/sample_pack_testing/Organic Drum Kit/1 Kicks/Organic - Kick (3).wav,/Volumes/Jack_Gandy_1TB_SSD/testing-for-NITE-DSP/sample_pack_testing/Organic Drum Kit/1 Kicks/Kick - Organic - Kick (3).wav,Kick,Kick,0.821334,0.760163,Kick,/Volumes/Jack_Gandy_1TB_SSD/testing-for-NITE-DSP/sample_pack_testing/Organic Drum Kit/1 Kicks/Organic - Kick (107).wav,0.7638154800294391,0.6841875,possibly_one_shot,0.68,456.89842177984735,0.9758857925912361,0.001720855330296717,0.016216893356330992,,class passed new-domain suggestion receipt; approval required,True,,,
120,/Volumes/Jack_Gandy_1TB_SSD/testing-for-NITE-DSP/sample_pack_testing/Organic Drum Kit/Maschine Kits/New Age Kit 2 Samples/Organic - Snare (78).wav,/Volumes/Jack_Gandy_1TB_SSD/testing-for-NITE-DSP/sample_pack_testing/Organic Drum Kit/Maschine Kits/New Age Kit 2 Samples/Snare - Organic - Snare (78).wav,Snare,Snare,0.737775,0.760334,Snare,/Volumes/Jack_Gandy_1TB_SSD/testing-for-NITE-DSP/sample_pack_testing/Mike Shinoda Drums/MS BEATS/Victory March Samples/Snare BigBusiness 1.wav,0.7558462433157357,0.5730625,possibly_one_shot,0.68,4038.042277272515,0.20874270789694924,0.6347850565250098,0.02882657352295525,,class passed new-domain suggestion receipt; approval required,True,,,
121,/Volumes/Jack_Gandy_1TB_SSD/testing-for-NITE-DSP/sample_pack_testing/Loaded Samples - Lo-Fi Memphis 2/DRUMS/Snares/LFM2_Snare Rocket (2).wav,/Volumes/Jack_Gandy_1TB_SSD/testing-for-NITE-DSP/sample_pack_testing/Loaded Samples - Lo-Fi Memphis 2/DRUMS/Snares/Snare - LFM2_Snare Rocket (2).wav,Snare,Snare,0.74353,0.760943,Snare,/Volumes/Jack_Gandy_1TB_SSD/Samples 2021 ->/Vocalist_Samples/BT/Snare BT Vintage Modern 1.wav,0.5675295052765417,0.517,possibly_one_shot,0.68,3280.10352602834,0.0788687501457619,0.33779818259423255,0.09930933286833996,,class passed new-domain suggestion receipt; approval required,True,,,
122,/Volumes/Jack_Gandy_1TB_SSD/testing-for-NITE-DSP/sample_pack_testing/Organic Drum Kit/2 Snares/Organic - Snare (34).wav,/Volumes/Jack_Gandy_1TB_SSD/testing-for-NITE-DSP/sample_pack_testing/Organic Drum Kit/2 Snares/Snare - Organic - Snare (34).wav,Snare,Snare,0.736557,0.761272,Snare,/Volumes/Jack_Gandy_1TB_SSD/testing-for-NITE-DSP/sample_pack_testing/Mike Shinoda Drums/MS BEATS/maschine ms test 1 Samples/Snare Gold 7.wav,0.6257023065125974,0.5013125,possibly_one_shot,0.68,2044.4749667676022,0.7191386918724029,0.12550966052648063,0.054414911708729516,,class passed new-domain suggestion receipt; approval required,True,,,
123,/Volumes/Jack_Gandy_1TB_SSD/testing-for-NITE-DSP/sample_pack_testing/Sounds of KSHMR Vol.3/KSHMR_Drums/KSHMR_Snares/KSHMR_Hip_Hop_Snares/KSHMR_Hip_Hop_Snare_26_G#.wav,/Volumes/Jack_Gandy_1TB_SSD/testing-for-NITE-DSP/sample_pack_testing/Sounds of KSHMR Vol.3/KSHMR_Drums/KSHMR_Snares/KSHMR_Hip_Hop_Snares/Snare - KSHMR_Hip_Hop_Snare_26_G#.wav,Snare,Snare,0.677997,0.761273,Snare,/Volumes/Jack_Gandy_1TB_SSD/testing-for-NITE-DSP/sample_pack_testing/Mike Shinoda Drums/MS BEATS/maschine ms test 1 Samples/Snare Gold 7.wav,0.6570726448953355,0.1876875,possibly_one_shot,0.68,3352.199930263532,0.3084996478521291,0.40781664275681806,0.0,,class passed new-domain suggestion receipt; approval required,True,,,
124,/Volumes/Jack_Gandy_1TB_SSD/testing-for-NITE-DSP/sample_pack_testing/Organic Drum Kit/Maschine Kits/Imperial Kit Samples/Organic - Snare (41).wav,/Volumes/Jack_Gandy_1TB_SSD/testing-for-NITE-DSP/sample_pack_testing/Organic Drum Kit/Maschine Kits/Imperial Kit Samples/Snare - Organic - Snare (41).wav,Snare,Snare,0.734449,0.761919,Snare,/Volumes/Jack_Gandy_1TB_SSD/testing-for-NITE-DSP/sample_pack_testing/Mike Shinoda Drums/MS BEATS/maschine ms test 1 Samples/Snare Gold 7.wav,0.5713774367617755,0.5198125,possibly_one_shot,0.68,2408.5281183297375,0.32127658837473816,0.2666348174035059,0.012883842709345174,,class passed new-domain suggestion receipt; approval required,True,,,
125,/Volumes/Jack_Gandy_1TB_SSD/testing-for-NITE-DSP/sample_pack_testing/Sounds of KSHMR Vol.3/KSHMR_Drums/KSHMR_Snares/KSHMR_Tight_Snares/KSHMR_Tight_Snare_14_C#.wav,/Volumes/Jack_Gandy_1TB_SSD/testing-for-NITE-DSP/sample_pack_testing/Sounds of KSHMR Vol.3/KSHMR_Drums/KSHMR_Snares/KSHMR_Tight_Snares/Snare - KSHMR_Tight_Snare_14_C#.wav,Snare,Snare,0.699104,0.762039,Snare,/Volumes/Jack_Gandy_1TB_SSD/testing-for-NITE-DSP/sample_pack_testing/Sounds of KSHMR Vol.3/KSHMR_Drums/KSHMR_Snares/KSHMR_Tight_Snares/KSHMR_Tight_Snare_28_F.wav,0.6885749718361959,0.1569375,possibly_one_shot,0.68,3386.498267084844,0.6988756898891412,0.15777839270138888,0.0,,class passed new-domain suggestion receipt; approval required,True,,,
126,/Volumes/Jack_Gandy_1TB_SSD/testing-for-NITE-DSP/sample_pack_testing/Mike Shinoda Drums/MS BEATS/Animals Beat Samples/Clap_LastMin2st_SP12R.wav,/Volumes/Jack_Gandy_1TB_SSD/testing-for-NITE-DSP/sample_pack_testing/Mike Shinoda Drums/MS BEATS/Animals Beat Samples/Clap - Clap_LastMin2st_SP12R.wav,Clap,Clap,0.798381,0.762513,Clap,/Volumes/Jack_Gandy_1TB_SSD/testing-for-NITE-DSP/sample_pack_testing/Mike Shinoda Drums/MS BEATS/Ryu 3 Samples/Clap_Layered004_MPC60_st.wav,0.6673555194840244,0.4005625,possibly_one_shot,0.68,2744.409704427124,0.006312233526951845,0.42304161807634316,0.048983799334967035,,class passed new-domain suggestion receipt; approval required,True,,,
127,/Volumes/Jack_Gandy_1TB_SSD/testing-for-NITE-DSP/sample_pack_testing/Loaded Samples - Lo-Fi Memphis 2/DRUMS/Kicks & 808s/LFM2_808 Kick (1) (G).wav,/Volumes/Jack_Gandy_1TB_SSD/testing-for-NITE-DSP/sample_pack_testing/Loaded Samples - Lo-Fi Memphis 2/DRUMS/Kicks & 808s/Kick - LFM2_808 Kick (1) (G).wav,Kick,Kick,0.8366,0.762525,Kick,/Volumes/Jack_Gandy_1TB_SSD/Samples 2021 ->/Sample Packs/Origin Sound - Adore - RNB Soul (2025)/one_shots/drum_hits/kicks/OS_AD_kick_loungin.wav,0.6138531508139118,0.3953125,possibly_one_shot,0.68,536.6345930194716,0.9904993354037115,4.656833437743558e-05,0.03555801886705944,,class passed new-domain suggestion receipt; approval required,True,,,
128,/Volumes/Jack_Gandy_1TB_SSD/testing-for-NITE-DSP/sample_pack_testing/Organic Drum Kit/2 Snares/Organic - Snare (92).wav,/Volumes/Jack_Gandy_1TB_SSD/testing-for-NITE-DSP/sample_pack_testing/Organic Drum Kit/2 Snares/Snare - Organic - Snare (92).wav,Snare,Snare,0.808315,0.763038,Snare,/Volumes/Jack_Gandy_1TB_SSD/testing-for-NITE-DSP/sample_pack_testing/Mike Shinoda Drums/MS BEATS/maschine ms test 1 Samples/Snare Gold 7.wav,0.6276345302087126,0.4335,possibly_one_shot,0.68,2229.2511139343246,0.7771271027737103,0.09951269433067282,0.02116035638030017,,class passed new-domain suggestion receipt; approval required,True,,,
129,/Volumes/Jack_Gandy_1TB_SSD/testing-for-NITE-DSP/sample_pack_testing/Black Octopus Sound - Pure Analog Sweeps IV (2021)/Xtra One Shots/Diamaudix_Audio_PAS_IV_Snare_03.wav,/Volumes/Jack_Gandy_1TB_SSD/testing-for-NITE-DSP/sample_pack_testing/Black Octopus Sound - Pure Analog Sweeps IV (2021)/Xtra One Shots/Snare - Diamaudix_Audio_PAS_IV_Snare_03.wav,Snare,Snare,0.734094,0.763568,Snare,/Volumes/Jack_Gandy_1TB_SSD/testing-for-NITE-DSP/sample_pack_testing/Mike Shinoda Drums/MS BEATS/bitty loop Samples/Drumulator_SD2_MPC60.wav,0.6381119930045175,0.4138125,possibly_one_shot,0.68,2514.76375281637,0.8211560310436895,0.0821961843879911,0.019230768525623367,,class passed new-domain suggestion receipt; approval required,True,,,
130,/Volumes/Jack_Gandy_1TB_SSD/testing-for-NITE-DSP/sample_pack_testing/Sounds of KSHMR Vol.3/KSHMR_Drums/KSHMR_Snares/KSHMR_Tight_Snares/KSHMR_Tight_Snare_18_D#.wav,/Volumes/Jack_Gandy_1TB_SSD/testing-for-NITE-DSP/sample_pack_testing/Sounds of KSHMR Vol.3/KSHMR_Drums/KSHMR_Snares/KSHMR_Tight_Snares/Snare - KSHMR_Tight_Snare_18_D#.wav,Snare,Snare,0.764154,0.763583,Snare,/Volumes/Jack_Gandy_1TB_SSD/testing-for-NITE-DSP/sample_pack_testing/Sounds of KSHMR Vol.3/KSHMR_Drums/KSHMR_Snares/KSHMR_Tight_Snares/KSHMR_Tight_Snare_23_E.wav,0.8151245662713308,0.381,possibly_one_shot,0.68,3592.3070482019807,0.7629802207812103,0.20223493918262467,0.024706468737221543,,class passed new-domain suggestion receipt; approval required,True,,,
131,/Volumes/Jack_Gandy_1TB_SSD/testing-for-NITE-DSP/sample_pack_testing/Sounds of KSHMR Vol.3/KSHMR_Drums/KSHMR_Snares/KSHMR_Tight_Snares/KSHMR_Tight_Snare_15_C#.wav,/Volumes/Jack_Gandy_1TB_SSD/testing-for-NITE-DSP/sample_pack_testing/Sounds of KSHMR Vol.3/KSHMR_Drums/KSHMR_Snares/KSHMR_Tight_Snares/Snare - KSHMR_Tight_Snare_15_C#.wav,Snare,Snare,0.66033,0.763594,Snare,/Volumes/Jack_Gandy_1TB_SSD/testing-for-NITE-DSP/sample_pack_testing/Sounds of KSHMR Vol.3/KSHMR_Drums/KSHMR_Snares/KSHMR_Tight_Snares/KSHMR_Tight_Snare_14_C#.wav,0.6565781102452125,0.252125,possibly_one_shot,0.68,3443.2928045551384,0.45402465315530566,0.31340562990749155,0.0,,class passed new-domain suggestion receipt; approval required,True,,,
132,/Volumes/Jack_Gandy_1TB_SSD/testing-for-NITE-DSP/sample_pack_testing/Sounds of KSHMR Vol.3/KSHMR_Drums/KSHMR_Kicks/KSHMR_Punchy_Kicks/KSHMR_Punchy_Kick_28_F#.wav,/Volumes/Jack_Gandy_1TB_SSD/testing-for-NITE-DSP/sample_pack_testing/Sounds of KSHMR Vol.3/KSHMR_Drums/KSHMR_Kicks/KSHMR_Punchy_Kicks/Kick - KSHMR_Punchy_Kick_28_F#.wav,Kick,Kick,0.821106,0.764245,Kick,/Volumes/Jack_Gandy_1TB_SSD/testing-for-NITE-DSP/sample_pack_testing/Minimal Audio/REFLECT/1 - Drums/2 - Kick /Kick - Topaz.wav,0.7596483904006202,0.416875,possibly_one_shot,0.68,279.22235759897774,0.9719543128881579,0.004983712648839206,0.07712750887046466,,class passed new-domain suggestion receipt; approval required,True,,,
133,/Volumes/Jack_Gandy_1TB_SSD/testing-for-NITE-DSP/sample_pack_testing/Loaded Samples - Lo-Fi Memphis 2/DRUMS/Snares/LFM2_Snare 808 Hi (2).wav,/Volumes/Jack_Gandy_1TB_SSD/testing-for-NITE-DSP/sample_pack_testing/Loaded Samples - Lo-Fi Memphis 2/DRUMS/Snares/Snare - LFM2_Snare 808 Hi (2).wav,Snare,Kick,0.777865,0.764409,Snare,/Volumes/Jack_Gandy_1TB_SSD/testing-for-NITE-DSP/sample_pack_testing/Sounds of KSHMR Vol.3/KSHMR_Drums/KSHMR_Snares/KSHMR_Tight_Snares/KSHMR_Tight_Snare_28_F.wav,0.7562933459017067,0.2855,possibly_one_shot,0.68,3831.161815851088,0.01367570097009024,0.366834930018308,0.0,,class passed new-domain suggestion receipt; approval required,True,,,
134,/Volumes/Jack_Gandy_1TB_SSD/testing-for-NITE-DSP/sample_pack_testing/Loaded Samples - Lo-Fi Memphis 2/DRUMS/Kicks & 808s/LFM2_Kick Club (2).wav,/Volumes/Jack_Gandy_1TB_SSD/testing-for-NITE-DSP/sample_pack_testing/Loaded Samples - Lo-Fi Memphis 2/DRUMS/Kicks & 808s/Kick - LFM2_Kick Club (2).wav,Kick,Kick,0.813652,0.764979,Kick,/Volumes/Jack_Gandy_1TB_SSD/testing-for-NITE-DSP/sample_pack_testing/Organic Drum Kit/1 Kicks/Organic - Kick (104).wav,0.717286231675879,0.27675,possibly_one_shot,0.68,389.259881030409,0.9865369112037194,0.00012360249506661368,0.0,,class passed new-domain suggestion receipt; approval required,True,,,
135,/Volumes/Jack_Gandy_1TB_SSD/testing-for-NITE-DSP/sample_pack_testing/Drum Recollection/Official Drum Kit Vol. 1/Kicks/N9 Kick .wav,/Volumes/Jack_Gandy_1TB_SSD/testing-for-NITE-DSP/sample_pack_testing/Drum Recollection/Official Drum Kit Vol. 1/Kicks/Kick - N9 Kick .wav,Kick,Kick,0.826181,0.765401,Kick,/Volumes/Jack_Gandy_1TB_SSD/testing-for-NITE-DSP/sample_pack_testing/Lex Luger Drumkit/Lex_Luger_Drumkit/LL_one_shots/LL_kick_pink_2.wav,0.6482853029123452,2.0769375,possibly_sustained,0.55,91.16791030815631,0.9816317499977727,1.1286513170893373e-05,0.001231879676874531,,class passed new-domain suggestion receipt; approval required,True,,,
136,/Volumes/Jack_Gandy_1TB_SSD/testing-for-NITE-DSP/sample_pack_testing/Old Movies 1 - Vintage Collection (Drum Kit)/Kicks/Kick 2.wav,/Volumes/Jack_Gandy_1TB_SSD/testing-for-NITE-DSP/sample_pack_testing/Old Movies 1 - Vintage Collection (Drum Kit)/Kicks/Kick - Kick 2.wav,Kick,Kick,0.828098,0.766654,Kick,/Volumes/Jack_Gandy_1TB_SSD/testing-for-NITE-DSP/sample_pack_testing/Lex Luger Drumkit/Lex_Luger_Drumkit/LL_one_shots/LL_kick_pink_2.wav,0.8441381600789245,0.648875,possibly_one_shot,0.68,759.1963553222399,0.9858964859586536,3.634455183290898e-06,0.012361820499954273,,class passed new-domain suggestion receipt; approval required,True,,,
137,/Volumes/Jack_Gandy_1TB_SSD/testing-for-NITE-DSP/sample_pack_testing/Koan Sound/Koan_Sound_2025/Shaper Table Track Project/Samples/Imported/Snare Mighty Bit Reduce.wav,/Volumes/Jack_Gandy_1TB_SSD/testing-for-NITE-DSP/sample_pack_testing/Koan Sound/Koan_Sound_2025/Shaper Table Track Project/Samples/Imported/Snare - Snare Mighty Bit Reduce.wav,Snare,Snare,0.740734,0.766918,Snare,/Volumes/Jack_Gandy_1TB_SSD/testing-for-NITE-DSP/sample_pack_testing/Black Octopus Sound - Pure Analog Sweeps IV (2021)/Xtra One Shots/Diamaudix_Audio_PAS_IV_Snare_03.wav,0.675221292514892,0.2673125,possibly_one_shot,0.68,3242.475658022709,0.8020586784709375,0.0487613400034149,0.0,,class passed new-domain suggestion receipt; approval required,True,,,
138,/Volumes/Jack_Gandy_1TB_SSD/testing-for-NITE-DSP/sample_pack_testing/Organic Drum Kit/1 Kicks/Organic - Kick (57).wav,/Volumes/Jack_Gandy_1TB_SSD/testing-for-NITE-DSP/sample_pack_testing/Organic Drum Kit/1 Kicks/Kick - Organic - Kick (57).wav,Kick,Kick,0.816381,0.767087,Kick,/Volumes/Jack_Gandy_1TB_SSD/testing-for-NITE-DSP/sample_pack_testing/Organic Drum Kit/1 Kicks/Organic - Kick (11).wav,0.7618912499268041,1.376125,mixed_or_uncertain_form,0.35,326.3361450863202,0.9831895336842035,0.00036906786332716615,0.30817260022931675,,class passed new-domain suggestion receipt; approval required,True,,,
139,/Volumes/Jack_Gandy_1TB_SSD/testing-for-NITE-DSP/sample_pack_testing/Loaded Samples - Lo-Fi Memphis 2/DRUMS/Snares/LFM2_Snare 808 #2 (2).wav,/Volumes/Jack_Gandy_1TB_SSD/testing-for-NITE-DSP/sample_pack_testing/Loaded Samples - Lo-Fi Memphis 2/DRUMS/Snares/Snare - LFM2_Snare 808 #2 (2).wav,Snare,Kick,0.825357,0.767183,Snare,/Volumes/Jack_Gandy_1TB_SSD/testing-for-NITE-DSP/sample_pack_testing/Sounds of KSHMR Vol.3/KSHMR_Drums/KSHMR_Snares/KSHMR_Tight_Snares/KSHMR_Tight_Snare_28_F.wav,0.8146299951941073,0.255875,possibly_one_shot,0.68,3813.6939158749574,0.14786668981516427,0.33521877846384557,0.0,,class passed new-domain suggestion receipt; approval required,True,,,
140,/Volumes/Jack_Gandy_1TB_SSD/testing-for-NITE-DSP/sample_pack_testing/Organic Drum Kit/2 Snares/Organic - Snare (28).wav,/Volumes/Jack_Gandy_1TB_SSD/testing-for-NITE-DSP/sample_pack_testing/Organic Drum Kit/2 Snares/Snare - Organic - Snare (28).wav,Snare,Snare,0.771316,0.768102,Snare,/Volumes/Jack_Gandy_1TB_SSD/Samples 2021 ->/2026/Koan_Snare.wav,0.5098198884004399,1.376125,possibly_one_shot,0.68,1443.2670090879792,0.3682913671891665,0.28411901035643905,0.2962504886171705,,class passed new-domain suggestion receipt; approval required,True,,,
141,/Volumes/Jack_Gandy_1TB_SSD/testing-for-NITE-DSP/sample_pack_testing/Organic Drum Kit/Maschine Kits/Head Trauma Kit Samples/Organic - Snare (28).wav,/Volumes/Jack_Gandy_1TB_SSD/testing-for-NITE-DSP/sample_pack_testing/Organic Drum Kit/Maschine Kits/Head Trauma Kit Samples/Snare - Organic - Snare (28).wav,Snare,Snare,0.770809,0.768124,Snare,/Volumes/Jack_Gandy_1TB_SSD/Samples 2021 ->/2026/Koan_Snare.wav,0.5098198884004399,1.376125,possibly_one_shot,0.68,1443.2670090879792,0.3682913671891665,0.28411901035643905,0.2962504886171705,,class passed new-domain suggestion receipt; approval required,True,,,
142,/Volumes/Jack_Gandy_1TB_SSD/testing-for-NITE-DSP/sample_pack_testing/Sounds of KSHMR Vol.3/KSHMR_Drums/KSHMR_Snares/KSHMR_Hip_Hop_Snares/KSHMR_Hip_Hop_Snare_19_F.wav,/Volumes/Jack_Gandy_1TB_SSD/testing-for-NITE-DSP/sample_pack_testing/Sounds of KSHMR Vol.3/KSHMR_Drums/KSHMR_Snares/KSHMR_Hip_Hop_Snares/Snare - KSHMR_Hip_Hop_Snare_19_F.wav,Snare,Snare,0.701053,0.768345,Snare,/Volumes/Jack_Gandy_1TB_SSD/testing-for-NITE-DSP/sample_pack_testing/Drum Recollection/Official Drum Kit Vol. 2/Snares/2048 Mans Snare.wav,0.5073149465529543,0.1470625,possibly_one_shot,0.68,4126.40694340647,0.05581134712065944,0.6267072490491484,0.0,,class passed new-domain suggestion receipt; approval required,True,,,
143,/Volumes/Jack_Gandy_1TB_SSD/testing-for-NITE-DSP/sample_pack_testing/Organic Electronics 2 J.Views/JVIEWS_studio/JVIEWS_studio_one_shots/JVIEWS_deep_kick_02_trans_hihat.wav,/Volumes/Jack_Gandy_1TB_SSD/testing-for-NITE-DSP/sample_pack_testing/Organic Electronics 2 J.Views/JVIEWS_studio/JVIEWS_studio_one_shots/Kick - JVIEWS_deep_kick_02_trans_hihat.wav,Kick,Kick,0.815049,0.768796,Kick,/Volumes/Jack_Gandy_1TB_SSD/testing-for-NITE-DSP/sample_pack_testing/Mike Shinoda Drums/MS BEATS/Auckland2013 Samples/Kick Gamsay 2.wav,0.731695049223488,1.052125,possibly_one_shot,0.68,1189.8249793590132,0.9956521952321626,8.64621260441938e-05,0.004424689506374171,,class passed new-domain suggestion receipt; approval required,True,,,
144,/Volumes/Jack_Gandy_1TB_SSD/testing-for-NITE-DSP/sample_pack_testing/Sounds of KSHMR Vol.3/KSHMR_Drums/KSHMR_Kicks/KSHMR_Signature_Kicks/KSHMR_Signature_Kick_02_Carry_Me_Home_A.wav,/Volumes/Jack_Gandy_1TB_SSD/testing-for-NITE-DSP/sample_pack_testing/Sounds of KSHMR Vol.3/KSHMR_Drums/KSHMR_Kicks/KSHMR_Signature_Kicks/Kick - KSHMR_Signature_Kick_02_Carry_Me_Home_A.wav,Kick,Kick,0.818048,0.769334,Kick,/Volumes/Jack_Gandy_1TB_SSD/testing-for-NITE-DSP/sample_pack_testing/Mike Shinoda Drums/MS BEATS/Dubby Samples/Kick Absynth B 3.wav,0.7537760613134447,0.4688125,possibly_one_shot,0.68,734.662648843502,0.9511139956758321,0.012003570249469613,0.05151723559779567,,class passed new-domain suggestion receipt; approval required,True,,,
145,/Volumes/Jack_Gandy_1TB_SSD/testing-for-NITE-DSP/sample_pack_testing/Organic Drum Kit/1 Kicks/Organic - Kick (131).wav,/Volumes/Jack_Gandy_1TB_SSD/testing-for-NITE-DSP/sample_pack_testing/Organic Drum Kit/1 Kicks/Kick - Organic - Kick (131).wav,Kick,Kick,0.841807,0.770194,Kick,/Volumes/Jack_Gandy_1TB_SSD/testing-for-NITE-DSP/sample_pack_testing/Organic Drum Kit/1 Kicks/Organic - Kick (104).wav,0.7561708987645734,1.0,possibly_one_shot,0.68,944.0179816367464,0.9841181369588812,0.0016538678403806226,0.20846350414470463,,class passed new-domain suggestion receipt; approval required,True,,,
146,/Volumes/Jack_Gandy_1TB_SSD/testing-for-NITE-DSP/sample_pack_testing/Organic Drum Kit/2 Snares/Organic - Snare (102).wav,/Volumes/Jack_Gandy_1TB_SSD/testing-for-NITE-DSP/sample_pack_testing/Organic Drum Kit/2 Snares/Snare - Organic - Snare (102).wav,Snare,Snare,0.781594,0.771063,Snare,/Volumes/Jack_Gandy_1TB_SSD/testing-for-NITE-DSP/sample_pack_testing/Organic Drum Kit/2 Snares/Organic - Snare (45).wav,0.5761283720000623,1.6,mixed_or_uncertain_form,0.35,763.0371143704514,0.4942539514317242,0.21889242597047023,0.2007117651426154,,class passed new-domain suggestion receipt; approval required,True,,,
147,/Volumes/Jack_Gandy_1TB_SSD/testing-for-NITE-DSP/sample_pack_testing/Sounds of KSHMR Vol.3/KSHMR_Drums/KSHMR_Snares/KSHMR_Tight_Snares/KSHMR_Tight_Snare_03_A.wav,/Volumes/Jack_Gandy_1TB_SSD/testing-for-NITE-DSP/sample_pack_testing/Sounds of KSHMR Vol.3/KSHMR_Drums/KSHMR_Snares/KSHMR_Tight_Snares/Snare - KSHMR_Tight_Snare_03_A.wav,Snare,Snare,0.777557,0.771775,Snare,/Volumes/Jack_Gandy_1TB_SSD/testing-for-NITE-DSP/sample_pack_testing/Sounds of KSHMR Vol.3/KSHMR_Drums/KSHMR_Snares/KSHMR_Tight_Snares/KSHMR_Tight_Snare_14_C#.wav,0.7210752060092976,0.269125,possibly_one_shot,0.68,3813.3173538696446,0.4602003542995834,0.16832593671833274,0.0,,class passed new-domain suggestion receipt; approval required,True,,,
148,/Volumes/Jack_Gandy_1TB_SSD/testing-for-NITE-DSP/sample_pack_testing/Sounds of KSHMR Vol.3/KSHMR_Drums/KSHMR_Kicks/KSHMR_Punchy_Kicks/KSHMR_Punchy_Kick_16_F.wav,/Volumes/Jack_Gandy_1TB_SSD/testing-for-NITE-DSP/sample_pack_testing/Sounds of KSHMR Vol.3/KSHMR_Drums/KSHMR_Kicks/KSHMR_Punchy_Kicks/Kick - KSHMR_Punchy_Kick_16_F.wav,Kick,Kick,0.815658,0.772271,Kick,/Volumes/Jack_Gandy_1TB_SSD/testing-for-NITE-DSP/sample_pack_testing/Mike Shinoda Drums/MS BEATS/Dubby Samples/Kick Absynth B 3.wav,0.8258113642999394,0.4135,possibly_one_shot,0.68,395.0564656486728,0.9499986149937143,0.02011508938816578,0.07490697735216477,,class passed new-domain suggestion receipt; approval required,True,,,
149,/Volumes/Jack_Gandy_1TB_SSD/testing-for-NITE-DSP/sample_pack_testing/Mike Shinoda Drums/MS BEATS/Jackboot Stone Cyn Samples/Clap PlayWithMe.wav,/Volumes/Jack_Gandy_1TB_SSD/testing-for-NITE-DSP/sample_pack_testing/Mike Shinoda Drums/MS BEATS/Jackboot Stone Cyn Samples/Clap - Clap PlayWithMe.wav,Clap,Clap,0.725086,0.772337,Clap,/Volumes/Jack_Gandy_1TB_SSD/testing-for-NITE-DSP/sample_pack_testing/Mike Shinoda Drums/MS BEATS/PizzaBeatz Samples/Clap Dexterity 1.wav,0.6569089729549675,0.1680625,possibly_one_shot,0.68,2762.330083177816,0.007343199144023726,0.35479301866797175,0.0,,class passed new-domain suggestion receipt; approval required,True,,,
150,/Volumes/Jack_Gandy_1TB_SSD/testing-for-NITE-DSP/sample_pack_testing/Sounds of KSHMR Vol.3/KSHMR_Drums/KSHMR_Snares/KSHMR_Tight_Snares/KSHMR_Tight_Snare_05_A.wav,/Volumes/Jack_Gandy_1TB_SSD/testing-for-NITE-DSP/sample_pack_testing/Sounds of KSHMR Vol.3/KSHMR_Drums/KSHMR_Snares/KSHMR_Tight_Snares/Snare - KSHMR_Tight_Snare_05_A.wav,Snare,Snare,0.722576,0.772694,Snare,/Volumes/Jack_Gandy_1TB_SSD/testing-for-NITE-DSP/sample_pack_testing/Sounds of KSHMR Vol.3/KSHMR_Drums/KSHMR_Snares/KSHMR_Tight_Snares/KSHMR_Tight_Snare_28_F.wav,0.7618624611109018,0.252125,possibly_one_shot,0.68,2812.8877124891596,0.7075730213467222,0.06861140905281449,0.0,,class passed new-domain suggestion receipt; approval required,True,,,
151,/Volumes/Jack_Gandy_1TB_SSD/testing-for-NITE-DSP/sample_pack_testing/Loaded Samples - Lo-Fi Memphis 2/DRUMS/Snares/LFM2_Snare 808 Hi (1).wav,/Volumes/Jack_Gandy_1TB_SSD/testing-for-NITE-DSP/sample_pack_testing/Loaded Samples - Lo-Fi Memphis 2/DRUMS/Snares/Snare - LFM2_Snare 808 Hi (1).wav,Snare,Kick,0.812433,0.773165,Snare,/Volumes/Jack_Gandy_1TB_SSD/testing-for-NITE-DSP/sample_pack_testing/Mike Shinoda Drums/MS BEATS/maschine ms test 1 Samples/Snare Gold 7.wav,0.5343322274440558,0.2523125,possibly_one_shot,0.68,3828.033309980066,0.0244407967392991,0.5165323897345652,0.0,,class passed new-domain suggestion receipt; approval required,True,,,
152,/Volumes/Jack_Gandy_1TB_SSD/testing-for-NITE-DSP/sample_pack_testing/Sounds of KSHMR Vol.3/KSHMR_Drums/KSHMR_Claps/KSHMR_Natural_Hand_Claps/KSHMR_Stacks/KSHMR_Human_Stack_Clap_03_Horse.wav,/Volumes/Jack_Gandy_1TB_SSD/testing-for-NITE-DSP/sample_pack_testing/Sounds of KSHMR Vol.3/KSHMR_Drums/KSHMR_Claps/KSHMR_Natural_Hand_Claps/KSHMR_Stacks/Clap - KSHMR_Human_Stack_Clap_03_Horse.wav,Clap,Clap,0.873552,0.773197,Clap,/Volumes/Jack_Gandy_1TB_SSD/testing-for-NITE-DSP/sample_pack_testing/Sounds of KSHMR Vol.3/KSHMR_Drums/KSHMR_Claps/KSHMR_Natural_Hand_Claps/KSHMR_Stacks/KSHMR_Human_Stack_Clap_04_Horse.wav,0.8629063528006732,0.2848125,possibly_one_shot,0.68,2386.2079875547806,0.0030647070985008566,0.23306216041257033,0.0,,class passed new-domain suggestion receipt; approval required,True,,,
153,/Volumes/Jack_Gandy_1TB_SSD/testing-for-NITE-DSP/sample_pack_testing/Mike Shinoda Drums/MS BEATS/Dance Rock Samples/Snare LastGate.wav,/Volumes/Jack_Gandy_1TB_SSD/testing-for-NITE-DSP/sample_pack_testing/Mike Shinoda Drums/MS BEATS/Dance Rock Samples/Snare - Snare LastGate.wav,Snare,Snare,0.672899,0.774013,Snare,/Volumes/Jack_Gandy_1TB_SSD/testing-for-NITE-DSP/sample_pack_testing/Mike Shinoda Drums/MS BEATS/maschine ms test 1 Samples/Snare Gold 7.wav,0.62308962803004,0.1399375,possibly_one_shot,0.68,3618.5179732589395,0.29516034849628014,0.4781489791116626,0.0,,class passed new-domain suggestion receipt; approval required,True,,,
154,/Volumes/Jack_Gandy_1TB_SSD/testing-for-NITE-DSP/sample_pack_testing/Sounds of KSHMR Vol.3/KSHMR_VIP_Friends_of_KSHMR/ZEDD/ZEDD_Kick_02.wav,/Volumes/Jack_Gandy_1TB_SSD/testing-for-NITE-DSP/sample_pack_testing/Sounds of KSHMR Vol.3/KSHMR_VIP_Friends_of_KSHMR/ZEDD/Kick - ZEDD_Kick_02.wav,Kick,Kick,0.846861,0.774235,Kick,/Volumes/Jack_Gandy_1TB_SSD/testing-for-NITE-DSP/sample_pack_testing/Mike Shinoda Drums/MS BEATS/Dubby Samples/Kick Absynth B 3.wav,0.7587537594750967,0.4725,possibly_one_shot,0.68,633.2062298984761,0.9767807740895788,0.005389643212036418,0.07602554711030035,,class passed new-domain suggestion receipt; approval required,True,,,
155,/Volumes/Jack_Gandy_1TB_SSD/testing-for-NITE-DSP/sample_pack_testing/Sounds of KSHMR Vol.3/KSHMR_Drums/KSHMR_Kicks/KSHMR_Hip_Hop_kicks/KSHMR_Thump_Kicks/KSHMR_Thump_Kick_06.wav,/Volumes/Jack_Gandy_1TB_SSD/testing-for-NITE-DSP/sample_pack_testing/Sounds of KSHMR Vol.3/KSHMR_Drums/KSHMR_Kicks/KSHMR_Hip_Hop_kicks/KSHMR_Thump_Kicks/Kick - KSHMR_Thump_Kick_06.wav,Kick,Kick,0.841737,0.774445,Kick,/Volumes/Jack_Gandy_1TB_SSD/testing-for-NITE-DSP/sample_pack_testing/Organic Drum Kit/1 Kicks/Organic - Kick (104).wav,0.7231304428357861,0.21425,possibly_one_shot,0.68,150.8480516991121,0.9772707369881831,1.4781710050189511e-05,0.0,,class passed new-domain suggestion receipt; approval required,True,,,
156,/Volumes/Jack_Gandy_1TB_SSD/testing-for-NITE-DSP/sample_pack_testing/Just Jared - OP1 Drums/Kicks/Just Jared - OP1 Drums Kick 1.wav,/Volumes/Jack_Gandy_1TB_SSD/testing-for-NITE-DSP/sample_pack_testing/Just Jared - OP1 Drums/Kicks/Kick - Just Jared - OP1 Drums Kick 1.wav,Kick,Kick,0.820512,0.775247,Kick,/Volumes/Jack_Gandy_1TB_SSD/testing-for-NITE-DSP/sample_pack_testing/Lex Luger Drumkit/Lex_Luger_Drumkit/LL_one_shots/LL_kick_pink_2.wav,0.628955222427458,0.18525,possibly_one_shot,0.68,187.79603473849014,0.9874058204095086,9.035113606173317e-05,0.0,,class passed new-domain suggestion receipt; approval required,True,,,
157,/Volumes/Jack_Gandy_1TB_SSD/testing-for-NITE-DSP/sample_pack_testing/Drum Recollection/New Wave Drum Kit Vol. 1/New Wave Drum Kit/Kicks/Rackity Kick  .wav,/Volumes/Jack_Gandy_1TB_SSD/testing-for-NITE-DSP/sample_pack_testing/Drum Recollection/New Wave Drum Kit Vol. 1/New Wave Drum Kit/Kicks/Kick - Rackity Kick  .wav,Kick,Kick,0.825405,0.77569,Kick,/Volumes/Jack_Gandy_1TB_SSD/testing-for-NITE-DSP/sample_pack_testing/Drum Recollection/New Wave Drum Kit Vol. 2/Kicks/Racky Kick.wav,0.6874668989186672,6.5865625,possibly_sustained,0.55,794.2401944596926,0.9811050036228486,1.0446794527115344e-05,0.0,,class passed new-domain suggestion receipt; approval required,True,,,
158,/Volumes/Jack_Gandy_1TB_SSD/testing-for-NITE-DSP/sample_pack_testing/Just Jared - OP1 Drums/Kicks/Just Jared - OP1 Drums Kick 16.wav,/Volumes/Jack_Gandy_1TB_SSD/testing-for-NITE-DSP/sample_pack_testing/Just Jared - OP1 Drums/Kicks/Kick - Just Jared - OP1 Drums Kick 16.wav,Kick,Kick,0.814146,0.775829,Kick,/Volumes/Jack_Gandy_1TB_SSD/testing-for-NITE-DSP/sample_pack_testing/Lex Luger Drumkit/Lex_Luger_Drumkit/LL_one_shots/LL_kick_pink_2.wav,0.6575575845578109,0.2539375,possibly_one_shot,0.68,170.85025329010375,0.9930333236064885,0.0002180982614871755,0.0,,class passed new-domain suggestion receipt; approval required,True,,,
159,/Volumes/Jack_Gandy_1TB_SSD/testing-for-NITE-DSP/sample_pack_testing/Organic Drum Kit/3 Claps/Organic - Clap (17).wav,/Volumes/Jack_Gandy_1TB_SSD/testing-for-NITE-DSP/sample_pack_testing/Organic Drum Kit/3 Claps/Clap - Organic - Clap (17).wav,Clap,Clap,0.895334,0.775975,Clap,/Volumes/Jack_Gandy_1TB_SSD/testing-for-NITE-DSP/sample_pack_testing/Sounds of KSHMR Vol.3/KSHMR_Drums/KSHMR_Claps/KSHMR_Natural_Hand_Claps/KSHMR_Stacks/KSHMR_Human_Stack_Clap_06_Squishy.wav,0.5501734602294822,1.621625,mixed_or_uncertain_form,0.35,2218.149130446609,0.0017729430054280071,0.47442102271902686,0.04163499861346758,,class passed new-domain suggestion receipt; approval required,True,,,
160,/Volumes/Jack_Gandy_1TB_SSD/testing-for-NITE-DSP/sample_pack_testing/Organic Drum Kit/3 Claps/Organic - Clap (14).wav,/Volumes/Jack_Gandy_1TB_SSD/testing-for-NITE-DSP/sample_pack_testing/Organic Drum Kit/3 Claps/Clap - Organic - Clap (14).wav,Clap,Clap,0.750293,0.776132,Clap,/Volumes/Jack_Gandy_1TB_SSD/testing-for-NITE-DSP/sample_pack_testing/Organic Drum Kit/Maschine Kits/Ethnic Stomp Kit Samples/Organic - Clap (14).wav,1.0,1.3793125,possibly_one_shot,0.68,1966.289046630267,0.0013765986764016993,0.214249659384324,0.07430106538042844,,class passed new-domain suggestion receipt; approval required,True,,,
161,/Volumes/Jack_Gandy_1TB_SSD/testing-for-NITE-DSP/sample_pack_testing/Drum Recollection/Official Drum Kit Vol. 2/Kicks/Pain Kick.wav,/Volumes/Jack_Gandy_1TB_SSD/testing-for-NITE-DSP/sample_pack_testing/Drum Recollection/Official Drum Kit Vol. 2/Kicks/Kick - Pain Kick.wav,Kick,Kick,0.821151,0.776249,Kick,/Volumes/Jack_Gandy_1TB_SSD/testing-for-NITE-DSP/sample_pack_testing/Drum Recollection/New Wave Drum Kit Vol. 2/Kicks/Racky Kick.wav,0.7993729006874611,1.716375,mixed_or_uncertain_form,0.35,320.2564003686992,0.945008961206099,0.00015195142212533956,0.0032902615097715688,,class passed new-domain suggestion receipt; approval required,True,,,
162,/Volumes/Jack_Gandy_1TB_SSD/testing-for-NITE-DSP/sample_pack_testing/Capsun ProAudio - City Pop/One_Shots/Drum_One_Shots/Kicks/CPA_TCP_kick_dirty_dancers.wav,/Volumes/Jack_Gandy_1TB_SSD/testing-for-NITE-DSP/sample_pack_testing/Capsun ProAudio - City Pop/One_Shots/Drum_One_Shots/Kicks/Kick - CPA_TCP_kick_dirty_dancers.wav,Kick,Kick,0.823003,0.776378,Kick,/Volumes/Jack_Gandy_1TB_SSD/testing-for-NITE-DSP/sample_pack_testing/Organic Drum Kit/1 Kicks/Organic - Kick (10).wav,0.7356510861296918,0.398375,possibly_one_shot,0.68,266.64405246808894,0.9775976162464427,0.017352167524902772,0.022607748485708023,,class passed new-domain suggestion receipt; approval required,True,,,
163,/Volumes/Jack_Gandy_1TB_SSD/testing-for-NITE-DSP/sample_pack_testing/Sounds of KSHMR Vol.3/KSHMR_VIP_Friends_of_KSHMR/MAURICE_WEST/MAURICE_WEST_Voices_In_My_Head_Kick_G#.wav,/Volumes/Jack_Gandy_1TB_SSD/testing-for-NITE-DSP/sample_pack_testing/Sounds of KSHMR Vol.3/KSHMR_VIP_Friends_of_KSHMR/MAURICE_WEST/Kick - MAURICE_WEST_Voices_In_My_Head_Kick_G#.wav,Kick,Kick,0.818923,0.776549,Kick,/Volumes/Jack_Gandy_1TB_SSD/testing-for-NITE-DSP/sample_pack_testing/Mike Shinoda Drums/MS BEATS/Auckland2013 Samples/Kick Gamsay 2.wav,0.8239658237632925,0.4688125,possibly_one_shot,0.68,306.6889091202324,0.9821193423321777,0.004453087550942197,0.037205362762143694,,class passed new-domain suggestion receipt; approval required,True,,,
164,/Volumes/Jack_Gandy_1TB_SSD/testing-for-NITE-DSP/sample_pack_testing/Organic Drum Kit/Maschine Kits/New Age Kit 1 Samples/Organic - Kick (146).wav,/Volumes/Jack_Gandy_1TB_SSD/testing-for-NITE-DSP/sample_pack_testing/Organic Drum Kit/Maschine Kits/New Age Kit 1 Samples/Kick - Organic - Kick (146).wav,Kick,Kick,0.822818,0.776909,Kick,/Volumes/Jack_Gandy_1TB_SSD/testing-for-NITE-DSP/sample_pack_testing/Organic Drum Kit/1 Kicks/Organic - Kick (104).wav,0.7609268549884209,0.237375,possibly_one_shot,0.68,328.18143786721197,0.9858446088324077,0.00047463228861865573,0.0,,class passed new-domain suggestion receipt; approval required,True,,,
165,/Volumes/Jack_Gandy_1TB_SSD/testing-for-NITE-DSP/sample_pack_testing/Sounds of KSHMR Vol.3/KSHMR_Drums/KSHMR_Claps/KSHMR_Natural_Hand_Claps/KSHMR_Stacks/KSHMR_Human_Stack_Clap_04_Horse.wav,/Volumes/Jack_Gandy_1TB_SSD/testing-for-NITE-DSP/sample_pack_testing/Sounds of KSHMR Vol.3/KSHMR_Drums/KSHMR_Claps/KSHMR_Natural_Hand_Claps/KSHMR_Stacks/Clap - KSHMR_Human_Stack_Clap_04_Horse.wav,Clap,Clap,0.85255,0.776982,Clap,/Volumes/Jack_Gandy_1TB_SSD/testing-for-NITE-DSP/sample_pack_testing/Breaks/Gems From The Crates/Claps/AKT-CLP-A005_bip.wav,0.49417251322327055,0.230625,possibly_one_shot,0.68,2318.868417913257,0.003913934833970226,0.1682470823793148,0.0,,class passed new-domain suggestion receipt; approval required,True,,,
166,/Volumes/Jack_Gandy_1TB_SSD/testing-for-NITE-DSP/sample_pack_testing/Sounds of KSHMR Vol.3/KSHMR_Drums/KSHMR_Kicks/KSHMR_Psy_Kicks/KSHMR_Psy_Kick_12_F#.wav,/Volumes/Jack_Gandy_1TB_SSD/testing-for-NITE-DSP/sample_pack_testing/Sounds of KSHMR Vol.3/KSHMR_Drums/KSHMR_Kicks/KSHMR_Psy_Kicks/Kick - KSHMR_Psy_Kick_12_F#.wav,Kick,Kick,0.830295,0.777485,Kick,/Volumes/Jack_Gandy_1TB_SSD/testing-for-NITE-DSP/sample_pack_testing/Sounds of KSHMR Vol.3/KSHMR_Drums/KSHMR_Kicks/KSHMR_Punchy_Kicks/KSHMR_Punchy_Kick_24_F#_Soft.wav,0.8760796781578235,0.1670625,possibly_one_shot,0.68,443.42092611676065,0.9843854816771062,0.0033821739039701024,0.0,,class passed new-domain suggestion receipt; approval required,True,,,
167,/Volumes/Jack_Gandy_1TB_SSD/testing-for-NITE-DSP/sample_pack_testing/Mike Shinoda Drums/MPC 1000 Backup/MPC1000 FILES/PABLO/3briwilkic4.WAV,/Volumes/Jack_Gandy_1TB_SSD/testing-for-NITE-DSP/sample_pack_testing/Mike Shinoda Drums/MPC 1000 Backup/MPC1000 FILES/PABLO/Kick - 3briwilkic4.WAV,Kick,,0.843458,0.777835,Kick,/Volumes/Jack_Gandy_1TB_SSD/testing-for-NITE-DSP/sample_pack_testing/Organic Drum Kit/1 Kicks/Organic - Kick (11).wav,0.6944909418431607,0.6385625,mixed_or_uncertain_form,0.35,199.566561936268,0.982921695621346,3.875995888835625e-05,0.2755061600027316,,class passed new-domain suggestion receipt; approval required,True,,,
168,/Volumes/Jack_Gandy_1TB_SSD/testing-for-NITE-DSP/sample_pack_testing/Sounds of KSHMR Vol.3/KSHMR_Drums/KSHMR_Claps/KSHMR_Regular_Claps/KSHMR_Clap_Hard_02.wav,/Volumes/Jack_Gandy_1TB_SSD/testing-for-NITE-DSP/sample_pack_testing/Sounds of KSHMR Vol.3/KSHMR_Drums/KSHMR_Claps/KSHMR_Regular_Claps/Clap - KSHMR_Clap_Hard_02.wav,Clap,Clap,0.791326,0.778267,Clap,/Volumes/Jack_Gandy_1TB_SSD/testing-for-NITE-DSP/sample_pack_testing/Sounds of KSHMR Vol.3/KSHMR_Drums/KSHMR_Claps/KSHMR_Regular_Claps/KSHMR_Clap_Hard_04.wav,0.56943443255398,0.401625,possibly_one_shot,0.68,3048.581544651175,0.0005317382805913996,0.4827754265959948,0.028758157162697865,,class passed new-domain suggestion receipt; approval required,True,,,
169,/Volumes/Jack_Gandy_1TB_SSD/testing-for-NITE-DSP/sample_pack_testing/Loaded Samples - Lo-Fi Memphis 2/DRUMS/Snares/LFM2_Snare 808 Medium (1).wav,/Volumes/Jack_Gandy_1TB_SSD/testing-for-NITE-DSP/sample_pack_testing/Loaded Samples - Lo-Fi Memphis 2/DRUMS/Snares/Snare - LFM2_Snare 808 Medium (1).wav,Snare,Kick,0.8022,0.778425,Snare,/Volumes/Jack_Gandy_1TB_SSD/testing-for-NITE-DSP/sample_pack_testing/Mike Shinoda Drums/MS BEATS/maschine ms test 1 Samples/Snare Gold 7.wav,0.6290799785533445,0.1306875,possibly_one_shot,0.68,3864.420315032838,0.23250641056833246,0.36917427161345784,0.0,,class passed new-domain suggestion receipt; approval required,True,,,
170,/Volumes/Jack_Gandy_1TB_SSD/testing-for-NITE-DSP/sample_pack_testing/Sounds of KSHMR Vol.3/KSHMR_Drums/KSHMR_Kicks/KSHMR_Psy_Kicks/KSHMR_Psy_Kick_01_A.wav,/Volumes/Jack_Gandy_1TB_SSD/testing-for-NITE-DSP/sample_pack_testing/Sounds of KSHMR Vol.3/KSHMR_Drums/KSHMR_Kicks/KSHMR_Psy_Kicks/Kick - KSHMR_Psy_Kick_01_A.wav,Kick,Kick,0.83297,0.778505,Kick,/Volumes/Jack_Gandy_1TB_SSD/testing-for-NITE-DSP/sample_pack_testing/Mike Shinoda Drums/MS BEATS/Auckland2013 Samples/Kick Gamsay 2.wav,0.7316345697793043,0.1831875,possibly_one_shot,0.68,570.6916974274161,0.9169802754776857,0.009929845485922937,0.0,,class passed new-domain suggestion receipt; approval required,True,,,
171,/Volumes/Jack_Gandy_1TB_SSD/testing-for-NITE-DSP/sample_pack_testing/Sounds of KSHMR Vol.3/KSHMR_Drums/KSHMR_Kicks/KSHMR_Signature_Kicks/KSHMR_Signature_Kick_04_Festival_of_Lights_D.wav,/Volumes/Jack_Gandy_1TB_SSD/testing-for-NITE-DSP/sample_pack_testing/Sounds of KSHMR Vol.3/KSHMR_Drums/KSHMR_Kicks/KSHMR_Signature_Kicks/Kick - KSHMR_Signature_Kick_04_Festival_of_Lights_D.wav,Kick,Kick,0.816163,0.778836,Kick,/Volumes/Jack_Gandy_1TB_SSD/testing-for-NITE-DSP/sample_pack_testing/Mike Shinoda Drums/MS BEATS/Auckland2013 Samples/Kick Gamsay 2.wav,0.7107262068137787,0.4688125,possibly_one_shot,0.68,313.3891633009926,0.9637450624779726,0.010249451086107957,0.027496532728244538,,class passed new-domain suggestion receipt; approval required,True,,,
172,/Volumes/Jack_Gandy_1TB_SSD/testing-for-NITE-DSP/sample_pack_testing/Sounds of KSHMR Vol.3/KSHMR_Drums/KSHMR_Claps/KSHMR_Pre-Shifted_Claps/KSHMR_Pre_Shifted_Clap_21.wav,/Volumes/Jack_Gandy_1TB_SSD/testing-for-NITE-DSP/sample_pack_testing/Sounds of KSHMR Vol.3/KSHMR_Drums/KSHMR_Claps/KSHMR_Pre-Shifted_Claps/Clap - KSHMR_Pre_Shifted_Clap_21.wav,Clap,Clap,0.750948,0.778918,Clap,/Volumes/Jack_Gandy_1TB_SSD/testing-for-NITE-DSP/sample_pack_testing/Mike Shinoda Drums/MS BEATS/Castle Of Glass Remix2 Samples/Clap Quasi.wav,0.674425362564929,0.271625,possibly_one_shot,0.68,2962.4287628762568,0.0020794558382120705,0.5013096449618717,0.0,,class passed new-domain suggestion receipt; approval required,True,,,
173,/Volumes/Jack_Gandy_1TB_SSD/testing-for-NITE-DSP/sample_pack_testing/Sounds of KSHMR Vol.3/KSHMR_Drums/KSHMR_Claps/KSHMR_Natural_Hand_Claps/KSHMR_Stacks/KSHMR_Human_Stack_Clap_07_Squishy.wav,/Volumes/Jack_Gandy_1TB_SSD/testing-for-NITE-DSP/sample_pack_testing/Sounds of KSHMR Vol.3/KSHMR_Drums/KSHMR_Claps/KSHMR_Natural_Hand_Claps/KSHMR_Stacks/Clap - KSHMR_Human_Stack_Clap_07_Squishy.wav,Clap,Clap,0.850446,0.779056,Clap,/Volumes/Jack_Gandy_1TB_SSD/testing-for-NITE-DSP/sample_pack_testing/Mike Shinoda Drums/MS BEATS/Ryu 3 Samples/Clap_Layered004_MPC60_st.wav,0.6475265156023341,0.1790625,possibly_one_shot,0.68,3162.067614835829,0.014165240198350025,0.4259841685659974,0.0,,class passed new-domain suggestion receipt; approval required,True,,,
174,/Volumes/Jack_Gandy_1TB_SSD/testing-for-NITE-DSP/sample_pack_testing/Mike Shinoda Drums/MS BEATS/Spirals Samples/Kick Concrete 2.wav,/Volumes/Jack_Gandy_1TB_SSD/testing-for-NITE-DSP/sample_pack_testing/Mike Shinoda Drums/MS BEATS/Spirals Samples/Kick - Kick Concrete 2.wav,Kick,Kick,0.818861,0.779527,Kick,/Volumes/Jack_Gandy_1TB_SSD/testing-for-NITE-DSP/sample_pack_testing/Lex Luger Drumkit/Lex_Luger_Drumkit/LL_one_shots/LL_kick_pink_2.wav,0.8279577646964965,0.4995625,possibly_one_shot,0.68,128.52940773814157,0.9926992633966131,1.65379097701707e-06,0.019302455483820195,,class passed new-domain suggestion receipt; approval required,True,,,
175,/Volumes/Jack_Gandy_1TB_SSD/testing-for-NITE-DSP/sample_pack_testing/Organic Drum Kit/1 Kicks/Organic - Kick (65).wav,/Volumes/Jack_Gandy_1TB_SSD/testing-for-NITE-DSP/sample_pack_testing/Organic Drum Kit/1 Kicks/Kick - Organic - Kick (65).wav,Kick,Kick,0.836591,0.779845,Kick,/Volumes/Jack_Gandy_1TB_SSD/testing-for-NITE-DSP/sample_pack_testing/Organic Drum Kit/1 Kicks/Organic - Kick (11).wav,0.8363089690348638,0.599875,possibly_one_shot,0.68,271.2256063454819,0.9896215487816735,0.0005410667964684915,0.05484575423062281,,class passed new-domain suggestion receipt; approval required,True,,,
176,/Volumes/Jack_Gandy_1TB_SSD/testing-for-NITE-DSP/sample_pack_testing/Sounds of KSHMR Vol.3/KSHMR_Drums/KSHMR_Kicks/KSHMR_Punchy_Kicks/KSHMR_Punchy_Kick_09_E.wav,/Volumes/Jack_Gandy_1TB_SSD/testing-for-NITE-DSP/sample_pack_testing/Sounds of KSHMR Vol.3/KSHMR_Drums/KSHMR_Kicks/KSHMR_Punchy_Kicks/Kick - KSHMR_Punchy_Kick_09_E.wav,Kick,Kick,0.812725,0.77987,Kick,/Volumes/Jack_Gandy_1TB_SSD/testing-for-NITE-DSP/sample_pack_testing/Mike Shinoda Drums/MS BEATS/Dubby Samples/Kick Absynth B 3.wav,0.6785770948628792,0.1793125,possibly_one_shot,0.68,640.5918290283569,0.9374967593490228,0.011075931280601565,0.0,,class passed new-domain suggestion receipt; approval required,True,,,
177,/Volumes/Jack_Gandy_1TB_SSD/testing-for-NITE-DSP/sample_pack_testing/Mike Shinoda Drums/MS BEATS/Castle Of Glass Remix2 Samples/Kick Paper.wav,/Volumes/Jack_Gandy_1TB_SSD/testing-for-NITE-DSP/sample_pack_testing/Mike Shinoda Drums/MS BEATS/Castle Of Glass Remix2 Samples/Kick - Kick Paper.wav,Kick,Kick,0.836896,0.780581,Kick,/Volumes/Jack_Gandy_1TB_SSD/testing-for-NITE-DSP/sample_pack_testing/Sounds of KSHMR Vol.3/KSHMR_Drums/KSHMR_Kicks/KSHMR_Punchy_Kicks/KSHMR_Punchy_Kick_24_F#_Soft.wav,0.8167779835814392,0.3620625,possibly_one_shot,0.68,152.7882361015602,0.9223946349670287,0.0001288062565004997,0.11219115525397678,,class passed new-domain suggestion receipt; approval required,True,,,
178,/Volumes/Jack_Gandy_1TB_SSD/testing-for-NITE-DSP/sample_pack_testing/Sounds of KSHMR Vol.3/KSHMR_Drums/KSHMR_Snares/KSHMR_Tight_Snares/KSHMR_Tight_Snare_11_B.wav,/Volumes/Jack_Gandy_1TB_SSD/testing-for-NITE-DSP/sample_pack_testing/Sounds of KSHMR Vol.3/KSHMR_Drums/KSHMR_Snares/KSHMR_Tight_Snares/Snare - KSHMR_Tight_Snare_11_B.wav,Snare,Snare,0.737457,0.780756,Snare,/Volumes/Jack_Gandy_1TB_SSD/testing-for-NITE-DSP/sample_pack_testing/Sounds of KSHMR Vol.3/KSHMR_Drums/KSHMR_Snares/KSHMR_Tight_Snares/KSHMR_Tight_Snare_14_C#.wav,0.730364232056249,0.208375,possibly_one_shot,0.68,3366.9686910665264,0.7102459337729883,0.18932891062185964,0.0,,class passed new-domain suggestion receipt; approval required,True,,,
179,/Volumes/Jack_Gandy_1TB_SSD/testing-for-NITE-DSP/sample_pack_testing/Sounds of KSHMR Vol.3/KSHMR_Drums/KSHMR_Kicks/KSHMR_Signature_Kicks/KSHMR_Signature_Kick_16_Mandala_E.wav,/Volumes/Jack_Gandy_1TB_SSD/testing-for-NITE-DSP/sample_pack_testing/Sounds of KSHMR Vol.3/KSHMR_Drums/KSHMR_Kicks/KSHMR_Signature_Kicks/Kick - KSHMR_Signature_Kick_16_Mandala_E.wav,Kick,Kick,0.835371,0.781586,Kick,/Volumes/Jack_Gandy_1TB_SSD/testing-for-NITE-DSP/sample_pack_testing/Mike Shinoda Drums/MS BEATS/Dubby Samples/Kick Absynth B 3.wav,0.8307459973458249,0.4688125,possibly_one_shot,0.68,378.0996870705414,0.9719096821798421,0.00956408543654928,0.08017092173519572,,class passed new-domain suggestion receipt; approval required,True,,,
180,/Volumes/Jack_Gandy_1TB_SSD/testing-for-NITE-DSP/sample_pack_testing/Sounds of KSHMR Vol.3/KSHMR_Drums/KSHMR_Claps/KSHMR_Trap_Claps/KSHMR_Trap_Clap_08.wav,/Volumes/Jack_Gandy_1TB_SSD/testing-for-NITE-DSP/sample_pack_testing/Sounds of KSHMR Vol.3/KSHMR_Drums/KSHMR_Claps/KSHMR_Trap_Claps/Clap - KSHMR_Trap_Clap_08.wav,Clap,Clap,0.773326,0.782925,Clap,/Volumes/Jack_Gandy_1TB_SSD/testing-for-NITE-DSP/sample_pack_testing/Mike Shinoda Drums/MS BEATS/Andes Samples/Clap AllOver.wav,0.7076117596274591,0.460625,possibly_one_shot,0.68,3255.1212355705766,0.005546177112406294,0.5440565766077189,0.016198615218433698,,class passed new-domain suggestion receipt; approval required,True,,,
181,/Volumes/Jack_Gandy_1TB_SSD/testing-for-NITE-DSP/sample_pack_testing/Mike Shinoda Drums/MS BEATS/Thumper Samples/Clap Gold 4.wav,/Volumes/Jack_Gandy_1TB_SSD/testing-for-NITE-DSP/sample_pack_testing/Mike Shinoda Drums/MS BEATS/Thumper Samples/Clap - Clap Gold 4.wav,Clap,Clap,0.855947,0.783069,Clap,/Volumes/Jack_Gandy_1TB_SSD/testing-for-NITE-DSP/sample_pack_testing/Mike Shinoda Drums/MS BEATS/Ryu 3 Samples/Clap_Layered004_MPC60_st.wav,1.0,0.233375,possibly_one_shot,0.68,2959.7816972386595,0.008182904135827828,0.2920145681778376,0.0,,class passed new-domain suggestion receipt; approval required,True,,,
182,/Volumes/Jack_Gandy_1TB_SSD/testing-for-NITE-DSP/sample_pack_testing/Sounds of KSHMR Vol.3/KSHMR_Drums/KSHMR_Kicks/KSHMR_Punchy_Kicks/KSHMR_Punchy_Kick_22_F#.wav,/Volumes/Jack_Gandy_1TB_SSD/testing-for-NITE-DSP/sample_pack_testing/Sounds of KSHMR Vol.3/KSHMR_Drums/KSHMR_Kicks/KSHMR_Punchy_Kicks/Kick - KSHMR_Punchy_Kick_22_F#.wav,Kick,Kick,0.820645,0.783411,Kick,/Volumes/Jack_Gandy_1TB_SSD/testing-for-NITE-DSP/sample_pack_testing/Mike Shinoda Drums/MS BEATS/Dubby Samples/Kick Absynth B 3.wav,0.8216088249453525,0.4911875,possibly_one_shot,0.68,242.82726947202326,0.9258753650526045,0.008196436840342488,0.04810850302629817,,class passed new-domain suggestion receipt; approval required,True,,,
183,/Volumes/Jack_Gandy_1TB_SSD/testing-for-NITE-DSP/sample_pack_testing/Sounds of KSHMR Vol.3/KSHMR_Drums/KSHMR_Kicks/KSHMR_Punchy_Kicks/KSHMR_Punchy_Kick_20_F.wav,/Volumes/Jack_Gandy_1TB_SSD/testing-for-NITE-DSP/sample_pack_testing/Sounds of KSHMR Vol.3/KSHMR_Drums/KSHMR_Kicks/KSHMR_Punchy_Kicks/Kick - KSHMR_Punchy_Kick_20_F.wav,Kick,Kick,0.821,0.78353,Kick,/Volumes/Jack_Gandy_1TB_SSD/testing-for-NITE-DSP/sample_pack_testing/Mike Shinoda Drums/MS BEATS/Dubby Samples/Kick Absynth B 3.wav,0.7804130588150721,0.427625,possibly_one_shot,0.68,285.2472153492353,0.9695002901225968,0.007139401189743197,0.05428885708468693,,class passed new-domain suggestion receipt; approval required,True,,,
184,/Volumes/Jack_Gandy_1TB_SSD/testing-for-NITE-DSP/sample_pack_testing/Drum Recollection/New Wave Drum Kit Vol. 1/New Wave Drum Kit/Kicks/Draco Kick .wav,/Volumes/Jack_Gandy_1TB_SSD/testing-for-NITE-DSP/sample_pack_testing/Drum Recollection/New Wave Drum Kit Vol. 1/New Wave Drum Kit/Kicks/Kick - Draco Kick .wav,Kick,Kick,0.838071,0.783722,Kick,/Volumes/Jack_Gandy_1TB_SSD/testing-for-NITE-DSP/sample_pack_testing/Lex Luger Drumkit/Lex_Luger_Drumkit/LL_one_shots/LL_kick_pink_2.wav,0.5878140315482209,7.5385,possibly_sustained,0.55,790.5126566036283,0.9739152618159859,3.0237626282353372e-05,0.0,,class passed new-domain suggestion receipt; approval required,True,,,
185,/Volumes/Jack_Gandy_1TB_SSD/testing-for-NITE-DSP/sample_pack_testing/Mike Shinoda Drums/MS BEATS/Spirals Samples/Kick SlicenDice 2.wav,/Volumes/Jack_Gandy_1TB_SSD/testing-for-NITE-DSP/sample_pack_testing/Mike Shinoda Drums/MS BEATS/Spirals Samples/Kick - Kick SlicenDice 2.wav,Kick,Kick,0.813127,0.783816,Kick,/Volumes/Jack_Gandy_1TB_SSD/testing-for-NITE-DSP/sample_pack_testing/Organic Drum Kit/1 Kicks/Organic - Kick (10).wav,0.7488253645873996,0.4585,possibly_one_shot,0.68,998.2699429672441,0.9883845412422665,0.0018025271535424246,0.05033446707680938,,class passed new-domain suggestion receipt; approval required,True,,,
186,/Volumes/Jack_Gandy_1TB_SSD/testing-for-NITE-DSP/sample_pack_testing/Loaded Samples - Lo-Fi Memphis 2/DRUMS/Snares/LFM2_Snare Clap (2).wav,/Volumes/Jack_Gandy_1TB_SSD/testing-for-NITE-DSP/sample_pack_testing/Loaded Samples - Lo-Fi Memphis 2/DRUMS/Snares/Snare - LFM2_Snare Clap (2).wav,Snare,Snare,0.844086,0.783959,Snare,/Volumes/Jack_Gandy_1TB_SSD/testing-for-NITE-DSP/sample_pack_testing/Mike Shinoda Drums/MS BEATS/Victory March Samples/Snare BigBusiness 1.wav,0.7725324214961738,0.26425,possibly_one_shot,0.68,3235.5362912638793,0.2240663364848859,0.34700521147222985,0.0,,class passed new-domain suggestion receipt; approval required,True,,,
187,/Volumes/Jack_Gandy_1TB_SSD/testing-for-NITE-DSP/sample_pack_testing/Organic Drum Kit/1 Kicks/Organic - Kick (51).wav,/Volumes/Jack_Gandy_1TB_SSD/testing-for-NITE-DSP/sample_pack_testing/Organic Drum Kit/1 Kicks/Kick - Organic - Kick (51).wav,Kick,Kick,0.822447,0.784216,Kick,/Volumes/Jack_Gandy_1TB_SSD/testing-for-NITE-DSP/sample_pack_testing/Organic Drum Kit/1 Kicks/Organic - Kick (11).wav,0.7698053835427127,1.2385625,possibly_one_shot,0.68,357.58435558023655,0.9837000673755146,0.00028057338938167035,0.01574826943567445,,class passed new-domain suggestion receipt; approval required,True,,,
188,/Volumes/Jack_Gandy_1TB_SSD/testing-for-NITE-DSP/sample_pack_testing/Breaks/Gems From The Crates/Claps/AKT-CLP-A011_bip.wav,/Volumes/Jack_Gandy_1TB_SSD/testing-for-NITE-DSP/sample_pack_testing/Breaks/Gems From The Crates/Claps/Clap - AKT-CLP-A011_bip.wav,Clap,Clap,0.80568,0.784396,Clap,/Volumes/Jack_Gandy_1TB_SSD/testing-for-NITE-DSP/sample_pack_testing/Organic Drum Kit/Maschine Kits/Ethnic Stomp Kit Samples/Organic - Clap (14).wav,0.6206160062703767,0.7430625,possibly_one_shot,0.68,2659.3894950381837,9.388822660124289e-05,0.19927286176444026,0.32649696541457646,,class passed new-domain suggestion receipt; approval required,True,,,
189,/Volumes/Jack_Gandy_1TB_SSD/testing-for-NITE-DSP/sample_pack_testing/Minimal Audio/REFLECT/1 - Drums/2 - Kick /Kick - Grainer.wav,/Volumes/Jack_Gandy_1TB_SSD/testing-for-NITE-DSP/sample_pack_testing/Minimal Audio/REFLECT/1 - Drums/2 - Kick /Kick - Kick - Grainer.wav,Kick,Kick,0.826962,0.78446,Kick,/Volumes/Jack_Gandy_1TB_SSD/testing-for-NITE-DSP/sample_pack_testing/Organic Drum Kit/1 Kicks/Organic - Kick (104).wav,0.8174070696581882,0.348875,possibly_one_shot,0.68,343.50788264330026,0.9857110047681695,0.0012563015691953786,0.05050929269339194,,class passed new-domain suggestion receipt; approval required,True,,,
190,/Volumes/Jack_Gandy_1TB_SSD/testing-for-NITE-DSP/sample_pack_testing/Loaded Samples - Lo-Fi Memphis 2/DRUMS/Kicks & 808s/LFM2_Kick A1 (2).wav,/Volumes/Jack_Gandy_1TB_SSD/testing-for-NITE-DSP/sample_pack_testing/Loaded Samples - Lo-Fi Memphis 2/DRUMS/Kicks & 808s/Kick - LFM2_Kick A1 (2).wav,Kick,Kick,0.822076,0.784589,Kick,/Volumes/Jack_Gandy_1TB_SSD/Samples 2021 ->/Sample Packs/Loaded Samples - Lo-Fi Memphis 2/DRUMS/Kicks & 808s/LFM2_Kick 909 Punch (1) (G).wav,0.7380506556441072,0.2668125,possibly_one_shot,0.68,584.5428178202596,0.9933344457158276,0.002146223023230379,0.0,,class passed new-domain suggestion receipt; approval required,True,,,
191,/Volumes/Jack_Gandy_1TB_SSD/testing-for-NITE-DSP/sample_pack_testing/Sounds of KSHMR Vol.3/KSHMR_Drums/KSHMR_Claps/KSHMR_Regular_Claps/KSHMR_Clap_Snappy_01.wav,/Volumes/Jack_Gandy_1TB_SSD/testing-for-NITE-DSP/sample_pack_testing/Sounds of KSHMR Vol.3/KSHMR_Drums/KSHMR_Claps/KSHMR_Regular_Claps/Clap - KSHMR_Clap_Snappy_01.wav,Clap,Clap,0.766643,0.784789,Clap,/Volumes/Jack_Gandy_1TB_SSD/testing-for-NITE-DSP/sample_pack_testing/Drum Recollection/Official Drum Kit Vol. 1/Claps/Arcade Clap .wav,0.4255634256750131,0.1858125,possibly_one_shot,0.68,3050.198319438512,0.0009459345300646528,0.4601673072568207,0.0,,class passed new-domain suggestion receipt; approval required,True,,,
192,/Volumes/Jack_Gandy_1TB_SSD/testing-for-NITE-DSP/sample_pack_testing/Mike Shinoda Drums/MPC 1000 Backup/Mike_s Beats #1/A_KICK1.wav,/Volumes/Jack_Gandy_1TB_SSD/testing-for-NITE-DSP/sample_pack_testing/Mike Shinoda Drums/MPC 1000 Backup/Mike_s Beats #1/Kick - A_KICK1.wav,Kick,,0.858317,0.785137,Kick,/Volumes/Jack_Gandy_1TB_SSD/Samples 2021 ->/Sample Packs/Loaded Samples - Lo-Fi Memphis 2/DRUMS/Kicks & 808s/LFM2_Kick 909 Punch (1) (G).wav,0.8368670980444666,0.2948125,possibly_one_shot,0.68,350.98998295128007,0.9883666342727512,0.00033133901773247846,0.028154740092296793,,class passed new-domain suggestion receipt; approval required,True,,,
193,/Volumes/Jack_Gandy_1TB_SSD/testing-for-NITE-DSP/sample_pack_testing/Sounds of KSHMR Vol.3/KSHMR_Drums/KSHMR_Snares/KSHMR_Tight_Snares/KSHMR_Tight_Snare_13_C.wav,/Volumes/Jack_Gandy_1TB_SSD/testing-for-NITE-DSP/sample_pack_testing/Sounds of KSHMR Vol.3/KSHMR_Drums/KSHMR_Snares/KSHMR_Tight_Snares/Snare - KSHMR_Tight_Snare_13_C.wav,Snare,Snare,0.777863,0.785578,Snare,/Volumes/Jack_Gandy_1TB_SSD/testing-for-NITE-DSP/sample_pack_testing/Sounds of KSHMR Vol.3/KSHMR_Drums/KSHMR_Snares/KSHMR_Tight_Snares/KSHMR_Tight_Snare_23_E.wav,0.6268243256847617,0.314125,possibly_one_shot,0.68,3343.8909167734105,0.2783497583958988,0.3966259591294476,0.02544660570757331,,class passed new-domain suggestion receipt; approval required,True,,,
194,/Volumes/Jack_Gandy_1TB_SSD/testing-for-NITE-DSP/sample_pack_testing/Sounds of KSHMR Vol.3/KSHMR_Drums/KSHMR_Snares/KSHMR_Tight_Snares/KSHMR_Tight_Snare_27_E.wav,/Volumes/Jack_Gandy_1TB_SSD/testing-for-NITE-DSP/sample_pack_testing/Sounds of KSHMR Vol.3/KSHMR_Drums/KSHMR_Snares/KSHMR_Tight_Snares/Snare - KSHMR_Tight_Snare_27_E.wav,Snare,Snare,0.730719,0.78565,Snare,/Volumes/Jack_Gandy_1TB_SSD/testing-for-NITE-DSP/sample_pack_testing/Black Octopus Sound - Pure Analog Sweeps IV (2021)/Xtra One Shots/Diamaudix_Audio_PAS_IV_Snare_03.wav,0.7148216132694142,0.252125,possibly_one_shot,0.68,3193.707683142794,0.5401687160585542,0.28545039307206127,0.0,,class passed new-domain suggestion receipt; approval required,True,,,
195,/Volumes/Jack_Gandy_1TB_SSD/testing-for-NITE-DSP/sample_pack_testing/Sounds of KSHMR Vol.3/KSHMR_Drums/KSHMR_Kicks/KSHMR_Psy_Kicks/KSHMR_Psy_Kick_06_B.wav,/Volumes/Jack_Gandy_1TB_SSD/testing-for-NITE-DSP/sample_pack_testing/Sounds of KSHMR Vol.3/KSHMR_Drums/KSHMR_Kicks/KSHMR_Psy_Kicks/Kick - KSHMR_Psy_Kick_06_B.wav,Kick,Kick,0.843858,0.785758,Kick,/Volumes/Jack_Gandy_1TB_SSD/testing-for-NITE-DSP/sample_pack_testing/Mike Shinoda Drums/MS BEATS/Dubby Samples/Kick Absynth B 3.wav,0.6784069110112533,0.209375,possibly_one_shot,0.68,587.5670480344294,0.9691924706362071,0.007188442933625073,0.0,,class passed new-domain suggestion receipt; approval required,True,,,
196,/Volumes/Jack_Gandy_1TB_SSD/testing-for-NITE-DSP/sample_pack_testing/Mike Shinoda Drums/MS BEATS/Ryu 3 Samples/Clap_Layered004_MPC60_st.wav,/Volumes/Jack_Gandy_1TB_SSD/testing-for-NITE-DSP/sample_pack_testing/Mike Shinoda Drums/MS BEATS/Ryu 3 Samples/Clap - Clap_Layered004_MPC60_st.wav,Clap,Clap,0.845597,0.786659,Clap,/Volumes/Jack_Gandy_1TB_SSD/testing-for-NITE-DSP/sample_pack_testing/Mike Shinoda Drums/MS BEATS/Animals Beat Samples/Clap_LastMin2st_SP12R.wav,0.6673555194840244,0.233375,possibly_one_shot,0.68,2959.7816972386595,0.008182904135827828,0.2920145681778376,0.0,,class passed new-domain suggestion receipt; approval required,True,,,
197,/Volumes/Jack_Gandy_1TB_SSD/testing-for-NITE-DSP/sample_pack_testing/Sounds of KSHMR Vol.3/KSHMR_Drums/KSHMR_Claps/KSHMR_Regular_Claps/KSHMR_Clap_Wide_Clap_01.wav,/Volumes/Jack_Gandy_1TB_SSD/testing-for-NITE-DSP/sample_pack_testing/Sounds of KSHMR Vol.3/KSHMR_Drums/KSHMR_Claps/KSHMR_Regular_Claps/Clap - KSHMR_Clap_Wide_Clap_01.wav,Clap,Clap,0.777755,0.787432,Clap,/Volumes/Jack_Gandy_1TB_SSD/testing-for-NITE-DSP/sample_pack_testing/Minimal Audio/REFLECT/1 - Drums/4 - Claps/Clap - Acacia.wav,0.7198992703850698,0.425375,possibly_one_shot,0.68,2305.6396070309033,0.012603354800936198,0.3715099284199325,0.01701567993094457,,class passed new-domain suggestion receipt; approval required,True,,,
198,/Volumes/Jack_Gandy_1TB_SSD/testing-for-NITE-DSP/sample_pack_testing/Sounds of KSHMR Vol.3/KSHMR_VIP_Friends_of_KSHMR/LUIS_TORRES/LUIS_TORRES_Home_Kick.wav,/Volumes/Jack_Gandy_1TB_SSD/testing-for-NITE-DSP/sample_pack_testing/Sounds of KSHMR Vol.3/KSHMR_VIP_Friends_of_KSHMR/LUIS_TORRES/Kick - LUIS_TORRES_Home_Kick.wav,Kick,Kick,0.817432,0.787636,Kick,/Volumes/Jack_Gandy_1TB_SSD/testing-for-NITE-DSP/sample_pack_testing/Mike Shinoda Drums/MS BEATS/Dubby Samples/Kick Absynth B 3.wav,0.8406288973854088,0.4688125,possibly_one_shot,0.68,319.8501356910232,0.9810393312873527,0.005958348055645292,0.025681039204156972,,class passed new-domain suggestion receipt; approval required,True,,,
199,/Volumes/Jack_Gandy_1TB_SSD/testing-for-NITE-DSP/sample_pack_testing/Mike Shinoda Drums/MS BEATS/Chocolate Samples/Kick Argon 2.wav,/Volumes/Jack_Gandy_1TB_SSD/testing-for-NITE-DSP/sample_pack_testing/Mike Shinoda Drums/MS BEATS/Chocolate Samples/Kick - Kick Argon 2.wav,Kick,Kick,0.823908,0.787949,Kick,/Volumes/Jack_Gandy_1TB_SSD/testing-for-NITE-DSP/sample_pack_testing/Organic Drum Kit/1 Kicks/Organic - Kick (10).wav,0.577758112420294,0.17125,possibly_one_shot,0.68,331.2887696258977,0.9523491518956447,0.00020291884461265424,0.0,,class passed new-domain suggestion receipt; approval required,True,,,
200,/Volumes/Jack_Gandy_1TB_SSD/testing-for-NITE-DSP/sample_pack_testing/Old Movies 1 - Vintage Collection (Drum Kit)/Kicks/Kick 5.wav,/Volumes/Jack_Gandy_1TB_SSD/testing-for-NITE-DSP/sample_pack_testing/Old Movies 1 - Vintage Collection (Drum Kit)/Kicks/Kick - Kick 5.wav,Kick,Kick,0.81515,0.787987,Kick,/Volumes/Jack_Gandy_1TB_SSD/testing-for-NITE-DSP/sample_pack_testing/Lex Luger Drumkit/Lex_Luger_Drumkit/LL_one_shots/LL_kick_pink_2.wav,0.7831205656293462,0.4324375,possibly_one_shot,0.68,357.77404115280575,0.9926628987218354,1.9330351584539815e-05,0.025034129069478696,,class passed new-domain suggestion receipt; approval required,True,,,
201,/Volumes/Jack_Gandy_1TB_SSD/testing-for-NITE-DSP/sample_pack_testing/Mike Shinoda Drums/MS BEATS/Slammie Samples/Kick Absynth B 1.wav,/Volumes/Jack_Gandy_1TB_SSD/testing-for-NITE-DSP/sample_pack_testing/Mike Shinoda Drums/MS BEATS/Slammie Samples/Kick - Kick Absynth B 1.wav,Kick,Kick,0.837677,0.788165,Kick,/Volumes/Jack_Gandy_1TB_SSD/testing-for-NITE-DSP/sample_pack_testing/Organic Drum Kit/1 Kicks/Organic - Kick (10).wav,0.6742630663978108,0.332375,possibly_one_shot,0.68,163.5038788124054,0.9904692055418253,5.41579873869288e-06,0.02241046642402184,,class passed new-domain suggestion receipt; approval required,True,,,
202,/Volumes/Jack_Gandy_1TB_SSD/testing-for-NITE-DSP/sample_pack_testing/Sounds of KSHMR Vol.3/KSHMR_Drums/KSHMR_Kicks/KSHMR_Punchy_Kicks/KSHMR_Punchy_Kick_29_F#.wav,/Volumes/Jack_Gandy_1TB_SSD/testing-for-NITE-DSP/sample_pack_testing/Sounds of KSHMR Vol.3/KSHMR_Drums/KSHMR_Kicks/KSHMR_Punchy_Kicks/Kick - KSHMR_Punchy_Kick_29_F#.wav,Kick,Kick,0.819671,0.788403,Kick,/Volumes/Jack_Gandy_1TB_SSD/testing-for-NITE-DSP/sample_pack_testing/Mike Shinoda Drums/MS BEATS/Dubby Samples/Kick Absynth B 3.wav,0.7653188449046123,0.4330625,mixed_or_uncertain_form,0.35,304.2937233722761,0.961649757126898,0.010744273147836653,0.061442832954720104,,class passed new-domain suggestion receipt; approval required,True,,,
203,/Volumes/Jack_Gandy_1TB_SSD/testing-for-NITE-DSP/sample_pack_testing/Sounds of KSHMR Vol.3/KSHMR_Drums/KSHMR_Kicks/KSHMR_Punchy_Kicks/KSHMR_Punchy_Kick_05_D#.wav,/Volumes/Jack_Gandy_1TB_SSD/testing-for-NITE-DSP/sample_pack_testing/Sounds of KSHMR Vol.3/KSHMR_Drums/KSHMR_Kicks/KSHMR_Punchy_Kicks/Kick - KSHMR_Punchy_Kick_05_D#.wav,Kick,Kick,0.823436,0.7887,Kick,/Volumes/Jack_Gandy_1TB_SSD/testing-for-NITE-DSP/sample_pack_testing/Mike Shinoda Drums/MS BEATS/Dubby Samples/Kick Absynth B 3.wav,0.7392862082503142,0.25,possibly_one_shot,0.68,550.6747446598479,0.8289444861716222,0.047011285874612126,0.0,,class passed new-domain suggestion receipt; approval required,True,,,
204,/Volumes/Jack_Gandy_1TB_SSD/testing-for-NITE-DSP/sample_pack_testing/Sounds of KSHMR Vol.3/KSHMR_Drums/KSHMR_Kicks/KSHMR_Psy_Kicks/KSHMR_Psy_Kick_10_F#.wav,/Volumes/Jack_Gandy_1TB_SSD/testing-for-NITE-DSP/sample_pack_testing/Sounds of KSHMR Vol.3/KSHMR_Drums/KSHMR_Kicks/KSHMR_Psy_Kicks/Kick - KSHMR_Psy_Kick_10_F#.wav,Kick,Kick,0.834108,0.788818,Kick,/Volumes/Jack_Gandy_1TB_SSD/testing-for-NITE-DSP/sample_pack_testing/Minimal Audio/REFLECT/1 - Drums/2 - Kick /Kick - Topaz.wav,0.8875638928096387,0.2665,possibly_one_shot,0.68,448.6071533861645,0.9652988890115113,0.00637340370361398,0.0,,class passed new-domain suggestion receipt; approval required,True,,,
205,/Volumes/Jack_Gandy_1TB_SSD/testing-for-NITE-DSP/sample_pack_testing/Mike Shinoda Drums/MS BEATS/Digi folk Samples/BD_GoldChain3_MPC60.wav,/Volumes/Jack_Gandy_1TB_SSD/testing-for-NITE-DSP/sample_pack_testing/Mike Shinoda Drums/MS BEATS/Digi folk Samples/Kick - BD_GoldChain3_MPC60.wav,Kick,Kick,0.84003,0.789167,Kick,/Volumes/Jack_Gandy_1TB_SSD/testing-for-NITE-DSP/sample_pack_testing/Organic Drum Kit/1 Kicks/Organic - Kick (10).wav,0.5731357639618521,0.63425,possibly_one_shot,0.68,171.03937953238906,0.9930364530226073,0.0009746969099659528,0.23689492389898534,,class passed new-domain suggestion receipt; approval required,True,,,
206,/Volumes/Jack_Gandy_1TB_SSD/testing-for-NITE-DSP/sample_pack_testing/Organic Drum Kit/1 Kicks/Organic - Kick (17).wav,/Volumes/Jack_Gandy_1TB_SSD/testing-for-NITE-DSP/sample_pack_testing/Organic Drum Kit/1 Kicks/Kick - Organic - Kick (17).wav,Kick,Kick,0.822981,0.789265,Kick,/Volumes/Jack_Gandy_1TB_SSD/testing-for-NITE-DSP/sample_pack_testing/Organic Drum Kit/1 Kicks/Organic - Kick (11).wav,0.7758557366237713,1.1009375,possibly_one_shot,0.68,817.2408603951848,0.9694936282864188,0.0006813819233587921,0.005723288863249664,,class passed new-domain suggestion receipt; approval required,True,,,
207,/Volumes/Jack_Gandy_1TB_SSD/testing-for-NITE-DSP/sample_pack_testing/Loaded Samples - Lo-Fi Memphis 2/DRUMS/Kicks & 808s/LFM2_Kick Airy (1) (G).wav,/Volumes/Jack_Gandy_1TB_SSD/testing-for-NITE-DSP/sample_pack_testing/Loaded Samples - Lo-Fi Memphis 2/DRUMS/Kicks & 808s/Kick - LFM2_Kick Airy (1) (G).wav,Kick,Kick,0.855215,0.789521,Kick,/Volumes/Jack_Gandy_1TB_SSD/testing-for-NITE-DSP/sample_pack_testing/Organic Drum Kit/1 Kicks/Organic - Kick (104).wav,0.6997139881608098,0.261875,possibly_one_shot,0.68,360.5510581082495,0.9895469366274385,6.505603703683745e-05,0.0,,class passed new-domain suggestion receipt; approval required,True,,,
208,/Volumes/Jack_Gandy_1TB_SSD/testing-for-NITE-DSP/sample_pack_testing/Sounds of KSHMR Vol.3/KSHMR_Drums/KSHMR_Snares/KSHMR_Tight_Snares/KSHMR_Tight_Snare_41_G#.wav,/Volumes/Jack_Gandy_1TB_SSD/testing-for-NITE-DSP/sample_pack_testing/Sounds of KSHMR Vol.3/KSHMR_Drums/KSHMR_Snares/KSHMR_Tight_Snares/Snare - KSHMR_Tight_Snare_41_G#.wav,Snare,Snare,0.775427,0.789723,Snare,/Volumes/Jack_Gandy_1TB_SSD/testing-for-NITE-DSP/sample_pack_testing/Sounds of KSHMR Vol.3/KSHMR_Drums/KSHMR_Snares/KSHMR_Tight_Snares/KSHMR_Tight_Snare_14_C#.wav,0.6844277729211646,0.252125,possibly_one_shot,0.68,3591.739000093402,0.6330217874841952,0.17365167291050143,0.0,,class passed new-domain suggestion receipt; approval required,True,,,
209,/Volumes/Jack_Gandy_1TB_SSD/testing-for-NITE-DSP/sample_pack_testing/Sounds of KSHMR Vol.3/KSHMR_Drums/KSHMR_Kicks/KSHMR_Punchy_Kicks/KSHMR_Punchy_Kick_44_G#_Soft.wav,/Volumes/Jack_Gandy_1TB_SSD/testing-for-NITE-DSP/sample_pack_testing/Sounds of KSHMR Vol.3/KSHMR_Drums/KSHMR_Kicks/KSHMR_Punchy_Kicks/Kick - KSHMR_Punchy_Kick_44_G#_Soft.wav,Kick,Kick,0.812372,0.789809,Kick,/Volumes/Jack_Gandy_1TB_SSD/testing-for-NITE-DSP/sample_pack_testing/Organic Drum Kit/1 Kicks/Organic - Kick (10).wav,0.6783729985500765,0.23625,possibly_one_shot,0.68,383.81866342193746,0.9832716662066704,0.001077497755239774,0.0,,class passed new-domain suggestion receipt; approval required,True,,,
210,/Volumes/Jack_Gandy_1TB_SSD/testing-for-NITE-DSP/sample_pack_testing/Loaded Samples - Lo-Fi Memphis 2/DRUMS/Kicks & 808s/LFM2_Kick 909 Punch (2) (G).wav,/Volumes/Jack_Gandy_1TB_SSD/testing-for-NITE-DSP/sample_pack_testing/Loaded Samples - Lo-Fi Memphis 2/DRUMS/Kicks & 808s/Kick - LFM2_Kick 909 Punch (2) (G).wav,Kick,Kick,0.855895,0.789921,Kick,/Volumes/Jack_Gandy_1TB_SSD/Samples 2021 ->/Sample Packs/Loaded Samples - Lo-Fi Memphis 2/DRUMS/Kicks & 808s/LFM2_Kick 909 Punch (1) (G).wav,0.7648195208229376,0.281625,possibly_one_shot,0.68,288.70111432964455,0.9842680344025813,2.987977501260325e-05,0.0,,class passed new-domain suggestion receipt; approval required,True,,,
211,/Volumes/Jack_Gandy_1TB_SSD/testing-for-NITE-DSP/sample_pack_testing/Sounds of KSHMR Vol.3/KSHMR_Drums/KSHMR_Kicks/KSHMR_Punchy_Kicks/KSHMR_Punchy_Kick_41_G#.wav,/Volumes/Jack_Gandy_1TB_SSD/testing-for-NITE-DSP/sample_pack_testing/Sounds of KSHMR Vol.3/KSHMR_Drums/KSHMR_Kicks/KSHMR_Punchy_Kicks/Kick - KSHMR_Punchy_Kick_41_G#.wav,Kick,Kick,0.838451,0.78999,Kick,/Volumes/Jack_Gandy_1TB_SSD/testing-for-NITE-DSP/sample_pack_testing/Mike Shinoda Drums/MS BEATS/Auckland2013 Samples/Kick Gamsay 2.wav,0.7583805211047764,0.176125,possibly_one_shot,0.68,616.1349227376132,0.9493586493686132,0.008390301983297824,0.0,,class passed new-domain suggestion receipt; approval required,True,,,
212,/Volumes/Jack_Gandy_1TB_SSD/testing-for-NITE-DSP/sample_pack_testing/Sounds of KSHMR Vol.3/KSHMR_Drums/KSHMR_Claps/KSHMR_Natural_Hand_Claps/KSHMR_Stacks/KSHMR_Human_Stack_Clap_08_Squishy.wav,/Volumes/Jack_Gandy_1TB_SSD/testing-for-NITE-DSP/sample_pack_testing/Sounds of KSHMR Vol.3/KSHMR_Drums/KSHMR_Claps/KSHMR_Natural_Hand_Claps/KSHMR_Stacks/Clap - KSHMR_Human_Stack_Clap_08_Squishy.wav,Clap,Clap,0.880623,0.790432,Clap,/Volumes/Jack_Gandy_1TB_SSD/testing-for-NITE-DSP/sample_pack_testing/Sounds of KSHMR Vol.3/KSHMR_Drums/KSHMR_Claps/KSHMR_Natural_Hand_Claps/KSHMR_Stacks/KSHMR_Human_Stack_Clap_07_Squishy.wav,0.6453851322629479,0.240875,possibly_one_shot,0.68,2828.0291859427793,0.0005289681705716807,0.5026896363649426,0.0,,class passed new-domain suggestion receipt; approval required,True,,,
213,/Volumes/Jack_Gandy_1TB_SSD/testing-for-NITE-DSP/sample_pack_testing/Old Movies 1 - Vintage Collection (Drum Kit)/Kicks/Kick 25.wav,/Volumes/Jack_Gandy_1TB_SSD/testing-for-NITE-DSP/sample_pack_testing/Old Movies 1 - Vintage Collection (Drum Kit)/Kicks/Kick - Kick 25.wav,Kick,Kick,0.830315,0.791092,Kick,/Volumes/Jack_Gandy_1TB_SSD/testing-for-NITE-DSP/sample_pack_testing/Lex Luger Drumkit/Lex_Luger_Drumkit/LL_one_shots/LL_kick_pink_2.wav,0.744857347741725,0.5335,mixed_or_uncertain_form,0.35,182.6871358652371,0.9576180076350185,0.00040706903482725287,0.049461813420361454,,class passed new-domain suggestion receipt; approval required,True,,,
214,/Volumes/Jack_Gandy_1TB_SSD/testing-for-NITE-DSP/sample_pack_testing/Loaded Samples - Lo-Fi Memphis 2/DRUMS/Kicks & 808s/LFM2_Kick 909 Reg (2) (G).wav,/Volumes/Jack_Gandy_1TB_SSD/testing-for-NITE-DSP/sample_pack_testing/Loaded Samples - Lo-Fi Memphis 2/DRUMS/Kicks & 808s/Kick - LFM2_Kick 909 Reg (2) (G).wav,Kick,Kick,0.836079,0.791259,Kick,/Volumes/Jack_Gandy_1TB_SSD/Samples 2021 ->/Sample Packs/Loaded Samples - Lo-Fi Memphis 2/DRUMS/Kicks & 808s/LFM2_Kick 909 Punch (1) (G).wav,0.7129135889446866,0.3340625,mixed_or_uncertain_form,0.35,278.9789903512247,0.9946505627377378,3.9395081674414666e-05,0.1579772324899846,,class passed new-domain suggestion receipt; approval required,True,,,
215,/Volumes/Jack_Gandy_1TB_SSD/testing-for-NITE-DSP/sample_pack_testing/Drum Recollection/Official Drum Kit Vol. 1/Kicks/MacBook Kick .wav,/Volumes/Jack_Gandy_1TB_SSD/testing-for-NITE-DSP/sample_pack_testing/Drum Recollection/Official Drum Kit Vol. 1/Kicks/Kick - MacBook Kick .wav,Kick,Kick,0.840114,0.791483,Kick,/Volumes/Jack_Gandy_1TB_SSD/testing-for-NITE-DSP/sample_pack_testing/Lex Luger Drumkit/Lex_Luger_Drumkit/LL_one_shots/LL_kick_pink_2.wav,0.7108421854110137,1.8461875,mixed_or_uncertain_form,0.35,1099.9325663852655,0.97629632109772,2.4209869170856027e-05,0.0017632460387798157,,class passed new-domain suggestion receipt; approval required,True,,,
216,/Volumes/Jack_Gandy_1TB_SSD/testing-for-NITE-DSP/sample_pack_testing/Organic Drum Kit/1 Kicks/Organic - Kick (4).wav,/Volumes/Jack_Gandy_1TB_SSD/testing-for-NITE-DSP/sample_pack_testing/Organic Drum Kit/1 Kicks/Kick - Organic - Kick (4).wav,Kick,Kick,0.862274,0.791654,Kick,/Volumes/Jack_Gandy_1TB_SSD/testing-for-NITE-DSP/sample_pack_testing/Organic Drum Kit/1 Kicks/Organic - Kick (104).wav,0.8066139347497744,0.5994375,possibly_one_shot,0.68,943.0440642731052,0.9924491274530054,0.0003256908608279792,0.03666180279862972,,class passed new-domain suggestion receipt; approval required,True,,,
217,/Volumes/Jack_Gandy_1TB_SSD/testing-for-NITE-DSP/sample_pack_testing/Sounds of KSHMR Vol.3/KSHMR_Drums/KSHMR_Kicks/KSHMR_Hip_Hop_kicks/KSHMR_Thump_Kicks/KSHMR_Thump_Kick_07.wav,/Volumes/Jack_Gandy_1TB_SSD/testing-for-NITE-DSP/sample_pack_testing/Sounds of KSHMR Vol.3/KSHMR_Drums/KSHMR_Kicks/KSHMR_Hip_Hop_kicks/KSHMR_Thump_Kicks/Kick - KSHMR_Thump_Kick_07.wav,Kick,Kick,0.858848,0.79185,Kick,/Volumes/Jack_Gandy_1TB_SSD/testing-for-NITE-DSP/sample_pack_testing/Lex Luger Drumkit/Lex_Luger_Drumkit/LL_one_shots/LL_kick_pink_2.wav,0.7802237910290947,0.4145,possibly_one_shot,0.68,1548.301723091055,0.9888573874386193,1.8037359278726365e-05,0.09108392994673946,,class passed new-domain suggestion receipt; approval required,True,,,
218,/Volumes/Jack_Gandy_1TB_SSD/testing-for-NITE-DSP/sample_pack_testing/Sounds of KSHMR Vol.3/KSHMR_Drums/KSHMR_Kicks/KSHMR_Signature_Kicks/KSHMR_Signature_Kick_24_Underwater_C#.wav,/Volumes/Jack_Gandy_1TB_SSD/testing-for-NITE-DSP/sample_pack_testing/Sounds of KSHMR Vol.3/KSHMR_Drums/KSHMR_Kicks/KSHMR_Signature_Kicks/Kick - KSHMR_Signature_Kick_24_Underwater_C#.wav,Kick,Kick,0.837386,0.791925,Kick,/Volumes/Jack_Gandy_1TB_SSD/testing-for-NITE-DSP/sample_pack_testing/Mike Shinoda Drums/MS BEATS/Dubby Samples/Kick Absynth B 3.wav,0.7344420505616139,0.4688125,possibly_one_shot,0.68,573.0459040947505,0.9659228223207704,0.009916954977027801,0.03229368824660087,,class passed new-domain suggestion receipt; approval required,True,,,
219,/Volumes/Jack_Gandy_1TB_SSD/testing-for-NITE-DSP/sample_pack_testing/Organic Drum Kit/3 Claps/Organic - Clap (25).wav,/Volumes/Jack_Gandy_1TB_SSD/testing-for-NITE-DSP/sample_pack_testing/Organic Drum Kit/3 Claps/Clap - Organic - Clap (25).wav,Clap,Clap,0.866317,0.792092,Clap,/Volumes/Jack_Gandy_1TB_SSD/testing-for-NITE-DSP/sample_pack_testing/Organic Drum Kit/Maschine Kits/Ethnic Stomp Kit Samples/Organic - Clap (14).wav,0.6605260647630667,1.621625,mixed_or_uncertain_form,0.35,2088.390246819014,0.0021766080322555507,0.39361416905034574,0.04068535466993599,,class passed new-domain suggestion receipt; approval required,True,,,
220,/Volumes/Jack_Gandy_1TB_SSD/testing-for-NITE-DSP/sample_pack_testing/Mike Shinoda Drums/MS BEATS/Jungle Gym Samples/Kick DownBelow 1.wav,/Volumes/Jack_Gandy_1TB_SSD/testing-for-NITE-DSP/sample_pack_testing/Mike Shinoda Drums/MS BEATS/Jungle Gym Samples/Kick - Kick DownBelow 1.wav,Kick,Kick,0.835992,0.792133,Kick,/Volumes/Jack_Gandy_1TB_SSD/testing-for-NITE-DSP/sample_pack_testing/Organic Drum Kit/1 Kicks/Organic - Kick (10).wav,0.6930915675971168,0.4535625,possibly_one_shot,0.68,151.0808478379394,0.995149617940958,0.00030461821600213435,0.033038011665818885,,class passed new-domain suggestion receipt; approval required,True,,,
221,/Volumes/Jack_Gandy_1TB_SSD/testing-for-NITE-DSP/sample_pack_testing/Sounds of KSHMR Vol.3/KSHMR_Drums/KSHMR_Claps/KSHMR_Regular_Claps/KSHMR_Clap_Classic_06.wav,/Volumes/Jack_Gandy_1TB_SSD/testing-for-NITE-DSP/sample_pack_testing/Sounds of KSHMR Vol.3/KSHMR_Drums/KSHMR_Claps/KSHMR_Regular_Claps/Clap - KSHMR_Clap_Classic_06.wav,Clap,Clap,0.768168,0.792164,Clap,/Volumes/Jack_Gandy_1TB_SSD/testing-for-NITE-DSP/sample_pack_testing/Sounds of KSHMR Vol.3/KSHMR_Drums/KSHMR_Claps/KSHMR_Regular_Claps/KSHMR_Clap_Snappy_01.wav,0.7273342611366808,0.216,possibly_one_shot,0.68,2732.467072231678,0.0028261795999992437,0.25365670682366465,0.0,,class passed new-domain suggestion receipt; approval required,True,,,
222,/Volumes/Jack_Gandy_1TB_SSD/testing-for-NITE-DSP/sample_pack_testing/Sounds of KSHMR Vol.3/KSHMR_Drums/KSHMR_Kicks/KSHMR_Hip_Hop_kicks/KSHMR_Jungle_Kicks/KSHMR_Jungle_Kick_05.wav,/Volumes/Jack_Gandy_1TB_SSD/testing-for-NITE-DSP/sample_pack_testing/Sounds of KSHMR Vol.3/KSHMR_Drums/KSHMR_Kicks/KSHMR_Hip_Hop_kicks/KSHMR_Jungle_Kicks/Kick - KSHMR_Jungle_Kick_05.wav,Kick,Kick,0.833199,0.79262,Kick,/Volumes/Jack_Gandy_1TB_SSD/testing-for-NITE-DSP/sample_pack_testing/Organic Drum Kit/1 Kicks/Organic - Kick (11).wav,0.8256828095599628,0.5776875,mixed_or_uncertain_form,0.35,209.0857991015114,0.9592601896699341,0.00020006087058687,0.045396981536175045,,class passed new-domain suggestion receipt; approval required,True,,,
223,/Volumes/Jack_Gandy_1TB_SSD/testing-for-NITE-DSP/sample_pack_testing/Organic Drum Kit/Maschine Kits/Imagination Kit Samples/Organic - Kick (30).wav,/Volumes/Jack_Gandy_1TB_SSD/testing-for-NITE-DSP/sample_pack_testing/Organic Drum Kit/Maschine Kits/Imagination Kit Samples/Kick - Organic - Kick (30).wav,Kick,Kick,0.838179,0.792622,Kick,/Volumes/Jack_Gandy_1TB_SSD/testing-for-NITE-DSP/sample_pack_testing/Organic Drum Kit/1 Kicks/Organic - Kick (104).wav,0.5656846579020472,1.1009375,possibly_one_shot,0.68,197.25503568390027,0.9925808772174126,0.00012608435778591526,0.006052519625073688,,class passed new-domain suggestion receipt; approval required,True,,,
224,/Volumes/Jack_Gandy_1TB_SSD/testing-for-NITE-DSP/sample_pack_testing/Old Movies 1 - Vintage Collection (Drum Kit)/Kicks/Kick 4.wav,/Volumes/Jack_Gandy_1TB_SSD/testing-for-NITE-DSP/sample_pack_testing/Old Movies 1 - Vintage Collection (Drum Kit)/Kicks/Kick - Kick 4.wav,Kick,Kick,0.838972,0.793283,Kick,/Volumes/Jack_Gandy_1TB_SSD/testing-for-NITE-DSP/sample_pack_testing/Organic Drum Kit/1 Kicks/Organic - Kick (104).wav,0.7911678381027344,0.5275625,possibly_one_shot,0.68,782.4163159373563,0.996231403627373,8.581116424651658e-05,0.02236980547352639,,class passed new-domain suggestion receipt; approval required,True,,,
225,/Volumes/Jack_Gandy_1TB_SSD/testing-for-NITE-DSP/sample_pack_testing/Organic Drum Kit/1 Kicks/Organic - Kick (30).wav,/Volumes/Jack_Gandy_1TB_SSD/testing-for-NITE-DSP/sample_pack_testing/Organic Drum Kit/1 Kicks/Kick - Organic - Kick (30).wav,Kick,Kick,0.838435,0.793391,Kick,/Volumes/Jack_Gandy_1TB_SSD/testing-for-NITE-DSP/sample_pack_testing/Organic Drum Kit/1 Kicks/Organic - Kick (104).wav,0.5656846579020472,1.1009375,possibly_one_shot,0.68,197.25503568390027,0.9925808772174126,0.00012608435778591526,0.006052519625073688,,class passed new-domain suggestion receipt; approval required,True,,,
226,/Volumes/Jack_Gandy_1TB_SSD/testing-for-NITE-DSP/sample_pack_testing/Mike Shinoda Drums/MPC 1000 Backup/NewFinishesA/PENKCK1.wav,/Volumes/Jack_Gandy_1TB_SSD/testing-for-NITE-DSP/sample_pack_testing/Mike Shinoda Drums/MPC 1000 Backup/NewFinishesA/Kick - PENKCK1.wav,Kick,,0.846942,0.793994,Kick,/Volumes/Jack_Gandy_1TB_SSD/Samples 2021 ->/Sample Packs/Loaded Samples - Lo-Fi Memphis 2/DRUMS/Kicks & 808s/LFM2_Kick 909 Punch (1) (G).wav,0.844233106718324,0.2835,possibly_one_shot,0.68,299.3210118043887,0.9891856583021233,0.00030677935913694064,0.0,,class passed new-domain suggestion receipt; approval required,True,,,
227,/Volumes/Jack_Gandy_1TB_SSD/testing-for-NITE-DSP/sample_pack_testing/Loaded Samples - Lo-Fi Memphis 2/DRUMS/Kicks & 808s/LFM2_Kick A1 (1).wav,/Volumes/Jack_Gandy_1TB_SSD/testing-for-NITE-DSP/sample_pack_testing/Loaded Samples - Lo-Fi Memphis 2/DRUMS/Kicks & 808s/Kick - LFM2_Kick A1 (1).wav,Kick,Kick,0.837107,0.794376,Kick,/Volumes/Jack_Gandy_1TB_SSD/testing-for-NITE-DSP/sample_pack_testing/Organic Drum Kit/1 Kicks/Organic - Kick (104).wav,0.6988998885962915,0.252,possibly_one_shot,0.68,358.7220297859632,0.9810397241369355,0.00016905744282570188,0.0,,class passed new-domain suggestion receipt; approval required,True,,,
228,/Volumes/Jack_Gandy_1TB_SSD/testing-for-NITE-DSP/sample_pack_testing/Capsun ProAudio - City Pop/One_Shots/Drum_One_Shots/Snares/CPA_TCP_clap_in_the_room.wav,/Volumes/Jack_Gandy_1TB_SSD/testing-for-NITE-DSP/sample_pack_testing/Capsun ProAudio - City Pop/One_Shots/Drum_One_Shots/Snares/Clap - CPA_TCP_clap_in_the_room.wav,Clap,Clap,0.752585,0.794652,Clap,/Volumes/Jack_Gandy_1TB_SSD/testing-for-NITE-DSP/sample_pack_testing/Organic Drum Kit/Maschine Kits/Ethnic Stomp Kit Samples/Organic - Clap (14).wav,0.564657686747561,0.7323125,possibly_one_shot,0.68,2016.5203468230732,0.003538256337072291,0.3510794078148226,0.006997614297500681,,class passed new-domain suggestion receipt; approval required,True,,,
229,/Volumes/Jack_Gandy_1TB_SSD/testing-for-NITE-DSP/sample_pack_testing/Organic Drum Kit/1 Kicks/Organic - Kick (86).wav,/Volumes/Jack_Gandy_1TB_SSD/testing-for-NITE-DSP/sample_pack_testing/Organic Drum Kit/1 Kicks/Kick - Organic - Kick (86).wav,Kick,Kick,0.844463,0.794689,Kick,/Volumes/Jack_Gandy_1TB_SSD/testing-for-NITE-DSP/sample_pack_testing/Organic Drum Kit/1 Kicks/Organic - Kick (109).wav,0.78289396645072,1.6,mixed_or_uncertain_form,0.35,432.7507106680988,0.9591799221457854,0.01129748598657086,0.05964003325192383,,class passed new-domain suggestion receipt; approval required,True,,,
230,/Volumes/Jack_Gandy_1TB_SSD/testing-for-NITE-DSP/sample_pack_testing/Old Movies 1 - Vintage Collection (Drum Kit)/Kicks/Kick 22.wav,/Volumes/Jack_Gandy_1TB_SSD/testing-for-NITE-DSP/sample_pack_testing/Old Movies 1 - Vintage Collection (Drum Kit)/Kicks/Kick - Kick 22.wav,Kick,Kick,0.835276,0.794897,Kick,/Volumes/Jack_Gandy_1TB_SSD/testing-for-NITE-DSP/sample_pack_testing/Lex Luger Drumkit/Lex_Luger_Drumkit/LL_one_shots/LL_kick_pink_2.wav,0.7092772028706186,0.348875,possibly_one_shot,0.68,92.20842939084628,0.9869411552544834,4.7239707106250905e-05,0.05332360562762591,,class passed new-domain suggestion receipt; approval required,True,,,
231,/Volumes/Jack_Gandy_1TB_SSD/testing-for-NITE-DSP/sample_pack_testing/Loaded Samples - Lo-Fi Memphis 2/DRUMS/Kicks & 808s/LFM2_Kick Bitcrush (1) (G).wav,/Volumes/Jack_Gandy_1TB_SSD/testing-for-NITE-DSP/sample_pack_testing/Loaded Samples - Lo-Fi Memphis 2/DRUMS/Kicks & 808s/Kick - LFM2_Kick Bitcrush (1) (G).wav,Kick,Kick,0.849492,0.796069,Kick,/Volumes/Jack_Gandy_1TB_SSD/Samples 2021 ->/Sample Packs/Loaded Samples - Lo-Fi Memphis 2/DRUMS/Kicks & 808s/LFM2_Kick 909 Punch (1) (G).wav,0.7329829179322153,0.255125,possibly_one_shot,0.68,265.6875132881785,0.9877924504855299,0.00012805779169383424,0.0,,class passed new-domain suggestion receipt; approval required,True,,,
232,/Volumes/Jack_Gandy_1TB_SSD/testing-for-NITE-DSP/sample_pack_testing/Minimal Audio/ELEMENT/1 - Drums/2 - Kick/Kick - Booted.wav,/Volumes/Jack_Gandy_1TB_SSD/testing-for-NITE-DSP/sample_pack_testing/Minimal Audio/ELEMENT/1 - Drums/2 - Kick/Kick - Kick - Booted.wav,Kick,Kick,0.830994,0.796475,Kick,/Volumes/Jack_Gandy_1TB_SSD/testing-for-NITE-DSP/sample_pack_testing/Organic Drum Kit/1 Kicks/Organic - Kick (11).wav,0.7580981191769163,0.5856875,possibly_one_shot,0.68,176.75497965209925,0.9835029054902634,0.0006112271581477104,0.03857904418519409,,class passed new-domain suggestion receipt; approval required,True,,,
233,/Volumes/Jack_Gandy_1TB_SSD/testing-for-NITE-DSP/sample_pack_testing/Organic Drum Kit/1 Kicks/Organic - Kick (29).wav,/Volumes/Jack_Gandy_1TB_SSD/testing-for-NITE-DSP/sample_pack_testing/Organic Drum Kit/1 Kicks/Kick - Organic - Kick (29).wav,Kick,Kick,0.833324,0.797364,Kick,/Volumes/Jack_Gandy_1TB_SSD/testing-for-NITE-DSP/sample_pack_testing/Organic Drum Kit/1 Kicks/Organic - Kick (11).wav,0.7515715939855627,1.0435,possibly_one_shot,0.68,578.3132143101964,0.9824396997927657,0.0019394468808051591,0.13139167969032745,,class passed new-domain suggestion receipt; approval required,True,,,
234,/Volumes/Jack_Gandy_1TB_SSD/testing-for-NITE-DSP/sample_pack_testing/Sounds of KSHMR Vol.3/KSHMR_Drums/KSHMR_Kicks/KSHMR_Hip_Hop_kicks/KSHMR_Chest_Kicks/KSHMR_Chest_Kick_01.wav,/Volumes/Jack_Gandy_1TB_SSD/testing-for-NITE-DSP/sample_pack_testing/Sounds of KSHMR Vol.3/KSHMR_Drums/KSHMR_Kicks/KSHMR_Hip_Hop_kicks/KSHMR_Chest_Kicks/Kick - KSHMR_Chest_Kick_01.wav,Kick,Kick,0.847486,0.797406,Kick,/Volumes/Jack_Gandy_1TB_SSD/testing-for-NITE-DSP/sample_pack_testing/Organic Drum Kit/1 Kicks/Organic - Kick (104).wav,0.7987028148708882,0.2073125,possibly_one_shot,0.68,479.4227027720009,0.9719819862777214,2.471771947915853e-05,0.0,,class passed new-domain suggestion receipt; approval required,True,,,
235,/Volumes/Jack_Gandy_1TB_SSD/testing-for-NITE-DSP/sample_pack_testing/Old Movies 1 - Vintage Collection (Drum Kit)/Kicks/Kick 26.wav,/Volumes/Jack_Gandy_1TB_SSD/testing-for-NITE-DSP/sample_pack_testing/Old Movies 1 - Vintage Collection (Drum Kit)/Kicks/Kick - Kick 26.wav,Kick,Kick,0.81506,0.797576,Kick,/Volumes/Jack_Gandy_1TB_SSD/testing-for-NITE-DSP/sample_pack_testing/Lex Luger Drumkit/Lex_Luger_Drumkit/LL_one_shots/LL_kick_pink_2.wav,0.7450831459730974,0.4026875,possibly_one_shot,0.68,170.60156936494363,0.9543702702231023,0.00010403676175657403,0.03273340280919848,,class passed new-domain suggestion receipt; approval required,True,,,
236,/Volumes/Jack_Gandy_1TB_SSD/testing-for-NITE-DSP/sample_pack_testing/Old Movies 1 - Vintage Collection (Drum Kit)/Kicks/Kick 30.wav,/Volumes/Jack_Gandy_1TB_SSD/testing-for-NITE-DSP/sample_pack_testing/Old Movies 1 - Vintage Collection (Drum Kit)/Kicks/Kick - Kick 30.wav,Kick,Kick,0.819374,0.797712,Kick,/Volumes/Jack_Gandy_1TB_SSD/testing-for-NITE-DSP/sample_pack_testing/Organic Drum Kit/1 Kicks/Organic - Kick (104).wav,0.7258651378293196,0.45525,possibly_one_shot,0.68,211.09479083989555,0.9589900203584192,0.00011661308046792051,0.02866977361120737,,class passed new-domain suggestion receipt; approval required,True,,,
237,/Volumes/Jack_Gandy_1TB_SSD/testing-for-NITE-DSP/sample_pack_testing/Drum Recollection/Official Drum Kit Vol. 2/Snares/Aye section 8 just straight cooked this mf up snare.wav,/Volumes/Jack_Gandy_1TB_SSD/testing-for-NITE-DSP/sample_pack_testing/Drum Recollection/Official Drum Kit Vol. 2/Snares/Snare - Aye section 8 just straight cooked this mf up snare.wav,Snare,Snare,0.735763,0.797786,Snare,/Volumes/Jack_Gandy_1TB_SSD/testing-for-NITE-DSP/sample_pack_testing/Mike Shinoda Drums/MS BEATS/maschine ms test 1 Samples/Snare Gold 7.wav,0.35895367070653866,1.384625,possibly_one_shot,0.68,702.9399432593883,0.034343708393099394,0.4122326957739027,0.001585623512318301,,class passed new-domain suggestion receipt; approval required,True,,,
238,/Volumes/Jack_Gandy_1TB_SSD/testing-for-NITE-DSP/sample_pack_testing/Old Movies 1 - Vintage Collection (Drum Kit)/Kicks/Kick 6.wav,/Volumes/Jack_Gandy_1TB_SSD/testing-for-NITE-DSP/sample_pack_testing/Old Movies 1 - Vintage Collection (Drum Kit)/Kicks/Kick - Kick 6.wav,Kick,Kick,0.826192,0.797799,Kick,/Volumes/Jack_Gandy_1TB_SSD/testing-for-NITE-DSP/sample_pack_testing/Organic Drum Kit/1 Kicks/Organic - Kick (10).wav,0.7484694659130932,0.8046875,mixed_or_uncertain_form,0.35,252.3115211730988,0.9926620251433267,0.00011186604059126329,0.03673783170533762,,class passed new-domain suggestion receipt; approval required,True,,,
239,/Volumes/Jack_Gandy_1TB_SSD/testing-for-NITE-DSP/sample_pack_testing/Mike Shinoda Drums/MS BEATS/Digi folk Samples/BD_GoldBar001_MPC60.wav,/Volumes/Jack_Gandy_1TB_SSD/testing-for-NITE-DSP/sample_pack_testing/Mike Shinoda Drums/MS BEATS/Digi folk Samples/Kick - BD_GoldBar001_MPC60.wav,Kick,Kick,0.856104,0.798427,Kick,/Volumes/Jack_Gandy_1TB_SSD/testing-for-NITE-DSP/sample_pack_testing/Organic Drum Kit/1 Kicks/Organic - Kick (104).wav,0.6297932438084558,0.2278125,possibly_one_shot,0.68,194.21220503182633,0.9715918306453795,7.18759099228976e-05,0.0,,class passed new-domain suggestion receipt; approval required,True,,,
240,/Volumes/Jack_Gandy_1TB_SSD/testing-for-NITE-DSP/sample_pack_testing/Sounds of KSHMR Vol.3/KSHMR_Drums/KSHMR_Kicks/KSHMR_Signature_Kicks/KSHMR_Signature_Kick_07_Good_Vibes_Soldier_G#.wav,/Volumes/Jack_Gandy_1TB_SSD/testing-for-NITE-DSP/sample_pack_testing/Sounds of KSHMR Vol.3/KSHMR_Drums/KSHMR_Kicks/KSHMR_Signature_Kicks/Kick - KSHMR_Signature_Kick_07_Good_Vibes_Soldier_G#.wav,Kick,Kick,0.861469,0.798444,Kick,/Volumes/Jack_Gandy_1TB_SSD/testing-for-NITE-DSP/sample_pack_testing/Mike Shinoda Drums/MS BEATS/Auckland2013 Samples/Kick Gamsay 2.wav,0.7471309159862085,0.4615625,possibly_one_shot,0.68,244.2483167104112,0.9916750684198898,0.0007252024577547273,0.03609858703486626,,class passed new-domain suggestion receipt; approval required,True,,,
241,/Volumes/Jack_Gandy_1TB_SSD/testing-for-NITE-DSP/sample_pack_testing/Sounds of KSHMR Vol.3/KSHMR_Drums/KSHMR_Kicks/KSHMR_Punchy_Kicks/KSHMR_Punchy_Kick_17_F_Soft.wav,/Volumes/Jack_Gandy_1TB_SSD/testing-for-NITE-DSP/sample_pack_testing/Sounds of KSHMR Vol.3/KSHMR_Drums/KSHMR_Kicks/KSHMR_Punchy_Kicks/Kick - KSHMR_Punchy_Kick_17_F_Soft.wav,Kick,Kick,0.821423,0.798511,Kick,/Volumes/Jack_Gandy_1TB_SSD/testing-for-NITE-DSP/sample_pack_testing/Organic Drum Kit/1 Kicks/Organic - Kick (10).wav,0.6891835990769769,0.3258125,possibly_one_shot,0.68,217.1132652166267,0.9972325611994354,0.0010318588861557812,0.03180041397490729,,class passed new-domain suggestion receipt; approval required,True,,,
242,/Volumes/Jack_Gandy_1TB_SSD/testing-for-NITE-DSP/sample_pack_testing/Mike Shinoda Drums/MS BEATS/Animals Beat Samples/Clap_ClapTrapLayer_07.wav,/Volumes/Jack_Gandy_1TB_SSD/testing-for-NITE-DSP/sample_pack_testing/Mike Shinoda Drums/MS BEATS/Animals Beat Samples/Clap - Clap_ClapTrapLayer_07.wav,Clap,Clap,0.841706,0.798516,Clap,/Volumes/Jack_Gandy_1TB_SSD/testing-for-NITE-DSP/sample_pack_testing/Mike Shinoda Drums/MS BEATS/Ryu 3 Samples/Clap_Layered004_MPC60_st.wav,0.7536221355666047,0.2515625,possibly_one_shot,0.68,2442.760595798874,0.0050839948503754945,0.28310293128634195,0.0,,class passed new-domain suggestion receipt; approval required,True,,,
243,/Volumes/Jack_Gandy_1TB_SSD/testing-for-NITE-DSP/sample_pack_testing/Mike Shinoda Drums/MS BEATS/Recharged Samples/Kick JumpRope 2.wav,/Volumes/Jack_Gandy_1TB_SSD/testing-for-NITE-DSP/sample_pack_testing/Mike Shinoda Drums/MS BEATS/Recharged Samples/Kick - Kick JumpRope 2.wav,Kick,Kick,0.829748,0.799063,Kick,/Volumes/Jack_Gandy_1TB_SSD/testing-for-NITE-DSP/sample_pack_testing/Mike Shinoda Drums/MS BEATS/Auckland2013 Samples/Kick Gamsay 2.wav,0.6629871949630058,0.9529375,possibly_one_shot,0.68,229.2545256251685,0.9965814150018858,0.00039940523622221516,0.005848063032918828,,class passed new-domain suggestion receipt; approval required,True,,,
244,/Volumes/Jack_Gandy_1TB_SSD/testing-for-NITE-DSP/sample_pack_testing/Drum Recollection/New Wave Drum Kit Vol. 2/Snares/No Savage Snare.wav,/Volumes/Jack_Gandy_1TB_SSD/testing-for-NITE-DSP/sample_pack_testing/Drum Recollection/New Wave Drum Kit Vol. 2/Snares/Snare - No Savage Snare.wav,Snare,Snare,0.773882,0.799133,Snare,/Volumes/Jack_Gandy_1TB_SSD/testing-for-NITE-DSP/sample_pack_testing/Mike Shinoda Drums/MS BEATS/Victory March Samples/Snare BigBusiness 1.wav,0.5286651200315163,1.83175,mixed_or_uncertain_form,0.35,442.33107607334955,0.04434008433196067,0.5532748099722409,0.0009074410086431551,,class passed new-domain suggestion receipt; approval required,True,,,
245,/Volumes/Jack_Gandy_1TB_SSD/testing-for-NITE-DSP/sample_pack_testing/Drum Recollection/Essentials Drum Kit Vol. 001/Snares/Rexxus Snare.wav,/Volumes/Jack_Gandy_1TB_SSD/testing-for-NITE-DSP/sample_pack_testing/Drum Recollection/Essentials Drum Kit Vol. 001/Snares/Snare - Rexxus Snare.wav,Snare,Snare,0.733009,0.799237,Snare,/Volumes/Jack_Gandy_1TB_SSD/testing-for-NITE-DSP/sample_pack_testing/Mike Shinoda Drums/MS BEATS/maschine ms test 1 Samples/Snare Gold 7.wav,0.3344148413036703,2.4519375,possibly_sustained,0.55,403.90115843829955,0.033171684681013155,0.4103637817245563,0.0005126452551501309,,class passed new-domain suggestion receipt; approval required,True,,,
246,/Volumes/Jack_Gandy_1TB_SSD/testing-for-NITE-DSP/sample_pack_testing/Loaded Samples - Lo-Fi Memphis 2/DRUMS/Kicks & 808s/LFM2_Kick Club (1).wav,/Volumes/Jack_Gandy_1TB_SSD/testing-for-NITE-DSP/sample_pack_testing/Loaded Samples - Lo-Fi Memphis 2/DRUMS/Kicks & 808s/Kick - LFM2_Kick Club (1).wav,Kick,Kick,0.817454,0.799458,Kick,/Volumes/Jack_Gandy_1TB_SSD/testing-for-NITE-DSP/sample_pack_testing/Organic Drum Kit/1 Kicks/Organic - Kick (10).wav,0.699193947935659,0.2668125,possibly_one_shot,0.68,395.4831318020534,0.9860432053591212,9.1278776655362e-05,0.0,,class passed new-domain suggestion receipt; approval required,True,,,
247,/Volumes/Jack_Gandy_1TB_SSD/testing-for-NITE-DSP/sample_pack_testing/Sounds of KSHMR Vol.3/KSHMR_Drums/KSHMR_Kicks/KSHMR_Big_Kicks/KSHMR_Big_Kick_02_D.wav,/Volumes/Jack_Gandy_1TB_SSD/testing-for-NITE-DSP/sample_pack_testing/Sounds of KSHMR Vol.3/KSHMR_Drums/KSHMR_Kicks/KSHMR_Big_Kicks/Kick - KSHMR_Big_Kick_02_D.wav,Kick,Kick,0.828796,0.79959,Kick,/Volumes/Jack_Gandy_1TB_SSD/testing-for-NITE-DSP/sample_pack_testing/Mike Shinoda Drums/MS BEATS/Dubby Samples/Kick Absynth B 3.wav,0.7051042966411848,0.4688125,mixed_or_uncertain_form,0.35,282.8867716523609,0.9828895543164774,0.0025835252303576623,0.13572088112904457,,class passed new-domain suggestion receipt; approval required,True,,,
248,/Volumes/Jack_Gandy_1TB_SSD/testing-for-NITE-DSP/sample_pack_testing/Old Movies 1 - Vintage Collection (Drum Kit)/Kicks/Kick 34.wav,/Volumes/Jack_Gandy_1TB_SSD/testing-for-NITE-DSP/sample_pack_testing/Old Movies 1 - Vintage Collection (Drum Kit)/Kicks/Kick - Kick 34.wav,Kick,Kick,0.838622,0.799674,Kick,/Volumes/Jack_Gandy_1TB_SSD/testing-for-NITE-DSP/sample_pack_testing/Organic Drum Kit/1 Kicks/Organic - Kick (104).wav,0.7465925308205912,0.5011875,possibly_one_shot,0.68,325.1325297217704,0.9793693485621533,3.134603272055446e-05,0.017696869873731515,,class passed new-domain suggestion receipt; approval required,True,,,
249,/Volumes/Jack_Gandy_1TB_SSD/testing-for-NITE-DSP/sample_pack_testing/Mike Shinoda Drums/MPC 1000 Backup/MPC1000 FILES/PABLO/8delkic90.WAV,/Volumes/Jack_Gandy_1TB_SSD/testing-for-NITE-DSP/sample_pack_testing/Mike Shinoda Drums/MPC 1000 Backup/MPC1000 FILES/PABLO/Kick - 8delkic90.WAV,Kick,,0.871624,0.799677,Kick,/Volumes/Jack_Gandy_1TB_SSD/testing-for-NITE-DSP/sample_pack_testing/Organic Drum Kit/1 Kicks/Organic - Kick (104).wav,0.7150220976969945,0.422,mixed_or_uncertain_form,0.35,810.0809401404993,0.9939884967126446,7.990067409530658e-05,0.13670454303847027,,class passed new-domain suggestion receipt; approval required,True,,,
250,/Volumes/Jack_Gandy_1TB_SSD/testing-for-NITE-DSP/sample_pack_testing/Sounds of KSHMR Vol.3/KSHMR_Drums/KSHMR_Claps/KSHMR_Natural_Hand_Claps/KSHMR_Stacks/KSHMR_Human_Stack_Clap_05_Squishy.wav,/Volumes/Jack_Gandy_1TB_SSD/testing-for-NITE-DSP/sample_pack_testing/Sounds of KSHMR Vol.3/KSHMR_Drums/KSHMR_Claps/KSHMR_Natural_Hand_Claps/KSHMR_Stacks/Clap - KSHMR_Human_Stack_Clap_05_Squishy.wav,Clap,Clap,0.772054,0.80044,Clap,/Volumes/Jack_Gandy_1TB_SSD/testing-for-NITE-DSP/sample_pack_testing/Drum Recollection/Official Drum Kit Vol. 1/Claps/Arcade Clap .wav,0.42857455364862357,0.155375,possibly_one_shot,0.68,3023.8640517925714,0.0016469210603445332,0.43565069706834625,0.0,,class passed new-domain suggestion receipt; approval required,True,,,
251,/Volumes/Jack_Gandy_1TB_SSD/testing-for-NITE-DSP/sample_pack_testing/Sounds of KSHMR Vol.3/KSHMR_Drums/KSHMR_Kicks/KSHMR_Punchy_Kicks/KSHMR_Punchy_Kick_12_F.wav,/Volumes/Jack_Gandy_1TB_SSD/testing-for-NITE-DSP/sample_pack_testing/Sounds of KSHMR Vol.3/KSHMR_Drums/KSHMR_Kicks/KSHMR_Punchy_Kicks/Kick - KSHMR_Punchy_Kick_12_F.wav,Kick,Kick,0.842973,0.800884,Kick,/Volumes/Jack_Gandy_1TB_SSD/testing-for-NITE-DSP/sample_pack_testing/Sounds of KSHMR Vol.3/KSHMR_Drums/KSHMR_Kicks/KSHMR_Hip_Hop_kicks/KSHMR_Chest_Kicks/KSHMR_Chest_Kick_05.wav,0.821290330597317,0.147375,possibly_one_shot,0.68,567.4142942049673,0.9633210303185399,0.005845958400691299,0.0,,class passed new-domain suggestion receipt; approval required,True,,,
252,/Volumes/Jack_Gandy_1TB_SSD/testing-for-NITE-DSP/sample_pack_testing/Sounds of KSHMR Vol.3/KSHMR_Drums/KSHMR_Claps/KSHMR_Regular_Claps/KSHMR_Clap_Wide_Clap_02.wav,/Volumes/Jack_Gandy_1TB_SSD/testing-for-NITE-DSP/sample_pack_testing/Sounds of KSHMR Vol.3/KSHMR_Drums/KSHMR_Claps/KSHMR_Regular_Claps/Clap - KSHMR_Clap_Wide_Clap_02.wav,Clap,Clap,0.824614,0.800964,Clap,/Volumes/Jack_Gandy_1TB_SSD/testing-for-NITE-DSP/sample_pack_testing/Sounds of KSHMR Vol.3/KSHMR_Drums/KSHMR_Claps/KSHMR_Regular_Claps/KSHMR_Clap_Hard_02.wav,0.6711306640257854,0.4189375,possibly_one_shot,0.68,2681.948601607979,0.0048399925252816224,0.4190149020561304,0.01848599539248639,,class passed new-domain suggestion receipt; approval required,True,,,
253,/Volumes/Jack_Gandy_1TB_SSD/testing-for-NITE-DSP/sample_pack_testing/Drum Recollection/Official Drum Kit Vol. 1/Kicks/Rackz 2.0 Kick .wav,/Volumes/Jack_Gandy_1TB_SSD/testing-for-NITE-DSP/sample_pack_testing/Drum Recollection/Official Drum Kit Vol. 1/Kicks/Kick - Rackz 2.0 Kick .wav,Kick,Kick,0.843913,0.801137,Kick,/Volumes/Jack_Gandy_1TB_SSD/testing-for-NITE-DSP/sample_pack_testing/Lex Luger Drumkit/Lex_Luger_Drumkit/LL_one_shots/LL_kick_pink_2.wav,0.5898701812321208,1.841375,mixed_or_uncertain_form,0.35,80.69577496554275,0.9642925415647874,4.592374388785624e-05,0.0017078502858895207,,class passed new-domain suggestion receipt; approval required,True,,,
254,/Volumes/Jack_Gandy_1TB_SSD/testing-for-NITE-DSP/sample_pack_testing/Mike Shinoda Drums/MS BEATS/Confetti Samples/BD_GoldRing001_MPC60.wav,/Volumes/Jack_Gandy_1TB_SSD/testing-for-NITE-DSP/sample_pack_testing/Mike Shinoda Drums/MS BEATS/Confetti Samples/Kick - BD_GoldRing001_MPC60.wav,Kick,Kick,0.846235,0.801402,Kick,/Volumes/Jack_Gandy_1TB_SSD/testing-for-NITE-DSP/sample_pack_testing/Organic Drum Kit/1 Kicks/Organic - Kick (104).wav,0.7996528519636243,0.351875,possibly_one_shot,0.68,312.13615433999183,0.9835493265352302,0.00034801652452402836,0.0652606395375153,,class passed new-domain suggestion receipt; approval required,True,,,
255,/Volumes/Jack_Gandy_1TB_SSD/testing-for-NITE-DSP/sample_pack_testing/Drum Recollection/New Wave Drum Kit Vol. 1/New Wave Drum Kit/Kicks/Use For Drill Kick  .wav,/Volumes/Jack_Gandy_1TB_SSD/testing-for-NITE-DSP/sample_pack_testing/Drum Recollection/New Wave Drum Kit Vol. 1/New Wave Drum Kit/Kicks/Kick - Use For Drill Kick  .wav,Kick,Kick,0.849051,0.801407,Kick,/Volumes/Jack_Gandy_1TB_SSD/testing-for-NITE-DSP/sample_pack_testing/Drum Recollection/Essentials Drumkit Vol. 002/Kicks/WTFIT Kick.wav,0.5574013426317005,7.601,possibly_sustained,0.55,788.1821092209835,0.9774211344248109,1.9779631173522774e-05,0.0,,class passed new-domain suggestion receipt; approval required,True,,,
256,/Volumes/Jack_Gandy_1TB_SSD/testing-for-NITE-DSP/sample_pack_testing/Sounds of KSHMR Vol.3/KSHMR_Drums/KSHMR_Claps/KSHMR_Pre-Shifted_Claps/KSHMR_Pre_Shifted_Clap_16.wav,/Volumes/Jack_Gandy_1TB_SSD/testing-for-NITE-DSP/sample_pack_testing/Sounds of KSHMR Vol.3/KSHMR_Drums/KSHMR_Claps/KSHMR_Pre-Shifted_Claps/Clap - KSHMR_Pre_Shifted_Clap_16.wav,Clap,Clap,0.812174,0.801482,Clap,/Volumes/Jack_Gandy_1TB_SSD/testing-for-NITE-DSP/sample_pack_testing/Sounds of KSHMR Vol.3/KSHMR_Drums/KSHMR_Claps/KSHMR_Regular_Claps/KSHMR_Clap_Snappy_01.wav,0.7632722661403185,0.2361875,possibly_one_shot,0.68,2525.986948702945,0.0025246447313645153,0.29478183131565017,0.0,,class passed new-domain suggestion receipt; approval required,True,,,
257,/Volumes/Jack_Gandy_1TB_SSD/testing-for-NITE-DSP/sample_pack_testing/Drum Recollection/Official Drum Kit Vol. 1/Kicks/Dragon Ball Kick .wav,/Volumes/Jack_Gandy_1TB_SSD/testing-for-NITE-DSP/sample_pack_testing/Drum Recollection/Official Drum Kit Vol. 1/Kicks/Kick - Dragon Ball Kick .wav,Kick,Kick,0.831814,0.801509,Kick,/Volumes/Jack_Gandy_1TB_SSD/testing-for-NITE-DSP/sample_pack_testing/Lex Luger Drumkit/Lex_Luger_Drumkit/LL_one_shots/LL_kick_pink_2.wav,0.7643561426056079,0.4615625,possibly_one_shot,0.68,376.75096802347616,0.9600474333582015,7.341578482973587e-05,0.0203782394667621,,class passed new-domain suggestion receipt; approval required,True,,,
258,/Volumes/Jack_Gandy_1TB_SSD/testing-for-NITE-DSP/sample_pack_testing/Sounds of KSHMR Vol.3/KSHMR_Drums/KSHMR_Kicks/KSHMR_Punchy_Kicks/KSHMR_Punchy_Kick_10_E.wav,/Volumes/Jack_Gandy_1TB_SSD/testing-for-NITE-DSP/sample_pack_testing/Sounds of KSHMR Vol.3/KSHMR_Drums/KSHMR_Kicks/KSHMR_Punchy_Kicks/Kick - KSHMR_Punchy_Kick_10_E.wav,Kick,Kick,0.831069,0.801628,Kick,/Volumes/Jack_Gandy_1TB_SSD/testing-for-NITE-DSP/sample_pack_testing/Mike Shinoda Drums/MS BEATS/Dubby Samples/Kick Absynth B 3.wav,0.7636420921782854,0.3446875,possibly_one_shot,0.68,325.4263029291116,0.9741542891866122,0.002890770322026868,0.05039625765460885,,class passed new-domain suggestion receipt; approval required,True,,,
259,/Volumes/Jack_Gandy_1TB_SSD/testing-for-NITE-DSP/sample_pack_testing/Old Movies 1 - Vintage Collection (Drum Kit)/Kicks/Kick 14.wav,/Volumes/Jack_Gandy_1TB_SSD/testing-for-NITE-DSP/sample_pack_testing/Old Movies 1 - Vintage Collection (Drum Kit)/Kicks/Kick - Kick 14.wav,Kick,Kick,0.824407,0.802206,Kick,/Volumes/Jack_Gandy_1TB_SSD/testing-for-NITE-DSP/sample_pack_testing/Organic Drum Kit/1 Kicks/Organic - Kick (104).wav,0.7967286840616361,0.2556875,possibly_one_shot,0.68,264.2785544221873,0.9779300530119243,0.00024800153916579813,0.0,,class passed new-domain suggestion receipt; approval required,True,,,
260,/Volumes/Jack_Gandy_1TB_SSD/testing-for-NITE-DSP/sample_pack_testing/Sounds of KSHMR Vol.3/KSHMR_Drums/KSHMR_Claps/KSHMR_Natural_Hand_Claps/KSHMR_Stacks/KSHMR_Human_Stack_Clap_09_Squishy.wav,/Volumes/Jack_Gandy_1TB_SSD/testing-for-NITE-DSP/sample_pack_testing/Sounds of KSHMR Vol.3/KSHMR_Drums/KSHMR_Claps/KSHMR_Natural_Hand_Claps/KSHMR_Stacks/Clap - KSHMR_Human_Stack_Clap_09_Squishy.wav,Clap,Clap,0.847984,0.802246,Clap,/Volumes/Jack_Gandy_1TB_SSD/testing-for-NITE-DSP/sample_pack_testing/Sounds of KSHMR Vol.3/KSHMR_Drums/KSHMR_Claps/KSHMR_Natural_Hand_Claps/KSHMR_Stacks/KSHMR_Human_Stack_Clap_07_Squishy.wav,0.7307038365435349,0.2175,possibly_one_shot,0.68,2790.7562900568346,0.0005809814267211678,0.5395808523484628,0.0,,class passed new-domain suggestion receipt; approval required,True,,,
261,/Volumes/Jack_Gandy_1TB_SSD/testing-for-NITE-DSP/sample_pack_testing/Sounds of KSHMR Vol.3/KSHMR_Drums/KSHMR_Claps/KSHMR_Natural_Hand_Claps/KSHMR_Single_Claps/KSHMR_Human_Single_Clap_12.wav,/Volumes/Jack_Gandy_1TB_SSD/testing-for-NITE-DSP/sample_pack_testing/Sounds of KSHMR Vol.3/KSHMR_Drums/KSHMR_Claps/KSHMR_Natural_Hand_Claps/KSHMR_Single_Claps/Clap - KSHMR_Human_Single_Clap_12.wav,Clap,Clap,0.817266,0.802349,Clap,/Volumes/Jack_Gandy_1TB_SSD/testing-for-NITE-DSP/sample_pack_testing/Mike Shinoda Drums/MS BEATS/Amethyst Samples/Clap AR60sLate V127 1.wav,0.5759309187652993,0.2604375,possibly_one_shot,0.68,2597.6513894413492,0.001041985006403395,0.25895186280998767,0.0,,class passed new-domain suggestion receipt; approval required,True,,,
262,/Volumes/Jack_Gandy_1TB_SSD/testing-for-NITE-DSP/sample_pack_testing/Sounds of KSHMR Vol.3/KSHMR_Drums/KSHMR_Kicks/KSHMR_Punchy_Kicks/KSHMR_Punchy_Kick_19_F.wav,/Volumes/Jack_Gandy_1TB_SSD/testing-for-NITE-DSP/sample_pack_testing/Sounds of KSHMR Vol.3/KSHMR_Drums/KSHMR_Kicks/KSHMR_Punchy_Kicks/Kick - KSHMR_Punchy_Kick_19_F.wav,Kick,Kick,0.844126,0.802366,Kick,/Volumes/Jack_Gandy_1TB_SSD/testing-for-NITE-DSP/sample_pack_testing/Sounds of KSHMR Vol.3/KSHMR_Drums/KSHMR_Kicks/KSHMR_Signature_Kicks/KSHMR_Signature_Kick_20_Strange_Lands_G#.wav,0.7643494773181873,0.2750625,possibly_one_shot,0.68,427.0796787111609,0.963687914761604,0.008586437432371577,0.0,,class passed new-domain suggestion receipt; approval required,True,,,
263,/Volumes/Jack_Gandy_1TB_SSD/testing-for-NITE-DSP/sample_pack_testing/Sounds of KSHMR Vol.3/KSHMR_Drums/KSHMR_Claps/KSHMR_Regular_Claps/KSHMR_Clap_Classic_08.wav,/Volumes/Jack_Gandy_1TB_SSD/testing-for-NITE-DSP/sample_pack_testing/Sounds of KSHMR Vol.3/KSHMR_Drums/KSHMR_Claps/KSHMR_Regular_Claps/Clap - KSHMR_Clap_Classic_08.wav,Clap,Clap,0.854814,0.802527,Clap,/Volumes/Jack_Gandy_1TB_SSD/testing-for-NITE-DSP/sample_pack_testing/Sounds of KSHMR Vol.3/KSHMR_Drums/KSHMR_Claps/KSHMR_Regular_Claps/KSHMR_Clap_Snappy_01.wav,0.600005037582445,0.26425,possibly_one_shot,0.68,2785.197462262642,0.0012632422379102106,0.522209182480361,0.0,,class passed new-domain suggestion receipt; approval required,True,,,
264,/Volumes/Jack_Gandy_1TB_SSD/testing-for-NITE-DSP/sample_pack_testing/Mike Shinoda Drums/MS BEATS/Regalia Samples/Kick Downbeat 1.WAV,/Volumes/Jack_Gandy_1TB_SSD/testing-for-NITE-DSP/sample_pack_testing/Mike Shinoda Drums/MS BEATS/Regalia Samples/Kick - Kick Downbeat 1.WAV,Kick,Kick,0.851598,0.802852,Kick,/Volumes/Jack_Gandy_1TB_SSD/testing-for-NITE-DSP/sample_pack_testing/Organic Drum Kit/1 Kicks/Organic - Kick (10).wav,0.6649474195460476,0.367125,possibly_one_shot,0.68,330.24869416703206,0.993883204180427,0.00032307610878574717,0.052188223522163214,,class passed new-domain suggestion receipt; approval required,True,,,
265,/Volumes/Jack_Gandy_1TB_SSD/testing-for-NITE-DSP/sample_pack_testing/Minimal Audio/REFLECT/1 - Drums/2 - Kick /Kick - Sand.wav,/Volumes/Jack_Gandy_1TB_SSD/testing-for-NITE-DSP/sample_pack_testing/Minimal Audio/REFLECT/1 - Drums/2 - Kick /Kick - Kick - Sand.wav,Kick,Kick,0.832775,0.802918,Kick,/Volumes/Jack_Gandy_1TB_SSD/testing-for-NITE-DSP/sample_pack_testing/Organic Drum Kit/1 Kicks/Organic - Kick (104).wav,0.7754566995757028,0.1744375,possibly_one_shot,0.68,362.8662058377035,0.9897321970337041,0.0004213483626217915,0.0,,class passed new-domain suggestion receipt; approval required,True,,,
266,/Volumes/Jack_Gandy_1TB_SSD/testing-for-NITE-DSP/sample_pack_testing/Sounds of KSHMR Vol.3/KSHMR_Drums/KSHMR_Claps/KSHMR_Regular_Claps/KSHMR_Clap_Classic_02.wav,/Volumes/Jack_Gandy_1TB_SSD/testing-for-NITE-DSP/sample_pack_testing/Sounds of KSHMR Vol.3/KSHMR_Drums/KSHMR_Claps/KSHMR_Regular_Claps/Clap - KSHMR_Clap_Classic_02.wav,Clap,Clap,0.881702,0.802986,Clap,/Volumes/Jack_Gandy_1TB_SSD/testing-for-NITE-DSP/sample_pack_testing/Sounds of KSHMR Vol.3/KSHMR_Drums/KSHMR_Claps/KSHMR_Regular_Claps/KSHMR_Clap_Hard_02.wav,0.6113425432274788,0.31775,possibly_one_shot,0.68,2904.110175613295,0.01935184730369409,0.37811815711711527,0.012633086073132967,,class passed new-domain suggestion receipt; approval required,True,,,
267,/Volumes/Jack_Gandy_1TB_SSD/testing-for-NITE-DSP/sample_pack_testing/Sounds of KSHMR Vol.3/KSHMR_Drums/KSHMR_Kicks/KSHMR_Punchy_Kicks/KSHMR_Punchy_Kick_04_D.wav,/Volumes/Jack_Gandy_1TB_SSD/testing-for-NITE-DSP/sample_pack_testing/Sounds of KSHMR Vol.3/KSHMR_Drums/KSHMR_Kicks/KSHMR_Punchy_Kicks/Kick - KSHMR_Punchy_Kick_04_D.wav,Kick,Kick,0.842641,0.803013,Kick,/Volumes/Jack_Gandy_1TB_SSD/testing-for-NITE-DSP/sample_pack_testing/Mike Shinoda Drums/MS BEATS/Dubby Samples/Kick Absynth B 3.wav,0.757609847293149,0.4,possibly_one_shot,0.68,340.7992844886122,0.9551037283683008,0.015090342278944494,0.059674424339519104,,class passed new-domain suggestion receipt; approval required,True,,,
268,/Volumes/Jack_Gandy_1TB_SSD/testing-for-NITE-DSP/sample_pack_testing/Sounds of KSHMR Vol.3/KSHMR_Drums/KSHMR_Kicks/KSHMR_Hip_Hop_kicks/KSHMR_Chest_Kicks/KSHMR_Chest_Kick_02.wav,/Volumes/Jack_Gandy_1TB_SSD/testing-for-NITE-DSP/sample_pack_testing/Sounds of KSHMR Vol.3/KSHMR_Drums/KSHMR_Kicks/KSHMR_Hip_Hop_kicks/KSHMR_Chest_Kicks/Kick - KSHMR_Chest_Kick_02.wav,Kick,Kick,0.837598,0.803302,Kick,/Volumes/Jack_Gandy_1TB_SSD/testing-for-NITE-DSP/sample_pack_testing/Lex Luger Drumkit/Lex_Luger_Drumkit/LL_one_shots/LL_kick_pink_2.wav,0.6745825776928029,0.1516875,possibly_one_shot,0.68,182.7959031188819,0.9801933020151303,2.866296617784477e-05,0.0,,class passed new-domain suggestion receipt; approval required,True,,,
269,/Volumes/Jack_Gandy_1TB_SSD/testing-for-NITE-DSP/sample_pack_testing/Capsun ProAudio - City Pop/One_Shots/Drum_One_Shots/Kicks/CPA_TCP_kick_romantics.wav,/Volumes/Jack_Gandy_1TB_SSD/testing-for-NITE-DSP/sample_pack_testing/Capsun ProAudio - City Pop/One_Shots/Drum_One_Shots/Kicks/Kick - CPA_TCP_kick_romantics.wav,Kick,Kick,0.82922,0.803378,Kick,/Volumes/Jack_Gandy_1TB_SSD/testing-for-NITE-DSP/sample_pack_testing/Lex Luger Drumkit/Lex_Luger_Drumkit/LL_one_shots/LL_kick_pink_2.wav,0.7246474882620345,0.3214375,possibly_one_shot,0.68,216.4660324393817,0.990229965075673,0.001196142387866427,0.0,,class passed new-domain suggestion receipt; approval required,True,,,
270,/Volumes/Jack_Gandy_1TB_SSD/testing-for-NITE-DSP/sample_pack_testing/Sounds of KSHMR Vol.3/KSHMR_Drums/KSHMR_Kicks/KSHMR_Psy_Kicks/KSHMR_Psy_Kick_11_F#.wav,/Volumes/Jack_Gandy_1TB_SSD/testing-for-NITE-DSP/sample_pack_testing/Sounds of KSHMR Vol.3/KSHMR_Drums/KSHMR_Kicks/KSHMR_Psy_Kicks/Kick - KSHMR_Psy_Kick_11_F#.wav,Kick,Kick,0.84707,0.804537,Kick,/Volumes/Jack_Gandy_1TB_SSD/testing-for-NITE-DSP/sample_pack_testing/Sounds of KSHMR Vol.3/KSHMR_Drums/KSHMR_Kicks/KSHMR_Signature_Kicks/KSHMR_Signature_Kick_20_Strange_Lands_G#.wav,0.7101543304498102,0.232875,possibly_one_shot,0.68,491.00226501805764,0.945781485354645,0.010608971762675735,0.0,,class passed new-domain suggestion receipt; approval required,True,,,
271,/Volumes/Jack_Gandy_1TB_SSD/testing-for-NITE-DSP/sample_pack_testing/Mike Shinoda Drums/MS BEATS/Victimized Remix Samples/BD_808Thudd1_H3500Fat.wav,/Volumes/Jack_Gandy_1TB_SSD/testing-for-NITE-DSP/sample_pack_testing/Mike Shinoda Drums/MS BEATS/Victimized Remix Samples/Kick - BD_808Thudd1_H3500Fat.wav,Kick,Kick,0.850387,0.805042,Kick,/Volumes/Jack_Gandy_1TB_SSD/testing-for-NITE-DSP/sample_pack_testing/Lex Luger Drumkit/Lex_Luger_Drumkit/LL_one_shots/LL_kick_pink_2.wav,0.6470689791653422,0.1433125,possibly_one_shot,0.68,203.76615054173675,0.9915995716037944,4.737702512884855e-05,0.0,,class passed new-domain suggestion receipt; approval required,True,,,
272,/Volumes/Jack_Gandy_1TB_SSD/testing-for-NITE-DSP/sample_pack_testing/Mike Shinoda Drums/MS BEATS/Regalia Samples/Kick DriveBy 1.wav,/Volumes/Jack_Gandy_1TB_SSD/testing-for-NITE-DSP/sample_pack_testing/Mike Shinoda Drums/MS BEATS/Regalia Samples/Kick - Kick DriveBy 1.wav,Kick,Kick,0.83648,0.805197,Kick,/Volumes/Jack_Gandy_1TB_SSD/testing-for-NITE-DSP/sample_pack_testing/Lex Luger Drumkit/Lex_Luger_Drumkit/LL_one_shots/LL_kick_pink_2.wav,0.6068658983695226,0.2483125,possibly_one_shot,0.68,175.25716510779966,0.9830216482151825,0.00018584129990968594,0.0,,class passed new-domain suggestion receipt; approval required,True,,,
273,/Volumes/Jack_Gandy_1TB_SSD/testing-for-NITE-DSP/sample_pack_testing/Mike Shinoda Drums/MS BEATS/Spirals Samples/Kick MoveSomethin 2.wav,/Volumes/Jack_Gandy_1TB_SSD/testing-for-NITE-DSP/sample_pack_testing/Mike Shinoda Drums/MS BEATS/Spirals Samples/Kick - Kick MoveSomethin 2.wav,Kick,Kick,0.851807,0.805276,Kick,/Volumes/Jack_Gandy_1TB_SSD/testing-for-NITE-DSP/sample_pack_testing/Lex Luger Drumkit/Lex_Luger_Drumkit/LL_one_shots/LL_kick_pink_2.wav,0.8106058704841282,0.5504375,possibly_one_shot,0.68,124.1356235563916,0.9691985451690652,3.4912548823986014e-07,0.02398970351871859,,class passed new-domain suggestion receipt; approval required,True,,,
274,/Volumes/Jack_Gandy_1TB_SSD/testing-for-NITE-DSP/sample_pack_testing/Sounds of KSHMR Vol.3/KSHMR_Drums/KSHMR_Kicks/KSHMR_Punchy_Kicks/KSHMR_Punchy_Kick_36_G_Soft.wav,/Volumes/Jack_Gandy_1TB_SSD/testing-for-NITE-DSP/sample_pack_testing/Sounds of KSHMR Vol.3/KSHMR_Drums/KSHMR_Kicks/KSHMR_Punchy_Kicks/Kick - KSHMR_Punchy_Kick_36_G_Soft.wav,Kick,Kick,0.84061,0.805329,Kick,/Volumes/Jack_Gandy_1TB_SSD/testing-for-NITE-DSP/sample_pack_testing/Organic Drum Kit/1 Kicks/Organic - Kick (104).wav,0.747604581251249,0.21225,possibly_one_shot,0.68,359.39581732967844,0.9836200151371753,0.0017786296093510595,0.0,,class passed new-domain suggestion receipt; approval required,True,,,
275,/Volumes/Jack_Gandy_1TB_SSD/testing-for-NITE-DSP/sample_pack_testing/Minimal Audio/ELEMENT/1 - Drums/2 - Kick/Kick - Batter.wav,/Volumes/Jack_Gandy_1TB_SSD/testing-for-NITE-DSP/sample_pack_testing/Minimal Audio/ELEMENT/1 - Drums/2 - Kick/Kick - Kick - Batter.wav,Kick,Kick,0.834368,0.805495,Kick,/Volumes/Jack_Gandy_1TB_SSD/testing-for-NITE-DSP/sample_pack_testing/Mike Shinoda Drums/MS BEATS/Auckland2013 Samples/Kick Gamsay 2.wav,0.7032934696840131,1.2,mixed_or_uncertain_form,0.35,120.00424729590983,0.9567687491421271,0.0030723257104727365,0.010807026671466309,,class passed new-domain suggestion receipt; approval required,True,,,
276,/Volumes/Jack_Gandy_1TB_SSD/testing-for-NITE-DSP/sample_pack_testing/Breaks/The Drum Broker - International Breaks & Essential Kicks/The Drum Broker - Essential Kicks/Regret.wav,/Volumes/Jack_Gandy_1TB_SSD/testing-for-NITE-DSP/sample_pack_testing/Breaks/The Drum Broker - International Breaks & Essential Kicks/The Drum Broker - Essential Kicks/Kick - Regret.wav,Kick,,0.864223,0.805828,Kick,/Volumes/Jack_Gandy_1TB_SSD/testing-for-NITE-DSP/sample_pack_testing/Organic Drum Kit/1 Kicks/Organic - Kick (104).wav,0.46951313561498415,1.158125,possibly_one_shot,0.68,2961.7353968491325,0.9461165266443273,0.0022711229238587607,0.011886409223733428,,class passed new-domain suggestion receipt; approval required,True,,,
277,/Volumes/Jack_Gandy_1TB_SSD/testing-for-NITE-DSP/sample_pack_testing/Mike Shinoda Drums/MS BEATS/Victory March Samples/Kick CoolKid.wav,/Volumes/Jack_Gandy_1TB_SSD/testing-for-NITE-DSP/sample_pack_testing/Mike Shinoda Drums/MS BEATS/Victory March Samples/Kick - Kick CoolKid.wav,Kick,Kick,0.826884,0.805891,Kick,/Volumes/Jack_Gandy_1TB_SSD/testing-for-NITE-DSP/sample_pack_testing/Organic Drum Kit/1 Kicks/Organic - Kick (11).wav,0.757314088648343,0.6448125,possibly_one_shot,0.68,364.18042312601017,0.9392143948703321,0.0003530608362333638,0.021103231825544366,,class passed new-domain suggestion receipt; approval required,True,,,
278,/Volumes/Jack_Gandy_1TB_SSD/testing-for-NITE-DSP/sample_pack_testing/Sounds of KSHMR Vol.3/KSHMR_VIP_Friends_of_KSHMR/BASSJACKERS/BASSJACKERS_Kick_Zero.wav,/Volumes/Jack_Gandy_1TB_SSD/testing-for-NITE-DSP/sample_pack_testing/Sounds of KSHMR Vol.3/KSHMR_VIP_Friends_of_KSHMR/BASSJACKERS/Kick - BASSJACKERS_Kick_Zero.wav,Kick,Kick,0.863697,0.80593,Kick,/Volumes/Jack_Gandy_1TB_SSD/testing-for-NITE-DSP/sample_pack_testing/Mike Shinoda Drums/MS BEATS/Dubby Samples/Kick Absynth B 3.wav,0.8021829344156018,0.3815625,possibly_one_shot,0.68,271.70958536021897,0.9919601638907943,0.000764017611431842,0.08176234082374542,,class passed new-domain suggestion receipt; approval required,True,,,
279,/Volumes/Jack_Gandy_1TB_SSD/testing-for-NITE-DSP/sample_pack_testing/Minimal Audio/REFLECT/1 - Drums/2 - Kick /Kick - Topaz.wav,/Volumes/Jack_Gandy_1TB_SSD/testing-for-NITE-DSP/sample_pack_testing/Minimal Audio/REFLECT/1 - Drums/2 - Kick /Kick - Kick - Topaz.wav,Kick,Kick,0.822202,0.80596,Kick,/Volumes/Jack_Gandy_1TB_SSD/testing-for-NITE-DSP/sample_pack_testing/Mike Shinoda Drums/MS BEATS/Dubby Samples/Kick Absynth B 3.wav,0.7203986752646415,0.2616875,possibly_one_shot,0.68,184.56672389124452,0.9700510812655678,0.0001315527134262085,0.0,,class passed new-domain suggestion receipt; approval required,True,,,
280,/Volumes/Jack_Gandy_1TB_SSD/testing-for-NITE-DSP/sample_pack_testing/Mike Shinoda Drums/MS BEATS/Humanoid  Samples/Kick CLP 3.wav,/Volumes/Jack_Gandy_1TB_SSD/testing-for-NITE-DSP/sample_pack_testing/Mike Shinoda Drums/MS BEATS/Humanoid  Samples/Kick - Kick CLP 3.wav,Kick,Kick,0.871044,0.806036,Kick,/Volumes/Jack_Gandy_1TB_SSD/Samples 2021 ->/Sample Packs/Origin Sound - Adore - RNB Soul (2025)/one_shots/drum_hits/kicks/OS_AD_kick_loungin.wav,0.6532303946304799,0.422,mixed_or_uncertain_form,0.35,809.6150790976466,0.993988399423386,7.989006871104052e-05,0.13670424794647507,,class passed new-domain suggestion receipt; approval required,True,,,
281,/Volumes/Jack_Gandy_1TB_SSD/testing-for-NITE-DSP/sample_pack_testing/Sounds of KSHMR Vol.3/KSHMR_Drums/KSHMR_Kicks/KSHMR_Signature_Kicks/KSHMR_Signature_Kick_09_Harder_A#.wav,/Volumes/Jack_Gandy_1TB_SSD/testing-for-NITE-DSP/sample_pack_testing/Sounds of KSHMR Vol.3/KSHMR_Drums/KSHMR_Kicks/KSHMR_Signature_Kicks/Kick - KSHMR_Signature_Kick_09_Harder_A#.wav,Kick,Kick,0.843549,0.806115,Kick,/Volumes/Jack_Gandy_1TB_SSD/testing-for-NITE-DSP/sample_pack_testing/Organic Drum Kit/1 Kicks/Organic - Kick (104).wav,0.7813279080547844,0.47625,possibly_one_shot,0.68,994.8606789081899,0.982718669311628,0.004016943493579956,0.02781845140821203,,class passed new-domain suggestion receipt; approval required,True,,,
282,/Volumes/Jack_Gandy_1TB_SSD/testing-for-NITE-DSP/sample_pack_testing/Sounds of KSHMR Vol.3/KSHMR_Drums/KSHMR_Snares/KSHMR_Tight_Snares/KSHMR_Tight_Snare_24_E.wav,/Volumes/Jack_Gandy_1TB_SSD/testing-for-NITE-DSP/sample_pack_testing/Sounds of KSHMR Vol.3/KSHMR_Drums/KSHMR_Snares/KSHMR_Tight_Snares/Snare - KSHMR_Tight_Snare_24_E.wav,Snare,Snare,0.783104,0.806658,Snare,/Volumes/Jack_Gandy_1TB_SSD/testing-for-NITE-DSP/sample_pack_testing/Sounds of KSHMR Vol.3/KSHMR_Drums/KSHMR_Snares/KSHMR_Tight_Snares/KSHMR_Tight_Snare_14_C#.wav,0.6966464811922931,0.428625,possibly_one_shot,0.68,3375.051304546475,0.6530222930040609,0.1943793834306113,0.016771530945136892,,class passed new-domain suggestion receipt; approval required,True,,,
283,/Volumes/Jack_Gandy_1TB_SSD/testing-for-NITE-DSP/sample_pack_testing/Sounds of KSHMR Vol.3/KSHMR_Drums/KSHMR_Kicks/KSHMR_Punchy_Kicks/KSHMR_Punchy_Kick_25_F#.wav,/Volumes/Jack_Gandy_1TB_SSD/testing-for-NITE-DSP/sample_pack_testing/Sounds of KSHMR Vol.3/KSHMR_Drums/KSHMR_Kicks/KSHMR_Punchy_Kicks/Kick - KSHMR_Punchy_Kick_25_F#.wav,Kick,Kick,0.838321,0.806749,Kick,/Volumes/Jack_Gandy_1TB_SSD/testing-for-NITE-DSP/sample_pack_testing/Mike Shinoda Drums/MS BEATS/Dubby Samples/Kick Absynth B 3.wav,0.8161967581895407,0.3718125,possibly_one_shot,0.68,377.7212371372904,0.9553426579384666,0.011299929206698558,0.052299468127659614,,class passed new-domain suggestion receipt; approval required,True,,,
284,/Volumes/Jack_Gandy_1TB_SSD/testing-for-NITE-DSP/sample_pack_testing/Minimal Audio/REFLECT/1 - Drums/2 - Kick /Kick - Beige.wav,/Volumes/Jack_Gandy_1TB_SSD/testing-for-NITE-DSP/sample_pack_testing/Minimal Audio/REFLECT/1 - Drums/2 - Kick /Kick - Kick - Beige.wav,Kick,Kick,0.846737,0.807265,Kick,/Volumes/Jack_Gandy_1TB_SSD/testing-for-NITE-DSP/sample_pack_testing/Mike Shinoda Drums/MS BEATS/Dubby Samples/Kick Absynth B 3.wav,0.7173948291900408,0.2180625,possibly_one_shot,0.68,380.92274585639126,0.9583372537452943,0.005096750883331417,0.0,,class passed new-domain suggestion receipt; approval required,True,,,
285,/Volumes/Jack_Gandy_1TB_SSD/testing-for-NITE-DSP/sample_pack_testing/Organic Drum Kit/1 Kicks/Organic - Kick (13).wav,/Volumes/Jack_Gandy_1TB_SSD/testing-for-NITE-DSP/sample_pack_testing/Organic Drum Kit/1 Kicks/Kick - Organic - Kick (13).wav,Kick,Kick,0.844601,0.807592,Kick,/Volumes/Jack_Gandy_1TB_SSD/testing-for-NITE-DSP/sample_pack_testing/Organic Drum Kit/1 Kicks/Organic - Kick (10).wav,0.7961882596188019,0.4911875,possibly_one_shot,0.68,488.66628248972773,0.9863980902900279,0.0005310228052452819,0.033616866857187094,,class passed new-domain suggestion receipt; approval required,True,,,
286,/Volumes/Jack_Gandy_1TB_SSD/testing-for-NITE-DSP/sample_pack_testing/Drum Recollection/Official Drum Kit Vol. 2/Kicks/Hard Pi'erre Kick.wav,/Volumes/Jack_Gandy_1TB_SSD/testing-for-NITE-DSP/sample_pack_testing/Drum Recollection/Official Drum Kit Vol. 2/Kicks/Kick - Hard Pi'erre Kick.wav,Kick,Kick,0.834687,0.808385,Kick,/Volumes/Jack_Gandy_1TB_SSD/testing-for-NITE-DSP/sample_pack_testing/Organic Drum Kit/1 Kicks/Organic - Kick (104).wav,0.6187549363237553,1.601,mixed_or_uncertain_form,0.35,43.79281479565726,0.9690245684954627,3.73515346161668e-05,0.0014500918570810061,,class passed new-domain suggestion receipt; approval required,True,,,
287,/Volumes/Jack_Gandy_1TB_SSD/testing-for-NITE-DSP/sample_pack_testing/Sounds of KSHMR Vol.3/KSHMR_Drums/KSHMR_Claps/KSHMR_Natural_Hand_Claps/KSHMR_Stacks/KSHMR_Human_Stack_Clap_06_Squishy.wav,/Volumes/Jack_Gandy_1TB_SSD/testing-for-NITE-DSP/sample_pack_testing/Sounds of KSHMR Vol.3/KSHMR_Drums/KSHMR_Claps/KSHMR_Natural_Hand_Claps/KSHMR_Stacks/Clap - KSHMR_Human_Stack_Clap_06_Squishy.wav,Clap,Clap,0.887494,0.808715,Clap,/Volumes/Jack_Gandy_1TB_SSD/testing-for-NITE-DSP/sample_pack_testing/Organic Drum Kit/3 Claps/Organic - Clap (17).wav,0.5501734602294822,0.445625,possibly_one_shot,0.68,2544.4116596588606,0.001465641481775053,0.3876105380631966,0.03440641605614039,,class passed new-domain suggestion receipt; approval required,True,,,
288,/Volumes/Jack_Gandy_1TB_SSD/testing-for-NITE-DSP/sample_pack_testing/Sounds of KSHMR Vol.3/KSHMR_Drums/KSHMR_Kicks/KSHMR_Signature_Kicks/KSHMR_Signature_Kick_20_Strange_Lands_G#.wav,/Volumes/Jack_Gandy_1TB_SSD/testing-for-NITE-DSP/sample_pack_testing/Sounds of KSHMR Vol.3/KSHMR_Drums/KSHMR_Kicks/KSHMR_Signature_Kicks/Kick - KSHMR_Signature_Kick_20_Strange_Lands_G#.wav,Kick,Kick,0.848002,0.809461,Kick,/Volumes/Jack_Gandy_1TB_SSD/testing-for-NITE-DSP/sample_pack_testing/Mike Shinoda Drums/MS BEATS/Dubby Samples/Kick Absynth B 3.wav,0.6830695315667055,0.428625,possibly_one_shot,0.68,1282.9744353713127,0.9791797697791923,0.004897855109519156,0.057148097233599385,,class passed new-domain suggestion receipt; approval required,True,,,
289,/Volumes/Jack_Gandy_1TB_SSD/testing-for-NITE-DSP/sample_pack_testing/Old Movies 1 - Vintage Collection (Drum Kit)/Kicks/Kick 13.wav,/Volumes/Jack_Gandy_1TB_SSD/testing-for-NITE-DSP/sample_pack_testing/Old Movies 1 - Vintage Collection (Drum Kit)/Kicks/Kick - Kick 13.wav,Kick,Kick,0.839609,0.809906,Kick,/Volumes/Jack_Gandy_1TB_SSD/testing-for-NITE-DSP/sample_pack_testing/Organic Drum Kit/1 Kicks/Organic - Kick (10).wav,0.7819172238490283,0.6525,possibly_one_shot,0.68,438.1006206259443,0.9357741311532558,0.0015717667564056135,0.031680395388993074,,class passed new-domain suggestion receipt; approval required,True,,,
290,/Volumes/Jack_Gandy_1TB_SSD/testing-for-NITE-DSP/sample_pack_testing/Sounds of KSHMR Vol.3/KSHMR_Drums/KSHMR_Kicks/KSHMR_Hip_Hop_kicks/KSHMR_Thump_Kicks/KSHMR_Thump_Kick_08.wav,/Volumes/Jack_Gandy_1TB_SSD/testing-for-NITE-DSP/sample_pack_testing/Sounds of KSHMR Vol.3/KSHMR_Drums/KSHMR_Kicks/KSHMR_Hip_Hop_kicks/KSHMR_Thump_Kicks/Kick - KSHMR_Thump_Kick_08.wav,Kick,Kick,0.873946,0.810227,Kick,/Volumes/Jack_Gandy_1TB_SSD/testing-for-NITE-DSP/sample_pack_testing/Organic Drum Kit/1 Kicks/Organic - Kick (104).wav,0.8151976027074069,0.372375,possibly_one_shot,0.68,980.6033172145159,0.9897459218031945,0.0001096782327285186,0.10197452849930143,,class passed new-domain suggestion receipt; approval required,True,,,
291,/Volumes/Jack_Gandy_1TB_SSD/testing-for-NITE-DSP/sample_pack_testing/Sounds of KSHMR Vol.3/KSHMR_Drums/KSHMR_Kicks/KSHMR_Punchy_Kicks/KSHMR_Punchy_Kick_23_F#.wav,/Volumes/Jack_Gandy_1TB_SSD/testing-for-NITE-DSP/sample_pack_testing/Sounds of KSHMR Vol.3/KSHMR_Drums/KSHMR_Kicks/KSHMR_Punchy_Kicks/Kick - KSHMR_Punchy_Kick_23_F#.wav,Kick,Kick,0.849059,0.810305,Kick,/Volumes/Jack_Gandy_1TB_SSD/testing-for-NITE-DSP/sample_pack_testing/Mike Shinoda Drums/MS BEATS/Dubby Samples/Kick Absynth B 3.wav,0.8566192753875322,0.4688125,possibly_one_shot,0.68,206.93510134509415,0.9599845408154474,0.0029056889737612344,0.022649281708467042,,class passed new-domain suggestion receipt; approval required,True,,,
292,/Volumes/Jack_Gandy_1TB_SSD/testing-for-NITE-DSP/sample_pack_testing/Sounds of KSHMR Vol.3/KSHMR_Drums/KSHMR_Kicks/KSHMR_Punchy_Kicks/KSHMR_Punchy_Kick_02_A.wav,/Volumes/Jack_Gandy_1TB_SSD/testing-for-NITE-DSP/sample_pack_testing/Sounds of KSHMR Vol.3/KSHMR_Drums/KSHMR_Kicks/KSHMR_Punchy_Kicks/Kick - KSHMR_Punchy_Kick_02_A.wav,Kick,Kick,0.848072,0.810561,Kick,/Volumes/Jack_Gandy_1TB_SSD/testing-for-NITE-DSP/sample_pack_testing/Lex Luger Drumkit/Lex_Luger_Drumkit/LL_one_shots/LL_kick_pink_2.wav,0.667475579801482,0.2,possibly_one_shot,0.68,355.15519796592133,0.9883948498299477,0.0025444765146151525,0.0,,class passed new-domain suggestion receipt; approval required,True,,,
293,/Volumes/Jack_Gandy_1TB_SSD/testing-for-NITE-DSP/sample_pack_testing/Mike Shinoda Drums/MS BEATS/Thumper Samples/Kick Gold 4.wav,/Volumes/Jack_Gandy_1TB_SSD/testing-for-NITE-DSP/sample_pack_testing/Mike Shinoda Drums/MS BEATS/Thumper Samples/Kick - Kick Gold 4.wav,Kick,Kick,0.838083,0.810764,Kick,/Volumes/Jack_Gandy_1TB_SSD/testing-for-NITE-DSP/sample_pack_testing/Organic Drum Kit/1 Kicks/Organic - Kick (104).wav,0.7940949882485395,0.382875,possibly_one_shot,0.68,329.4610656232217,0.9792879467814894,0.00030641173378305854,0.0688028218863721,,class passed new-domain suggestion receipt; approval required,True,,,
294,/Volumes/Jack_Gandy_1TB_SSD/testing-for-NITE-DSP/sample_pack_testing/Sounds of KSHMR Vol.3/KSHMR_Drums/KSHMR_Kicks/KSHMR_Punchy_Kicks/KSHMR_Punchy_Kick_03_C#.wav,/Volumes/Jack_Gandy_1TB_SSD/testing-for-NITE-DSP/sample_pack_testing/Sounds of KSHMR Vol.3/KSHMR_Drums/KSHMR_Kicks/KSHMR_Punchy_Kicks/Kick - KSHMR_Punchy_Kick_03_C#.wav,Kick,Kick,0.858783,0.81127,Kick,/Volumes/Jack_Gandy_1TB_SSD/testing-for-NITE-DSP/sample_pack_testing/Mike Shinoda Drums/MS BEATS/Dubby Samples/Kick Absynth B 3.wav,0.7202584999118121,0.4,possibly_one_shot,0.68,241.91177941942564,0.9630589128327273,0.00315175458399563,0.21597359745058625,,class passed new-domain suggestion receipt; approval required,True,,,
295,/Volumes/Jack_Gandy_1TB_SSD/testing-for-NITE-DSP/sample_pack_testing/Loaded Samples - Lo-Fi Memphis 2/DRUMS/Kicks & 808s/LFM2_Kick 909 Reg (1) (G).wav,/Volumes/Jack_Gandy_1TB_SSD/testing-for-NITE-DSP/sample_pack_testing/Loaded Samples - Lo-Fi Memphis 2/DRUMS/Kicks & 808s/Kick - LFM2_Kick 909 Reg (1) (G).wav,Kick,Kick,0.867699,0.81234,Kick,/Volumes/Jack_Gandy_1TB_SSD/Samples 2021 ->/Sample Packs/Loaded Samples - Lo-Fi Memphis 2/DRUMS/Kicks & 808s/LFM2_Kick 909 Punch (1) (G).wav,0.7681230855085222,0.2718125,possibly_one_shot,0.68,419.293535888727,0.9909838152433244,4.6953473621648915e-05,0.0,,class passed new-domain suggestion receipt; approval required,True,,,
296,/Volumes/Jack_Gandy_1TB_SSD/testing-for-NITE-DSP/sample_pack_testing/Drum Recollection/Official Drum Kit Vol. 1/Kicks/Akai Kick .wav,/Volumes/Jack_Gandy_1TB_SSD/testing-for-NITE-DSP/sample_pack_testing/Drum Recollection/Official Drum Kit Vol. 1/Kicks/Kick - Akai Kick .wav,Kick,Kick,0.852278,0.81248,Kick,/Volumes/Jack_Gandy_1TB_SSD/testing-for-NITE-DSP/sample_pack_testing/Drum Recollection/New Wave Drum Kit Vol. 2/Kicks/Racky Kick.wav,0.8657318699735427,1.8461875,mixed_or_uncertain_form,0.35,98.72114876952695,0.9364985928620213,0.000885481527244978,0.0018538951700100823,,class passed new-domain suggestion receipt; approval required,True,,,
297,/Volumes/Jack_Gandy_1TB_SSD/testing-for-NITE-DSP/sample_pack_testing/Old Movies 1 - Vintage Collection (Drum Kit)/Kicks/Kick 15.wav,/Volumes/Jack_Gandy_1TB_SSD/testing-for-NITE-DSP/sample_pack_testing/Old Movies 1 - Vintage Collection (Drum Kit)/Kicks/Kick - Kick 15.wav,Kick,Kick,0.860878,0.812613,Kick,/Volumes/Jack_Gandy_1TB_SSD/testing-for-NITE-DSP/sample_pack_testing/Drum Recollection/Essentials Drumkit Vol. 002/Kicks/WTFIT Kick.wav,0.7884256248119184,0.484625,possibly_one_shot,0.68,194.23752590083885,0.9385840869445446,0.00014249413464680042,0.020828900460417837,,class passed new-domain suggestion receipt; approval required,True,,,
298,/Volumes/Jack_Gandy_1TB_SSD/testing-for-NITE-DSP/sample_pack_testing/Sounds of KSHMR Vol.3/KSHMR_Drums/KSHMR_Kicks/KSHMR_Signature_Kicks/KSHMR_Signature_Kick_18_Power_F.wav,/Volumes/Jack_Gandy_1TB_SSD/testing-for-NITE-DSP/sample_pack_testing/Sounds of KSHMR Vol.3/KSHMR_Drums/KSHMR_Kicks/KSHMR_Signature_Kicks/Kick - KSHMR_Signature_Kick_18_Power_F.wav,Kick,Kick,0.867074,0.81272,Kick,/Volumes/Jack_Gandy_1TB_SSD/testing-for-NITE-DSP/sample_pack_testing/Mike Shinoda Drums/MS BEATS/Auckland2013 Samples/Kick Gamsay 2.wav,0.8462238456485474,0.4545625,possibly_one_shot,0.68,577.213658580793,0.9843883297013489,0.005353656471128318,0.030338288629702826,,class passed new-domain suggestion receipt; approval required,True,,,
299,/Volumes/Jack_Gandy_1TB_SSD/testing-for-NITE-DSP/sample_pack_testing/Mike Shinoda Drums/MS BEATS/Spirals Samples/Kick Grizzly 2.wav,/Volumes/Jack_Gandy_1TB_SSD/testing-for-NITE-DSP/sample_pack_testing/Mike Shinoda Drums/MS BEATS/Spirals Samples/Kick - Kick Grizzly 2.wav,Kick,Kick,0.855455,0.812797,Kick,/Volumes/Jack_Gandy_1TB_SSD/testing-for-NITE-DSP/sample_pack_testing/Mike Shinoda Drums/MS BEATS/Pizzaria Samples/Kick Vertical 1.wav,0.7580809745074553,0.940125,possibly_one_shot,0.68,99.90482675169996,0.9951789022421779,7.308479398287773e-08,0.07664937819392031,,class passed new-domain suggestion receipt; approval required,True,,,
300,/Volumes/Jack_Gandy_1TB_SSD/testing-for-NITE-DSP/sample_pack_testing/Organic Drum Kit/1 Kicks/Organic - Kick (62).wav,/Volumes/Jack_Gandy_1TB_SSD/testing-for-NITE-DSP/sample_pack_testing/Organic Drum Kit/1 Kicks/Kick - Organic - Kick (62).wav,Kick,Kick,0.861167,0.812868,Kick,/Volumes/Jack_Gandy_1TB_SSD/testing-for-NITE-DSP/sample_pack_testing/Organic Drum Kit/1 Kicks/Organic - Kick (11).wav,0.704612257707185,1.0039375,mixed_or_uncertain_form,0.35,967.8693443854344,0.9646877967396968,0.00011214849718802567,0.041834923544059814,,class passed new-domain suggestion receipt; approval required,True,,,
301,/Volumes/Jack_Gandy_1TB_SSD/testing-for-NITE-DSP/sample_pack_testing/Sounds of KSHMR Vol.3/KSHMR_Drums/KSHMR_Kicks/KSHMR_Punchy_Kicks/KSHMR_Punchy_Kick_14_F.wav,/Volumes/Jack_Gandy_1TB_SSD/testing-for-NITE-DSP/sample_pack_testing/Sounds of KSHMR Vol.3/KSHMR_Drums/KSHMR_Kicks/KSHMR_Punchy_Kicks/Kick - KSHMR_Punchy_Kick_14_F.wav,Kick,Kick,0.843221,0.812923,Kick,/Volumes/Jack_Gandy_1TB_SSD/testing-for-NITE-DSP/sample_pack_testing/Mike Shinoda Drums/MS BEATS/Dubby Samples/Kick Absynth B 3.wav,0.7396962052890766,0.332625,possibly_one_shot,0.68,322.082947287496,0.9606131663683659,0.00842036983121401,0.0738279786136835,,class passed new-domain suggestion receipt; approval required,True,,,
302,/Volumes/Jack_Gandy_1TB_SSD/testing-for-NITE-DSP/sample_pack_testing/Mike Shinoda Drums/MPC 1000 Backup/MPC1000 FILES/PACMANNY/PENKCK1.WAV,/Volumes/Jack_Gandy_1TB_SSD/testing-for-NITE-DSP/sample_pack_testing/Mike Shinoda Drums/MPC 1000 Backup/MPC1000 FILES/PACMANNY/Kick - PENKCK1.WAV,Kick,,0.869982,0.813008,Kick,/Volumes/Jack_Gandy_1TB_SSD/Samples 2021 ->/Sample Packs/Loaded Samples - Lo-Fi Memphis 2/DRUMS/Kicks & 808s/LFM2_Kick 909 Punch (1) (G).wav,0.844233106718324,0.2835,possibly_one_shot,0.68,299.3210118043887,0.9891856583021233,0.00030677935913694064,0.0,,class passed new-domain suggestion receipt; approval required,True,,,
303,/Volumes/Jack_Gandy_1TB_SSD/testing-for-NITE-DSP/sample_pack_testing/Sounds of KSHMR Vol.3/KSHMR_Drums/KSHMR_Kicks/KSHMR_Punchy_Kicks/KSHMR_Punchy_Kick_15_F.wav,/Volumes/Jack_Gandy_1TB_SSD/testing-for-NITE-DSP/sample_pack_testing/Sounds of KSHMR Vol.3/KSHMR_Drums/KSHMR_Kicks/KSHMR_Punchy_Kicks/Kick - KSHMR_Punchy_Kick_15_F.wav,Kick,Kick,0.850831,0.813207,Kick,/Volumes/Jack_Gandy_1TB_SSD/testing-for-NITE-DSP/sample_pack_testing/Mike Shinoda Drums/MS BEATS/Dubby Samples/Kick Absynth B 3.wav,0.7852818492440755,0.368125,possibly_one_shot,0.68,295.07490527956116,0.9369662717753562,0.007123722184814252,0.0709061675667625,,class passed new-domain suggestion receipt; approval required,True,,,
304,/Volumes/Jack_Gandy_1TB_SSD/testing-for-NITE-DSP/sample_pack_testing/Old Movies 1 - Vintage Collection (Drum Kit)/Kicks/Kick 23.wav,/Volumes/Jack_Gandy_1TB_SSD/testing-for-NITE-DSP/sample_pack_testing/Old Movies 1 - Vintage Collection (Drum Kit)/Kicks/Kick - Kick 23.wav,Kick,Kick,0.850699,0.814088,Kick,/Volumes/Jack_Gandy_1TB_SSD/testing-for-NITE-DSP/sample_pack_testing/Organic Drum Kit/1 Kicks/Organic - Kick (104).wav,0.8407282612347431,0.3565,possibly_one_shot,0.68,206.86329807591605,0.9634799370257688,0.00031441188861430514,0.0677507249999921,,class passed new-domain suggestion receipt; approval required,True,,,
305,/Volumes/Jack_Gandy_1TB_SSD/testing-for-NITE-DSP/sample_pack_testing/Mike Shinoda Drums/MS BEATS/Auckland2013 Samples/Kick Gamsay 2.wav,/Volumes/Jack_Gandy_1TB_SSD/testing-for-NITE-DSP/sample_pack_testing/Mike Shinoda Drums/MS BEATS/Auckland2013 Samples/Kick - Kick Gamsay 2.wav,Kick,Kick,0.862016,0.814876,Kick,/Volumes/Jack_Gandy_1TB_SSD/testing-for-NITE-DSP/sample_pack_testing/Organic Drum Kit/1 Kicks/Organic - Kick (10).wav,0.674861491684947,0.4585,possibly_one_shot,0.68,1456.6081199184066,0.9903143830759216,0.0010301852984296797,0.03929232302038644,,class passed new-domain suggestion receipt; approval required,True,,,
306,/Volumes/Jack_Gandy_1TB_SSD/testing-for-NITE-DSP/sample_pack_testing/Minimal Audio/MICROTECH/2 - One Shots/1 - Kick/Kick - Deep Chunk 1.wav,/Volumes/Jack_Gandy_1TB_SSD/testing-for-NITE-DSP/sample_pack_testing/Minimal Audio/MICROTECH/2 - One Shots/1 - Kick/Kick - Kick - Deep Chunk 1.wav,Kick,Kick,0.818566,0.815724,Kick,/Volumes/Jack_Gandy_1TB_SSD/testing-for-NITE-DSP/sample_pack_testing/Mike Shinoda Drums/MS BEATS/Dubby Samples/Kick Absynth B 3.wav,0.6983579084162644,0.421125,possibly_one_shot,0.68,281.1658899651048,0.9848403364327373,0.0012070891972307005,0.11008917309603625,,class passed new-domain suggestion receipt; approval required,True,,,
307,/Volumes/Jack_Gandy_1TB_SSD/testing-for-NITE-DSP/sample_pack_testing/Mike Shinoda Drums/MS BEATS/Victimized Remix Samples/BD_AlienAnalog007.wav,/Volumes/Jack_Gandy_1TB_SSD/testing-for-NITE-DSP/sample_pack_testing/Mike Shinoda Drums/MS BEATS/Victimized Remix Samples/Kick - BD_AlienAnalog007.wav,Kick,Kick,0.855708,0.816633,Kick,/Volumes/Jack_Gandy_1TB_SSD/Samples 2021 ->/Sample Packs/Loaded Samples - Lo-Fi Memphis 2/DRUMS/Kicks & 808s/LFM2_Kick 909 Punch (1) (G).wav,0.7206351179745749,0.4329375,possibly_one_shot,0.68,116.74710232037744,0.9972524739975069,4.335127037700342e-06,0.047374832244926154,,class passed new-domain suggestion receipt; approval required,True,,,
308,/Volumes/Jack_Gandy_1TB_SSD/testing-for-NITE-DSP/sample_pack_testing/Capsun ProAudio - City Pop/One_Shots/Drum_One_Shots/Kicks/CPA_TCP_kick_glitterball.wav,/Volumes/Jack_Gandy_1TB_SSD/testing-for-NITE-DSP/sample_pack_testing/Capsun ProAudio - City Pop/One_Shots/Drum_One_Shots/Kicks/Kick - CPA_TCP_kick_glitterball.wav,Kick,Kick,0.845217,0.816795,Kick,/Volumes/Jack_Gandy_1TB_SSD/testing-for-NITE-DSP/sample_pack_testing/Mike Shinoda Drums/MS BEATS/Dubby Samples/Kick Absynth B 3.wav,0.8222116408073198,0.705875,possibly_one_shot,0.68,177.36543180060374,0.9889865837252304,0.001606908820550123,0.007224012601648124,,class passed new-domain suggestion receipt; approval required,True,,,
309,/Volumes/Jack_Gandy_1TB_SSD/testing-for-NITE-DSP/sample_pack_testing/Organic Drum Kit/1 Kicks/Organic - Kick (119).wav,/Volumes/Jack_Gandy_1TB_SSD/testing-for-NITE-DSP/sample_pack_testing/Organic Drum Kit/1 Kicks/Kick - Organic - Kick (119).wav,Kick,Kick,0.844811,0.816811,Kick,/Volumes/Jack_Gandy_1TB_SSD/testing-for-NITE-DSP/sample_pack_testing/Organic Drum Kit/1 Kicks/Organic - Kick (11).wav,0.765860535489494,1.40625,possibly_one_shot,0.68,580.6465829405824,0.9908817262700396,0.0009015315125356193,0.1554707023688629,,class passed new-domain suggestion receipt; approval required,True,,,
310,/Volumes/Jack_Gandy_1TB_SSD/testing-for-NITE-DSP/sample_pack_testing/Old Movies 1 - Vintage Collection (Drum Kit)/Kicks/Kick 17.wav,/Volumes/Jack_Gandy_1TB_SSD/testing-for-NITE-DSP/sample_pack_testing/Old Movies 1 - Vintage Collection (Drum Kit)/Kicks/Kick - Kick 17.wav,Kick,Kick,0.859175,0.816829,Kick,/Volumes/Jack_Gandy_1TB_SSD/testing-for-NITE-DSP/sample_pack_testing/Organic Drum Kit/1 Kicks/Organic - Kick (104).wav,0.7272515179484716,0.446375,possibly_one_shot,0.68,181.48558333457382,0.9778211945663939,0.0002726026117084899,0.025871493592197103,,class passed new-domain suggestion receipt; approval required,True,,,
311,/Volumes/Jack_Gandy_1TB_SSD/testing-for-NITE-DSP/sample_pack_testing/Drum Recollection/Official Drum Kit Vol. 1/Kicks/Jeffe Kick .wav,/Volumes/Jack_Gandy_1TB_SSD/testing-for-NITE-DSP/sample_pack_testing/Drum Recollection/Official Drum Kit Vol. 1/Kicks/Kick - Jeffe Kick .wav,Kick,Kick,0.854565,0.817348,Kick,/Volumes/Jack_Gandy_1TB_SSD/testing-for-NITE-DSP/sample_pack_testing/Organic Drum Kit/1 Kicks/Organic - Kick (104).wav,0.5587059899877546,7.3894375,possibly_sustained,0.55,26.02566488687829,0.9649678389546712,0.0004432146371090217,0.2694153211770709,,class passed new-domain suggestion receipt; approval required,True,,,
312,/Volumes/Jack_Gandy_1TB_SSD/testing-for-NITE-DSP/sample_pack_testing/Sounds of KSHMR Vol.3/KSHMR_Drums/KSHMR_Claps/KSHMR_Pre-Shifted_Claps/KSHMR_Pre_Shifted_Clap_22.wav,/Volumes/Jack_Gandy_1TB_SSD/testing-for-NITE-DSP/sample_pack_testing/Sounds of KSHMR Vol.3/KSHMR_Drums/KSHMR_Claps/KSHMR_Pre-Shifted_Claps/Clap - KSHMR_Pre_Shifted_Clap_22.wav,Clap,Clap,0.862223,0.817423,Clap,/Volumes/Jack_Gandy_1TB_SSD/testing-for-NITE-DSP/sample_pack_testing/Mike Shinoda Drums/MS BEATS/Ryu 3 Samples/Clap_Layered004_MPC60_st.wav,0.628582344186228,0.368,possibly_one_shot,0.68,2876.99676470871,0.00933321500216085,0.2992588656651502,0.025598236614731252,,class passed new-domain suggestion receipt; approval required,True,,,
313,/Volumes/Jack_Gandy_1TB_SSD/testing-for-NITE-DSP/sample_pack_testing/Just Jared - OP1 Drums/Kicks/Just Jared - OP1 Drums Kick 3.wav,/Volumes/Jack_Gandy_1TB_SSD/testing-for-NITE-DSP/sample_pack_testing/Just Jared - OP1 Drums/Kicks/Kick - Just Jared - OP1 Drums Kick 3.wav,Kick,Kick,0.85961,0.817705,Kick,/Volumes/Jack_Gandy_1TB_SSD/testing-for-NITE-DSP/sample_pack_testing/Organic Drum Kit/1 Kicks/Organic - Kick (11).wav,0.7950003505787017,0.5,possibly_one_shot,0.68,176.99670867038066,0.9777177480375366,0.0002377417420850254,0.04629771125795001,,class passed new-domain suggestion receipt; approval required,True,,,
314,/Volumes/Jack_Gandy_1TB_SSD/testing-for-NITE-DSP/sample_pack_testing/Mike Shinoda Drums/MS BEATS/Digi folk Samples/BD_Goldbabe4_MPC60.wav,/Volumes/Jack_Gandy_1TB_SSD/testing-for-NITE-DSP/sample_pack_testing/Mike Shinoda Drums/MS BEATS/Digi folk Samples/Kick - BD_Goldbabe4_MPC60.wav,Kick,Kick,0.831605,0.817741,Kick,/Volumes/Jack_Gandy_1TB_SSD/testing-for-NITE-DSP/sample_pack_testing/Organic Drum Kit/1 Kicks/Organic - Kick (10).wav,0.7404572490581047,0.3784375,possibly_one_shot,0.68,374.9588571475872,0.9919190662641982,0.0008892202061157182,0.023968979265245327,,class passed new-domain suggestion receipt; approval required,True,,,
315,/Volumes/Jack_Gandy_1TB_SSD/testing-for-NITE-DSP/sample_pack_testing/Old Movies 1 - Vintage Collection (Drum Kit)/Kicks/Kick 24.wav,/Volumes/Jack_Gandy_1TB_SSD/testing-for-NITE-DSP/sample_pack_testing/Old Movies 1 - Vintage Collection (Drum Kit)/Kicks/Kick - Kick 24.wav,Kick,Kick,0.856146,0.817994,Kick,/Volumes/Jack_Gandy_1TB_SSD/testing-for-NITE-DSP/sample_pack_testing/Lex Luger Drumkit/Lex_Luger_Drumkit/LL_one_shots/LL_kick_pink_2.wav,0.7271214941921191,0.435125,possibly_one_shot,0.68,216.31425030655762,0.9499721333987274,0.00010370105594991021,0.034970556682729054,,class passed new-domain suggestion receipt; approval required,True,,,
316,/Volumes/Jack_Gandy_1TB_SSD/testing-for-NITE-DSP/sample_pack_testing/Sounds of KSHMR Vol.3/KSHMR_VIP_Friends_of_KSHMR/7SKIES/7SKIES_Kick_F#.wav,/Volumes/Jack_Gandy_1TB_SSD/testing-for-NITE-DSP/sample_pack_testing/Sounds of KSHMR Vol.3/KSHMR_VIP_Friends_of_KSHMR/7SKIES/Kick - 7SKIES_Kick_F#.wav,Kick,Kick,0.870204,0.818725,Kick,/Volumes/Jack_Gandy_1TB_SSD/testing-for-NITE-DSP/sample_pack_testing/Mike Shinoda Drums/MS BEATS/Auckland2013 Samples/Kick Gamsay 2.wav,0.7766029609092587,0.4688125,mixed_or_uncertain_form,0.35,263.077977379428,0.9713717257020548,0.004245177328491596,0.08322512460768267,,class passed new-domain suggestion receipt; approval required,True,,,
317,/Volumes/Jack_Gandy_1TB_SSD/testing-for-NITE-DSP/sample_pack_testing/Sounds of KSHMR Vol.3/KSHMR_Drums/KSHMR_Kicks/KSHMR_Punchy_Kicks/KSHMR_Punchy_Kick_37_G.wav,/Volumes/Jack_Gandy_1TB_SSD/testing-for-NITE-DSP/sample_pack_testing/Sounds of KSHMR Vol.3/KSHMR_Drums/KSHMR_Kicks/KSHMR_Punchy_Kicks/Kick - KSHMR_Punchy_Kick_37_G.wav,Kick,Kick,0.842589,0.819165,Kick,/Volumes/Jack_Gandy_1TB_SSD/testing-for-NITE-DSP/sample_pack_testing/Mike Shinoda Drums/MS BEATS/Dubby Samples/Kick Absynth B 3.wav,0.856177194832207,0.4688125,possibly_one_shot,0.68,219.42686183253815,0.9745131697165996,0.005172316538149954,0.023220452654701036,,class passed new-domain suggestion receipt; approval required,True,,,
318,/Volumes/Jack_Gandy_1TB_SSD/testing-for-NITE-DSP/sample_pack_testing/Loaded Samples - Lo-Fi Memphis 2/DRUMS/Kicks & 808s/LFM2_Kick Elec (C).wav,/Volumes/Jack_Gandy_1TB_SSD/testing-for-NITE-DSP/sample_pack_testing/Loaded Samples - Lo-Fi Memphis 2/DRUMS/Kicks & 808s/Kick - LFM2_Kick Elec (C).wav,Kick,Kick,0.855361,0.819712,Kick,/Volumes/Jack_Gandy_1TB_SSD/testing-for-NITE-DSP/sample_pack_testing/Sounds of KSHMR Vol.3/KSHMR_Drums/KSHMR_Kicks/KSHMR_Hip_Hop_kicks/KSHMR_Chest_Kicks/KSHMR_Chest_Kick_05.wav,0.7623998286395917,0.377,possibly_one_shot,0.68,442.86790190045167,0.9884942146192612,5.301571027194201e-05,0.045655874715086184,,class passed new-domain suggestion receipt; approval required,True,,,
319,/Volumes/Jack_Gandy_1TB_SSD/testing-for-NITE-DSP/sample_pack_testing/Old Movies 1 - Vintage Collection (Drum Kit)/Kicks/Kick 20.wav,/Volumes/Jack_Gandy_1TB_SSD/testing-for-NITE-DSP/sample_pack_testing/Old Movies 1 - Vintage Collection (Drum Kit)/Kicks/Kick - Kick 20.wav,Kick,Kick,0.855047,0.819847,Kick,/Volumes/Jack_Gandy_1TB_SSD/testing-for-NITE-DSP/sample_pack_testing/Minimal Audio/REFLECT/1 - Drums/2 - Kick /Kick - Topaz.wav,0.7584302519421849,0.4145625,possibly_one_shot,0.68,108.94185789886426,0.9886582106345086,9.052960873006962e-05,0.04698089745797018,,class passed new-domain suggestion receipt; approval required,True,,,
320,/Volumes/Jack_Gandy_1TB_SSD/testing-for-NITE-DSP/sample_pack_testing/Capsun ProAudio - City Pop/One_Shots/Drum_One_Shots/Kicks/CPA_TCP_kick_power_stance.wav,/Volumes/Jack_Gandy_1TB_SSD/testing-for-NITE-DSP/sample_pack_testing/Capsun ProAudio - City Pop/One_Shots/Drum_One_Shots/Kicks/Kick - CPA_TCP_kick_power_stance.wav,Kick,Kick,0.852065,0.82132,Kick,/Volumes/Jack_Gandy_1TB_SSD/testing-for-NITE-DSP/sample_pack_testing/Mike Shinoda Drums/MS BEATS/Dubby Samples/Kick Absynth B 3.wav,0.8407332742249823,0.375,possibly_one_shot,0.68,183.6299189143065,0.9939145126824672,0.0008088666095495932,0.03570015690234293,,class passed new-domain suggestion receipt; approval required,True,,,
321,/Volumes/Jack_Gandy_1TB_SSD/testing-for-NITE-DSP/sample_pack_testing/Organic Drum Kit/2 Snares/Organic - Snare (77).wav,/Volumes/Jack_Gandy_1TB_SSD/testing-for-NITE-DSP/sample_pack_testing/Organic Drum Kit/2 Snares/Snare - Organic - Snare (77).wav,Snare,Snare,0.845829,0.82159,Snare,/Volumes/Jack_Gandy_1TB_SSD/testing-for-NITE-DSP/sample_pack_testing/Organic Drum Kit/Maschine Kits/Jungle Thump Kit Samples/Organic - Snare (24).wav,0.5898111813817329,0.8260625,possibly_one_shot,0.68,3573.851606608717,0.3380279789582461,0.32271048196746777,0.09251227497832551,,class passed new-domain suggestion receipt; approval required,True,,,
322,/Volumes/Jack_Gandy_1TB_SSD/testing-for-NITE-DSP/sample_pack_testing/Sounds of KSHMR Vol.3/KSHMR_VIP_Friends_of_KSHMR/HARDWELL/HARDWELL_Spaceman_Kick.wav,/Volumes/Jack_Gandy_1TB_SSD/testing-for-NITE-DSP/sample_pack_testing/Sounds of KSHMR Vol.3/KSHMR_VIP_Friends_of_KSHMR/HARDWELL/Kick - HARDWELL_Spaceman_Kick.wav,Kick,Kick,0.85882,0.821694,Kick,/Volumes/Jack_Gandy_1TB_SSD/testing-for-NITE-DSP/sample_pack_testing/Mike Shinoda Drums/MS BEATS/Auckland2013 Samples/Kick Gamsay 2.wav,0.7867460683154928,0.46875,mixed_or_uncertain_form,0.35,832.8385680656332,0.9891237433196483,0.0035212017682061778,0.0917263438498751,,class passed new-domain suggestion receipt; approval required,True,,,
323,/Volumes/Jack_Gandy_1TB_SSD/testing-for-NITE-DSP/sample_pack_testing/Sounds of KSHMR Vol.3/KSHMR_Drums/KSHMR_Kicks/KSHMR_Punchy_Kicks/KSHMR_Punchy_Kick_43_G#.wav,/Volumes/Jack_Gandy_1TB_SSD/testing-for-NITE-DSP/sample_pack_testing/Sounds of KSHMR Vol.3/KSHMR_Drums/KSHMR_Kicks/KSHMR_Punchy_Kicks/Kick - KSHMR_Punchy_Kick_43_G#.wav,Kick,Kick,0.850953,0.822259,Kick,/Volumes/Jack_Gandy_1TB_SSD/testing-for-NITE-DSP/sample_pack_testing/Mike Shinoda Drums/MS BEATS/Dubby Samples/Kick Absynth B 3.wav,0.7960346845767091,0.457625,possibly_one_shot,0.68,414.1901125929078,0.9856016494107291,0.004235232727086557,0.02550036105370388,,class passed new-domain suggestion receipt; approval required,True,,,
324,/Volumes/Jack_Gandy_1TB_SSD/testing-for-NITE-DSP/sample_pack_testing/Sounds of KSHMR Vol.3/KSHMR_VIP_Friends_of_KSHMR/RADIOLOGY/RADIOLOGY_Monsta_Kick_G.wav,/Volumes/Jack_Gandy_1TB_SSD/testing-for-NITE-DSP/sample_pack_testing/Sounds of KSHMR Vol.3/KSHMR_VIP_Friends_of_KSHMR/RADIOLOGY/Kick - RADIOLOGY_Monsta_Kick_G.wav,Kick,Kick,0.877674,0.822396,Kick,/Volumes/Jack_Gandy_1TB_SSD/testing-for-NITE-DSP/sample_pack_testing/Mike Shinoda Drums/MS BEATS/Dubby Samples/Kick Absynth B 3.wav,0.7649987075672587,0.486125,mixed_or_uncertain_form,0.35,257.9238573980198,0.9537430887037173,0.005161870759577473,0.08186209480044243,,class passed new-domain suggestion receipt; approval required,True,,,
325,/Volumes/Jack_Gandy_1TB_SSD/testing-for-NITE-DSP/sample_pack_testing/Drum Recollection/Essentials Drumkit Vol. 002/Kicks/WTFIT Kick.wav,/Volumes/Jack_Gandy_1TB_SSD/testing-for-NITE-DSP/sample_pack_testing/Drum Recollection/Essentials Drumkit Vol. 002/Kicks/Kick - WTFIT Kick.wav,Kick,Kick,0.835448,0.823475,Kick,/Volumes/Jack_Gandy_1TB_SSD/testing-for-NITE-DSP/sample_pack_testing/Organic Drum Kit/1 Kicks/Organic - Kick (104).wav,0.7585003488243566,0.4615625,possibly_one_shot,0.68,198.19056378540293,0.9649613613054855,5.267551127545536e-05,0.025549946607708603,,class passed new-domain suggestion receipt; approval required,True,,,
326,/Volumes/Jack_Gandy_1TB_SSD/testing-for-NITE-DSP/sample_pack_testing/Sounds of KSHMR Vol.3/KSHMR_Drums/KSHMR_Kicks/KSHMR_Punchy_Kicks/KSHMR_Punchy_Kick_24_F#_Soft.wav,/Volumes/Jack_Gandy_1TB_SSD/testing-for-NITE-DSP/sample_pack_testing/Sounds of KSHMR Vol.3/KSHMR_Drums/KSHMR_Kicks/KSHMR_Punchy_Kicks/Kick - KSHMR_Punchy_Kick_24_F#_Soft.wav,Kick,Kick,0.867007,0.823683,Kick,/Volumes/Jack_Gandy_1TB_SSD/testing-for-NITE-DSP/sample_pack_testing/Mike Shinoda Drums/MS BEATS/Auckland2013 Samples/Kick Gamsay 2.wav,0.7543595176739449,0.2655625,possibly_one_shot,0.68,249.79123079976443,0.9939404067834665,0.0005492453395499464,0.0,,class passed new-domain suggestion receipt; approval required,True,,,
327,/Volumes/Jack_Gandy_1TB_SSD/testing-for-NITE-DSP/sample_pack_testing/Sounds of KSHMR Vol.3/KSHMR_Drums/KSHMR_Kicks/KSHMR_Punchy_Kicks/KSHMR_Punchy_Kick_32_F#.wav,/Volumes/Jack_Gandy_1TB_SSD/testing-for-NITE-DSP/sample_pack_testing/Sounds of KSHMR Vol.3/KSHMR_Drums/KSHMR_Kicks/KSHMR_Punchy_Kicks/Kick - KSHMR_Punchy_Kick_32_F#.wav,Kick,Kick,0.863074,0.824024,Kick,/Volumes/Jack_Gandy_1TB_SSD/testing-for-NITE-DSP/sample_pack_testing/Mike Shinoda Drums/MS BEATS/Dubby Samples/Kick Absynth B 3.wav,0.7856972266960066,0.3248125,possibly_one_shot,0.68,297.04579565878237,0.9643882948183112,0.0033553273789105535,0.0697385927406099,,class passed new-domain suggestion receipt; approval required,True,,,
328,/Volumes/Jack_Gandy_1TB_SSD/testing-for-NITE-DSP/sample_pack_testing/Drum Recollection/Official Drum Kit Vol. 1/Kicks/Dust Kick .wav,/Volumes/Jack_Gandy_1TB_SSD/testing-for-NITE-DSP/sample_pack_testing/Drum Recollection/Official Drum Kit Vol. 1/Kicks/Kick - Dust Kick .wav,Kick,Kick,0.87126,0.824203,Kick,/Volumes/Jack_Gandy_1TB_SSD/testing-for-NITE-DSP/sample_pack_testing/Lex Luger Drumkit/Lex_Luger_Drumkit/LL_one_shots/LL_kick_pink_2.wav,0.6407764493465865,0.466375,mixed_or_uncertain_form,0.35,186.41599348927065,0.9872862420040761,6.409816558557231e-05,0.09144045950157194,,class passed new-domain suggestion receipt; approval required,True,,,
329,/Volumes/Jack_Gandy_1TB_SSD/testing-for-NITE-DSP/sample_pack_testing/Organic Drum Kit/1 Kicks/Organic - Kick (15).wav,/Volumes/Jack_Gandy_1TB_SSD/testing-for-NITE-DSP/sample_pack_testing/Organic Drum Kit/1 Kicks/Kick - Organic - Kick (15).wav,Kick,Kick,0.85458,0.824635,Kick,/Volumes/Jack_Gandy_1TB_SSD/testing-for-NITE-DSP/sample_pack_testing/Organic Drum Kit/1 Kicks/Organic - Kick (104).wav,0.6426917204162637,1.1009375,possibly_one_shot,0.68,1004.0612466121589,0.9739889806488552,0.0005751193142175835,0.004081719997154697,,class passed new-domain suggestion receipt; approval required,True,,,
330,/Volumes/Jack_Gandy_1TB_SSD/testing-for-NITE-DSP/sample_pack_testing/Old Movies 1 - Vintage Collection (Drum Kit)/Kicks/Kick 3.wav,/Volumes/Jack_Gandy_1TB_SSD/testing-for-NITE-DSP/sample_pack_testing/Old Movies 1 - Vintage Collection (Drum Kit)/Kicks/Kick - Kick 3.wav,Kick,Kick,0.860589,0.824869,Kick,/Volumes/Jack_Gandy_1TB_SSD/testing-for-NITE-DSP/sample_pack_testing/Organic Drum Kit/1 Kicks/Organic - Kick (104).wav,0.7905976765505378,0.4645,possibly_one_shot,0.68,207.24060667485315,0.9871780782246515,0.0003469274422869751,0.029412244837704625,,class passed new-domain suggestion receipt; approval required,True,,,
331,/Volumes/Jack_Gandy_1TB_SSD/testing-for-NITE-DSP/sample_pack_testing/Mike Shinoda Drums/MS BEATS/Croissant Samples/BD_Fat808_01_Tran.wav,/Volumes/Jack_Gandy_1TB_SSD/testing-for-NITE-DSP/sample_pack_testing/Mike Shinoda Drums/MS BEATS/Croissant Samples/Kick - BD_Fat808_01_Tran.wav,Kick,Kick,0.84353,0.825894,Kick,/Volumes/Jack_Gandy_1TB_SSD/testing-for-NITE-DSP/sample_pack_testing/Sounds of KSHMR Vol.3/KSHMR_Drums/KSHMR_Kicks/KSHMR_Hip_Hop_kicks/KSHMR_Chest_Kicks/KSHMR_Chest_Kick_05.wav,0.729285421236357,0.3053125,possibly_one_shot,0.68,166.3272179184478,0.9916109905859486,1.951148093403814e-05,0.022222221680674985,,class passed new-domain suggestion receipt; approval required,True,,,
332,/Volumes/Jack_Gandy_1TB_SSD/testing-for-NITE-DSP/sample_pack_testing/Mike Shinoda Drums/MS BEATS/Jackboot Stone Cyn Samples/Kick CottonLow.wav,/Volumes/Jack_Gandy_1TB_SSD/testing-for-NITE-DSP/sample_pack_testing/Mike Shinoda Drums/MS BEATS/Jackboot Stone Cyn Samples/Kick - Kick CottonLow.wav,Kick,Kick,0.863692,0.826434,Kick,/Volumes/Jack_Gandy_1TB_SSD/testing-for-NITE-DSP/sample_pack_testing/Organic Drum Kit/1 Kicks/Organic - Kick (10).wav,0.6891474743039336,0.3546875,possibly_one_shot,0.68,142.4219849815772,0.9777588089936659,5.122959591277514e-05,0.06334094355631623,,class passed new-domain suggestion receipt; approval required,True,,,
333,/Volumes/Jack_Gandy_1TB_SSD/testing-for-NITE-DSP/sample_pack_testing/Sounds of KSHMR Vol.3/KSHMR_Drums/KSHMR_Kicks/KSHMR_Punchy_Kicks/KSHMR_Punchy_Kick_38_G.wav,/Volumes/Jack_Gandy_1TB_SSD/testing-for-NITE-DSP/sample_pack_testing/Sounds of KSHMR Vol.3/KSHMR_Drums/KSHMR_Kicks/KSHMR_Punchy_Kicks/Kick - KSHMR_Punchy_Kick_38_G.wav,Kick,Kick,0.866534,0.826958,Kick,/Volumes/Jack_Gandy_1TB_SSD/testing-for-NITE-DSP/sample_pack_testing/Mike Shinoda Drums/MS BEATS/Dubby Samples/Kick Absynth B 3.wav,0.7318372008443476,0.3131875,possibly_one_shot,0.68,370.23075691658386,0.9663345324374958,0.005175843328885022,0.0531529471346694,,class passed new-domain suggestion receipt; approval required,True,,,
334,/Volumes/Jack_Gandy_1TB_SSD/testing-for-NITE-DSP/sample_pack_testing/Mike Shinoda Drums/MS BEATS/Confetti Samples/BD_GoldDust004_MPC60.wav,/Volumes/Jack_Gandy_1TB_SSD/testing-for-NITE-DSP/sample_pack_testing/Mike Shinoda Drums/MS BEATS/Confetti Samples/Kick - BD_GoldDust004_MPC60.wav,Kick,Kick,0.868961,0.827079,Kick,/Volumes/Jack_Gandy_1TB_SSD/testing-for-NITE-DSP/sample_pack_testing/Organic Drum Kit/1 Kicks/Organic - Kick (104).wav,0.758703217951247,0.3255625,possibly_one_shot,0.68,217.0981845064219,0.9894300834037573,9.398223452723847e-06,0.04289195475951547,,class passed new-domain suggestion receipt; approval required,True,,,
335,/Volumes/Jack_Gandy_1TB_SSD/testing-for-NITE-DSP/sample_pack_testing/Old Movies 1 - Vintage Collection (Drum Kit)/Kicks/Kick 18.wav,/Volumes/Jack_Gandy_1TB_SSD/testing-for-NITE-DSP/sample_pack_testing/Old Movies 1 - Vintage Collection (Drum Kit)/Kicks/Kick - Kick 18.wav,Kick,Kick,0.853763,0.827523,Kick,/Volumes/Jack_Gandy_1TB_SSD/testing-for-NITE-DSP/sample_pack_testing/Sounds of KSHMR Vol.3/KSHMR_Drums/KSHMR_Kicks/KSHMR_Hip_Hop_kicks/KSHMR_Chest_Kicks/KSHMR_Chest_Kick_05.wav,0.7239011247114897,0.371625,possibly_one_shot,0.68,145.19292465171077,0.9774982131865326,0.00015780176343850428,0.04389333831078978,,class passed new-domain suggestion receipt; approval required,True,,,
336,/Volumes/Jack_Gandy_1TB_SSD/testing-for-NITE-DSP/sample_pack_testing/Sounds of KSHMR Vol.3/KSHMR_Drums/KSHMR_Kicks/KSHMR_Punchy_Kicks/KSHMR_Punchy_Kick_30_F#.wav,/Volumes/Jack_Gandy_1TB_SSD/testing-for-NITE-DSP/sample_pack_testing/Sounds of KSHMR Vol.3/KSHMR_Drums/KSHMR_Kicks/KSHMR_Punchy_Kicks/Kick - KSHMR_Punchy_Kick_30_F#.wav,Kick,Kick,0.83731,0.828106,Kick,/Volumes/Jack_Gandy_1TB_SSD/testing-for-NITE-DSP/sample_pack_testing/Mike Shinoda Drums/MS BEATS/Auckland2013 Samples/Kick Gamsay 2.wav,0.824614732901392,0.468,possibly_one_shot,0.68,322.94297563975044,0.9696056242305555,0.009103669202989328,0.047331472488412865,,class passed new-domain suggestion receipt; approval required,True,,,
337,/Volumes/Jack_Gandy_1TB_SSD/testing-for-NITE-DSP/sample_pack_testing/Organic Drum Kit/1 Kicks/Organic - Kick (9).wav,/Volumes/Jack_Gandy_1TB_SSD/testing-for-NITE-DSP/sample_pack_testing/Organic Drum Kit/1 Kicks/Kick - Organic - Kick (9).wav,Kick,Kick,0.863106,0.828599,Kick,/Volumes/Jack_Gandy_1TB_SSD/testing-for-NITE-DSP/sample_pack_testing/Organic Drum Kit/1 Kicks/Organic - Kick (11).wav,0.6741993167349106,1.1009375,mixed_or_uncertain_form,0.35,649.425828525993,0.9820064022347337,0.0004771463531066437,0.2069423509346382,,class passed new-domain suggestion receipt; approval required,True,,,
338,/Volumes/Jack_Gandy_1TB_SSD/testing-for-NITE-DSP/sample_pack_testing/Mike Shinoda Drums/MS BEATS/Digi folk Samples/Kick Fiasco 3.wav,/Volumes/Jack_Gandy_1TB_SSD/testing-for-NITE-DSP/sample_pack_testing/Mike Shinoda Drums/MS BEATS/Digi folk Samples/Kick - Kick Fiasco 3.wav,Kick,Kick,0.860496,0.828606,Kick,/Volumes/Jack_Gandy_1TB_SSD/testing-for-NITE-DSP/sample_pack_testing/Organic Drum Kit/1 Kicks/Organic - Kick (10).wav,0.707238344295092,0.407125,possibly_one_shot,0.68,241.6100375255833,0.9780449737254928,0.00046249208290269486,0.04401342330140072,,class passed new-domain suggestion receipt; approval required,True,,,
339,/Volumes/Jack_Gandy_1TB_SSD/testing-for-NITE-DSP/sample_pack_testing/Organic Drum Kit/1 Kicks/Organic - Kick (130).wav,/Volumes/Jack_Gandy_1TB_SSD/testing-for-NITE-DSP/sample_pack_testing/Organic Drum Kit/1 Kicks/Kick - Organic - Kick (130).wav,Kick,Kick,0.859608,0.828632,Kick,/Volumes/Jack_Gandy_1TB_SSD/testing-for-NITE-DSP/sample_pack_testing/Organic Drum Kit/1 Kicks/Organic - Kick (101).wav,0.7945408924843814,1.125,possibly_one_shot,0.68,615.983289958993,0.9751277533624662,0.0026625564735395153,0.05979094447393433,,class passed new-domain suggestion receipt; approval required,True,,,
340,/Volumes/Jack_Gandy_1TB_SSD/testing-for-NITE-DSP/sample_pack_testing/Sounds of KSHMR Vol.3/KSHMR_Drums/KSHMR_Kicks/KSHMR_Signature_Kicks/KSHMR_Signature_Kick_15_Magic_G#.wav,/Volumes/Jack_Gandy_1TB_SSD/testing-for-NITE-DSP/sample_pack_testing/Sounds of KSHMR Vol.3/KSHMR_Drums/KSHMR_Kicks/KSHMR_Signature_Kicks/Kick - KSHMR_Signature_Kick_15_Magic_G#.wav,Kick,Kick,0.870118,0.829863,Kick,/Volumes/Jack_Gandy_1TB_SSD/testing-for-NITE-DSP/sample_pack_testing/Mike Shinoda Drums/MS BEATS/Dubby Samples/Kick Absynth B 3.wav,0.6942795651038355,0.4688125,possibly_one_shot,0.68,1240.6736135556614,0.9749061265245805,0.002774479575075437,0.057553337326666815,,class passed new-domain suggestion receipt; approval required,True,,,
341,/Volumes/Jack_Gandy_1TB_SSD/testing-for-NITE-DSP/sample_pack_testing/Sounds of KSHMR Vol.3/KSHMR_Drums/KSHMR_Kicks/KSHMR_Hip_Hop_kicks/KSHMR_Stomp_Kicks/KSHMR_Stomp_Kick_13.wav,/Volumes/Jack_Gandy_1TB_SSD/testing-for-NITE-DSP/sample_pack_testing/Sounds of KSHMR Vol.3/KSHMR_Drums/KSHMR_Kicks/KSHMR_Hip_Hop_kicks/KSHMR_Stomp_Kicks/Kick - KSHMR_Stomp_Kick_13.wav,Kick,Kick,0.840501,0.830083,Kick,/Volumes/Jack_Gandy_1TB_SSD/testing-for-NITE-DSP/sample_pack_testing/Organic Drum Kit/1 Kicks/Organic - Kick (104).wav,0.7305787062830537,0.4,possibly_one_shot,0.68,499.7022015189917,0.9451830780094059,0.0030210696409135496,0.06139075540551805,,class passed new-domain suggestion receipt; approval required,True,,,
342,/Volumes/Jack_Gandy_1TB_SSD/testing-for-NITE-DSP/sample_pack_testing/Sounds of KSHMR Vol.3/KSHMR_Drums/KSHMR_Kicks/KSHMR_Psy_Kicks/KSHMR_Psy_Kick_16_G#.wav,/Volumes/Jack_Gandy_1TB_SSD/testing-for-NITE-DSP/sample_pack_testing/Sounds of KSHMR Vol.3/KSHMR_Drums/KSHMR_Kicks/KSHMR_Psy_Kicks/Kick - KSHMR_Psy_Kick_16_G#.wav,Kick,Kick,0.867682,0.830447,Kick,/Volumes/Jack_Gandy_1TB_SSD/testing-for-NITE-DSP/sample_pack_testing/Mike Shinoda Drums/MS BEATS/Dubby Samples/Kick Absynth B 3.wav,0.6748031978229685,0.2308125,possibly_one_shot,0.68,464.29638654320826,0.9607478980805984,0.00888180684881,0.0,,class passed new-domain suggestion receipt; approval required,True,,,
343,/Volumes/Jack_Gandy_1TB_SSD/testing-for-NITE-DSP/sample_pack_testing/Sounds of KSHMR Vol.3/KSHMR_Drums/KSHMR_Kicks/KSHMR_Psy_Kicks/KSHMR_Psy_Kick_14_G.wav,/Volumes/Jack_Gandy_1TB_SSD/testing-for-NITE-DSP/sample_pack_testing/Sounds of KSHMR Vol.3/KSHMR_Drums/KSHMR_Kicks/KSHMR_Psy_Kicks/Kick - KSHMR_Psy_Kick_14_G.wav,Kick,Kick,0.869607,0.832794,Kick,/Volumes/Jack_Gandy_1TB_SSD/testing-for-NITE-DSP/sample_pack_testing/Mike Shinoda Drums/MS BEATS/Dubby Samples/Kick Absynth B 3.wav,0.729706815955947,0.25,possibly_one_shot,0.68,457.78592020480295,0.9862309119468698,0.003813508106152087,0.0,,class passed new-domain suggestion receipt; approval required,True,,,
344,/Volumes/Jack_Gandy_1TB_SSD/testing-for-NITE-DSP/sample_pack_testing/Black Octopus Sound - Pure Analog Sweeps IV (2021)/Xtra One Shots/Diamaudix_Audio_PAS_IV_Kick_F_01.wav,/Volumes/Jack_Gandy_1TB_SSD/testing-for-NITE-DSP/sample_pack_testing/Black Octopus Sound - Pure Analog Sweeps IV (2021)/Xtra One Shots/Kick - Diamaudix_Audio_PAS_IV_Kick_F_01.wav,Kick,Kick,0.842059,0.833366,Kick,/Volumes/Jack_Gandy_1TB_SSD/testing-for-NITE-DSP/sample_pack_testing/Organic Drum Kit/1 Kicks/Organic - Kick (11).wav,0.8053331614044748,0.923125,possibly_one_shot,0.68,380.13967308706856,0.9838310814091035,0.0004891202749882295,0.017928347530602844,,class passed new-domain suggestion receipt; approval required,True,,,
345,/Volumes/Jack_Gandy_1TB_SSD/testing-for-NITE-DSP/sample_pack_testing/Old Movies 1 - Vintage Collection (Drum Kit)/Kicks/Kick 1.wav,/Volumes/Jack_Gandy_1TB_SSD/testing-for-NITE-DSP/sample_pack_testing/Old Movies 1 - Vintage Collection (Drum Kit)/Kicks/Kick - Kick 1.wav,Kick,Kick,0.876705,0.834377,Kick,/Volumes/Jack_Gandy_1TB_SSD/testing-for-NITE-DSP/sample_pack_testing/Minimal Audio/REFLECT/1 - Drums/2 - Kick /Kick - Topaz.wav,0.7549501596402307,0.347125,possibly_one_shot,0.68,184.95063121521744,0.9812744953270279,3.7590494336674908e-06,0.09722667449945453,,class passed new-domain suggestion receipt; approval required,True,,,
346,/Volumes/Jack_Gandy_1TB_SSD/testing-for-NITE-DSP/sample_pack_testing/Organic Drum Kit/1 Kicks/Organic - Kick (28).wav,/Volumes/Jack_Gandy_1TB_SSD/testing-for-NITE-DSP/sample_pack_testing/Organic Drum Kit/1 Kicks/Kick - Organic - Kick (28).wav,Kick,Kick,0.872465,0.834692,Kick,/Volumes/Jack_Gandy_1TB_SSD/testing-for-NITE-DSP/sample_pack_testing/Organic Drum Kit/1 Kicks/Organic - Kick (11).wav,0.798837646165253,0.7498125,possibly_one_shot,0.68,626.1448141715056,0.9779516119456217,7.592711313522822e-05,0.05021641412249661,,class passed new-domain suggestion receipt; approval required,True,,,
347,/Volumes/Jack_Gandy_1TB_SSD/testing-for-NITE-DSP/sample_pack_testing/Organic Drum Kit/1 Kicks/Organic - Kick (10).wav,/Volumes/Jack_Gandy_1TB_SSD/testing-for-NITE-DSP/sample_pack_testing/Organic Drum Kit/1 Kicks/Kick - Organic - Kick (10).wav,Kick,Kick,0.858374,0.835118,Kick,/Volumes/Jack_Gandy_1TB_SSD/testing-for-NITE-DSP/sample_pack_testing/Organic Drum Kit/1 Kicks/Organic - Kick (11).wav,0.7904648647083428,0.733875,possibly_one_shot,0.68,652.6985318544115,0.9901261916356845,0.0009602807791252829,0.01531901447555064,,class passed new-domain suggestion receipt; approval required,True,,,
348,/Volumes/Jack_Gandy_1TB_SSD/testing-for-NITE-DSP/sample_pack_testing/Mike Shinoda Drums/MS BEATS/Killing Fields Samples/Kick Potions 1.wav,/Volumes/Jack_Gandy_1TB_SSD/testing-for-NITE-DSP/sample_pack_testing/Mike Shinoda Drums/MS BEATS/Killing Fields Samples/Kick - Kick Potions 1.wav,Kick,Kick,0.867049,0.835388,Kick,/Volumes/Jack_Gandy_1TB_SSD/testing-for-NITE-DSP/sample_pack_testing/Organic Drum Kit/1 Kicks/Organic - Kick (10).wav,0.7999611507324625,0.8916875,possibly_one_shot,0.68,615.5772510842277,0.9815592061485721,0.0009289818165366837,0.0086802425764772,,class passed new-domain suggestion receipt; approval required,True,,,
349,/Volumes/Jack_Gandy_1TB_SSD/testing-for-NITE-DSP/sample_pack_testing/Sounds of KSHMR Vol.3/KSHMR_Drums/KSHMR_Kicks/KSHMR_Hip_Hop_kicks/KSHMR_Chest_Kicks/KSHMR_Chest_Kick_06.wav,/Volumes/Jack_Gandy_1TB_SSD/testing-for-NITE-DSP/sample_pack_testing/Sounds of KSHMR Vol.3/KSHMR_Drums/KSHMR_Kicks/KSHMR_Hip_Hop_kicks/KSHMR_Chest_Kicks/Kick - KSHMR_Chest_Kick_06.wav,Kick,Kick,0.888338,0.836628,Kick,/Volumes/Jack_Gandy_1TB_SSD/testing-for-NITE-DSP/sample_pack_testing/Organic Drum Kit/1 Kicks/Organic - Kick (10).wav,0.7136187479668764,0.25875,possibly_one_shot,0.68,260.73358741876746,0.9770925527457592,5.0712631438716044e-05,0.0,,class passed new-domain suggestion receipt; approval required,True,,,
350,/Volumes/Jack_Gandy_1TB_SSD/testing-for-NITE-DSP/sample_pack_testing/Mike Shinoda Drums/MS BEATS/PaperWeight Samples/Kick ZeroCash 1.wav,/Volumes/Jack_Gandy_1TB_SSD/testing-for-NITE-DSP/sample_pack_testing/Mike Shinoda Drums/MS BEATS/PaperWeight Samples/Kick - Kick ZeroCash 1.wav,Kick,Kick,0.857035,0.838761,Kick,/Volumes/Jack_Gandy_1TB_SSD/testing-for-NITE-DSP/sample_pack_testing/Organic Drum Kit/1 Kicks/Organic - Kick (104).wav,0.739192221228205,0.21675,possibly_one_shot,0.68,232.46422985207008,0.986938104020879,0.00041734025262725547,0.0,,class passed new-domain suggestion receipt; approval required,True,,,
351,/Volumes/Jack_Gandy_1TB_SSD/testing-for-NITE-DSP/sample_pack_testing/Sounds of KSHMR Vol.3/KSHMR_Drums/KSHMR_Kicks/KSHMR_Hip_Hop_kicks/KSHMR_Thump_Kicks/KSHMR_Thump_Kick_04.wav,/Volumes/Jack_Gandy_1TB_SSD/testing-for-NITE-DSP/sample_pack_testing/Sounds of KSHMR Vol.3/KSHMR_Drums/KSHMR_Kicks/KSHMR_Hip_Hop_kicks/KSHMR_Thump_Kicks/Kick - KSHMR_Thump_Kick_04.wav,Kick,Kick,0.881229,0.838852,Kick,/Volumes/Jack_Gandy_1TB_SSD/testing-for-NITE-DSP/sample_pack_testing/Organic Drum Kit/1 Kicks/Organic - Kick (11).wav,0.7559071348929302,0.3865,possibly_one_shot,0.68,125.19428852037339,0.98178500770774,2.1423249803544822e-06,0.09615453137371796,,class passed new-domain suggestion receipt; approval required,True,,,
352,/Volumes/Jack_Gandy_1TB_SSD/testing-for-NITE-DSP/sample_pack_testing/Sounds of KSHMR Vol.3/KSHMR_Drums/KSHMR_Kicks/KSHMR_Psy_Kicks/KSHMR_Psy_Kick_09_F.wav,/Volumes/Jack_Gandy_1TB_SSD/testing-for-NITE-DSP/sample_pack_testing/Sounds of KSHMR Vol.3/KSHMR_Drums/KSHMR_Kicks/KSHMR_Psy_Kicks/Kick - KSHMR_Psy_Kick_09_F.wav,Kick,Kick,0.872903,0.840612,Kick,/Volumes/Jack_Gandy_1TB_SSD/testing-for-NITE-DSP/sample_pack_testing/Mike Shinoda Drums/MS BEATS/Dubby Samples/Kick Absynth B 3.wav,0.7858758388228552,0.4306875,possibly_one_shot,0.68,232.4144851436286,0.9570674900912836,0.004310616955595686,0.037110411405990334,,class passed new-domain suggestion receipt; approval required,True,,,
353,/Volumes/Jack_Gandy_1TB_SSD/testing-for-NITE-DSP/sample_pack_testing/Sounds of KSHMR Vol.3/KSHMR_VIP_Friends_of_KSHMR/ZEDD/ZEDD_Kick_clean_Happy_Now.wav,/Volumes/Jack_Gandy_1TB_SSD/testing-for-NITE-DSP/sample_pack_testing/Sounds of KSHMR Vol.3/KSHMR_VIP_Friends_of_KSHMR/ZEDD/Kick - ZEDD_Kick_clean_Happy_Now.wav,Kick,Kick,0.869916,0.840761,Kick,/Volumes/Jack_Gandy_1TB_SSD/testing-for-NITE-DSP/sample_pack_testing/Mike Shinoda Drums/MS BEATS/Dubby Samples/Kick Absynth B 3.wav,0.7742648857907892,0.5555625,possibly_one_shot,0.68,420.07035430834895,0.976441721025025,5.363441495019901e-05,0.02481905525473325,,class passed new-domain suggestion receipt; approval required,True,,,
354,/Volumes/Jack_Gandy_1TB_SSD/testing-for-NITE-DSP/sample_pack_testing/Organic Drum Kit/1 Kicks/Organic - Kick (11).wav,/Volumes/Jack_Gandy_1TB_SSD/testing-for-NITE-DSP/sample_pack_testing/Organic Drum Kit/1 Kicks/Kick - Organic - Kick (11).wav,Kick,Kick,0.876698,0.840761,Kick,/Volumes/Jack_Gandy_1TB_SSD/testing-for-NITE-DSP/sample_pack_testing/Organic Drum Kit/1 Kicks/Organic - Kick (104).wav,0.7567151418240532,0.50375,possibly_one_shot,0.68,336.34429120051436,0.9629082828089435,0.00017839916181482907,0.023799563705832836,,class passed new-domain suggestion receipt; approval required,True,,,
355,/Volumes/Jack_Gandy_1TB_SSD/testing-for-NITE-DSP/sample_pack_testing/Sounds of KSHMR Vol.3/KSHMR_Drums/KSHMR_Kicks/KSHMR_Punchy_Kicks/KSHMR_Punchy_Kick_39_G.wav,/Volumes/Jack_Gandy_1TB_SSD/testing-for-NITE-DSP/sample_pack_testing/Sounds of KSHMR Vol.3/KSHMR_Drums/KSHMR_Kicks/KSHMR_Punchy_Kicks/Kick - KSHMR_Punchy_Kick_39_G.wav,Kick,Kick,0.867817,0.840923,Kick,/Volumes/Jack_Gandy_1TB_SSD/testing-for-NITE-DSP/sample_pack_testing/Mike Shinoda Drums/MS BEATS/Dubby Samples/Kick Absynth B 3.wav,0.732737896183942,0.3338125,possibly_one_shot,0.68,305.56498295014717,0.9712117474477906,0.003949907377970258,0.07259196017050772,,class passed new-domain suggestion receipt; approval required,True,,,
356,/Volumes/Jack_Gandy_1TB_SSD/testing-for-NITE-DSP/sample_pack_testing/Koan Sound/Koan Sound Samples/Raw Drums/Processed/Kick Processed 4.wav,/Volumes/Jack_Gandy_1TB_SSD/testing-for-NITE-DSP/sample_pack_testing/Koan Sound/Koan Sound Samples/Raw Drums/Processed/Kick - Kick Processed 4.wav,Kick,Kick,0.878924,0.841314,Kick,/Volumes/Jack_Gandy_1TB_SSD/testing-for-NITE-DSP/sample_pack_testing/Sounds of KSHMR Vol.3/KSHMR_Drums/KSHMR_Kicks/KSHMR_Signature_Kicks/KSHMR_Signature_Kick_20_Strange_Lands_G#.wav,0.7601656089031117,0.3750625,possibly_one_shot,0.68,450.7908924565143,0.9748541677724046,0.0029938753906801566,0.12634724063922642,,class passed new-domain suggestion receipt; approval required,True,,,
357,/Volumes/Jack_Gandy_1TB_SSD/testing-for-NITE-DSP/sample_pack_testing/Sounds of KSHMR Vol.3/KSHMR_Drums/KSHMR_Kicks/KSHMR_Hip_Hop_kicks/KSHMR_Thump_Kicks/KSHMR_Thump_Kick_01.wav,/Volumes/Jack_Gandy_1TB_SSD/testing-for-NITE-DSP/sample_pack_testing/Sounds of KSHMR Vol.3/KSHMR_Drums/KSHMR_Kicks/KSHMR_Hip_Hop_kicks/KSHMR_Thump_Kicks/Kick - KSHMR_Thump_Kick_01.wav,Kick,Kick,0.888757,0.841934,Kick,/Volumes/Jack_Gandy_1TB_SSD/testing-for-NITE-DSP/sample_pack_testing/Organic Drum Kit/1 Kicks/Organic - Kick (104).wav,0.7793211143380315,0.271125,possibly_one_shot,0.68,131.09366235444216,0.985571490977382,2.3450752565873707e-05,0.0,,class passed new-domain suggestion receipt; approval required,True,,,
358,/Volumes/Jack_Gandy_1TB_SSD/testing-for-NITE-DSP/sample_pack_testing/Minimal Audio/REFLECT/1 - Drums/2 - Kick /Kick - Buff.wav,/Volumes/Jack_Gandy_1TB_SSD/testing-for-NITE-DSP/sample_pack_testing/Minimal Audio/REFLECT/1 - Drums/2 - Kick /Kick - Kick - Buff.wav,Kick,Kick,0.865086,0.84215,Kick,/Volumes/Jack_Gandy_1TB_SSD/testing-for-NITE-DSP/sample_pack_testing/Mike Shinoda Drums/MS BEATS/Dubby Samples/Kick Absynth B 3.wav,0.7048566053606803,0.3018125,possibly_one_shot,0.68,398.648235559105,0.941859683256281,0.006707448649930377,0.05293284047098551,,class passed new-domain suggestion receipt; approval required,True,,,
359,/Volumes/Jack_Gandy_1TB_SSD/testing-for-NITE-DSP/sample_pack_testing/Loaded Samples - Lo-Fi Memphis 2/DRUMS/Kicks & 808s/LFM2_Kick 909 Punch (1) (G).wav,/Volumes/Jack_Gandy_1TB_SSD/testing-for-NITE-DSP/sample_pack_testing/Loaded Samples - Lo-Fi Memphis 2/DRUMS/Kicks & 808s/Kick - LFM2_Kick 909 Punch (1) (G).wav,Kick,Kick,0.884092,0.843145,Kick,/Volumes/Jack_Gandy_1TB_SSD/Samples 2021 ->/Sample Packs/Loaded Samples - Lo-Fi Memphis 2/DRUMS/Kicks & 808s/LFM2_Kick 909 Punch (1) (G).wav,1.0,0.6416875,possibly_one_shot,0.68,293.9334116937931,0.9930255507387064,0.00012829577356027124,0.03133965551241256,,class passed new-domain suggestion receipt; approval required,True,,,
360,/Volumes/Jack_Gandy_1TB_SSD/testing-for-NITE-DSP/sample_pack_testing/Old Movies 1 - Vintage Collection (Drum Kit)/Kicks/Kick 8.wav,/Volumes/Jack_Gandy_1TB_SSD/testing-for-NITE-DSP/sample_pack_testing/Old Movies 1 - Vintage Collection (Drum Kit)/Kicks/Kick - Kick 8.wav,Kick,Kick,0.870072,0.843628,Kick,/Volumes/Jack_Gandy_1TB_SSD/testing-for-NITE-DSP/sample_pack_testing/Organic Drum Kit/1 Kicks/Organic - Kick (10).wav,0.737342600204995,0.4565,possibly_one_shot,0.68,574.0890674407019,0.9972740018569012,0.00018881946261514206,0.03926939013784217,,class passed new-domain suggestion receipt; approval required,True,,,
361,/Volumes/Jack_Gandy_1TB_SSD/testing-for-NITE-DSP/sample_pack_testing/Organic Drum Kit/1 Kicks/Organic - Kick (12).wav,/Volumes/Jack_Gandy_1TB_SSD/testing-for-NITE-DSP/sample_pack_testing/Organic Drum Kit/1 Kicks/Kick - Organic - Kick (12).wav,Kick,Kick,0.878179,0.844914,Kick,/Volumes/Jack_Gandy_1TB_SSD/testing-for-NITE-DSP/sample_pack_testing/Mike Shinoda Drums/MS BEATS/Dubby Samples/Kick Absynth B 3.wav,0.7848389998028216,0.404625,possibly_one_shot,0.68,183.3606776456256,0.9686898329155649,9.620017106143072e-05,0.08328403535349498,,class passed new-domain suggestion receipt; approval required,True,,,
362,/Volumes/Jack_Gandy_1TB_SSD/testing-for-NITE-DSP/sample_pack_testing/Organic Drum Kit/Maschine Kits/Imperial Kit Samples/Organic - Kick (104).wav,/Volumes/Jack_Gandy_1TB_SSD/testing-for-NITE-DSP/sample_pack_testing/Organic Drum Kit/Maschine Kits/Imperial Kit Samples/Kick - Organic - Kick (104).wav,Kick,Kick,0.872278,0.847251,Kick,/Volumes/Jack_Gandy_1TB_SSD/testing-for-NITE-DSP/sample_pack_testing/Organic Drum Kit/1 Kicks/Organic - Kick (104).wav,1.0,0.34775,possibly_one_shot,0.68,1003.934145656195,0.9790884625888451,0.001919932922715432,0.05575661415836257,,class passed new-domain suggestion receipt; approval required,True,,,
363,/Volumes/Jack_Gandy_1TB_SSD/testing-for-NITE-DSP/sample_pack_testing/Sounds of KSHMR Vol.3/KSHMR_Drums/KSHMR_Kicks/KSHMR_Punchy_Kicks/KSHMR_Punchy_Kick_11_E.wav,/Volumes/Jack_Gandy_1TB_SSD/testing-for-NITE-DSP/sample_pack_testing/Sounds of KSHMR Vol.3/KSHMR_Drums/KSHMR_Kicks/KSHMR_Punchy_Kicks/Kick - KSHMR_Punchy_Kick_11_E.wav,Kick,Kick,0.866845,0.847283,Kick,/Volumes/Jack_Gandy_1TB_SSD/testing-for-NITE-DSP/sample_pack_testing/Mike Shinoda Drums/MS BEATS/Dubby Samples/Kick Absynth B 3.wav,0.7819214834659972,0.3225625,possibly_one_shot,0.68,329.7762140900015,0.9647532872781811,0.005510906515489037,0.05647721360976357,,class passed new-domain suggestion receipt; approval required,True,,,
364,/Volumes/Jack_Gandy_1TB_SSD/testing-for-NITE-DSP/sample_pack_testing/Sounds of KSHMR Vol.3/KSHMR_Drums/KSHMR_Kicks/KSHMR_Psy_Kicks/KSHMR_Psy_Kick_08_D#.wav,/Volumes/Jack_Gandy_1TB_SSD/testing-for-NITE-DSP/sample_pack_testing/Sounds of KSHMR Vol.3/KSHMR_Drums/KSHMR_Kicks/KSHMR_Psy_Kicks/Kick - KSHMR_Psy_Kick_08_D#.wav,Kick,Kick,0.890601,0.84751,Kick,/Volumes/Jack_Gandy_1TB_SSD/Samples 2021 ->/Sample Packs/Loaded Samples - Lo-Fi Memphis 2/DRUMS/Kicks & 808s/LFM2_Kick 909 Punch (1) (G).wav,0.8381143846318027,0.3849375,possibly_one_shot,0.68,313.4788917359469,0.9872684176852596,0.0019049188325630467,0.03829950242719841,,class passed new-domain suggestion receipt; approval required,True,,,
365,/Volumes/Jack_Gandy_1TB_SSD/testing-for-NITE-DSP/sample_pack_testing/Sounds of KSHMR Vol.3/KSHMR_Drums/KSHMR_Kicks/KSHMR_Hip_Hop_kicks/KSHMR_Jungle_Kicks/KSHMR_Jungle_Kick_04.wav,/Volumes/Jack_Gandy_1TB_SSD/testing-for-NITE-DSP/sample_pack_testing/Sounds of KSHMR Vol.3/KSHMR_Drums/KSHMR_Kicks/KSHMR_Hip_Hop_kicks/KSHMR_Jungle_Kicks/Kick - KSHMR_Jungle_Kick_04.wav,Kick,Kick,0.876719,0.847824,Kick,/Volumes/Jack_Gandy_1TB_SSD/testing-for-NITE-DSP/sample_pack_testing/Organic Drum Kit/1 Kicks/Organic - Kick (11).wav,0.6949149420420365,0.5315625,possibly_one_shot,0.68,193.12704862132,0.9841625677967795,8.723377361113198e-05,0.0917236505479512,,class passed new-domain suggestion receipt; approval required,True,,,
366,/Volumes/Jack_Gandy_1TB_SSD/testing-for-NITE-DSP/sample_pack_testing/Sounds of KSHMR Vol.3/KSHMR_Drums/KSHMR_Claps/KSHMR_Regular_Claps/KSHMR_Clap_Wide_Clap_03.wav,/Volumes/Jack_Gandy_1TB_SSD/testing-for-NITE-DSP/sample_pack_testing/Sounds of KSHMR Vol.3/KSHMR_Drums/KSHMR_Claps/KSHMR_Regular_Claps/Clap - KSHMR_Clap_Wide_Clap_03.wav,Clap,Clap,0.883076,0.849453,Clap,/Volumes/Jack_Gandy_1TB_SSD/testing-for-NITE-DSP/sample_pack_testing/Black Octopus Sound - Pure Analog Sweeps IV (2021)/Xtra One Shots/Diamaudix_Audio_PAS_IV_Clap_05.wav,0.6062697841506183,0.3240625,possibly_one_shot,0.68,2944.324141744788,0.016935482223011066,0.28040134011352663,0.030804865324902973,,class passed new-domain suggestion receipt; approval required,True,,,
367,/Volumes/Jack_Gandy_1TB_SSD/testing-for-NITE-DSP/sample_pack_testing/Sounds of KSHMR Vol.3/KSHMR_Drums/KSHMR_Kicks/KSHMR_Hip_Hop_kicks/KSHMR_Thump_Kicks/KSHMR_Thump_Kick_03.wav,/Volumes/Jack_Gandy_1TB_SSD/testing-for-NITE-DSP/sample_pack_testing/Sounds of KSHMR Vol.3/KSHMR_Drums/KSHMR_Kicks/KSHMR_Hip_Hop_kicks/KSHMR_Thump_Kicks/Kick - KSHMR_Thump_Kick_03.wav,Kick,Kick,0.886776,0.852656,Kick,/Volumes/Jack_Gandy_1TB_SSD/testing-for-NITE-DSP/sample_pack_testing/Mike Shinoda Drums/MS BEATS/Confetti Samples/BD_GoldDust008_MPC60.wav,0.7693012135835274,0.5595625,possibly_one_shot,0.68,275.57424213850777,0.986653515519652,2.5177139867476006e-05,0.05085200551465349,,class passed new-domain suggestion receipt; approval required,True,,,
368,/Volumes/Jack_Gandy_1TB_SSD/testing-for-NITE-DSP/sample_pack_testing/Minimal Audio/REFLECT/1 - Drums/2 - Kick /Kick - Khaki.wav,/Volumes/Jack_Gandy_1TB_SSD/testing-for-NITE-DSP/sample_pack_testing/Minimal Audio/REFLECT/1 - Drums/2 - Kick /Kick - Kick - Khaki.wav,Kick,Kick,0.881206,0.852927,Kick,/Volumes/Jack_Gandy_1TB_SSD/testing-for-NITE-DSP/sample_pack_testing/Mike Shinoda Drums/MS BEATS/Dubby Samples/Kick Absynth B 3.wav,0.7622962283627942,0.418625,possibly_one_shot,0.68,193.31719189279355,0.9663510838800031,0.0003065706318865066,0.07737988487459595,,class passed new-domain suggestion receipt; approval required,True,,,
369,/Volumes/Jack_Gandy_1TB_SSD/testing-for-NITE-DSP/sample_pack_testing/Mike Shinoda Drums/MS BEATS/Confetti Samples/BD_GoldDust007_MPC60.wav,/Volumes/Jack_Gandy_1TB_SSD/testing-for-NITE-DSP/sample_pack_testing/Mike Shinoda Drums/MS BEATS/Confetti Samples/Kick - BD_GoldDust007_MPC60.wav,Kick,Kick,0.878465,0.853333,Kick,/Volumes/Jack_Gandy_1TB_SSD/testing-for-NITE-DSP/sample_pack_testing/Mike Shinoda Drums/MS BEATS/Confetti Samples/BD_GoldDust008_MPC60.wav,0.819280819690962,0.6458125,possibly_one_shot,0.68,194.6741481643174,0.9833416401195975,6.423560711035764e-05,0.33669175255487643,,class passed new-domain suggestion receipt; approval required,True,,,
370,/Volumes/Jack_Gandy_1TB_SSD/testing-for-NITE-DSP/sample_pack_testing/Organic Drum Kit/1 Kicks/Organic - Kick (16).wav,/Volumes/Jack_Gandy_1TB_SSD/testing-for-NITE-DSP/sample_pack_testing/Organic Drum Kit/1 Kicks/Kick - Organic - Kick (16).wav,Kick,Kick,0.899305,0.85561,Kick,/Volumes/Jack_Gandy_1TB_SSD/testing-for-NITE-DSP/sample_pack_testing/Organic Drum Kit/1 Kicks/Organic - Kick (11).wav,0.8205728195374417,1.2385625,possibly_one_shot,0.68,500.0805212859549,0.9820380378997996,0.0003137663591577263,0.03289352705884851,,class passed new-domain suggestion receipt; approval required,True,,,
371,/Volumes/Jack_Gandy_1TB_SSD/testing-for-NITE-DSP/sample_pack_testing/Sounds of KSHMR Vol.3/KSHMR_Drums/KSHMR_Kicks/KSHMR_Punchy_Kicks/KSHMR_Punchy_Kick_26_F#.wav,/Volumes/Jack_Gandy_1TB_SSD/testing-for-NITE-DSP/sample_pack_testing/Sounds of KSHMR Vol.3/KSHMR_Drums/KSHMR_Kicks/KSHMR_Punchy_Kicks/Kick - KSHMR_Punchy_Kick_26_F#.wav,Kick,Kick,0.86783,0.855655,Kick,/Volumes/Jack_Gandy_1TB_SSD/testing-for-NITE-DSP/sample_pack_testing/Mike Shinoda Drums/MS BEATS/Dubby Samples/Kick Absynth B 3.wav,0.8114282837609644,0.3686875,possibly_one_shot,0.68,370.82687352908334,0.9501140802552215,0.0139734923429114,0.07223850985714096,,class passed new-domain suggestion receipt; approval required,True,,,
372,/Volumes/Jack_Gandy_1TB_SSD/testing-for-NITE-DSP/sample_pack_testing/Organic Drum Kit/1 Kicks/Organic - Kick (104).wav,/Volumes/Jack_Gandy_1TB_SSD/testing-for-NITE-DSP/sample_pack_testing/Organic Drum Kit/1 Kicks/Kick - Organic - Kick (104).wav,Kick,Kick,0.875727,0.856478,Kick,/Volumes/Jack_Gandy_1TB_SSD/testing-for-NITE-DSP/sample_pack_testing/Organic Drum Kit/1 Kicks/Organic - Kick (11).wav,0.7567151418240532,0.34775,possibly_one_shot,0.68,1003.934145656195,0.9790884625888451,0.001919932922715432,0.05575661415836257,,class passed new-domain suggestion receipt; approval required,True,,,
373,/Volumes/Jack_Gandy_1TB_SSD/testing-for-NITE-DSP/sample_pack_testing/Mike Shinoda Drums/MS BEATS/Horizons Samples/Kick Greedy.wav,/Volumes/Jack_Gandy_1TB_SSD/testing-for-NITE-DSP/sample_pack_testing/Mike Shinoda Drums/MS BEATS/Horizons Samples/Kick - Kick Greedy.wav,Kick,Kick,0.852431,0.856511,Kick,/Volumes/Jack_Gandy_1TB_SSD/testing-for-NITE-DSP/sample_pack_testing/Organic Drum Kit/1 Kicks/Organic - Kick (10).wav,0.6198330276353726,0.398375,possibly_one_shot,0.68,436.97498308444204,0.9917165464708123,0.0029009702391879465,0.09773172254551492,,class passed new-domain suggestion receipt; approval required,True,,,
374,/Volumes/Jack_Gandy_1TB_SSD/testing-for-NITE-DSP/sample_pack_testing/Sounds of KSHMR Vol.3/KSHMR_Drums/KSHMR_Kicks/KSHMR_Hip_Hop_kicks/KSHMR_Thump_Kicks/KSHMR_Thump_Kick_05.wav,/Volumes/Jack_Gandy_1TB_SSD/testing-for-NITE-DSP/sample_pack_testing/Sounds of KSHMR Vol.3/KSHMR_Drums/KSHMR_Kicks/KSHMR_Hip_Hop_kicks/KSHMR_Thump_Kicks/Kick - KSHMR_Thump_Kick_05.wav,Kick,Kick,0.877796,0.856708,Kick,/Volumes/Jack_Gandy_1TB_SSD/testing-for-NITE-DSP/sample_pack_testing/Sounds of KSHMR Vol.3/KSHMR_Drums/KSHMR_Kicks/KSHMR_Hip_Hop_kicks/KSHMR_Chest_Kicks/KSHMR_Chest_Kick_05.wav,0.7974446731069623,0.191125,possibly_one_shot,0.68,333.5486955783813,0.9795723649370781,0.0007043345461483162,0.0,,class passed new-domain suggestion receipt; approval required,True,,,
375,/Volumes/Jack_Gandy_1TB_SSD/testing-for-NITE-DSP/sample_pack_testing/Sounds of KSHMR Vol.3/KSHMR_Drums/KSHMR_Kicks/KSHMR_Punchy_Kicks/KSHMR_Punchy_Kick_01_A.wav,/Volumes/Jack_Gandy_1TB_SSD/testing-for-NITE-DSP/sample_pack_testing/Sounds of KSHMR Vol.3/KSHMR_Drums/KSHMR_Kicks/KSHMR_Punchy_Kicks/Kick - KSHMR_Punchy_Kick_01_A.wav,Kick,Kick,0.876675,0.858999,Kick,/Volumes/Jack_Gandy_1TB_SSD/testing-for-NITE-DSP/sample_pack_testing/Mike Shinoda Drums/MS BEATS/Dubby Samples/Kick Absynth B 3.wav,0.7420274585105986,0.3299375,possibly_one_shot,0.68,348.62500159735913,0.9407147785696808,0.006870789514442461,0.05864208807420853,,class passed new-domain suggestion receipt; approval required,True,,,
376,/Volumes/Jack_Gandy_1TB_SSD/testing-for-NITE-DSP/sample_pack_testing/Mike Shinoda Drums/MS BEATS/Confetti Samples/BD_GoldDust006_MPC60.wav,/Volumes/Jack_Gandy_1TB_SSD/testing-for-NITE-DSP/sample_pack_testing/Mike Shinoda Drums/MS BEATS/Confetti Samples/Kick - BD_GoldDust006_MPC60.wav,Kick,Kick,0.88615,0.859174,Kick,/Volumes/Jack_Gandy_1TB_SSD/testing-for-NITE-DSP/sample_pack_testing/Organic Drum Kit/1 Kicks/Organic - Kick (104).wav,0.717939484727652,0.36125,possibly_one_shot,0.68,295.67270664149663,0.9897529763614639,8.242737130540957e-05,0.02583779837963682,,class passed new-domain suggestion receipt; approval required,True,,,
377,/Volumes/Jack_Gandy_1TB_SSD/testing-for-NITE-DSP/sample_pack_testing/Sounds of KSHMR Vol.3/KSHMR_Drums/KSHMR_Kicks/KSHMR_Punchy_Kicks/KSHMR_Punchy_Kick_27_F#.wav,/Volumes/Jack_Gandy_1TB_SSD/testing-for-NITE-DSP/sample_pack_testing/Sounds of KSHMR Vol.3/KSHMR_Drums/KSHMR_Kicks/KSHMR_Punchy_Kicks/Kick - KSHMR_Punchy_Kick_27_F#.wav,Kick,Kick,0.879031,0.860393,Kick,/Volumes/Jack_Gandy_1TB_SSD/testing-for-NITE-DSP/sample_pack_testing/Mike Shinoda Drums/MS BEATS/Auckland2013 Samples/Kick Gamsay 2.wav,0.8070402569662299,0.38,possibly_one_shot,0.68,305.4638594683194,0.9535844809771303,0.007243627197345739,0.061447175557323465,,class passed new-domain suggestion receipt; approval required,True,,,
378,/Volumes/Jack_Gandy_1TB_SSD/testing-for-NITE-DSP/sample_pack_testing/Organic Drum Kit/1 Kicks/Organic - Kick (24).wav,/Volumes/Jack_Gandy_1TB_SSD/testing-for-NITE-DSP/sample_pack_testing/Organic Drum Kit/1 Kicks/Kick - Organic - Kick (24).wav,Kick,Kick,0.896127,0.8623,Kick,/Volumes/Jack_Gandy_1TB_SSD/testing-for-NITE-DSP/sample_pack_testing/Organic Drum Kit/1 Kicks/Organic - Kick (104).wav,0.7026022089075813,1.0,mixed_or_uncertain_form,0.35,439.79683320184637,0.9820565025851443,0.0013898827293742685,0.16559434316064703,,class passed new-domain suggestion receipt; approval required,True,,,
379,/Volumes/Jack_Gandy_1TB_SSD/testing-for-NITE-DSP/sample_pack_testing/Old Movies 1 - Vintage Collection (Drum Kit)/Kicks/Kick 33.wav,/Volumes/Jack_Gandy_1TB_SSD/testing-for-NITE-DSP/sample_pack_testing/Old Movies 1 - Vintage Collection (Drum Kit)/Kicks/Kick - Kick 33.wav,Kick,Kick,0.888204,0.862607,Kick,/Volumes/Jack_Gandy_1TB_SSD/testing-for-NITE-DSP/sample_pack_testing/Organic Drum Kit/1 Kicks/Organic - Kick (104).wav,0.8412371985252395,0.3853125,possibly_one_shot,0.68,150.19461942602314,0.9730907976211485,2.394978062675677e-05,0.036960268179134566,,class passed new-domain suggestion receipt; approval required,True,,,
380,/Volumes/Jack_Gandy_1TB_SSD/testing-for-NITE-DSP/sample_pack_testing/Mike Shinoda Drums/MS BEATS/Animals Beat Samples/Clap_LastMin1st_SP12R.wav,/Volumes/Jack_Gandy_1TB_SSD/testing-for-NITE-DSP/sample_pack_testing/Mike Shinoda Drums/MS BEATS/Animals Beat Samples/Clap - Clap_LastMin1st_SP12R.wav,Clap,Clap,0.879687,0.86284,Clap,/Volumes/Jack_Gandy_1TB_SSD/testing-for-NITE-DSP/sample_pack_testing/Sounds of KSHMR Vol.3/KSHMR_Drums/KSHMR_Claps/KSHMR_Regular_Claps/KSHMR_Clap_Classic_02.wav,0.7371617515039376,0.316375,possibly_one_shot,0.68,2898.988673405385,0.004401879562707781,0.33921101219210914,0.024205314600760038,,class passed new-domain suggestion receipt; approval required,True,,,
381,/Volumes/Jack_Gandy_1TB_SSD/testing-for-NITE-DSP/sample_pack_testing/Minimal Audio/REFLECT/1 - Drums/2 - Kick /Kick - Taupe.wav,/Volumes/Jack_Gandy_1TB_SSD/testing-for-NITE-DSP/sample_pack_testing/Minimal Audio/REFLECT/1 - Drums/2 - Kick /Kick - Kick - Taupe.wav,Kick,Kick,0.880575,0.863656,Kick,/Volumes/Jack_Gandy_1TB_SSD/testing-for-NITE-DSP/sample_pack_testing/Organic Drum Kit/1 Kicks/Organic - Kick (104).wav,0.7428510017862427,0.3125625,possibly_one_shot,0.68,244.4238284264232,0.990369528609441,0.00013737585119088025,0.10151244667455114,,class passed new-domain suggestion receipt; approval required,True,,,
382,/Volumes/Jack_Gandy_1TB_SSD/testing-for-NITE-DSP/sample_pack_testing/Organic Drum Kit/1 Kicks/Organic - Kick (25).wav,/Volumes/Jack_Gandy_1TB_SSD/testing-for-NITE-DSP/sample_pack_testing/Organic Drum Kit/1 Kicks/Kick - Organic - Kick (25).wav,Kick,Kick,0.896077,0.864473,Kick,/Volumes/Jack_Gandy_1TB_SSD/testing-for-NITE-DSP/sample_pack_testing/Organic Drum Kit/1 Kicks/Organic - Kick (104).wav,0.6440341892154278,1.0,possibly_one_shot,0.68,349.7477987578519,0.9844387470722221,0.0002628254573427589,0.011575496156650556,,class passed new-domain suggestion receipt; approval required,True,,,
383,/Volumes/Jack_Gandy_1TB_SSD/testing-for-NITE-DSP/sample_pack_testing/Sounds of KSHMR Vol.3/KSHMR_Drums/KSHMR_Kicks/KSHMR_Hip_Hop_kicks/KSHMR_Thump_Kicks/KSHMR_Thump_Kick_02.wav,/Volumes/Jack_Gandy_1TB_SSD/testing-for-NITE-DSP/sample_pack_testing/Sounds of KSHMR Vol.3/KSHMR_Drums/KSHMR_Kicks/KSHMR_Hip_Hop_kicks/KSHMR_Thump_Kicks/Kick - KSHMR_Thump_Kick_02.wav,Kick,Kick,0.887282,0.86554,Kick,/Volumes/Jack_Gandy_1TB_SSD/testing-for-NITE-DSP/sample_pack_testing/Organic Drum Kit/1 Kicks/Organic - Kick (10).wav,0.7660076313279562,0.327875,possibly_one_shot,0.68,290.84182393660615,0.9858172292108417,0.00026606390447580445,0.03724591498467743,,class passed new-domain suggestion receipt; approval required,True,,,
384,/Volumes/Jack_Gandy_1TB_SSD/testing-for-NITE-DSP/sample_pack_testing/Black Octopus Sound - Pure Analog Sweeps IV (2021)/Xtra One Shots/Diamaudix_Audio_PAS_IV_Kick_A_01.wav,/Volumes/Jack_Gandy_1TB_SSD/testing-for-NITE-DSP/sample_pack_testing/Black Octopus Sound - Pure Analog Sweeps IV (2021)/Xtra One Shots/Kick - Diamaudix_Audio_PAS_IV_Kick_A_01.wav,Kick,Kick,0.898564,0.867753,Kick,/Volumes/Jack_Gandy_1TB_SSD/testing-for-NITE-DSP/sample_pack_testing/Mike Shinoda Drums/MS BEATS/Auckland2013 Samples/Kick Gamsay 2.wav,0.7990608108354031,0.692375,possibly_one_shot,0.68,664.5762479459155,0.9530117722940732,0.0019393427771055975,0.050865676460860466,,class passed new-domain suggestion receipt; approval required,True,,,
385,/Volumes/Jack_Gandy_1TB_SSD/testing-for-NITE-DSP/sample_pack_testing/Mike Shinoda Drums/MS BEATS/Confetti Samples/BD_GoldDust008_MPC60.wav,/Volumes/Jack_Gandy_1TB_SSD/testing-for-NITE-DSP/sample_pack_testing/Mike Shinoda Drums/MS BEATS/Confetti Samples/Kick - BD_GoldDust008_MPC60.wav,Kick,Kick,0.893184,0.870325,Kick,/Volumes/Jack_Gandy_1TB_SSD/testing-for-NITE-DSP/sample_pack_testing/Organic Drum Kit/1 Kicks/Organic - Kick (104).wav,0.7131970115525357,0.4039375,possibly_one_shot,0.68,232.92511556553129,0.9837295420457127,8.591064662599915e-05,0.023366197913738236,,class passed new-domain suggestion receipt; approval required,True,,,
386,/Volumes/Jack_Gandy_1TB_SSD/testing-for-NITE-DSP/sample_pack_testing/Sounds of KSHMR Vol.3/KSHMR_Drums/KSHMR_Kicks/KSHMR_Punchy_Kicks/KSHMR_Punchy_Kick_35_G.wav,/Volumes/Jack_Gandy_1TB_SSD/testing-for-NITE-DSP/sample_pack_testing/Sounds of KSHMR Vol.3/KSHMR_Drums/KSHMR_Kicks/KSHMR_Punchy_Kicks/Kick - KSHMR_Punchy_Kick_35_G.wav,Kick,Kick,0.897575,0.870484,Kick,/Volumes/Jack_Gandy_1TB_SSD/testing-for-NITE-DSP/sample_pack_testing/Mike Shinoda Drums/MS BEATS/Auckland2013 Samples/Kick Gamsay 2.wav,0.7718845127435356,0.4388125,possibly_one_shot,0.68,268.2479854740655,0.955024153461153,0.004865464127280433,0.0629822910481929,,class passed new-domain suggestion receipt; approval required,True,,,
387,/Volumes/Jack_Gandy_1TB_SSD/testing-for-NITE-DSP/sample_pack_testing/Sounds of KSHMR Vol.3/KSHMR_Drums/KSHMR_Kicks/KSHMR_Punchy_Kicks/KSHMR_Punchy_Kick_21_F#.wav,/Volumes/Jack_Gandy_1TB_SSD/testing-for-NITE-DSP/sample_pack_testing/Sounds of KSHMR Vol.3/KSHMR_Drums/KSHMR_Kicks/KSHMR_Punchy_Kicks/Kick - KSHMR_Punchy_Kick_21_F#.wav,Kick,Kick,0.893024,0.870985,Kick,/Volumes/Jack_Gandy_1TB_SSD/testing-for-NITE-DSP/sample_pack_testing/Mike Shinoda Drums/MS BEATS/Dubby Samples/Kick Absynth B 3.wav,0.7235212707298363,0.22925,possibly_one_shot,0.68,310.5028171107213,0.9916579014244656,0.0018001252544884506,0.0,,class passed new-domain suggestion receipt; approval required,True,,,
388,/Volumes/Jack_Gandy_1TB_SSD/testing-for-NITE-DSP/sample_pack_testing/Old Movies 1 - Vintage Collection (Drum Kit)/Kicks/Kick 11.wav,/Volumes/Jack_Gandy_1TB_SSD/testing-for-NITE-DSP/sample_pack_testing/Old Movies 1 - Vintage Collection (Drum Kit)/Kicks/Kick - Kick 11.wav,Kick,Kick,0.888665,0.875671,Kick,/Volumes/Jack_Gandy_1TB_SSD/testing-for-NITE-DSP/sample_pack_testing/Organic Drum Kit/1 Kicks/Organic - Kick (11).wav,0.923139461887732,0.5008125,possibly_one_shot,0.68,182.31678084260375,0.9702668493853372,0.00015803254059018496,0.02976883340141566,,class passed new-domain suggestion receipt; approval required,True,,,
