bucket,path,filename,collection,pack,current_label,current_subtype,prediction,confidence,action,reason_selected,policy_reason,taxonomy_version,corrected_label,corrected_subtype,not_in_list_label,note
confident_other_none,/Volumes/Jack_Gandy_1TB_SSD/Samples 2021 ->/Sample Packs/Production Music Live - Acoustic - Melodic House 4/Bass Loops/PMLxOT4_DA_Bass_Perc_Loop_001_122BPM_Cmaj.wav,PMLxOT4_DA_Bass_Perc_Loop_001_122BPM_Cmaj.wav,Production Music Live - Acoustic - Melodic House 4,Bass Loops,Other/none,,Other/none,0.394,review,model is confident this is junk -- is the rejection right?,model believes this is not a supported sound; sent to review rather than labelled,1.1.0,,,,
confident_other_none,/Volumes/Jack_Gandy_1TB_SSD/Samples 2021 ->/Sample Packs/R&B Progressions/WAV_ACID_RnB_Progressions/RnB_Progressions/Instrumental_Loops/Pop_Ballad_Sad_75_Cm_PL_1.wav,Pop_Ballad_Sad_75_Cm_PL_1.wav,R&B Progressions,WAV_ACID_RnB_Progressions,Other/none,,Other/none,0.386,review,model is confident this is junk -- is the rejection right?,model believes this is not a supported sound; sent to review rather than labelled,1.1.0,,,,
confident_other_none,/Volumes/Jack_Gandy_1TB_SSD/Samples 2021 ->/Sample Packs/Sounds of KSHMR Vol.3/KSHMR_Song_Starters/KSHMR_Song_Starters_Hip_Hop/KSHMR_Song_Starter_Hip_Hop_Mustard_90_Am.wav,KSHMR_Song_Starter_Hip_Hop_Mustard_90_Am.wav,Sounds of KSHMR Vol.3,KSHMR_Song_Starters,Other/none,,Other/none,0.371,review,model is confident this is junk -- is the rejection right?,model believes this is not a supported sound; sent to review rather than labelled,1.1.0,,,,
confident_other_none,/Volumes/Jack_Gandy_1TB_SSD/Samples 2021 ->/Sample Packs/Production Music Live - Acoustic - Melodic House 4/Sequences/PMLxOT4_POL_Sequence_Poseidon_Harp_001_120BPM_Emin.wav,PMLxOT4_POL_Sequence_Poseidon_Harp_001_120BPM_Emin.wav,Production Music Live - Acoustic - Melodic House 4,Sequences,Other/none,,Other/none,0.363,review,model is confident this is junk -- is the rejection right?,model believes this is not a supported sound; sent to review rather than labelled,1.1.0,,,,
confident_other_none,/Volumes/Jack_Gandy_1TB_SSD/Samples 2021 ->/Sample Packs/Future Bass Elements/PL0420_ACID_WAV_Future_Bass_Elements/Prime_Loops_-_Future_Bass_Elements/Synth_Loops/Bpm150_C_BandpassPiano._Synth.wav,Bpm150_C_BandpassPiano._Synth.wav,Future Bass Elements,PL0420_ACID_WAV_Future_Bass_Elements,Synth Loop,,Other/none,0.334,review,model is confident this is junk -- is the rejection right?,model believes this is not a supported sound; sent to review rather than labelled,1.1.0,,,,
confident_other_none,/Volumes/Jack_Gandy_1TB_SSD/Samples 2021 ->/Sample Packs/Black Octopus Sound - Pure Analog Sweeps IV (2021)/Xtra Loops/Diamaudix_Audio_PAS_IV_120_Bass_Loop_Gm.wav,Diamaudix_Audio_PAS_IV_120_Bass_Loop_Gm.wav,Black Octopus Sound - Pure Analog Sweeps IV (2021),Xtra Loops,Synth Loop,,Other/none,0.3,review,model is confident this is junk -- is the rejection right?,model believes this is not a supported sound; sent to review rather than labelled,1.1.0,,,,
confident_other_none,/Volumes/Jack_Gandy_1TB_SSD/Samples 2021 ->/Sample Packs/Sounds of KSHMR Vol.3/KSHMR_Live_Instruments/KSHMR_Main_Instruments/KSHMR_Trumpet/KSHMR_Trumpet_04_104_Bm.wav,KSHMR_Trumpet_04_104_Bm.wav,Sounds of KSHMR Vol.3,KSHMR_Live_Instruments,Percussion Loop,,Other/none,0.286,review,model is confident this is junk -- is the rejection right?,model believes this is not a supported sound; sent to review rather than labelled,1.1.0,,,,
confident_other_none,/Volumes/Jack_Gandy_1TB_SSD/Samples 2021 ->/2024/Cello/cello-sustained-mega-dark_125bpm_C_major.wav,cello-sustained-mega-dark_125bpm_C_major.wav,personal:2024,personal:2024/Cello,Pad,,Other/none,0.281,review,model is confident this is junk -- is the rejection right?,model believes this is not a supported sound; sent to review rather than labelled,1.1.0,,,,
confident_other_none,/Volumes/Jack_Gandy_1TB_SSD/Samples 2021 ->/Sample Packs/Tropical House By Singular Sounds/SS_tropical_house_pack/SS_melody_loops/SS_100_Bbm_i_see_thunder_plucks.wav,SS_100_Bbm_i_see_thunder_plucks.wav,Tropical House By Singular Sounds,SS_tropical_house_pack,Other/none,,Other/none,0.279,review,model is confident this is junk -- is the rejection right?,model believes this is not a supported sound; sent to review rather than labelled,1.1.0,,,,
confident_other_none,/Volumes/Jack_Gandy_1TB_SSD/Samples 2021 ->/Sample Packs/KRANE Samples/KRNE_SpliceSamplePack/Synths/KRNE_132_Hold_Fast_Synth_Stabs.wav,KRNE_132_Hold_Fast_Synth_Stabs.wav,KRANE Samples,KRNE_SpliceSamplePack,Other/none,,Other/none,0.273,review,model is confident this is junk -- is the rejection right?,model believes this is not a supported sound; sent to review rather than labelled,1.1.0,,,,
confident_other_none,/Volumes/Jack_Gandy_1TB_SSD/Samples 2021 ->/Sample Packs/MGF Mega Pack/Multisamples/MGF Sub Phatty 1/Tape Lead 2/Tape Lead 2 F#0.wav,Tape Lead 2 F#0.wav,MGF Mega Pack,Multisamples,Bass Reese,,Other/none,0.269,review,model is confident this is junk -- is the rejection right?,model believes this is not a supported sound; sent to review rather than labelled,1.1.0,,,,
confident_other_none,/Volumes/Jack_Gandy_1TB_SSD/testing-for-NITE-DSP/sample_pack_testing/MGF Mega Pack/Retro Digital Collection/Chords - Stab + Short/XV Pilgrimage 14.wav,XV Pilgrimage 14.wav,MGF Mega Pack,Retro Digital Collection,Other/none,,Other/none,0.264,review,model is confident this is junk -- is the rejection right?,model believes this is not a supported sound; sent to review rather than labelled,1.1.0,,,,
confident_other_none,/Volumes/Jack_Gandy_1TB_SSD/Samples 2021 ->/Sample Packs/Loaded Samples - Lo-Fi Memphis 2/DRUMS & PERC LOOPS/808 Cowbell Loop #3 [65BPM] (A).wav,808 Cowbell Loop #3 [65BPM] (A).wav,Loaded Samples - Lo-Fi Memphis 2,DRUMS & PERC LOOPS,Synth Loop,,Other/none,0.251,review,model is confident this is junk -- is the rejection right?,model believes this is not a supported sound; sent to review rather than labelled,1.1.0,,,,
confident_other_none,/Volumes/Jack_Gandy_1TB_SSD/Samples 2021 ->/Sample Packs/Flume Ultimate Community Kit/Drums/Loops/myrmax_drum_riff_180bpm_gmin.wav,myrmax_drum_riff_180bpm_gmin.wav,Flume Ultimate Community Kit,Drums,Drum Loop,,Other/none,0.244,review,model is confident this is junk -- is the rejection right?,model believes this is not a supported sound; sent to review rather than labelled,1.1.0,,,,
confident_other_none,/Volumes/Jack_Gandy_1TB_SSD/Samples 2021 ->/2024/Instruments (C1)/Low Cello C1.wav,Low Cello C1.wav,personal:2024,personal:2024/Instruments (C1),Synth One-Shot,,Other/none,0.241,review,model is confident this is junk -- is the rejection right?,model believes this is not a supported sound; sent to review rather than labelled,1.1.0,,,,
confident_other_none,/Volumes/Jack_Gandy_1TB_SSD/Samples 2021 ->/Sample Packs/IMANU/IMANU Patreon August 2024 Samples/Stab Sequel D#harmm.wav,Stab Sequel D#harmm.wav,IMANU,IMANU Patreon August 2024 Samples,Other/none,,Other/none,0.24,review,model is confident this is junk -- is the rejection right?,model believes this is not a supported sound; sent to review rather than labelled,1.1.0,,,,
confident_other_none,/Volumes/Jack_Gandy_1TB_SSD/Samples 2021 ->/2024/F1 Hard Rock.wav,F1 Hard Rock.wav,personal:2024,personal:2024/_loose,Other/none,,Other/none,0.187,review,model is confident this is junk -- is the rejection right?,model believes this is not a supported sound; sent to review rather than labelled,1.1.0,,,,
confident_other_none,/Volumes/Jack_Gandy_1TB_SSD/testing-for-NITE-DSP/sample_pack_testing/IMANU/IMANU Patreon May 2022 Samples/what imanu and former would sound like probably Am 129.wav,what imanu and former would sound like probably Am 129.wav,IMANU,IMANU Patreon May 2022 Samples,Other/none,,Other/none,0.187,review,model is confident this is junk -- is the rejection right?,model believes this is not a supported sound; sent to review rather than labelled,1.1.0,,,,
confident_other_none,/Volumes/Jack_Gandy_1TB_SSD/Samples 2021 ->/Sample Packs/Future Bass Elements/PL0420_ACID_WAV_Future_Bass_Elements/Prime_Loops_-_Future_Bass_Elements/Synth_Loops/Bpm150_C_VoxMelody01_Synth.wav,Bpm150_C_VoxMelody01_Synth.wav,Future Bass Elements,PL0420_ACID_WAV_Future_Bass_Elements,Vocal Loop,,Other/none,0.184,review,model is confident this is junk -- is the rejection right?,model believes this is not a supported sound; sent to review rather than labelled,1.1.0,,,,
confident_other_none,/Volumes/Jack_Gandy_1TB_SSD/Samples 2021 ->/2024/Kieran/Kieran Cello C1.wav,Kieran Cello C1.wav,personal:2024,personal:2024/Kieran,Other/none,,Other/none,0.152,review,model is confident this is junk -- is the rejection right?,model believes this is not a supported sound; sent to review rather than labelled,1.1.0,,,,
confident_other_none,/Volumes/Jack_Gandy_1TB_SSD/Samples 2021 ->/Sample Packs/Minimal Audio/OXIDE/1 - Loops/Metal - 120 BPM/Metal - Resonant Quiver - 120 BPM.wav,Metal - Resonant Quiver - 120 BPM.wav,Minimal Audio,OXIDE,Percussion Loop,,Other/none,0.148,review,model is confident this is junk -- is the rejection right?,model believes this is not a supported sound; sent to review rather than labelled,1.1.0,,,,
confident_other_none,/Volumes/Jack_Gandy_1TB_SSD/Samples 2021 ->/Sample Packs/Future Trap/PL0414_ACID_WAV_Future_Trap/Prime_Loops_-_Future_Trap/Drum_Loops/Bpm140_DrumLoop_15.wav,Bpm140_DrumLoop_15.wav,Future Trap,PL0414_ACID_WAV_Future_Trap,Drum Loop,,Other/none,0.138,review,model is confident this is junk -- is the rejection right?,model believes this is not a supported sound; sent to review rather than labelled,1.1.0,,,,
confident_other_none,/Volumes/Jack_Gandy_1TB_SSD/testing-for-NITE-DSP/sample_pack_testing/Organic Electronics 2 J.Views/JVIEWS_countryside/JVIEWS_countryside_loops/JVIEWS_hollow_tree_reflections_85.wav,JVIEWS_hollow_tree_reflections_85.wav,Organic Electronics 2 J.Views,JVIEWS_countryside,Foley Loop,,Other/none,0.114,review,model is confident this is junk -- is the rejection right?,model believes this is not a supported sound; sent to review rather than labelled,1.1.0,,,,
confident_other_none,/Volumes/Jack_Gandy_1TB_SSD/testing-for-NITE-DSP/sample_pack_testing/Sounds of KSHMR Vol.3/KSHMR_FX_Elements/KSHMR_Glitches_and_Industrial/KSHMR_Industrial_Grime/KSHMR_Industrial_Grime_03_90_G#.wav,KSHMR_Industrial_Grime_03_90_G#.wav,Sounds of KSHMR Vol.3,KSHMR_FX_Elements,Other/none,,Other/none,0.092,review,model is confident this is junk -- is the rejection right?,model believes this is not a supported sound; sent to review rather than labelled,1.1.0,,,,
confident_other_none,/Volumes/Jack_Gandy_1TB_SSD/Samples 2021 ->/Vocalist_Samples/Richard Devine/Switch RD Modular.wav,Switch RD Modular.wav,personal:Vocalist_Samples,personal:Vocalist_Samples/Richard Devine,Foley,,Other/none,0.067,review,model is confident this is junk -- is the rejection right?,model believes this is not a supported sound; sent to review rather than labelled,1.1.0,,,,
low_confidence,/Volumes/Jack_Gandy_1TB_SSD/Samples 2021 ->/Sample Packs/SIIK Sounds - Eclipse (Full Pack)/SIIK Sounds Eclipse (Construction Kits & FLPs)/Kit 05 - Fmin (175BPM)/ECLIPSE Construction Kit 05 - FX.wav,ECLIPSE Construction Kit 05 - FX.wav,SIIK Sounds - Eclipse (Full Pack),SIIK Sounds Eclipse (Construction Kits & FLPs),Percussion Loop,,Bass Loop,0.042,review,review queue: is abstaining correct here?,confidence 0.04 below the 0.50 gate for the current operating point,1.1.0,,,,
low_confidence,/Volumes/Jack_Gandy_1TB_SSD/Samples 2021 ->/Sample Packs/Rosentricks - Essentials/Extras/RT_Field_Recording_Sunday_Suburb.wav,RT_Field_Recording_Sunday_Suburb.wav,Rosentricks - Essentials,Extras,Weather/Nature Atmos,,Atmosphere,0.069,review,review queue: is abstaining correct here?,confidence 0.07 below the 0.50 gate for the current operating point,1.1.0,,,,
low_confidence,/Volumes/Jack_Gandy_1TB_SSD/Samples 2021 ->/Vocalist_Samples/Georgia/Loops/SFX[92] Georgia Alhambra Rock.wav,SFX[92] Georgia Alhambra Rock.wav,personal:Vocalist_Samples,personal:Vocalist_Samples/Georgia,SFX,,Top Loop,0.083,review,review queue: is abstaining correct here?,confidence 0.08 below the 0.50 gate for the current operating point,1.1.0,,,,
low_confidence,/Volumes/Jack_Gandy_1TB_SSD/testing-for-NITE-DSP/sample_pack_testing/Mike Shinoda Drums/MPC 1000 Backup/WHATYOUHAVE/PROCK3.WAV,PROCK3.WAV,Mike Shinoda Drums,MPC 1000 Backup,Other/none,,Rimshot,0.09,review,review queue: is abstaining correct here?,confidence 0.09 below the 0.50 gate for the current operating point,1.1.0,,,,
low_confidence,/Volumes/Jack_Gandy_1TB_SSD/Samples 2021 ->/Vocalist_Samples/Richard Devine/Wittle RD Modular.wav,Wittle RD Modular.wav,personal:Vocalist_Samples,personal:Vocalist_Samples/Richard Devine,SFX,,Bass Loop,0.095,review,review queue: is abstaining correct here?,confidence 0.09 below the 0.50 gate for the current operating point,1.1.0,,,,
low_confidence,/Volumes/Jack_Gandy_1TB_SSD/Samples 2021 ->/Sample Packs/Production Music Live - Acoustic - Melodic House 4/Atmosphere Loops/PMLxOT4_LAR_Atmos_Loop_006_125BPM.wav,PMLxOT4_LAR_Atmos_Loop_006_125BPM.wav,Production Music Live - Acoustic - Melodic House 4,Atmosphere Loops,Atmosphere,,Foley Loop,0.099,review,review queue: is abstaining correct here?,confidence 0.10 below the 0.50 gate for the current operating point,1.1.0,,,,
low_confidence,/Volumes/Jack_Gandy_1TB_SSD/testing-for-NITE-DSP/sample_pack_testing/Sounds of KSHMR Vol.3/KSHMR_Vocals/KSHMR_Vocals_FX/KSHMR_Crowd/KSHMR_Crowd_Chant/KSHMR_Crowd_Chant_Loop_01_Ohh_Ohh_124.wav,KSHMR_Crowd_Chant_Loop_01_Ohh_Ohh_124.wav,Sounds of KSHMR Vol.3,KSHMR_Vocals,Loop,,Top Loop,0.1,review,review queue: is abstaining correct here?,confidence 0.10 below the 0.50 gate for the current operating point,1.1.0,,,,
low_confidence,/Volumes/Jack_Gandy_1TB_SSD/Samples 2021 ->/Sample Packs/Lex Luger Drumkit/Lex_Luger_Drumkit/LL_one_shots/LL_riser_pink.wav,LL_riser_pink.wav,Lex Luger Drumkit,Lex_Luger_Drumkit,Riser,,SFX,0.101,review,review queue: is abstaining correct here?,confidence 0.10 below the 0.50 gate for the current operating point,1.1.0,,,,
low_confidence,/Volumes/Jack_Gandy_1TB_SSD/Samples 2021 ->/2022/Neuro/Bassline bass.wav,Bassline bass.wav,personal:2022,personal:2022/Neuro,Other/none,,Impact,0.102,review,review queue: is abstaining correct here?,confidence 0.10 below the 0.50 gate for the current operating point,1.1.0,,,,
low_confidence,/Volumes/Jack_Gandy_1TB_SSD/Samples 2021 ->/Sound For Games/Audio/Packs/PB - Footstep SFX/Footstep SFX/Leaves_Rustling.wav,Leaves_Rustling.wav,personal:Sound For Games,personal:Sound For Games/Audio,Foley Loop,,Weather/Nature Atmos,0.103,review,review queue: is abstaining correct here?,confidence 0.10 below the 0.50 gate for the current operating point,1.1.0,,,,
low_confidence,/Volumes/Jack_Gandy_1TB_SSD/testing-for-NITE-DSP/sample_pack_testing/Sounds of KSHMR Vol.3/KSHMR_Drums_Loops/KSHMR_Drum_Loops_Full/KSHMR_Stadium_Loops/KSHMR_Stadium_Loop_07_130.wav,KSHMR_Stadium_Loop_07_130.wav,Sounds of KSHMR Vol.3,KSHMR_Drums_Loops,Foley Loop,,Kick Loop,0.105,review,review queue: is abstaining correct here?,confidence 0.10 below the 0.50 gate for the current operating point,1.1.0,,,,
low_confidence,/Volumes/Jack_Gandy_1TB_SSD/testing-for-NITE-DSP/sample_pack_testing/Sounds of KSHMR Vol.3/KSHMR_Synths/KSHMR_Bass_PsyTrance/KSHMR_Psy_Bass_Loops/KSHMR_Psy_Bass_Loop_07_138_F.wav,KSHMR_Psy_Bass_Loop_07_138_F.wav,Sounds of KSHMR Vol.3,KSHMR_Synths,Bass Loop,,Bass Reese,0.108,review,review queue: is abstaining correct here?,confidence 0.11 below the 0.50 gate for the current operating point,1.1.0,,,,
low_confidence,/Volumes/Jack_Gandy_1TB_SSD/Samples 2021 ->/2023/Effects/Drum Crunch.wav,Drum Crunch.wav,personal:2023,personal:2023/Effects,SFX,,SFX,0.108,review,review queue: is abstaining correct here?,confidence 0.11 below the 0.50 gate for the current operating point,1.1.0,,,,
low_confidence,/Volumes/Jack_Gandy_1TB_SSD/testing-for-NITE-DSP/sample_pack_testing/Sounds of KSHMR Vol.3/KSHMR_FX_Elements/KSHMR_Glitches_and_Industrial/KSHMR_Industrial_Grime/KSHMR_Industrial_Grime_18_152_G#m.wav,KSHMR_Industrial_Grime_18_152_G#m.wav,Sounds of KSHMR Vol.3,KSHMR_FX_Elements,Other/none,,Vocal Loop,0.109,review,review queue: is abstaining correct here?,confidence 0.11 below the 0.50 gate for the current operating point,1.1.0,,,,
low_confidence,/Volumes/Jack_Gandy_1TB_SSD/Samples 2021 ->/Sample Packs/Sounds of KSHMR Vol.3/KSHMR_Drums_Loops/KSHMR_Drum_Loops_Full/KSHMR_Stadium_Loops/KSHMR_Stadium_Loop_03_128.wav,KSHMR_Stadium_Loop_03_128.wav,Sounds of KSHMR Vol.3,KSHMR_Drums_Loops,Vocal Loop,,Foley Loop,0.111,review,review queue: is abstaining correct here?,confidence 0.11 below the 0.50 gate for the current operating point,1.1.0,,,,
low_confidence,/Volumes/Jack_Gandy_1TB_SSD/Samples 2021 ->/Sample Packs/Flume Ultimate Community Kit/SFX/Glitches_and_stutters/ZAXCY_-_FX_Fill_-_Lathe.wav,ZAXCY_-_FX_Fill_-_Lathe.wav,Flume Ultimate Community Kit,SFX,SFX,,SFX,0.113,review,review queue: is abstaining correct here?,confidence 0.11 below the 0.50 gate for the current operating point,1.1.0,,,,
low_confidence,/Volumes/Jack_Gandy_1TB_SSD/testing-for-NITE-DSP/sample_pack_testing/Mike Shinoda Drums/MPC 1000 Backup/IRIDESCENT/GB snd 61.WAV,GB snd 61.WAV,Mike Shinoda Drums,MPC 1000 Backup,Other/none,,Foley,0.117,review,review queue: is abstaining correct here?,confidence 0.12 below the 0.50 gate for the current operating point,1.1.0,,,,
low_confidence,/Volumes/Jack_Gandy_1TB_SSD/testing-for-NITE-DSP/sample_pack_testing/Mike Shinoda Drums/MS BEATS/Castle Of Glass Remix2 Samples/KEYZ15.WAV,KEYZ15.WAV,Mike Shinoda Drums,MS BEATS,Other/none,,Vocal One-Shot,0.122,review,review queue: is abstaining correct here?,confidence 0.12 below the 0.50 gate for the current operating point,1.1.0,,,,
low_confidence,/Volumes/Jack_Gandy_1TB_SSD/testing-for-NITE-DSP/sample_pack_testing/Organic Electronics 2 J.Views/JVIEWS_city/JVIEWS_city_loops/JVIEWS_clock_shop_thick_110.wav,JVIEWS_clock_shop_thick_110.wav,Organic Electronics 2 J.Views,JVIEWS_city,Foley Loop,,Drum Loop,0.123,review,review queue: is abstaining correct here?,confidence 0.12 below the 0.50 gate for the current operating point,1.1.0,,,,
low_confidence,/Volumes/Jack_Gandy_1TB_SSD/Samples 2021 ->/Sample Packs/SIIK Sounds - Eclipse (Full Pack)/SIIK Sounds Eclipse (Serum Presets)/Noises/User/SIIK Sounds Eclipse - Noises/Vinyl.wav,Vinyl.wav,SIIK Sounds - Eclipse (Full Pack),SIIK Sounds Eclipse (Serum Presets),SFX,,Bass Reese,0.125,review,review queue: is abstaining correct here?,confidence 0.12 below the 0.50 gate for the current operating point,1.1.0,,,,
low_confidence,/Volumes/Jack_Gandy_1TB_SSD/testing-for-NITE-DSP/sample_pack_testing/Drum Recollection/2023 Drums/(Perc) Three United.wav,(Perc) Three United.wav,Drum Recollection,2023 Drums,Other/none,,Hi-Hat Loop,0.125,review,review queue: is abstaining correct here?,confidence 0.12 below the 0.50 gate for the current operating point,1.1.0,,,,
low_confidence,/Volumes/Jack_Gandy_1TB_SSD/testing-for-NITE-DSP/sample_pack_testing/Sounds of KSHMR Vol.3/KSHMR_Drums_Loops/KSHMR_Drum_Loops_Full/KSHMR_Break_Beat_Loops/KSHMR_Break_Beat_Loop_10_152.wav,KSHMR_Break_Beat_Loop_10_152.wav,Sounds of KSHMR Vol.3,KSHMR_Drums_Loops,Drum Loop,,Top Loop,0.125,review,review queue: is abstaining correct here?,confidence 0.13 below the 0.50 gate for the current operating point,1.1.0,,,,
low_confidence,/Volumes/Jack_Gandy_1TB_SSD/Samples 2021 ->/2024/Virtual Riot/VR Color-Bass Tools (100% Ableton Stock)/Samples/Imported/B4-1.wav,B4-1.wav,personal:2024,personal:2024/Virtual Riot,Synth One-Shot,,Synth One-Shot,0.126,review,review queue: is abstaining correct here?,confidence 0.13 below the 0.50 gate for the current operating point,1.1.0,,,,
low_confidence,/Volumes/Jack_Gandy_1TB_SSD/Samples 2021 ->/Vocalist_Samples/JXL/Loops/LowToms[80] JXL Community.wav,LowToms[80] JXL Community.wav,personal:Vocalist_Samples,personal:Vocalist_Samples/JXL,Top Loop,,Kick Loop,0.127,review,review queue: is abstaining correct here?,confidence 0.13 below the 0.50 gate for the current operating point,1.1.0,,,,
low_confidence,/Volumes/Jack_Gandy_1TB_SSD/testing-for-NITE-DSP/sample_pack_testing/Sounds of KSHMR Vol.3/KSHMR_Drums/KSHMR_Claps/KSHMR_Clap_FX/KSHMR_Clap_FX_10_Reverb_Clap_w_Flutter.wav,KSHMR_Clap_FX_10_Reverb_Clap_w_Flutter.wav,Sounds of KSHMR Vol.3,KSHMR_Drums,Clap,,Impact,0.127,review,review queue: is abstaining correct here?,confidence 0.13 below the 0.50 gate for the current operating point,1.1.0,,,,
low_confidence,/Volumes/Jack_Gandy_1TB_SSD/Samples 2021 ->/Ableton Sampler/Breitler Switzerland Musicbox - Anne Obel/Samples/Breitler Mechanical Noise.wav,Breitler Mechanical Noise.wav,personal:Ableton Sampler,personal:Ableton Sampler/Breitler Switzerland Musicbox - Anne Obel,Foley,,Weather/Nature Atmos,0.129,review,review queue: is abstaining correct here?,confidence 0.13 below the 0.50 gate for the current operating point,1.1.0,,,,
low_confidence,/Volumes/Jack_Gandy_1TB_SSD/Samples 2021 ->/Sample Packs/Teddy Killerz/Producer Pack/Samples/Bass Em 174 BPM - 1.wav,Bass Em 174 BPM - 1.wav,Teddy Killerz,Producer Pack,Other/none,,Top Loop,0.13,review,review queue: is abstaining correct here?,confidence 0.13 below the 0.50 gate for the current operating point,1.1.0,,,,
low_confidence,/Volumes/Jack_Gandy_1TB_SSD/Samples 2021 ->/Sample Packs/Sounds of KSHMR Vol.3/KSHMR_VIP_Friends_of_KSHMR/MRBLACK/MRBLACK_Pluck_F#.wav,MRBLACK_Pluck_F#.wav,Sounds of KSHMR Vol.3,KSHMR_VIP_Friends_of_KSHMR,Synth Loop,,Synth Loop,0.131,review,review queue: is abstaining correct here?,confidence 0.13 below the 0.50 gate for the current operating point,1.1.0,,,,
low_confidence,/Volumes/Jack_Gandy_1TB_SSD/Samples 2021 ->/Sample Packs/Virtual Riot/PATREON GOODIES/Virtual Riot Bass Hits 2/F_Sicko28.wav,F_Sicko28.wav,Virtual Riot,PATREON GOODIES,Other/none,,Snare,0.132,review,review queue: is abstaining correct here?,confidence 0.13 below the 0.50 gate for the current operating point,1.1.0,,,,
low_confidence,/Volumes/Jack_Gandy_1TB_SSD/Samples 2021 ->/2022/Loops/Aminor Vocal Loop riff.wav,Aminor Vocal Loop riff.wav,personal:2022,personal:2022/Loops,Vocal Loop,,Pad,0.133,review,review queue: is abstaining correct here?,confidence 0.13 below the 0.50 gate for the current operating point,1.1.0,,,,
low_confidence,/Volumes/Jack_Gandy_1TB_SSD/Samples 2021 ->/Sample Packs/SIIK Sounds - Eclipse (Full Pack)/SIIK Sounds Eclipse (WAV Samples)/Drums/Percussion/ECLIPSE Percussion 14 G#.wav,ECLIPSE Percussion 14 G#.wav,SIIK Sounds - Eclipse (Full Pack),SIIK Sounds Eclipse (WAV Samples),Percussion,Other Percussive Hit,Rimshot,0.134,review,review queue: is abstaining correct here?,confidence 0.13 below the 0.50 gate for the current operating point,1.1.0,,,,
low_confidence,/Volumes/Jack_Gandy_1TB_SSD/Samples 2021 ->/Sample Packs/Virtual Riot/Studio Time EP4 - Serum Hacks Files/Studio Time EP4 Project File/Samples/Processed/Reverse/X_Bamboo8 R.wav,X_Bamboo8 R.wav,Virtual Riot,Studio Time EP4 - Serum Hacks Files,SFX,,Riser,0.135,review,review queue: is abstaining correct here?,confidence 0.14 below the 0.50 gate for the current operating point,1.1.0,,,,
low_confidence,/Volumes/Jack_Gandy_1TB_SSD/testing-for-NITE-DSP/sample_pack_testing/Breaks/The Drum Broker - International Breaks & Essential Kicks/The Drum Broker - International Breaks 3/HAIDEE_5.wav,HAIDEE_5.wav,Breaks,The Drum Broker - International Breaks & Essential Kicks,Other/none,,Bass Loop,0.135,review,review queue: is abstaining correct here?,confidence 0.14 below the 0.50 gate for the current operating point,1.1.0,,,,
low_confidence,/Volumes/Jack_Gandy_1TB_SSD/Samples 2021 ->/Sample Packs/Just Jared - OP1 Drums/FX/Just Jared - OP1 Drums FX 5.wav,Just Jared - OP1 Drums FX 5.wav,Just Jared - OP1 Drums,FX,SFX,,Synth One-Shot,0.138,review,review queue: is abstaining correct here?,confidence 0.14 below the 0.50 gate for the current operating point,1.1.0,,,,
low_confidence,/Volumes/Jack_Gandy_1TB_SSD/Samples 2021 ->/Sample Packs/Black Octopus Sound - Pure Analog Sweeps IV (2021)/C/Diamaudix_Audio_PAS_IV_Sweep_FX_C_01.wav,Diamaudix_Audio_PAS_IV_Sweep_FX_C_01.wav,Black Octopus Sound - Pure Analog Sweeps IV (2021),C,SFX,,Pad,0.139,review,review queue: is abstaining correct here?,confidence 0.14 below the 0.50 gate for the current operating point,1.1.0,,,,
low_confidence,/Volumes/Jack_Gandy_1TB_SSD/testing-for-NITE-DSP/sample_pack_testing/Old Movies 1 - Vintage Collection (Drum Kit)/Foley & Percussion (Old Movies)/HHH_Knocks 1.wav,HHH_Knocks 1.wav,Old Movies 1 - Vintage Collection (Drum Kit),Foley & Percussion (Old Movies),Other/none,,Foley,0.14,review,review queue: is abstaining correct here?,confidence 0.14 below the 0.50 gate for the current operating point,1.1.0,,,,
low_confidence,/Volumes/Jack_Gandy_1TB_SSD/Samples 2021 ->/Sample Packs/Teddy Killerz/Pro Drums/TK Serum Noises/TK White Noise Stereo.wav,TK White Noise Stereo.wav,Teddy Killerz,Pro Drums,SFX,,Bass Reese,0.14,review,review queue: is abstaining correct here?,confidence 0.14 below the 0.50 gate for the current operating point,1.1.0,,,,
low_confidence,/Volumes/Jack_Gandy_1TB_SSD/Samples 2021 ->/Sample Packs/Virtual Riot/VR - Generative Chords & Melodies (MIDI Racks and Project files)/Chords + 2 Arp Layers & random sample selection Project/Samples/Imported/Rob Late - Synth - Hard Flick (C).wav,Rob Late - Synth - Hard Flick (C).wav,Virtual Riot,VR - Generative Chords & Melodies (MIDI Racks and Project files),Synth One-Shot,,Synth One-Shot,0.14,review,review queue: is abstaining correct here?,confidence 0.14 below the 0.50 gate for the current operating point,1.1.0,,,,
low_confidence,/Volumes/Jack_Gandy_1TB_SSD/testing-for-NITE-DSP/sample_pack_testing/Old Movies 1 - Vintage Collection (Drum Kit)/Noise & Texture (Old Movies)/ACR_Noise Foley.wav,ACR_Noise Foley.wav,Old Movies 1 - Vintage Collection (Drum Kit),Noise & Texture (Old Movies),Foley,,Foley Loop,0.14,review,review queue: is abstaining correct here?,confidence 0.14 below the 0.50 gate for the current operating point,1.1.0,,,,
low_confidence,/Volumes/Jack_Gandy_1TB_SSD/testing-for-NITE-DSP/sample_pack_testing/Breaks/The Drum Broker - International Breaks & Essential Kicks/The Drum Broker - International Breaks 2/Guarana.wav,Guarana.wav,Breaks,The Drum Broker - International Breaks & Essential Kicks,Other/none,,Vocal Loop,0.141,review,review queue: is abstaining correct here?,confidence 0.14 below the 0.50 gate for the current operating point,1.1.0,,,,
low_confidence,/Volumes/Jack_Gandy_1TB_SSD/Samples 2021 ->/2023/Sweeps/Noise Sweep.wav,Noise Sweep.wav,personal:2023,personal:2023/Sweeps,Riser,,Impact,0.142,review,review queue: is abstaining correct here?,confidence 0.14 below the 0.50 gate for the current operating point,1.1.0,,,,
low_confidence,/Volumes/Jack_Gandy_1TB_SSD/Samples 2021 ->/Ableton Sampler/BL+Palm+Muted+Upright+3.1+ABLETON/BL Palm Muted Upright 3.1 Project/Samples/Imported/BL_PALMMUTEDUPRIGHT_P_C0.wav,BL_PALMMUTEDUPRIGHT_P_C0.wav,personal:Ableton Sampler,personal:Ableton Sampler/BL+Palm+Muted+Upright+3.1+ABLETON,Bass Hit,,Bass Hit,0.142,review,review queue: is abstaining correct here?,confidence 0.14 below the 0.50 gate for the current operating point,1.1.0,,,,
low_confidence,/Volumes/Jack_Gandy_1TB_SSD/Samples 2021 ->/Vocalist_Samples/Laurel Halo/Loops/SFX[129] LH FourFourFieldRecording.wav,SFX[129] LH FourFourFieldRecording.wav,personal:Vocalist_Samples,personal:Vocalist_Samples/Laurel Halo,Kick Loop,,Vocal Loop,0.143,review,review queue: is abstaining correct here?,confidence 0.14 below the 0.50 gate for the current operating point,1.1.0,,,,
low_confidence,/Volumes/Jack_Gandy_1TB_SSD/testing-for-NITE-DSP/sample_pack_testing/Breaks/The Drum Broker - International Breaks & Essential Kicks/The Drum Broker - International Breaks 5/CHOPS/SUCHA HATS 2.wav,SUCHA HATS 2.wav,Breaks,The Drum Broker - International Breaks & Essential Kicks,Other/none,,Top Loop,0.144,review,review queue: is abstaining correct here?,confidence 0.14 below the 0.50 gate for the current operating point,1.1.0,,,,
low_confidence,/Volumes/Jack_Gandy_1TB_SSD/Samples 2021 ->/2023/Leads/Freeze 18-Freeze 18-Freeze 18-BBC Symphony Orchestra [2023-07-21 120858].wav,Freeze 18-Freeze 18-Freeze 18-BBC Symphony Orchestra [2023-07-21 120858].wav,personal:2023,personal:2023/Leads,Impact,,Synth One-Shot,0.144,review,review queue: is abstaining correct here?,confidence 0.14 below the 0.50 gate for the current operating point,1.1.0,,,,
low_confidence,/Volumes/Jack_Gandy_1TB_SSD/Samples 2021 ->/Sound For Games/Grenade_Collision 28 [2025-05-28 134454].wav,Grenade_Collision 28 [2025-05-28 134454].wav,personal:Sound For Games,personal:Sound For Games/_loose,Foley,,Bass Loop,0.144,review,review queue: is abstaining correct here?,confidence 0.14 below the 0.50 gate for the current operating point,1.1.0,,,,
low_confidence,/Volumes/Jack_Gandy_1TB_SSD/Samples 2021 ->/2023/Effects/Woosh Slap.wav,Woosh Slap.wav,personal:2023,personal:2023/Effects,SFX,,Riser,0.145,review,review queue: is abstaining correct here?,confidence 0.14 below the 0.50 gate for the current operating point,1.1.0,,,,
low_confidence,/Volumes/Jack_Gandy_1TB_SSD/Samples 2021 ->/Sample Packs/IMANU/IMANU Patreon March 2022 Samples/Glide Lead C#m.wav,Glide Lead C#m.wav,IMANU,IMANU Patreon March 2022 Samples,Other/none,,Synth Loop,0.146,review,review queue: is abstaining correct here?,confidence 0.15 below the 0.50 gate for the current operating point,1.1.0,,,,
low_confidence,/Volumes/Jack_Gandy_1TB_SSD/Samples 2021 ->/Sample Packs/Sounds of KSHMR Vol.3/KSHMR_VIP_Friends_of_KSHMR/CROSSNADERS/CROSSNADERS_Lead_Pound_That_Low_02_E.wav,CROSSNADERS_Lead_Pound_That_Low_02_E.wav,Sounds of KSHMR Vol.3,KSHMR_VIP_Friends_of_KSHMR,Synth One-Shot,,Snare,0.15,review,review queue: is abstaining correct here?,confidence 0.15 below the 0.50 gate for the current operating point,1.1.0,,,,
low_confidence,/Volumes/Jack_Gandy_1TB_SSD/testing-for-NITE-DSP/sample_pack_testing/Sounds of KSHMR Vol.3/KSHMR_Drums_Loops/KSHMR_Drum_Loops_Full/KSHMR_Stadium_Loops/KSHMR_Stadium_Loop_06_128.wav,KSHMR_Stadium_Loop_06_128.wav,Sounds of KSHMR Vol.3,KSHMR_Drums_Loops,Foley Loop,,Clap,0.152,review,review queue: is abstaining correct here?,confidence 0.15 below the 0.50 gate for the current operating point,1.1.0,,,,
low_confidence,/Volumes/Jack_Gandy_1TB_SSD/Samples 2021 ->/Sample Packs/Teddy Killerz/Producer Pack/Samples/Bass Dm 174 BPM - 10.wav,Bass Dm 174 BPM - 10.wav,Teddy Killerz,Producer Pack,Other/none,,Bass Reese,0.152,review,review queue: is abstaining correct here?,confidence 0.15 below the 0.50 gate for the current operating point,1.1.0,,,,
low_confidence,/Volumes/Jack_Gandy_1TB_SSD/testing-for-NITE-DSP/sample_pack_testing/Old Movies 1 - Vintage Collection (Drum Kit)/Noise & Texture (Old Movies)/HHH_Texture 5.wav,HHH_Texture 5.wav,Old Movies 1 - Vintage Collection (Drum Kit),Noise & Texture (Old Movies),Other/none,,Weather/Nature Atmos,0.152,review,review queue: is abstaining correct here?,confidence 0.15 below the 0.50 gate for the current operating point,1.1.0,,,,
low_confidence,/Volumes/Jack_Gandy_1TB_SSD/Samples 2021 ->/Sample Packs/Planet Pop/PL0332_ACID_WAV_Planet_Pop/Prime_Loops_-_Planet_Pop/Synth_Chords/Bpm122_F#_StarStruck.wav,Bpm122_F#_StarStruck.wav,Planet Pop,PL0332_ACID_WAV_Planet_Pop,Other/none,,Synth Loop,0.154,review,review queue: is abstaining correct here?,confidence 0.15 below the 0.50 gate for the current operating point,1.1.0,,,,
low_confidence,/Volumes/Jack_Gandy_1TB_SSD/Samples 2021 ->/Sample Packs/Sounds of KSHMR Vol.3/KSHMR_Drums_Loops/KSHMR_Drum_Loops_Full/KSHMR_Top_Loops/KSHMR_Top_Loops_129-200/KSHMR_Top_Loop_01_129.wav,KSHMR_Top_Loop_01_129.wav,Sounds of KSHMR Vol.3,KSHMR_Drums_Loops,Top Loop,,Foley Loop,0.154,review,review queue: is abstaining correct here?,confidence 0.15 below the 0.50 gate for the current operating point,1.1.0,,,,
low_confidence,/Volumes/Jack_Gandy_1TB_SSD/testing-for-NITE-DSP/sample_pack_testing/Mike Shinoda Drums/MPC 1000 Backup/NewFinishesA/EPMDCLAP.wav,EPMDCLAP.wav,Mike Shinoda Drums,MPC 1000 Backup,Crash,,Snare,0.154,review,review queue: is abstaining correct here?,confidence 0.15 below the 0.50 gate for the current operating point,1.1.0,,,,
low_confidence,/Volumes/Jack_Gandy_1TB_SSD/Samples 2021 ->/Sample Packs/Black Octopus Sound - Pure Analog Sweeps IV (2021)/G#/Diamaudix_Audio_PAS_IV_Sweep_FX_Ab_01.wav,Diamaudix_Audio_PAS_IV_Sweep_FX_Ab_01.wav,Black Octopus Sound - Pure Analog Sweeps IV (2021),G#,SFX,,Pad,0.155,review,review queue: is abstaining correct here?,confidence 0.15 below the 0.50 gate for the current operating point,1.1.0,,,,
low_confidence,/Volumes/Jack_Gandy_1TB_SSD/Samples 2021 ->/Sample Packs/IMANU/IMANU April 2024 Patreon Samples/zjump zjup D#.wav,zjump zjup D#.wav,IMANU,IMANU April 2024 Patreon Samples,Other/none,,Bass Reese,0.155,review,review queue: is abstaining correct here?,confidence 0.15 below the 0.50 gate for the current operating point,1.1.0,,,,
low_confidence,/Volumes/Jack_Gandy_1TB_SSD/Samples 2021 ->/Sample Packs/Future Trap/PL0414_ACID_WAV_Future_Trap/Prime_Loops_-_Future_Trap/Synth_Loops/Bpm140_C#_GhostShell02_Synth.wav,Bpm140_C#_GhostShell02_Synth.wav,Future Trap,PL0414_ACID_WAV_Future_Trap,Synth Loop,,Synth Loop,0.155,review,review queue: is abstaining correct here?,confidence 0.16 below the 0.50 gate for the current operating point,1.1.0,,,,
low_confidence,/Volumes/Jack_Gandy_1TB_SSD/testing-for-NITE-DSP/sample_pack_testing/Sounds of KSHMR Vol.3/KSHMR_Drums/KSHMR_Kicks/KSHMR_Hardstyle_Kicks/KSHMR_Sickdellz_Kick_Valkiria_All_Keys/KSHMR_x_SD_Valkiria_Kick_G#.wav,KSHMR_x_SD_Valkiria_Kick_G#.wav,Sounds of KSHMR Vol.3,KSHMR_Drums,Kick,,Bass Hit,0.158,review,review queue: is abstaining correct here?,confidence 0.16 below the 0.50 gate for the current operating point,1.1.0,,,,
low_confidence,/Volumes/Jack_Gandy_1TB_SSD/Samples 2021 ->/Vocalist_Samples/Laurel Halo/Loops/Mallet[120] LH FourthyVibes.wav,Mallet[120] LH FourthyVibes.wav,personal:Vocalist_Samples,personal:Vocalist_Samples/Laurel Halo,Other/none,,Synth One-Shot,0.159,review,review queue: is abstaining correct here?,confidence 0.16 below the 0.50 gate for the current operating point,1.1.0,,,,
low_confidence,/Volumes/Jack_Gandy_1TB_SSD/Samples 2021 ->/Sample Packs/Black Octopus Sound - Pure Analog Sweeps IV (2021)/C#/Diamaudix_Audio_PAS_IV_Sweep_FX_C#_12.wav,Diamaudix_Audio_PAS_IV_Sweep_FX_C#_12.wav,Black Octopus Sound - Pure Analog Sweeps IV (2021),C#,SFX,,Synth Loop,0.159,review,review queue: is abstaining correct here?,confidence 0.16 below the 0.50 gate for the current operating point,1.1.0,,,,
low_confidence,/Volumes/Jack_Gandy_1TB_SSD/testing-for-NITE-DSP/sample_pack_testing/Sounds of KSHMR Vol.3/KSHMR_Drums_Loops/KSHMR_Drum_Loops_Solo/KSHMR_Hand_Clap_Loops/KSHMR_Hand_Clap_Loop_08_128.wav,KSHMR_Hand_Clap_Loop_08_128.wav,Sounds of KSHMR Vol.3,KSHMR_Drums_Loops,Other/none,,Percussion Loop,0.159,review,review queue: is abstaining correct here?,confidence 0.16 below the 0.50 gate for the current operating point,1.1.0,,,,
low_confidence,/Volumes/Jack_Gandy_1TB_SSD/testing-for-NITE-DSP/sample_pack_testing/Sounds of KSHMR Vol.3/KSHMR_Drums/KSHMR_Kicks/KSHMR_Hardstyle_Kicks/KSHMR_Sickdellz_Kick_Valkiria_All_Keys/KSHMR_x_SD_Valkiria_Kick_F#.wav,KSHMR_x_SD_Valkiria_Kick_F#.wav,Sounds of KSHMR Vol.3,KSHMR_Drums,Kick,,Bass Hit,0.16,review,review queue: is abstaining correct here?,confidence 0.16 below the 0.50 gate for the current operating point,1.1.0,,,,
low_confidence,/Volumes/Jack_Gandy_1TB_SSD/testing-for-NITE-DSP/sample_pack_testing/Sounds of KSHMR Vol.3/KSHMR_Drums/KSHMR_Kicks/KSHMR_Hardstyle_Kicks/KSHMR_Sickdellz_Kick_Valkiria_All_Keys/KSHMR_x_SD_Valkiria_Kick_F.wav,KSHMR_x_SD_Valkiria_Kick_F.wav,Sounds of KSHMR Vol.3,KSHMR_Drums,Kick,,Bass Hit,0.161,review,review queue: is abstaining correct here?,confidence 0.16 below the 0.50 gate for the current operating point,1.1.0,,,,
low_confidence,/Volumes/Jack_Gandy_1TB_SSD/Samples 2021 ->/Sample Packs/KRANE Samples/KRNE_SpliceSamplePack/Vox/KRNE_Movin_Chant_Hi_Pitch.wav,KRNE_Movin_Chant_Hi_Pitch.wav,KRANE Samples,KRNE_SpliceSamplePack,Vocal One-Shot,,Foley,0.163,review,review queue: is abstaining correct here?,confidence 0.16 below the 0.50 gate for the current operating point,1.1.0,,,,
low_confidence,/Volumes/Jack_Gandy_1TB_SSD/Samples 2021 ->/Sample Packs/Foley Pack 02/Gas Pipe.wav,Gas Pipe.wav,Foley Pack 02,Foley Pack 02,SFX,,Impact,0.163,review,review queue: is abstaining correct here?,confidence 0.16 below the 0.50 gate for the current operating point,1.1.0,,,,
low_confidence,/Volumes/Jack_Gandy_1TB_SSD/testing-for-NITE-DSP/sample_pack_testing/IMANU/es tu reel stems/etr_00_11 chord pitchbend experiments_3_IMANU 130 garage fukt_4.wav,etr_00_11 chord pitchbend experiments_3_IMANU 130 garage fukt_4.wav,IMANU,es tu reel stems,Other/none,,Riser,0.165,review,review queue: is abstaining correct here?,confidence 0.16 below the 0.50 gate for the current operating point,1.1.0,,,,
low_confidence,/Volumes/Jack_Gandy_1TB_SSD/Samples 2021 ->/Sample Packs/Black Octopus Sound - Pure Analog Sweeps IV (2021)/B/Diamaudix_Audio_PAS_IV_Sweep_FX_B14.wav,Diamaudix_Audio_PAS_IV_Sweep_FX_B14.wav,Black Octopus Sound - Pure Analog Sweeps IV (2021),B,SFX,,Synth One-Shot,0.165,review,review queue: is abstaining correct here?,confidence 0.17 below the 0.50 gate for the current operating point,1.1.0,,,,
low_confidence,/Volumes/Jack_Gandy_1TB_SSD/Samples 2021 ->/Sample Packs/Organic Electronics 2 J.Views/JVIEWS_studio/JVIEWS_studio_tonal/JVIEWS_low_battery_bass_drop_wide.wav,JVIEWS_low_battery_bass_drop_wide.wav,Organic Electronics 2 J.Views,JVIEWS_studio,Other/none,,Bass Hit,0.165,review,review queue: is abstaining correct here?,confidence 0.17 below the 0.50 gate for the current operating point,1.1.0,,,,
low_confidence,/Volumes/Jack_Gandy_1TB_SSD/Samples 2021 ->/Sample Packs/Sounds by MdL V1/Sounds_by_MdL_Volume_1/Drum_Loops/Drum_Loops/MdL_94_drum_loop_kittychop.wav,MdL_94_drum_loop_kittychop.wav,Sounds by MdL V1,Sounds_by_MdL_Volume_1,Drum Loop,,Drum Loop,0.166,review,review queue: is abstaining correct here?,confidence 0.17 below the 0.50 gate for the current operating point,1.1.0,,,,
low_confidence,/Volumes/Jack_Gandy_1TB_SSD/Samples 2021 ->/2023/Chord Stabs/Supermassive Sine (C).wav,Supermassive Sine (C).wav,personal:2023,personal:2023/Chord Stabs,Synth One-Shot,,Synth Loop,0.166,review,review queue: is abstaining correct here?,confidence 0.17 below the 0.50 gate for the current operating point,1.1.0,,,,
low_confidence,/Volumes/Jack_Gandy_1TB_SSD/Samples 2021 ->/Sample Packs/MGF Mega Pack/Wavetables/Producer Hive Analog + Vintage Wavetables (demo)/VS01_J6_Squ_Filt1.wav,VS01_J6_Squ_Filt1.wav,MGF Mega Pack,Wavetables,Other/none,,Synth One-Shot,0.167,review,review queue: is abstaining correct here?,confidence 0.17 below the 0.50 gate for the current operating point,1.1.0,,,,
low_confidence,/Volumes/Jack_Gandy_1TB_SSD/Samples 2021 ->/Sample Packs/Sounds by MdL V1/Sounds_by_MdL_Volume_1/Drum_Loops/Percussion_Loops/MdL_82_percussion_loop_paperhearts.wav,MdL_82_percussion_loop_paperhearts.wav,Sounds by MdL V1,Sounds_by_MdL_Volume_1,Percussion Loop,,Vocal Loop,0.168,review,review queue: is abstaining correct here?,confidence 0.17 below the 0.50 gate for the current operating point,1.1.0,,,,
low_confidence,/Volumes/Jack_Gandy_1TB_SSD/Samples 2021 ->/Sample Packs/Drum Breaks/Lyn Collins - Think (part2).wav,Lyn Collins - Think (part2).wav,Drum Breaks,Drum Breaks,Drum Loop,,Drum Loop,0.168,review,review queue: is abstaining correct here?,confidence 0.17 below the 0.50 gate for the current operating point,1.1.0,,,,
low_confidence,/Volumes/Jack_Gandy_1TB_SSD/Samples 2021 ->/Sound For Games/SampleScience_Modern_Scifi_Sfx_Sample_Pack/Horror 1.wav,Horror 1.wav,personal:Sound For Games,personal:Sound For Games/SampleScience_Modern_Scifi_Sfx_Sample_Pack,SFX,,Vocal One-Shot,0.168,review,review queue: is abstaining correct here?,confidence 0.17 below the 0.50 gate for the current operating point,1.1.0,,,,
low_confidence,/Volumes/Jack_Gandy_1TB_SSD/Samples 2021 ->/Vocalist_Samples/Richard Devine/DarkTime RD Modular.wav,DarkTime RD Modular.wav,personal:Vocalist_Samples,personal:Vocalist_Samples/Richard Devine,Foley,,Synth Loop,0.169,review,review queue: is abstaining correct here?,confidence 0.17 below the 0.50 gate for the current operating point,1.1.0,,,,
low_confidence,/Volumes/Jack_Gandy_1TB_SSD/testing-for-NITE-DSP/sample_pack_testing/Old Movies 1 - Vintage Collection (Drum Kit)/Snares/Snare 4.wav,Snare 4.wav,Old Movies 1 - Vintage Collection (Drum Kit),Snares,Snare,,Percussion,0.169,never_act,review queue: is abstaining correct here?,"Percussion is an incoherent parent class (measured 15.4% precision); it names several unrelated sounds, so no threshold makes it safe",1.1.0,,,,
low_confidence,/Volumes/Jack_Gandy_1TB_SSD/Samples 2021 ->/Sample Packs/Daniel Sadownick - Creative Percussion/RT_Daniel_Sadownick_Degraw_Session/one_shot/Percussion/RT_Daniel_Sadownick_Degraw_Creative_Percussion_Rainstick_Long_Decay_One_Shot.wav,RT_Daniel_Sadownick_Degraw_Creative_Percussion_Rainstick_Long_Decay_One_Shot.wav,Daniel Sadownick - Creative Percussion,RT_Daniel_Sadownick_Degraw_Session,Percussion Loop,,Foley Loop,0.173,review,review queue: is abstaining correct here?,confidence 0.17 below the 0.50 gate for the current operating point,1.1.0,,,,
low_confidence,/Volumes/Jack_Gandy_1TB_SSD/Samples 2021 ->/Sample Packs/Sounds of KSHMR Vol.3/KSHMR_Drums/KSHMR_Percussion/KSHMR_Flam_and_Rolls/KSHMR_Percussion_Flam_13_F.wav,KSHMR_Percussion_Flam_13_F.wav,Sounds of KSHMR Vol.3,KSHMR_Drums,Percussion,Other Percussive Hit,Foley,0.174,review,review queue: is abstaining correct here?,confidence 0.17 below the 0.50 gate for the current operating point,1.1.0,,,,
low_confidence,/Volumes/Jack_Gandy_1TB_SSD/Samples 2021 ->/Sample Packs/MGF Mega Pack/Retro Digital Collection/Chords - Pads/JV Male Ooh A-5- AMaj7.wav,JV Male Ooh A-5- AMaj7.wav,MGF Mega Pack,Retro Digital Collection,Vocal One-Shot,,Synth One-Shot,0.174,review,review queue: is abstaining correct here?,confidence 0.17 below the 0.50 gate for the current operating point,1.1.0,,,,
known_false_accept,/Volumes/Jack_Gandy_1TB_SSD/testing-for-NITE-DSP/sample_pack_testing/Lex Luger Drumkit/Lex_Luger_Drumkit/LL_one_shots/LL_kick_pink_2.wav,LL_kick_pink_2.wav,Lex Luger Drumkit,Lex_Luger_Drumkit,Other/none,,Kick,0.93,auto_rename,junk given a confident real class -- the binding product risk,Kick measured 94.3% precision above the gate; cleared for automatic action,1.1.0,,,,
known_false_accept,/Volumes/Jack_Gandy_1TB_SSD/Samples 2021 ->/2025/808_Reese_(F)/Freeze 23-ckckck [2025-01-23 160630]-2.wav,Freeze 23-ckckck [2025-01-23 160630]-2.wav,personal:2025,personal:2025/808_Reese_(F),Other/none,,Bass Reese,0.817,review,junk given a confident real class -- the binding product risk,class has no measured precision history; not eligible to act until it does,1.1.0,,,,
known_false_accept,/Volumes/Jack_Gandy_1TB_SSD/Samples 2021 ->/2024/808s (F)/Freeze 2-toys 808 [2024-06-12 213722].wav,Freeze 2-toys 808 [2024-06-12 213722].wav,personal:2024,personal:2024/808s (F),Other/none,,Bass Reese,0.742,review,junk given a confident real class -- the binding product risk,class has no measured precision history; not eligible to act until it does,1.1.0,,,,
known_false_accept,/Volumes/Jack_Gandy_1TB_SSD/testing-for-NITE-DSP/sample_pack_testing/Mike Shinoda Drums/MPC 1000 Backup/WHATYOUHAVE/RECTNGL34.WAV,RECTNGL34.WAV,Mike Shinoda Drums,MPC 1000 Backup,Other/none,,Clap,0.737,auto_rename,junk given a confident real class -- the binding product risk,Clap measured 93.5% precision above the gate; cleared for automatic action,1.1.0,,,,
known_false_accept,/Volumes/Jack_Gandy_1TB_SSD/Samples 2021 ->/2022/Neuro/FsHIFT.wav,FsHIFT.wav,personal:2022,personal:2022/Neuro,Other/none,,Bass Reese,0.736,review,junk given a confident real class -- the binding product risk,class has no measured precision history; not eligible to act until it does,1.1.0,,,,
known_false_accept,/Volumes/Jack_Gandy_1TB_SSD/testing-for-NITE-DSP/sample_pack_testing/Breaks/The Drum Broker - International Breaks & Essential Kicks/The Drum Broker - International Breaks 3/FRANCAIS.wav,FRANCAIS.wav,Breaks,The Drum Broker - International Breaks & Essential Kicks,Other/none,,Drum Loop,0.731,auto_rename,junk given a confident real class -- the binding product risk,Drum Loop measured 90.8% precision above the gate; cleared for automatic action,1.1.0,,,,
known_false_accept,/Volumes/Jack_Gandy_1TB_SSD/testing-for-NITE-DSP/sample_pack_testing/Breaks/The Drum Broker - International Breaks & Essential Kicks/The Drum Broker - International Breaks 4/HAGGIS.wav,HAGGIS.wav,Breaks,The Drum Broker - International Breaks & Essential Kicks,Other/none,,Drum Loop,0.723,auto_rename,junk given a confident real class -- the binding product risk,Drum Loop measured 90.8% precision above the gate; cleared for automatic action,1.1.0,,,,
known_false_accept,/Volumes/Jack_Gandy_1TB_SSD/Samples 2021 ->/2024/Sub/Freeze 43-bIG sUB nOISE [2024-04-02 113135].wav,Freeze 43-bIG sUB nOISE [2024-04-02 113135].wav,personal:2024,personal:2024/Sub,Other/none,,Bass Reese,0.675,review,junk given a confident real class -- the binding product risk,class has no measured precision history; not eligible to act until it does,1.1.0,,,,
known_false_accept,/Volumes/Jack_Gandy_1TB_SSD/testing-for-NITE-DSP/sample_pack_testing/Mike Shinoda Drums/MS BEATS/Amethyst Samples/OpenHH AR60sLate V88 1.wav,OpenHH AR60sLate V88 1.wav,Mike Shinoda Drums,MS BEATS,Other/none,,Crash,0.645,suggest,junk given a confident real class -- the binding product risk,Crash measured 81.0% precision -- useful but below the bar for acting without approval,1.1.0,,,,
known_false_accept,/Volumes/Jack_Gandy_1TB_SSD/testing-for-NITE-DSP/sample_pack_testing/Breaks/The Drum Broker - International Breaks & Essential Kicks/The Drum Broker - International Breaks 1/FOCUS .wav,FOCUS .wav,Breaks,The Drum Broker - International Breaks & Essential Kicks,Other/none,,Drum Loop,0.597,auto_rename,junk given a confident real class -- the binding product risk,Drum Loop measured 90.8% precision above the gate; cleared for automatic action,1.1.0,,,,
known_false_accept,/Volumes/Jack_Gandy_1TB_SSD/testing-for-NITE-DSP/sample_pack_testing/Breaks/The Drum Broker - International Breaks & Essential Kicks/The Drum Broker - International Breaks 5/ROCKPOW.wav,ROCKPOW.wav,Breaks,The Drum Broker - International Breaks & Essential Kicks,Other/none,,Drum Loop,0.574,auto_rename,junk given a confident real class -- the binding product risk,Drum Loop measured 90.8% precision above the gate; cleared for automatic action,1.1.0,,,,
known_false_accept,/Volumes/Jack_Gandy_1TB_SSD/testing-for-NITE-DSP/sample_pack_testing/Mike Shinoda Drums/MS BEATS/Victory March Samples/SD_Slowwww2_H3500Fat.wav,SD_Slowwww2_H3500Fat.wav,Mike Shinoda Drums,MS BEATS,Other/none,,Snare,0.566,suggest,junk given a confident real class -- the binding product risk,Snare measured 82.9% precision -- useful but below the bar for acting without approval,1.1.0,,,,
known_false_accept,/Volumes/Jack_Gandy_1TB_SSD/testing-for-NITE-DSP/sample_pack_testing/Sounds of KSHMR Vol.3/KSHMR_Drums_Loops/KSHMR_Drum_Loops_Solo/KSHMR_Hihat_and_Cymbal_Loops/KSHMR_Trap_Hat_Loops/KSHMR_Trap_Hat_Loop_10_150.wav,KSHMR_Trap_Hat_Loop_10_150.wav,Sounds of KSHMR Vol.3,KSHMR_Drums_Loops,Other/none,,Hi-Hat Loop,0.563,suggest,junk given a confident real class -- the binding product risk,"filename contains 'loop', a token measured unreliable -- and the audio agrees with it, which is not independent evidence; approval required",1.1.0,,,,
known_false_accept,/Volumes/Jack_Gandy_1TB_SSD/testing-for-NITE-DSP/sample_pack_testing/Mike Shinoda Drums/MS BEATS/Lil Swing Samples/RZ1_SD_Tattoo1_Fat.wav,RZ1_SD_Tattoo1_Fat.wav,Mike Shinoda Drums,MS BEATS,Other/none,,Snare,0.551,suggest,junk given a confident real class -- the binding product risk,Snare measured 82.9% precision -- useful but below the bar for acting without approval,1.1.0,,,,
known_false_accept,/Volumes/Jack_Gandy_1TB_SSD/Samples 2021 ->/Sample Packs/Koan Sound/Koan Sound Samples 2/Modular Hardware Pack 001/Raw/VCO2 - Saw Wave Tube Crunch.wav,VCO2 - Saw Wave Tube Crunch.wav,Koan Sound,Koan Sound Samples 2,Other/none,,Bass Reese,0.531,review,junk given a confident real class -- the binding product risk,class has no measured precision history; not eligible to act until it does,1.1.0,,,,
known_false_accept,/Volumes/Jack_Gandy_1TB_SSD/testing-for-NITE-DSP/sample_pack_testing/Breaks/The Drum Broker - International Breaks & Essential Kicks/The Drum Broker - International Breaks 4/MAPLE.wav,MAPLE.wav,Breaks,The Drum Broker - International Breaks & Essential Kicks,Other/none,,Drum Loop,0.53,auto_rename,junk given a confident real class -- the binding product risk,Drum Loop measured 90.8% precision above the gate; cleared for automatic action,1.1.0,,,,
known_false_accept,/Volumes/Jack_Gandy_1TB_SSD/Samples 2021 ->/Sample Packs/Teddy Killerz/Producer Pack (1)/Samples/Bass 174 BPM Fm - 12.wav,Bass 174 BPM Fm - 12.wav,Teddy Killerz,Producer Pack (1),Other/none,,Bass Reese,0.522,review,junk given a confident real class -- the binding product risk,class has no measured precision history; not eligible to act until it does,1.1.0,,,,
known_false_accept,/Volumes/Jack_Gandy_1TB_SSD/Samples 2021 ->/2023/Leads/Freeze PIANO [2023-03-03 122138].wav,Freeze PIANO [2023-03-03 122138].wav,personal:2023,personal:2023/Leads,Other/none,,Synth One-Shot,0.509,review,junk given a confident real class -- the binding product risk,class has no measured precision history; not eligible to act until it does,1.1.0,,,,
known_false_accept,/Volumes/Jack_Gandy_1TB_SSD/testing-for-NITE-DSP/sample_pack_testing/Loaded Samples - Lo-Fi Memphis 2/DRUMS & PERC LOOPS/Hi-Hat Loop #4 [65BPM].wav,Hi-Hat Loop #4 [65BPM].wav,Loaded Samples - Lo-Fi Memphis 2,DRUMS & PERC LOOPS,Other/none,,Hi-Hat Loop,0.502,suggest,junk given a confident real class -- the binding product risk,"filename contains 'loop', a token measured unreliable -- and the audio agrees with it, which is not independent evidence; approval required",1.1.0,,,,
known_false_accept,/Volumes/Jack_Gandy_1TB_SSD/Samples 2021 ->/Sample Packs/Chill Synths/PL00402_ACID_WAV_Chill_Synths/Prime_Loops_-_Chill_Synths/Chill_Synths/Bpm90_em_Sirena.wav,Bpm90_em_Sirena.wav,Chill Synths,PL00402_ACID_WAV_Chill_Synths,Other/none,,Synth Loop,0.492,review,junk given a confident real class -- the binding product risk,confidence 0.49 below the 0.50 gate for the current operating point,1.1.0,,,,
known_false_accept,/Volumes/Jack_Gandy_1TB_SSD/Samples 2021 ->/Sample Packs/IMANU/IMANU Patreon January 2022 Samples/Breakthrough Piano F harmonic minor.wav,Breakthrough Piano F harmonic minor.wav,IMANU,IMANU Patreon January 2022 Samples,Other/none,,Synth Loop,0.479,review,junk given a confident real class -- the binding product risk,confidence 0.48 below the 0.50 gate for the current operating point,1.1.0,,,,
known_false_accept,/Volumes/Jack_Gandy_1TB_SSD/testing-for-NITE-DSP/sample_pack_testing/Breaks/The Drum Broker - International Breaks & Essential Kicks/The Drum Broker - International Breaks 1/VSAK BREAK.wav,VSAK BREAK.wav,Breaks,The Drum Broker - International Breaks & Essential Kicks,Other/none,,Drum Loop,0.45,review,junk given a confident real class -- the binding product risk,confidence 0.45 below the 0.50 gate for the current operating point,1.1.0,,,,
known_false_accept,/Volumes/Jack_Gandy_1TB_SSD/testing-for-NITE-DSP/sample_pack_testing/MGF Mega Pack/Misc + Found Sound/Casiotone 501/Drums/Casiotone 501 KickHat 1.wav,Casiotone 501 KickHat 1.wav,MGF Mega Pack,Misc + Found Sound,Other/none,,Hi-Hat,0.449,review,junk given a confident real class -- the binding product risk,confidence 0.45 below the 0.50 gate for the current operating point,1.1.0,,,,
known_false_accept,/Volumes/Jack_Gandy_1TB_SSD/testing-for-NITE-DSP/sample_pack_testing/Drum Breaks/James Brown - Soul Pride (part1).wav,James Brown - Soul Pride (part1).wav,Drum Breaks,Drum Breaks,Other/none,,Drum Loop,0.436,review,junk given a confident real class -- the binding product risk,confidence 0.44 below the 0.50 gate for the current operating point,1.1.0,,,,
known_false_accept,/Volumes/Jack_Gandy_1TB_SSD/Samples 2021 ->/Sample Packs/IMANU/IMANU Patreon August 2024 Samples/josh pan collab Am.wav,josh pan collab Am.wav,IMANU,IMANU Patreon August 2024 Samples,Other/none,,Bass Reese,0.425,review,junk given a confident real class -- the binding product risk,confidence 0.42 below the 0.50 gate for the current operating point,1.1.0,,,,
known_false_accept,/Volumes/Jack_Gandy_1TB_SSD/Samples 2021 ->/Sample Packs/Production Music Live - Acoustic - Melodic House 4/Arpeggiator Loops/PMLxOT4_TE_Arp_Loop_001_122BPM_Dmin.wav,PMLxOT4_TE_Arp_Loop_001_122BPM_Dmin.wav,Production Music Live - Acoustic - Melodic House 4,Arpeggiator Loops,Other/none,,Synth Loop,0.409,review,junk given a confident real class -- the binding product risk,confidence 0.41 below the 0.50 gate for the current operating point,1.1.0,,,,
known_false_accept,/Volumes/Jack_Gandy_1TB_SSD/Samples 2021 ->/2023/Cello Inputs (C1)/Cello BBC.wav,Cello BBC.wav,personal:2023,personal:2023/Cello Inputs (C1),Other/none,,Pad,0.402,review,junk given a confident real class -- the binding product risk,confidence 0.40 below the 0.50 gate for the current operating point,1.1.0,,,,
known_false_accept,/Volumes/Jack_Gandy_1TB_SSD/testing-for-NITE-DSP/sample_pack_testing/Sounds of KSHMR Vol.3/KSHMR_Drums/KSHMR_Drum_Enhancers/KSHMR_Snare_Enhancer_13_Crunch.wav,KSHMR_Snare_Enhancer_13_Crunch.wav,Sounds of KSHMR Vol.3,KSHMR_Drums,Other/none,,Foley,0.401,review,junk given a confident real class -- the binding product risk,confidence 0.40 below the 0.50 gate for the current operating point,1.1.0,,,,
known_false_accept,/Volumes/Jack_Gandy_1TB_SSD/testing-for-NITE-DSP/sample_pack_testing/Breaks/The Drum Broker - International Breaks & Essential Kicks/The Drum Broker - International Breaks 3/RAPTASTIC.wav,RAPTASTIC.wav,Breaks,The Drum Broker - International Breaks & Essential Kicks,Other/none,,Drum Loop,0.398,review,junk given a confident real class -- the binding product risk,confidence 0.40 below the 0.50 gate for the current operating point,1.1.0,,,,
known_false_accept,/Volumes/Jack_Gandy_1TB_SSD/testing-for-NITE-DSP/sample_pack_testing/Breaks/The Drum Broker - International Breaks & Essential Kicks/The Drum Broker - International Breaks 2/Venice.wav,Venice.wav,Breaks,The Drum Broker - International Breaks & Essential Kicks,Other/none,,Drum Loop,0.397,review,junk given a confident real class -- the binding product risk,confidence 0.40 below the 0.50 gate for the current operating point,1.1.0,,,,
known_false_accept,/Volumes/Jack_Gandy_1TB_SSD/testing-for-NITE-DSP/sample_pack_testing/Breaks/Dirty Arse Drum Breaks/Dirty Arse Drum Breaks 1/90 BPM/monosole_90bpm_snare 3.wav,monosole_90bpm_snare 3.wav,Breaks,Dirty Arse Drum Breaks,Other/none,,Drum Fill,0.396,review,junk given a confident real class -- the binding product risk,confidence 0.40 below the 0.50 gate for the current operating point,1.1.0,,,,
known_false_accept,/Volumes/Jack_Gandy_1TB_SSD/Samples 2021 ->/2023/Cello Inputs (C1)/Freeze 22-BBC Symphony Orchestra [2023-07-28 194830].wav,Freeze 22-BBC Symphony Orchestra [2023-07-28 194830].wav,personal:2023,personal:2023/Cello Inputs (C1),Other/none,,Pad,0.394,review,junk given a confident real class -- the binding product risk,confidence 0.39 below the 0.50 gate for the current operating point,1.1.0,,,,
known_false_accept,/Volumes/Jack_Gandy_1TB_SSD/testing-for-NITE-DSP/sample_pack_testing/Breaks/The Drum Broker - International Breaks & Essential Kicks/The Drum Broker - International Breaks 1/AMSTERDAM_2.wav,AMSTERDAM_2.wav,Breaks,The Drum Broker - International Breaks & Essential Kicks,Other/none,,Drum Fill,0.376,review,junk given a confident real class -- the binding product risk,confidence 0.38 below the 0.50 gate for the current operating point,1.1.0,,,,
known_false_accept,/Volumes/Jack_Gandy_1TB_SSD/Samples 2021 ->/2022/Olivia Rodrigo by Modern.fm [FREE]/Audio Files (.wav)/04 Cmaj 6:8 86.wav,04 Cmaj 6:8 86.wav,personal:2022,personal:2022/Olivia Rodrigo by Modern.fm [FREE],Other/none,,Synth Loop,0.366,review,junk given a confident real class -- the binding product risk,confidence 0.37 below the 0.50 gate for the current operating point,1.1.0,,,,
known_false_accept,/Volumes/Jack_Gandy_1TB_SSD/testing-for-NITE-DSP/sample_pack_testing/Organic Drum Kit/5 Percussion/4 Metalic/3 Zill Finger Cymbals/Organic - Zill Finger Cymbal (15).wav,Organic - Zill Finger Cymbal (15).wav,Organic Drum Kit,5 Percussion,Other/none,,Hi-Hat,0.365,review,junk given a confident real class -- the binding product risk,confidence 0.37 below the 0.50 gate for the current operating point,1.1.0,,,,
known_false_accept,/Volumes/Jack_Gandy_1TB_SSD/Samples 2021 ->/Sample Packs/IMANU/IMANU Patreon June 2024 Samples /Epic electro melody G#m but its a piano.wav,Epic electro melody G#m but its a piano.wav,IMANU,IMANU Patreon June 2024 Samples ,Other/none,,Synth Loop,0.365,review,junk given a confident real class -- the binding product risk,confidence 0.36 below the 0.50 gate for the current operating point,1.1.0,,,,
known_false_accept,/Volumes/Jack_Gandy_1TB_SSD/Samples 2021 ->/Sample Packs/Sounds of KSHMR Vol.3/KSHMR_World_Sounds/KSHMR_Africa/KSHMR_Africa_PL_Kora_120_G.wav,KSHMR_Africa_PL_Kora_120_G.wav,Sounds of KSHMR Vol.3,KSHMR_World_Sounds,Other/none,,Synth Loop,0.356,review,junk given a confident real class -- the binding product risk,confidence 0.36 below the 0.50 gate for the current operating point,1.1.0,,,,
known_false_accept,/Volumes/Jack_Gandy_1TB_SSD/testing-for-NITE-DSP/sample_pack_testing/Mike Shinoda Drums/MS BEATS/Amethyst Samples/Ride AR60sLate V54 1.wav,Ride AR60sLate V54 1.wav,Mike Shinoda Drums,MS BEATS,Other/none,,Crash,0.351,review,junk given a confident real class -- the binding product risk,confidence 0.35 below the 0.50 gate for the current operating point,1.1.0,,,,
known_false_accept,/Volumes/Jack_Gandy_1TB_SSD/Samples 2021 ->/Sample Packs/IMANU/IMANU Patreon January 2023 Samples/weird reese Dm.wav,weird reese Dm.wav,IMANU,IMANU Patreon January 2023 Samples,Other/none,,SFX,0.347,review,junk given a confident real class -- the binding product risk,confidence 0.35 below the 0.50 gate for the current operating point,1.1.0,,,,
known_false_accept,/Volumes/Jack_Gandy_1TB_SSD/Samples 2021 ->/Sample Packs/Loaded Samples - Lo-Fi Memphis 2/MELODIES (X3 & DR5)/Stems (Cassette Processed)/STEM_Lament #1 [67 BPM] (B).wav,STEM_Lament #1 [67 BPM] (B).wav,Loaded Samples - Lo-Fi Memphis 2,MELODIES (X3 & DR5),Other/none,,Synth Loop,0.345,review,junk given a confident real class -- the binding product risk,confidence 0.35 below the 0.50 gate for the current operating point,1.1.0,,,,
known_false_accept,/Volumes/Jack_Gandy_1TB_SSD/Samples 2021 ->/Sample Packs/IMANU/IMANU Patreon June 2022 Samples/808ssss F# F D.wav,808ssss F# F D.wav,IMANU,IMANU Patreon June 2022 Samples,Other/none,,Kick Loop,0.328,review,junk given a confident real class -- the binding product risk,confidence 0.33 below the 0.50 gate for the current operating point,1.1.0,,,,
known_false_accept,/Volumes/Jack_Gandy_1TB_SSD/Samples 2021 ->/Sample Packs/IMANU/IMANU May 2024 Patreon Samples/Halo hook Aharmm.wav,Halo hook Aharmm.wav,IMANU,IMANU May 2024 Patreon Samples,Other/none,,Synth Loop,0.327,review,junk given a confident real class -- the binding product risk,confidence 0.33 below the 0.50 gate for the current operating point,1.1.0,,,,
known_false_accept,/Volumes/Jack_Gandy_1TB_SSD/Samples 2021 ->/Sample Packs/ZO2-THAI BREAKBEAT KIT VOL.1/Lead Loops/ZO2-THBK-LEAD-004.wav,ZO2-THBK-LEAD-004.wav,ZO2-THAI BREAKBEAT KIT VOL.1,Lead Loops,Other/none,,Vocal Loop,0.321,review,junk given a confident real class -- the binding product risk,confidence 0.32 below the 0.50 gate for the current operating point,1.1.0,,,,
known_false_accept,/Volumes/Jack_Gandy_1TB_SSD/Samples 2021 ->/Sample Packs/Loaded Samples - Lo-Fi Memphis 2/MISC SAMPLES (Bass & More)/X3_BASS - PickBass (C1) V1.wav,X3_BASS - PickBass (C1) V1.wav,Loaded Samples - Lo-Fi Memphis 2,MISC SAMPLES (Bass & More),Other/none,,Bass Hit,0.317,review,junk given a confident real class -- the binding product risk,confidence 0.32 below the 0.50 gate for the current operating point,1.1.0,,,,
known_false_accept,/Volumes/Jack_Gandy_1TB_SSD/testing-for-NITE-DSP/sample_pack_testing/Mike Shinoda Drums/MPC 1000 Backup/WHATYOUHAVE/SQRATCH48.WAV,SQRATCH48.WAV,Mike Shinoda Drums,MPC 1000 Backup,Other/none,,Rimshot,0.314,review,junk given a confident real class -- the binding product risk,confidence 0.31 below the 0.50 gate for the current operating point,1.1.0,,,,
known_false_accept,/Volumes/Jack_Gandy_1TB_SSD/testing-for-NITE-DSP/sample_pack_testing/Old Movies 1 - Vintage Collection (Drum Kit)/Noise & Texture (Old Movies)/HHH_Texture 4.wav,HHH_Texture 4.wav,Old Movies 1 - Vintage Collection (Drum Kit),Noise & Texture (Old Movies),Other/none,,Foley Loop,0.312,review,junk given a confident real class -- the binding product risk,confidence 0.31 below the 0.50 gate for the current operating point,1.1.0,,,,
known_false_accept,/Volumes/Jack_Gandy_1TB_SSD/testing-for-NITE-DSP/sample_pack_testing/Mike Shinoda Drums/MS BEATS/Victory March Samples/GB snd 11.WAV,GB snd 11.WAV,Mike Shinoda Drums,MS BEATS,Other/none,,Bass Hit,0.311,review,junk given a confident real class -- the binding product risk,confidence 0.31 below the 0.50 gate for the current operating point,1.1.0,,,,
known_false_accept,/Volumes/Jack_Gandy_1TB_SSD/Samples 2021 ->/Sample Packs/IMANU/IMANU Patreon June 2022 Samples/Dist Arp Gm.wav,Dist Arp Gm.wav,IMANU,IMANU Patreon June 2022 Samples,Other/none,,Bass Reese,0.299,review,junk given a confident real class -- the binding product risk,confidence 0.30 below the 0.50 gate for the current operating point,1.1.0,,,,
known_false_accept,/Volumes/Jack_Gandy_1TB_SSD/testing-for-NITE-DSP/sample_pack_testing/Breaks/The Drum Broker - International Breaks & Essential Kicks/The Drum Broker - International Breaks 3/BAGUETTE .wav,BAGUETTE .wav,Breaks,The Drum Broker - International Breaks & Essential Kicks,Other/none,,Percussion Loop,0.299,review,junk given a confident real class -- the binding product risk,confidence 0.30 below the 0.50 gate for the current operating point,1.1.0,,,,
known_false_accept,/Volumes/Jack_Gandy_1TB_SSD/testing-for-NITE-DSP/sample_pack_testing/Breaks/The Drum Broker - International Breaks & Essential Kicks/The Drum Broker - International Breaks 4/GOLD RUSH_4.wav,GOLD RUSH_4.wav,Breaks,The Drum Broker - International Breaks & Essential Kicks,Other/none,,Kick,0.297,review,junk given a confident real class -- the binding product risk,confidence 0.30 below the 0.50 gate for the current operating point,1.1.0,,,,
known_false_accept,/Volumes/Jack_Gandy_1TB_SSD/Samples 2021 ->/Sample Packs/Sounds of KSHMR Vol.3/KSHMR_Synths/KSHMR_Synth_Arps/KSHMR_Synth_Arp_21_150_D.wav,KSHMR_Synth_Arp_21_150_D.wav,Sounds of KSHMR Vol.3,KSHMR_Synths,Other/none,,Synth Loop,0.297,review,junk given a confident real class -- the binding product risk,confidence 0.30 below the 0.50 gate for the current operating point,1.1.0,,,,
known_false_accept,/Volumes/Jack_Gandy_1TB_SSD/Samples 2021 ->/Sample Packs/IMANU/IMANU Patreon February 2023 Samples/harm more C#m.wav,harm more C#m.wav,IMANU,IMANU Patreon February 2023 Samples,Other/none,,Synth Loop,0.296,review,junk given a confident real class -- the binding product risk,confidence 0.30 below the 0.50 gate for the current operating point,1.1.0,,,,
known_false_accept,/Volumes/Jack_Gandy_1TB_SSD/Samples 2021 ->/Sample Packs/Breaks/The Drum Broker - Kingsway Music Library 2/03 CHBLAP65bpm_2.wav,03 CHBLAP65bpm_2.wav,Breaks,The Drum Broker - Kingsway Music Library 2,Other/none,,Synth Loop,0.294,review,junk given a confident real class -- the binding product risk,confidence 0.29 below the 0.50 gate for the current operating point,1.1.0,,,,
known_false_accept,/Volumes/Jack_Gandy_1TB_SSD/Samples 2021 ->/2022/Resample Phrases/G minor Shallou p1.wav,G minor Shallou p1.wav,personal:2022,personal:2022/Resample Phrases,Other/none,,Pad,0.289,review,junk given a confident real class -- the binding product risk,confidence 0.29 below the 0.50 gate for the current operating point,1.1.0,,,,
known_false_accept,/Volumes/Jack_Gandy_1TB_SSD/testing-for-NITE-DSP/sample_pack_testing/Breaks/The Drum Broker - International Breaks & Essential Kicks/The Drum Broker - International Breaks 2/DITCJ_2 - 4.wav,DITCJ_2 - 4.wav,Breaks,The Drum Broker - International Breaks & Essential Kicks,Other/none,,Drum Loop,0.283,review,junk given a confident real class -- the binding product risk,confidence 0.28 below the 0.50 gate for the current operating point,1.1.0,,,,
known_false_accept,/Volumes/Jack_Gandy_1TB_SSD/Samples 2021 ->/Sample Packs/Production Music Live - Acoustic - Melodic House 4/Combo Loops/PMLxOT4_SV_Comboloop_006a_126BPM_Cmin.wav,PMLxOT4_SV_Comboloop_006a_126BPM_Cmin.wav,Production Music Live - Acoustic - Melodic House 4,Combo Loops,Other/none,,Pad,0.28,review,junk given a confident real class -- the binding product risk,confidence 0.28 below the 0.50 gate for the current operating point,1.1.0,,,,
known_false_accept,/Volumes/Jack_Gandy_1TB_SSD/testing-for-NITE-DSP/sample_pack_testing/Breaks/The Drum Broker - International Breaks & Essential Kicks/The Drum Broker - International Breaks 3/CLOVER 2.wav,CLOVER 2.wav,Breaks,The Drum Broker - International Breaks & Essential Kicks,Other/none,,Drum Loop,0.28,review,junk given a confident real class -- the binding product risk,confidence 0.28 below the 0.50 gate for the current operating point,1.1.0,,,,
known_false_accept,/Volumes/Jack_Gandy_1TB_SSD/Samples 2021 ->/Sample Packs/Gazzo Essentials Vol. 1/Gazzo_Essentials_Vol._1/Construction_Kit/Prog_House_Kit/GE_A#_128_Prog_House_SynthsPiano_Loop.wav,GE_A#_128_Prog_House_SynthsPiano_Loop.wav,Gazzo Essentials Vol. 1,Gazzo_Essentials_Vol._1,Other/none,,Synth Loop,0.279,review,junk given a confident real class -- the binding product risk,confidence 0.28 below the 0.50 gate for the current operating point,1.1.0,,,,
known_false_accept,/Volumes/Jack_Gandy_1TB_SSD/Samples 2021 ->/Vocalist_Samples/Georgia/Loops/Keytar[89] Georgia Trademark.wav,Keytar[89] Georgia Trademark.wav,personal:Vocalist_Samples,personal:Vocalist_Samples/Georgia,Other/none,,Synth Loop,0.278,review,junk given a confident real class -- the binding product risk,confidence 0.28 below the 0.50 gate for the current operating point,1.1.0,,,,
known_false_accept,/Volumes/Jack_Gandy_1TB_SSD/Samples 2021 ->/Sample Packs/Rooftop Afterhours/Splice_Sounds_-_Rooftop_Afterhours/RA_KIT_5_119_Dm/16_RA_KIT_05_PAD_119_Dm.wav,16_RA_KIT_05_PAD_119_Dm.wav,Rooftop Afterhours,Splice_Sounds_-_Rooftop_Afterhours,Other/none,,Pad,0.274,review,junk given a confident real class -- the binding product risk,confidence 0.27 below the 0.50 gate for the current operating point,1.1.0,,,,
impulse_response,"/Volumes/Jack_Gandy_1TB_SSD/Samples 2021 ->/Impluse Responce/Samplicity M7 Main - 02 - Wave, 32 bit, 48 Khz, v1.1/M7 - 4 Chambers 08 Kick Chamber/4 Chambers 08 Kick Chamber L.wav",4 Chambers 08 Kick Chamber L.wav,personal:Impluse Responce,"personal:Impluse Responce/Samplicity M7 Main - 02 - Wave, 32 bit, 48 Khz, v1.1",Kick,,Clap,0.558,never_act,build a real IR class instead of a path heuristic,"impulse response: a measurement of a space, not a sample; renaming it is never useful",1.1.0,,,,
impulse_response,/Volumes/Jack_Gandy_1TB_SSD/Samples 2021 ->/Impluse Responce/OwnHammer - Impulse Response Libraries - Classic Rock Essentials/44100 Hz/Classic Rock/Mic Pair Mixes/441+/OH Classic-Rock 441+160.wav,OH Classic-Rock 441+160.wav,personal:Impluse Responce,personal:Impluse Responce/OwnHammer - Impulse Response Libraries - Classic Rock Essentials,Kick,,Rimshot,0.338,never_act,build a real IR class instead of a path heuristic,"impulse response: a measurement of a space, not a sample; renaming it is never useful",1.1.0,,,,
impulse_response,/Volumes/Jack_Gandy_1TB_SSD/Samples 2021 ->/Impluse Responce/EchoThiefImpulseResponseLibrary/Underground/BatteryBenson.wav,BatteryBenson.wav,personal:Impluse Responce,personal:Impluse Responce/EchoThiefImpulseResponseLibrary,Foley,,Clap,0.19,never_act,build a real IR class instead of a path heuristic,"impulse response: a measurement of a space, not a sample; renaming it is never useful",1.1.0,,,,
impulse_response,"/Volumes/Jack_Gandy_1TB_SSD/Samples 2021 ->/Impluse Responce/Samplicity M7 Main - 02 - Wave, 32 bit, 48 Khz, v1.1/M7 - 1 Halls 14 Clear Hall/1 Halls 14 Clear Hall R.wav",1 Halls 14 Clear Hall R.wav,personal:Impluse Responce,"personal:Impluse Responce/Samplicity M7 Main - 02 - Wave, 32 bit, 48 Khz, v1.1",Foley,,Clap,0.387,never_act,build a real IR class instead of a path heuristic,"impulse response: a measurement of a space, not a sample; renaming it is never useful",1.1.0,,,,
impulse_response,/Volumes/Jack_Gandy_1TB_SSD/Samples 2021 ->/Impluse Responce/OwnHammer - Impulse Response Libraries - Classic Rock Essentials/44100 Hz/Classic Rock/Mic Pair Mixes/906+/OH Classic-Rock 906+160.wav,OH Classic-Rock 906+160.wav,personal:Impluse Responce,personal:Impluse Responce/OwnHammer - Impulse Response Libraries - Classic Rock Essentials,Kick,,Rimshot,0.305,never_act,build a real IR class instead of a path heuristic,"impulse response: a measurement of a space, not a sample; renaming it is never useful",1.1.0,,,,
impulse_response,/Volumes/Jack_Gandy_1TB_SSD/Samples 2021 ->/Impluse Responce/EchoThiefImpulseResponseLibrary/Underground/BatteryPowell.wav,BatteryPowell.wav,personal:Impluse Responce,personal:Impluse Responce/EchoThiefImpulseResponseLibrary,Foley,,Foley,0.358,never_act,build a real IR class instead of a path heuristic,"impulse response: a measurement of a space, not a sample; renaming it is never useful",1.1.0,,,,
impulse_response,"/Volumes/Jack_Gandy_1TB_SSD/Samples 2021 ->/Impluse Responce/Samplicity M7 Main - 02 - Wave, 32 bit, 48 Khz, v1.1/M7 - 6 Spaces 09 Arena/6 Spaces 09 Arena L.wav",6 Spaces 09 Arena L.wav,personal:Impluse Responce,"personal:Impluse Responce/Samplicity M7 Main - 02 - Wave, 32 bit, 48 Khz, v1.1",Impact,,Clap,0.236,never_act,build a real IR class instead of a path heuristic,"impulse response: a measurement of a space, not a sample; renaming it is never useful",1.1.0,,,,
impulse_response,/Volumes/Jack_Gandy_1TB_SSD/Samples 2021 ->/Impluse Responce/OwnHammer - Impulse Response Libraries - Classic Rock Essentials/44100 Hz/Classic Rock/Mic Pair Mixes/57+/OH Classic-Rock 57+58.wav,OH Classic-Rock 57+58.wav,personal:Impluse Responce,personal:Impluse Responce/OwnHammer - Impulse Response Libraries - Classic Rock Essentials,Kick,,Rimshot,0.344,never_act,build a real IR class instead of a path heuristic,"impulse response: a measurement of a space, not a sample; renaming it is never useful",1.1.0,,,,
impulse_response,/Volumes/Jack_Gandy_1TB_SSD/Samples 2021 ->/Impluse Responce/EchoThiefImpulseResponseLibrary/Recreation/HaleHolisticYogaStudio.wav,HaleHolisticYogaStudio.wav,personal:Impluse Responce,personal:Impluse Responce/EchoThiefImpulseResponseLibrary,Foley,,Clap,0.533,never_act,build a real IR class instead of a path heuristic,"impulse response: a measurement of a space, not a sample; renaming it is never useful",1.1.0,,,,
top_vs_hihat_loop,/Volumes/Jack_Gandy_1TB_SSD/testing-for-NITE-DSP/sample_pack_testing/Capsun ProAudio - City Pop/Loops/Drum_Loops/Hihat/TCP_110_hihat_loop_ladies_night.wav,TCP_110_hihat_loop_ladies_night.wav,Capsun ProAudio - City Pop,Loops,Hi-Hat,,Hi-Hat Loop,0.46,review,the overlap is entirely unevidenced (6 and 13 labels),confidence 0.46 below the 0.50 gate for the current operating point,1.1.0,,,,
top_vs_hihat_loop,/Volumes/Jack_Gandy_1TB_SSD/testing-for-NITE-DSP/sample_pack_testing/Loaded Samples - Lo-Fi Memphis 2/DRUMS & PERC LOOPS/Hi-Hat Loop #5 [75BPM].wav,Hi-Hat Loop #5 [75BPM].wav,Loaded Samples - Lo-Fi Memphis 2,DRUMS & PERC LOOPS,Hi-Hat,,Hi-Hat Loop,0.24,review,the overlap is entirely unevidenced (6 and 13 labels),confidence 0.24 below the 0.50 gate for the current operating point,1.1.0,,,,
top_vs_hihat_loop,/Volumes/Jack_Gandy_1TB_SSD/testing-for-NITE-DSP/sample_pack_testing/Sounds of KSHMR Vol.3/KSHMR_Drums_Loops/KSHMR_Drum_Loops_Solo/KSHMR_Hihat_and_Cymbal_Loops/KSHMR_Acoustic_Hat_Loops/KSHMR_Acoustic_Hat_Loop_13_120.wav,KSHMR_Acoustic_Hat_Loop_13_120.wav,Sounds of KSHMR Vol.3,KSHMR_Drums_Loops,Loop,,Hi-Hat Loop,0.41,review,the overlap is entirely unevidenced (6 and 13 labels),confidence 0.41 below the 0.50 gate for the current operating point,1.1.0,,,,
top_vs_hihat_loop,/Volumes/Jack_Gandy_1TB_SSD/testing-for-NITE-DSP/sample_pack_testing/Minimal Audio/MICROTECH/1 - Loops/4 - Hi Hat - 172 BPM/Hi Hat - Spec Metal 1 - 172 BPM.wav,Hi Hat - Spec Metal 1 - 172 BPM.wav,Minimal Audio,MICROTECH,Hi-Hat,,Hi-Hat Loop,0.635,review,the overlap is entirely unevidenced (6 and 13 labels),class has no measured precision history; not eligible to act until it does,1.1.0,,,,
top_vs_hihat_loop,/Volumes/Jack_Gandy_1TB_SSD/testing-for-NITE-DSP/sample_pack_testing/Drum Recollection/New Wave Drum Kit Vol. 2/Claps/Spotify Hi-Hat (Delay).wav,Spotify Hi-Hat (Delay).wav,Drum Recollection,New Wave Drum Kit Vol. 2,Hi-Hat,,Hi-Hat Loop,0.327,review,the overlap is entirely unevidenced (6 and 13 labels),confidence 0.33 below the 0.50 gate for the current operating point,1.1.0,,,,
top_vs_hihat_loop,/Volumes/Jack_Gandy_1TB_SSD/testing-for-NITE-DSP/sample_pack_testing/Minimal Audio/MICROTECH/1 - Loops/2 - Snare - 172 BPM/Snare - Tek Sync - 172 BPM.wav,Snare - Tek Sync - 172 BPM.wav,Minimal Audio,MICROTECH,Percussion Loop,,Top Loop,0.225,review,the overlap is entirely unevidenced (6 and 13 labels),confidence 0.22 below the 0.50 gate for the current operating point,1.1.0,,,,
top_vs_hihat_loop,/Volumes/Jack_Gandy_1TB_SSD/testing-for-NITE-DSP/sample_pack_testing/Sounds of KSHMR Vol.3/KSHMR_Drums/KSHMR_Percussion/KSHMR_Tambourines/KSHMR_Tambourine_10.wav,KSHMR_Tambourine_10.wav,Sounds of KSHMR Vol.3,KSHMR_Drums,Hi-Hat Loop,,Crash,0.489,review,the overlap is entirely unevidenced (6 and 13 labels),confidence 0.49 below the 0.50 gate for the current operating point,1.1.0,,,,
top_vs_hihat_loop,/Volumes/Jack_Gandy_1TB_SSD/testing-for-NITE-DSP/sample_pack_testing/Minimal Audio/REFLECT/1 - Drums/1 - Loops/4 - Hi Hats/Hi Hat - Creek 1 - 130 BPM.wav,Hi Hat - Creek 1 - 130 BPM.wav,Minimal Audio,REFLECT,Hi-Hat Loop,,Hi-Hat Loop,0.542,review,the overlap is entirely unevidenced (6 and 13 labels),class has no measured precision history; not eligible to act until it does,1.1.0,,,,
top_vs_hihat_loop,/Volumes/Jack_Gandy_1TB_SSD/testing-for-NITE-DSP/sample_pack_testing/Sounds of KSHMR Vol.3/KSHMR_Drums_Loops/KSHMR_Drum_Loops_Full/KSHMR_Hip_Hop_Drum_Loops/KSHMR_Hip_Hop_Top_Loops/KSHMR_Hip_Hop_Top_Loop_19_140.wav,KSHMR_Hip_Hop_Top_Loop_19_140.wav,Sounds of KSHMR Vol.3,KSHMR_Drums_Loops,Hi-Hat Loop,,Hi-Hat Loop,0.247,review,the overlap is entirely unevidenced (6 and 13 labels),confidence 0.25 below the 0.50 gate for the current operating point,1.1.0,,,,
top_vs_hihat_loop,/Volumes/Jack_Gandy_1TB_SSD/testing-for-NITE-DSP/sample_pack_testing/Sounds of KSHMR Vol.3/KSHMR_Drums_Loops/KSHMR_Drum_Loops_Full/KSHMR_Top_Loops/KSHMR_Top_Loops_129-200/KSHMR_Top_Loop_11_170.wav,KSHMR_Top_Loop_11_170.wav,Sounds of KSHMR Vol.3,KSHMR_Drums_Loops,Hi-Hat Loop,,Hi-Hat Loop,0.409,review,the overlap is entirely unevidenced (6 and 13 labels),confidence 0.41 below the 0.50 gate for the current operating point,1.1.0,,,,
top_vs_hihat_loop,/Volumes/Jack_Gandy_1TB_SSD/testing-for-NITE-DSP/sample_pack_testing/Sounds of KSHMR Vol.3/KSHMR_Drums_Loops/KSHMR_Drum_Loops_Full/KSHMR_Hip_Hop_Drum_Loops/KSHMR_Hip_Hop_Top_Loops/KSHMR_Hip_Hop_Top_Loop_12_124.wav,KSHMR_Hip_Hop_Top_Loop_12_124.wav,Sounds of KSHMR Vol.3,KSHMR_Drums_Loops,Hi-Hat Loop,,Hi-Hat Loop,0.384,review,the overlap is entirely unevidenced (6 and 13 labels),confidence 0.38 below the 0.50 gate for the current operating point,1.1.0,,,,
top_vs_hihat_loop,/Volumes/Jack_Gandy_1TB_SSD/testing-for-NITE-DSP/sample_pack_testing/Sounds of KSHMR Vol.3/KSHMR_Drums_Loops/KSHMR_Drum_Loops_Solo/KSHMR_Hihat_and_Cymbal_Loops/KSHMR_Trap_Hat_Loops/KSHMR_Trap_Hat_Loop_09_140.wav,KSHMR_Trap_Hat_Loop_09_140.wav,Sounds of KSHMR Vol.3,KSHMR_Drums_Loops,Hi-Hat Loop,,Hi-Hat Loop,0.561,suggest,the overlap is entirely unevidenced (6 and 13 labels),"filename contains 'loop', a token measured unreliable -- and the audio agrees with it, which is not independent evidence; approval required",1.1.0,,,,
top_vs_hihat_loop,/Volumes/Jack_Gandy_1TB_SSD/testing-for-NITE-DSP/sample_pack_testing/Sounds of KSHMR Vol.3/KSHMR_Drums_Loops/KSHMR_Drum_Loops_Full/KSHMR_Hip_Hop_Drum_Loops/KSHMR_Hip_Hop_Top_Loops/KSHMR_Hip_Hop_Top_Loop_11_120.wav,KSHMR_Hip_Hop_Top_Loop_11_120.wav,Sounds of KSHMR Vol.3,KSHMR_Drums_Loops,Hi-Hat Loop,,Hi-Hat Loop,0.547,suggest,the overlap is entirely unevidenced (6 and 13 labels),"filename contains 'loop', a token measured unreliable and disagreeing with the audio; approval required",1.1.0,,,,
top_vs_hihat_loop,/Volumes/Jack_Gandy_1TB_SSD/testing-for-NITE-DSP/sample_pack_testing/Sounds of KSHMR Vol.3/KSHMR_Drums_Loops/KSHMR_Drum_Loops_Solo/KSHMR_Hihat_and_Cymbal_Loops/KSHMR_Acoustic_Hat_Loops/KSHMR_Acoustic_Hat_Loop_01_100.wav,KSHMR_Acoustic_Hat_Loop_01_100.wav,Sounds of KSHMR Vol.3,KSHMR_Drums_Loops,Drum Loop,,Hi-Hat Loop,0.314,review,the overlap is entirely unevidenced (6 and 13 labels),confidence 0.31 below the 0.50 gate for the current operating point,1.1.0,,,,
top_vs_hihat_loop,/Volumes/Jack_Gandy_1TB_SSD/Samples 2021 ->/Sample Packs/SIIK Sounds - Eclipse (Full Pack)/SIIK Sounds Eclipse (WAV Samples)/Drum Loops/Drum Loop Kits/ECLIPSE Drum Loop 13 174BPM - Snare.wav,ECLIPSE Drum Loop 13 174BPM - Snare.wav,SIIK Sounds - Eclipse (Full Pack),SIIK Sounds Eclipse (WAV Samples),Percussion Loop,,Top Loop,0.202,review,the overlap is entirely unevidenced (6 and 13 labels),confidence 0.20 below the 0.50 gate for the current operating point,1.1.0,,,,
top_vs_hihat_loop,/Volumes/Jack_Gandy_1TB_SSD/Samples 2021 ->/Sample Packs/Sounds of KSHMR Vol.3/KSHMR_Drums_Loops/KSHMR_Drum_Loops_Solo/KSHMR_Hihat_and_Cymbal_Loops/KSHMR_Acoustic_Hat_Loops/KSHMR_Acoustic_Hat_Loop_14_120.wav,KSHMR_Acoustic_Hat_Loop_14_120.wav,Sounds of KSHMR Vol.3,KSHMR_Drums_Loops,Hi-Hat Loop,,Hi-Hat Loop,0.273,review,the overlap is entirely unevidenced (6 and 13 labels),confidence 0.27 below the 0.50 gate for the current operating point,1.1.0,,,,
top_vs_hihat_loop,/Volumes/Jack_Gandy_1TB_SSD/testing-for-NITE-DSP/sample_pack_testing/Sounds of KSHMR Vol.3/KSHMR_Drums_Loops/KSHMR_Drum_Loops_Full/KSHMR_Top_Loops/KSHMR_Top_Loops_129-200/KSHMR_Top_Loop_10_160.wav,KSHMR_Top_Loop_10_160.wav,Sounds of KSHMR Vol.3,KSHMR_Drums_Loops,Percussion Loop,,Hi-Hat Loop,0.409,review,the overlap is entirely unevidenced (6 and 13 labels),confidence 0.41 below the 0.50 gate for the current operating point,1.1.0,,,,
top_vs_hihat_loop,/Volumes/Jack_Gandy_1TB_SSD/Samples 2021 ->/Sample Packs/Sounds of KSHMR Vol.3/KSHMR_Drums_Loops/KSHMR_Drum_Loops_Full/KSHMR_Percussion_Loops/KSHMR_Percussion_Loop_16_105_Brazil.wav,KSHMR_Percussion_Loop_16_105_Brazil.wav,Sounds of KSHMR Vol.3,KSHMR_Drums_Loops,Percussion Loop,,Hi-Hat Loop,0.296,review,the overlap is entirely unevidenced (6 and 13 labels),confidence 0.30 below the 0.50 gate for the current operating point,1.1.0,,,,
top_vs_hihat_loop,/Volumes/Jack_Gandy_1TB_SSD/Samples 2021 ->/Sample Packs/SIIK Sounds - Eclipse (Full Pack)/SIIK Sounds Eclipse (WAV Samples)/Drum Loops/Drum Loop Kits/ECLIPSE Drum Loop 02 175BPM - Shakers.wav,ECLIPSE Drum Loop 02 175BPM - Shakers.wav,SIIK Sounds - Eclipse (Full Pack),SIIK Sounds Eclipse (WAV Samples),Drum Loop,,Hi-Hat Loop,0.463,review,the overlap is entirely unevidenced (6 and 13 labels),confidence 0.46 below the 0.50 gate for the current operating point,1.1.0,,,,
top_vs_hihat_loop,/Volumes/Jack_Gandy_1TB_SSD/testing-for-NITE-DSP/sample_pack_testing/Sounds of KSHMR Vol.3/KSHMR_Drums_Loops/KSHMR_Drum_Loops_Full/KSHMR_Top_Loops/KSHMR_Top_Loops_090-120/KSHMR_Top_Loop_16_110.wav,KSHMR_Top_Loop_16_110.wav,Sounds of KSHMR Vol.3,KSHMR_Drums_Loops,Top Loop,,Hi-Hat Loop,0.452,review,the overlap is entirely unevidenced (6 and 13 labels),confidence 0.45 below the 0.50 gate for the current operating point,1.1.0,,,,
top_vs_hihat_loop,/Volumes/Jack_Gandy_1TB_SSD/Samples 2021 ->/Sample Packs/Organic Drum Kit/8 Drum Loops/Percussion Loops/Shaker LP - 120 BPM (A).wav,Shaker LP - 120 BPM (A).wav,Organic Drum Kit,8 Drum Loops,Percussion Loop,,Hi-Hat Loop,0.438,review,the overlap is entirely unevidenced (6 and 13 labels),confidence 0.44 below the 0.50 gate for the current operating point,1.1.0,,,,
top_vs_hihat_loop,/Volumes/Jack_Gandy_1TB_SSD/testing-for-NITE-DSP/sample_pack_testing/Sounds of KSHMR Vol.3/KSHMR_Drums_Loops/KSHMR_Drum_Loops_Solo/KSHMR_Shaker_Loops/KSHMR_Shaker_Loop_17_128.wav,KSHMR_Shaker_Loop_17_128.wav,Sounds of KSHMR Vol.3,KSHMR_Drums_Loops,Percussion Loop,,Hi-Hat Loop,0.349,review,the overlap is entirely unevidenced (6 and 13 labels),confidence 0.35 below the 0.50 gate for the current operating point,1.1.0,,,,
top_vs_hihat_loop,/Volumes/Jack_Gandy_1TB_SSD/testing-for-NITE-DSP/sample_pack_testing/Sounds of KSHMR Vol.3/KSHMR_Drums_Loops/KSHMR_Drum_Loops_Full/KSHMR_Top_Loops/KSHMR_Top_Loops_120-128/KSHMR_Top_Loop_04_124.wav,KSHMR_Top_Loop_04_124.wav,Sounds of KSHMR Vol.3,KSHMR_Drums_Loops,Top Loop,,Hi-Hat Loop,0.451,review,the overlap is entirely unevidenced (6 and 13 labels),confidence 0.45 below the 0.50 gate for the current operating point,1.1.0,,,,
top_vs_hihat_loop,/Volumes/Jack_Gandy_1TB_SSD/Samples 2021 ->/Sample Packs/Production Music Live - Ben Böhmer - Sound Pack/Sample Pack V1.0/Loops/Perc Loops/PML_BOEHMER_PERCLOOP_006_123BPM.wav,PML_BOEHMER_PERCLOOP_006_123BPM.wav,Production Music Live - Ben Böhmer - Sound Pack,Sample Pack V1.0,Percussion Loop,,Hi-Hat Loop,0.386,review,the overlap is entirely unevidenced (6 and 13 labels),confidence 0.39 below the 0.50 gate for the current operating point,1.1.0,,,,
top_vs_hihat_loop,/Volumes/Jack_Gandy_1TB_SSD/Samples 2021 ->/Sample Packs/Future Bass By Singular Sounds/Future_Bass_By_Singular_Sounds/Drum_Loops/140_Dolphin_Drumloop.wav,140_Dolphin_Drumloop.wav,Future Bass By Singular Sounds,Future_Bass_By_Singular_Sounds,Drum Loop,,Top Loop,0.27,review,the overlap is entirely unevidenced (6 and 13 labels),confidence 0.27 below the 0.50 gate for the current operating point,1.1.0,,,,
top_vs_hihat_loop,/Volumes/Jack_Gandy_1TB_SSD/Samples 2021 ->/Sample Packs/Daniel deSimone - Experimental Percussion/splice-export__daniel-desimone-experimental-percussion_edited/loop/Percussion/RT_Experimental_Percussion_Percussion_Loop_4_Percussion_Daniel_deSimon_85_loop.wav,RT_Experimental_Percussion_Percussion_Loop_4_Percussion_Daniel_deSimon_85_loop.wav,Daniel deSimone - Experimental Percussion,splice-export__daniel-desimone-experimental-percussion_edited,Percussion Loop,,Hi-Hat Loop,0.183,review,the overlap is entirely unevidenced (6 and 13 labels),confidence 0.18 below the 0.50 gate for the current operating point,1.1.0,,,,
top_vs_hihat_loop,/Volumes/Jack_Gandy_1TB_SSD/Samples 2021 ->/Sample Packs/Loaded Samples - Lo-Fi Memphis 2/DRUMS & PERC LOOPS/Gankin Hi-Hat Loop [73 BPM].wav,Gankin Hi-Hat Loop [73 BPM].wav,Loaded Samples - Lo-Fi Memphis 2,DRUMS & PERC LOOPS,Hi-Hat Loop,,Top Loop,0.296,review,the overlap is entirely unevidenced (6 and 13 labels),confidence 0.30 below the 0.50 gate for the current operating point,1.1.0,,,,
top_vs_hihat_loop,/Volumes/Jack_Gandy_1TB_SSD/Samples 2021 ->/Sample Packs/Organic Drum Kit/8 Drum Loops/Percussion Loops/Tamb Jingle LP - 104 BPM.wav,Tamb Jingle LP - 104 BPM.wav,Organic Drum Kit,8 Drum Loops,Hi-Hat Loop,,Hi-Hat Loop,0.181,review,the overlap is entirely unevidenced (6 and 13 labels),confidence 0.18 below the 0.50 gate for the current operating point,1.1.0,,,,
top_vs_hihat_loop,/Volumes/Jack_Gandy_1TB_SSD/Samples 2021 ->/Sample Packs/Sounds of KSHMR Vol.3/KSHMR_Fills/KSHMR_Signature_Fills/KSHMR_Signature_Fill_16_Doonka_2_128.wav,KSHMR_Signature_Fill_16_Doonka_2_128.wav,Sounds of KSHMR Vol.3,KSHMR_Fills,Drum Fill,,Top Loop,0.436,review,the overlap is entirely unevidenced (6 and 13 labels),confidence 0.44 below the 0.50 gate for the current operating point,1.1.0,,,,
top_vs_hihat_loop,/Volumes/Jack_Gandy_1TB_SSD/Samples 2021 ->/Sample Packs/Production Music Live - Ben Böhmer - Sound Pack/Sample Pack V1.0/Loops/Top Loops/PML_BOEHMER_TOPLOOP_001_120BPM.wav,PML_BOEHMER_TOPLOOP_001_120BPM.wav,Production Music Live - Ben Böhmer - Sound Pack,Sample Pack V1.0,Hi-Hat Loop,,Drum Loop,0.374,review,the overlap is entirely unevidenced (6 and 13 labels),confidence 0.37 below the 0.50 gate for the current operating point,1.1.0,,,,
top_vs_hihat_loop,/Volumes/Jack_Gandy_1TB_SSD/Samples 2021 ->/Sample Packs/KORE - Grooves/splice-export__kore-london-grooves/loop/Percussion/RT_Kore_Players_Tambourine_4_Percussion_Sarah_Jones_135_loop.wav,RT_Kore_Players_Tambourine_4_Percussion_Sarah_Jones_135_loop.wav,KORE - Grooves,splice-export__kore-london-grooves,Percussion Loop,,Hi-Hat Loop,0.365,review,the overlap is entirely unevidenced (6 and 13 labels),confidence 0.36 below the 0.50 gate for the current operating point,1.1.0,,,,
top_vs_hihat_loop,/Volumes/Jack_Gandy_1TB_SSD/Samples 2021 ->/Sample Packs/Daniel Sadownick - Creative Percussion/RT_Daniel_Sadownick_Degraw_Session/loop/Percussion/RT_Daniel_Sadownick_Degraw_Traditional_Percussion_Tambo_120_Loop.wav,RT_Daniel_Sadownick_Degraw_Traditional_Percussion_Tambo_120_Loop.wav,Daniel Sadownick - Creative Percussion,RT_Daniel_Sadownick_Degraw_Session,Percussion Loop,,Hi-Hat Loop,0.327,review,the overlap is entirely unevidenced (6 and 13 labels),confidence 0.33 below the 0.50 gate for the current operating point,1.1.0,,,,
top_vs_hihat_loop,/Volumes/Jack_Gandy_1TB_SSD/Samples 2021 ->/Sample Packs/KRANE Samples/KRNE_SpliceSamplePack/Drums/Loops/KRNE_126_Summer_Perc.wav,KRNE_126_Summer_Perc.wav,KRANE Samples,KRNE_SpliceSamplePack,Percussion Loop,,Hi-Hat Loop,0.427,review,the overlap is entirely unevidenced (6 and 13 labels),confidence 0.43 below the 0.50 gate for the current operating point,1.1.0,,,,
top_vs_hihat_loop,/Volumes/Jack_Gandy_1TB_SSD/Samples 2021 ->/Sample Packs/Tropical House By Singular Sounds/SS_tropical_house_pack/SS_drum_loops/SS_98_carry_on_drum_loop_no_kick.wav,SS_98_carry_on_drum_loop_no_kick.wav,Tropical House By Singular Sounds,SS_tropical_house_pack,Top Loop,,Hi-Hat Loop,0.236,review,the overlap is entirely unevidenced (6 and 13 labels),confidence 0.24 below the 0.50 gate for the current operating point,1.1.0,,,,
top_vs_hihat_loop,/Volumes/Jack_Gandy_1TB_SSD/Samples 2021 ->/Sample Packs/Lex Luger Drumkit/Lex_Luger_Drumkit/LL_loops/LL_138_trap_hihat_loop_5.aif,LL_138_trap_hihat_loop_5.aif,Lex Luger Drumkit,Lex_Luger_Drumkit,Hi-Hat Loop,,Hi-Hat Loop,0.344,review,the overlap is entirely unevidenced (6 and 13 labels),confidence 0.34 below the 0.50 gate for the current operating point,1.1.0,,,,
top_vs_hihat_loop,/Volumes/Jack_Gandy_1TB_SSD/Samples 2021 ->/Sample Packs/Koan_Sound_Acoustic_Design/Test Press KOAN Sound Acoustic Design/loops/drums/top_loops/dnb/TSP_KOAN_172_top_ghost_funk.wav,TSP_KOAN_172_top_ghost_funk.wav,Koan_Sound_Acoustic_Design,Test Press KOAN Sound Acoustic Design,Top Loop,,Hi-Hat,0.229,review,the overlap is entirely unevidenced (6 and 13 labels),confidence 0.23 below the 0.50 gate for the current operating point,1.1.0,,,,
top_vs_hihat_loop,/Volumes/Jack_Gandy_1TB_SSD/Samples 2021 ->/2022/Drums/Loops/Perc loop juan.wav,Perc loop juan.wav,personal:2022,personal:2022/Drums,Foley Loop,,Hi-Hat Loop,0.294,review,the overlap is entirely unevidenced (6 and 13 labels),confidence 0.29 below the 0.50 gate for the current operating point,1.1.0,,,,
top_vs_hihat_loop,/Volumes/Jack_Gandy_1TB_SSD/Samples 2021 ->/Sample Packs/Production Music Live - Acoustic - Melodic House 4/Percussion Loops/PMLxOT4_POL_Percussion_Loop_Spicy Hadd Adds_001_120BPM.wav,PMLxOT4_POL_Percussion_Loop_Spicy Hadd Adds_001_120BPM.wav,Production Music Live - Acoustic - Melodic House 4,Percussion Loops,Percussion Loop,,Top Loop,0.268,review,the overlap is entirely unevidenced (6 and 13 labels),confidence 0.27 below the 0.50 gate for the current operating point,1.1.0,,,,
top_vs_hihat_loop,/Volumes/Jack_Gandy_1TB_SSD/Samples 2021 ->/Sample Packs/Capsun ProAudio - City Pop/Loops/Drum_Loops/Hihat/TCP_77_hihat_loop_romantics.wav,TCP_77_hihat_loop_romantics.wav,Capsun ProAudio - City Pop,Loops,Hi-Hat Loop,,Drum Loop,0.306,review,the overlap is entirely unevidenced (6 and 13 labels),confidence 0.31 below the 0.50 gate for the current operating point,1.1.0,,,,
top_vs_hihat_loop,/Volumes/Jack_Gandy_1TB_SSD/Samples 2021 ->/Sample Packs/Bendji Allonce - Percussion/splice-export__bendji-allonce-percussion-pack_edited/loop/Percussion/RT_Bendji_Allonce_Shaker_Loop_1_Percussion_Bendji_Allonce_120_loop.wav,RT_Bendji_Allonce_Shaker_Loop_1_Percussion_Bendji_Allonce_120_loop.wav,Bendji Allonce - Percussion,splice-export__bendji-allonce-percussion-pack_edited,Percussion Loop,,Hi-Hat Loop,0.493,review,the overlap is entirely unevidenced (6 and 13 labels),confidence 0.49 below the 0.50 gate for the current operating point,1.1.0,,,,
top_vs_hihat_loop,/Volumes/Jack_Gandy_1TB_SSD/Samples 2021 ->/Sample Packs/Teddy Killerz/Producer Pack/Samples/Bass D#m 174 BPM - 6.wav,Bass D#m 174 BPM - 6.wav,Teddy Killerz,Producer Pack,Synth Loop,,Top Loop,0.175,review,the overlap is entirely unevidenced (6 and 13 labels),confidence 0.18 below the 0.50 gate for the current operating point,1.1.0,,,,
bass_family,/Volumes/Jack_Gandy_1TB_SSD/testing-for-NITE-DSP/sample_pack_testing/Sounds of KSHMR Vol.3/KSHMR_Drums/KSHMR_Kicks/KSHMR_Hardstyle_Kicks/KSHMR_Hardstyle_Kicks/KSHMR_Hardstyle_Kick_43_G.wav,KSHMR_Hardstyle_Kick_43_G.wav,Sounds of KSHMR Vol.3,KSHMR_Drums,Kick,,Bass Hit,0.346,review,Sub Bass has ZERO labels; Bass Hit has 11,confidence 0.35 below the 0.50 gate for the current operating point,1.1.0,,,,
bass_family,/Volumes/Jack_Gandy_1TB_SSD/testing-for-NITE-DSP/sample_pack_testing/Sounds of KSHMR Vol.3/KSHMR_Drums/KSHMR_Kicks/KSHMR_Hardstyle_Kicks/KSHMR_Sickdellz_Kick_Ragnar_All_Keys/KSHMR_x_SD_Ragnar_Kick_E.wav,KSHMR_x_SD_Ragnar_Kick_E.wav,Sounds of KSHMR Vol.3,KSHMR_Drums,Kick,,Bass Hit,0.249,review,Sub Bass has ZERO labels; Bass Hit has 11,confidence 0.25 below the 0.50 gate for the current operating point,1.1.0,,,,
bass_family,/Volumes/Jack_Gandy_1TB_SSD/testing-for-NITE-DSP/sample_pack_testing/Sounds of KSHMR Vol.3/KSHMR_Drums/KSHMR_Kicks/KSHMR_Hardstyle_Kicks/KSHMR_Sickdellz_Kick_Ragnar_All_Keys/KSHMR_x_SD_Ragnar_Kick_G.wav,KSHMR_x_SD_Ragnar_Kick_G.wav,Sounds of KSHMR Vol.3,KSHMR_Drums,Kick,,Bass Hit,0.284,review,Sub Bass has ZERO labels; Bass Hit has 11,confidence 0.28 below the 0.50 gate for the current operating point,1.1.0,,,,
bass_family,/Volumes/Jack_Gandy_1TB_SSD/testing-for-NITE-DSP/sample_pack_testing/Sounds of KSHMR Vol.3/KSHMR_Drums/KSHMR_Kicks/KSHMR_Signature_Kicks/KSHMR_Signature_Kick_14_Like_A_G6_G.wav,KSHMR_Signature_Kick_14_Like_A_G6_G.wav,Sounds of KSHMR Vol.3,KSHMR_Drums,Kick,,Bass Hit,0.585,review,Sub Bass has ZERO labels; Bass Hit has 11,class has no measured precision history; not eligible to act until it does,1.1.0,,,,
bass_family,/Volumes/Jack_Gandy_1TB_SSD/Samples 2021 ->/2026/Reese_Bass_(F)/Bounce 14-gust [2026-08-11 135624]-1.wav,Bounce 14-gust [2026-08-11 135624]-1.wav,personal:2026,personal:2026/Reese_Bass_(F),Bass Reese,,Bass Reese,0.887,review,Sub Bass has ZERO labels; Bass Hit has 11,class has no measured precision history; not eligible to act until it does,1.1.0,,,,
bass_family,/Volumes/Jack_Gandy_1TB_SSD/Samples 2021 ->/2023/Reese Resamples (F)/Freeze 10-flange2 [2023-12-31 014035].wav,Freeze 10-flange2 [2023-12-31 014035].wav,personal:2023,personal:2023/Reese Resamples (F),Bass Reese,,Bass Reese,0.892,review,Sub Bass has ZERO labels; Bass Hit has 11,class has no measured precision history; not eligible to act until it does,1.1.0,,,,
bass_family,/Volumes/Jack_Gandy_1TB_SSD/Samples 2021 ->/2025/Reese_Bass_(F)/Bounce 1-light and easy [2026-01-14 153007]-2.wav,Bounce 1-light and easy [2026-01-14 153007]-2.wav,personal:2025,personal:2025/Reese_Bass_(F),Bass Reese,,Bass Reese,0.795,review,Sub Bass has ZERO labels; Bass Hit has 11,class has no measured precision history; not eligible to act until it does,1.1.0,,,,
bass_family,/Volumes/Jack_Gandy_1TB_SSD/Samples 2021 ->/2024/Reese Bass (F)/Freeze 12-whatthfu [2024-12-31 140636]-2.wav,Freeze 12-whatthfu [2024-12-31 140636]-2.wav,personal:2024,personal:2024/Reese Bass (F),Bass Reese,,Bass Reese,0.774,review,Sub Bass has ZERO labels; Bass Hit has 11,class has no measured precision history; not eligible to act until it does,1.1.0,,,,
bass_family,/Volumes/Jack_Gandy_1TB_SSD/Samples 2021 ->/Sample Packs/Flume Ultimate Community Kit/SFX/Risers-Sweeps/LATITUDE_Transition_fx_01.wav,LATITUDE_Transition_fx_01.wav,Flume Ultimate Community Kit,SFX,SFX,,Bass Reese,0.263,review,Sub Bass has ZERO labels; Bass Hit has 11,confidence 0.26 below the 0.50 gate for the current operating point,1.1.0,,,,
bass_family,/Volumes/Jack_Gandy_1TB_SSD/Samples 2021 ->/2024/808s (F)/Freeze 15-regenration [2024-04-24 152707].wav,Freeze 15-regenration [2024-04-24 152707].wav,personal:2024,personal:2024/808s (F),Bass Reese,,Bass Reese,0.821,review,Sub Bass has ZERO labels; Bass Hit has 11,class has no measured precision history; not eligible to act until it does,1.1.0,,,,
bass_family,/Volumes/Jack_Gandy_1TB_SSD/Samples 2021 ->/Sample Packs/Fishing Beat Sample Pack/Fishing Beat Sample Pack Fishing Snare.wav,Fishing Beat Sample Pack Fishing Snare.wav,Fishing Beat Sample Pack,Fishing Beat Sample Pack,Bass Loop,,Foley,0.24,review,Sub Bass has ZERO labels; Bass Hit has 11,confidence 0.24 below the 0.50 gate for the current operating point,1.1.0,,,,
bass_family,/Volumes/Jack_Gandy_1TB_SSD/Samples 2021 ->/Sample Packs/Rosentricks - Essentials/Melodic Oneshots/RT_One_Shot_Cassette_Pluck_C.wav,RT_One_Shot_Cassette_Pluck_C.wav,Rosentricks - Essentials,Melodic Oneshots,Synth One-Shot,,Bass Hit,0.213,review,Sub Bass has ZERO labels; Bass Hit has 11,confidence 0.21 below the 0.50 gate for the current operating point,1.1.0,,,,
bass_family,/Volumes/Jack_Gandy_1TB_SSD/Samples 2021 ->/2025/808_Reese_(F)/Freeze 23-cockforu [2025-01-23 154911]-1.wav,Freeze 23-cockforu [2025-01-23 154911]-1.wav,personal:2025,personal:2025/808_Reese_(F),Bass Reese,,Bass Reese,0.83,review,Sub Bass has ZERO labels; Bass Hit has 11,class has no measured precision history; not eligible to act until it does,1.1.0,,,,
bass_family,/Volumes/Jack_Gandy_1TB_SSD/Samples 2021 ->/2023/Cello Bass (F)/Freeze 21-Cello6 [2023-07-28 171151].wav,Freeze 21-Cello6 [2023-07-28 171151].wav,personal:2023,personal:2023/Cello Bass (F),Bass Reese,,Bass Reese,0.765,review,Sub Bass has ZERO labels; Bass Hit has 11,class has no measured precision history; not eligible to act until it does,1.1.0,,,,
bass_family,/Volumes/Jack_Gandy_1TB_SSD/Samples 2021 ->/2023/Long Bass Resamples (F)/Freeze 1-Megadistrots [2023-07-28 220341].wav,Freeze 1-Megadistrots [2023-07-28 220341].wav,personal:2023,personal:2023/Long Bass Resamples (F),Bass Reese,,Bass Reese,0.848,review,Sub Bass has ZERO labels; Bass Hit has 11,class has no measured precision history; not eligible to act until it does,1.1.0,,,,
bass_family,/Volumes/Jack_Gandy_1TB_SSD/Samples 2021 ->/2023/808/Harmonic Bass Organ F.wav,Harmonic Bass Organ F.wav,personal:2023,personal:2023/808,Percussion Loop,,Bass Hit,0.262,review,Sub Bass has ZERO labels; Bass Hit has 11,confidence 0.26 below the 0.50 gate for the current operating point,1.1.0,,,,
bass_family,/Volumes/Jack_Gandy_1TB_SSD/Samples 2021 ->/2023/INIT/Saw C3.wav,Saw C3.wav,personal:2023,personal:2023/INIT,Synth One-Shot,,Bass Reese,0.221,review,Sub Bass has ZERO labels; Bass Hit has 11,confidence 0.22 below the 0.50 gate for the current operating point,1.1.0,,,,
bass_family,/Volumes/Jack_Gandy_1TB_SSD/Samples 2021 ->/2024/Noise/Noise at 22hz.wav,Noise at 22hz.wav,personal:2024,personal:2024/Noise,SFX,,Bass Reese,0.208,review,Sub Bass has ZERO labels; Bass Hit has 11,confidence 0.21 below the 0.50 gate for the current operating point,1.1.0,,,,
bass_family,/Volumes/Jack_Gandy_1TB_SSD/Samples 2021 ->/2022/Bass/Granular Resamples (F)/Freeze 30-sin ti [2023-02-10 195656].wav,Freeze 30-sin ti [2023-02-10 195656].wav,personal:2022,personal:2022/Bass,Bass Reese,,Bass Reese,0.846,review,Sub Bass has ZERO labels; Bass Hit has 11,class has no measured precision history; not eligible to act until it does,1.1.0,,,,
bass_family,/Volumes/Jack_Gandy_1TB_SSD/Samples 2021 ->/2022/808's/Fat 808.wav,Fat 808.wav,personal:2022,personal:2022/808's,Other/none,,Bass Reese,0.247,review,Sub Bass has ZERO labels; Bass Hit has 11,confidence 0.25 below the 0.50 gate for the current operating point,1.1.0,,,,
bass_family,/Volumes/Jack_Gandy_1TB_SSD/Samples 2021 ->/Sample Packs/Virtual Riot/Studio Time EP4 - Serum Hacks Files/Serum Wavetables/VR - Sine Remapped/Sine16.wav.wav,Sine16.wav.wav,Virtual Riot,Studio Time EP4 - Serum Hacks Files,SFX,,Bass Reese,0.197,review,Sub Bass has ZERO labels; Bass Hit has 11,confidence 0.20 below the 0.50 gate for the current operating point,1.1.0,,,,
bass_family,/Volumes/Jack_Gandy_1TB_SSD/Samples 2021 ->/Sample Packs/Black Octopus Sound - Pure Analog Sweeps IV (2021)/B/Diamaudix_Audio_PAS_IV_Sweep_FX_B16.wav,Diamaudix_Audio_PAS_IV_Sweep_FX_B16.wav,Black Octopus Sound - Pure Analog Sweeps IV (2021),B,SFX,,Bass Hit,0.266,review,Sub Bass has ZERO labels; Bass Hit has 11,confidence 0.27 below the 0.50 gate for the current operating point,1.1.0,,,,
bass_family,/Volumes/Jack_Gandy_1TB_SSD/Samples 2021 ->/Sample Packs/Koan Sound/Koan Sound Samples/ks-samples-01/Bass Wet_F.wav,Bass Wet_F.wav,Koan Sound,Koan Sound Samples,Bass Reese,,Bass Reese,0.704,review,Sub Bass has ZERO labels; Bass Hit has 11,class has no measured precision history; not eligible to act until it does,1.1.0,,,,
bass_family,/Volumes/Jack_Gandy_1TB_SSD/Samples 2021 ->/2026/Reese_Bass_(F)/Bounce 1-fufa [2026-07-07 003355]-1.wav,Bounce 1-fufa [2026-07-07 003355]-1.wav,personal:2026,personal:2026/Reese_Bass_(F),Bass Reese,,Bass Reese,0.883,review,Sub Bass has ZERO labels; Bass Hit has 11,class has no measured precision history; not eligible to act until it does,1.1.0,,,,
bass_family,/Volumes/Jack_Gandy_1TB_SSD/Samples 2021 ->/2023/Reese Resamples (F)/Freeze 16-5 rock [2023-12-15 020933].wav,Freeze 16-5 rock [2023-12-15 020933].wav,personal:2023,personal:2023/Reese Resamples (F),Bass Reese,,Bass Reese,0.882,review,Sub Bass has ZERO labels; Bass Hit has 11,class has no measured precision history; not eligible to act until it does,1.1.0,,,,
bass_family,/Volumes/Jack_Gandy_1TB_SSD/Samples 2021 ->/2025/Reese_Bass_(F)/Bounce 1-reese2v [2025-12-16 120149]-2.wav,Bounce 1-reese2v [2025-12-16 120149]-2.wav,personal:2025,personal:2025/Reese_Bass_(F),Bass Reese,,Bass Reese,0.912,review,Sub Bass has ZERO labels; Bass Hit has 11,class has no measured precision history; not eligible to act until it does,1.1.0,,,,
bass_family,/Volumes/Jack_Gandy_1TB_SSD/Samples 2021 ->/2024/Reese Bass (F)/Freeze 35-fuckkyeh [2024-12-16 221224]-2.wav,Freeze 35-fuckkyeh [2024-12-16 221224]-2.wav,personal:2024,personal:2024/Reese Bass (F),Bass Reese,,Bass Reese,0.786,review,Sub Bass has ZERO labels; Bass Hit has 11,class has no measured precision history; not eligible to act until it does,1.1.0,,,,
bass_family,/Volumes/Jack_Gandy_1TB_SSD/Samples 2021 ->/2023/Cello Bass (F)/Freeze 2-Cello3 [2023-07-28 162722].wav,Freeze 2-Cello3 [2023-07-28 162722].wav,personal:2023,personal:2023/Cello Bass (F),Bass Reese,,Bass Reese,0.85,review,Sub Bass has ZERO labels; Bass Hit has 11,class has no measured precision history; not eligible to act until it does,1.1.0,,,,
bass_family,/Volumes/Jack_Gandy_1TB_SSD/Samples 2021 ->/Ableton Sampler/BL+Palm+Muted+Upright+3.1+ABLETON/BL Palm Muted Upright 3.1 Project/Samples/Imported/BL_PALMMUTEDUPRIGHT_MF_C0.wav,BL_PALMMUTEDUPRIGHT_MF_C0.wav,personal:Ableton Sampler,personal:Ableton Sampler/BL+Palm+Muted+Upright+3.1+ABLETON,Bass Hit,,Bass Hit,0.209,review,Sub Bass has ZERO labels; Bass Hit has 11,confidence 0.21 below the 0.50 gate for the current operating point,1.1.0,,,,
bass_family,/Volumes/Jack_Gandy_1TB_SSD/Samples 2021 ->/2023/Long Bass Resamples (F)/Freeze 2-Pedal [2023-07-25 023712].wav,Freeze 2-Pedal [2023-07-25 023712].wav,personal:2023,personal:2023/Long Bass Resamples (F),Bass Reese,,Bass Reese,0.75,review,Sub Bass has ZERO labels; Bass Hit has 11,class has no measured precision history; not eligible to act until it does,1.1.0,,,,
bass_family,/Volumes/Jack_Gandy_1TB_SSD/Samples 2021 ->/2024/Cello/cello-sustained-single-note_103bpm_C_major.wav,cello-sustained-single-note_103bpm_C_major.wav,personal:2024,personal:2024/Cello,Other/none,,Bass Hit,0.219,review,Sub Bass has ZERO labels; Bass Hit has 11,confidence 0.22 below the 0.50 gate for the current operating point,1.1.0,,,,
bass_family,/Volumes/Jack_Gandy_1TB_SSD/Samples 2021 ->/2023/808/Skrill bass.wav,Skrill bass.wav,personal:2023,personal:2023/808,Bass Hit,,Bass Hit,0.323,review,Sub Bass has ZERO labels; Bass Hit has 11,confidence 0.32 below the 0.50 gate for the current operating point,1.1.0,,,,
bass_family,/Volumes/Jack_Gandy_1TB_SSD/Samples 2021 ->/Vocalist_Samples/No Idle/Loops/Bass[145] No Idle.wav,Bass[145] No Idle.wav,personal:Vocalist_Samples,personal:Vocalist_Samples/No Idle,Bass Hit,,Bass Reese,0.35,review,Sub Bass has ZERO labels; Bass Hit has 11,confidence 0.35 below the 0.50 gate for the current operating point,1.1.0,,,,
bass_family,/Volumes/Jack_Gandy_1TB_SSD/Samples 2021 ->/Sample Packs/IMANU/IMANU Patreon August 2022 Samples/cba to figure out these notes but its a cool bass.wav,cba to figure out these notes but its a cool bass.wav,IMANU,IMANU Patreon August 2022 Samples,Synth Loop,,Bass Reese,0.29,review,Sub Bass has ZERO labels; Bass Hit has 11,confidence 0.29 below the 0.50 gate for the current operating point,1.1.0,,,,
bass_family,/Volumes/Jack_Gandy_1TB_SSD/Samples 2021 ->/Sample Packs/IMANU/IMANU Patreon May 2022 Samples/happy cringe Fm 160.wav,happy cringe Fm 160.wav,IMANU,IMANU Patreon May 2022 Samples,Synth Loop,,Bass Reese,0.313,review,Sub Bass has ZERO labels; Bass Hit has 11,confidence 0.31 below the 0.50 gate for the current operating point,1.1.0,,,,
bass_family,/Volumes/Jack_Gandy_1TB_SSD/Samples 2021 ->/Sample Packs/IMANU/IMANU Patreon June 2024 Samples /Epic Reese Eharmm.wav,Epic Reese Eharmm.wav,IMANU,IMANU Patreon June 2024 Samples ,Synth Loop,,Bass Reese,0.593,review,Sub Bass has ZERO labels; Bass Hit has 11,class has no measured precision history; not eligible to act until it does,1.1.0,,,,
bass_family,/Volumes/Jack_Gandy_1TB_SSD/Samples 2021 ->/2022/Bass/Granular Resamples (F)/Freeze 14-medicin2 [2023-01-31 000207].wav,Freeze 14-medicin2 [2023-01-31 000207].wav,personal:2022,personal:2022/Bass,Bass Reese,,Bass Reese,0.843,review,Sub Bass has ZERO labels; Bass Hit has 11,class has no measured precision history; not eligible to act until it does,1.1.0,,,,
bass_family,/Volumes/Jack_Gandy_1TB_SSD/Samples 2021 ->/Sample Packs/IMANU/IMANU April 2024 Patreon Samples/Steps A.wav,Steps A.wav,IMANU,IMANU April 2024 Patreon Samples,Synth Loop,,Bass Reese,0.244,review,Sub Bass has ZERO labels; Bass Hit has 11,confidence 0.24 below the 0.50 gate for the current operating point,1.1.0,,,,
bass_family,/Volumes/Jack_Gandy_1TB_SSD/Samples 2021 ->/Sample Packs/IMANU/IMANU Patreon March 2022 Samples/Formant Reese Chord F#harmm.wav,Formant Reese Chord F#harmm.wav,IMANU,IMANU Patreon March 2022 Samples,Synth Loop,,Bass Reese,0.262,review,Sub Bass has ZERO labels; Bass Hit has 11,confidence 0.26 below the 0.50 gate for the current operating point,1.1.0,,,,
bass_family,/Volumes/Jack_Gandy_1TB_SSD/Samples 2021 ->/Sample Packs/Virtual Riot/VR - Generative Chords & Melodies (MIDI Racks and Project files)/Chords + 2 Arp Layers & random sample selection Project/Samples/Imported/Rob Late - Pluck - Marimba Rattle (C).wav,Rob Late - Pluck - Marimba Rattle (C).wav,Virtual Riot,VR - Generative Chords & Melodies (MIDI Racks and Project files),Synth One-Shot,,Bass Hit,0.252,review,Sub Bass has ZERO labels; Bass Hit has 11,confidence 0.25 below the 0.50 gate for the current operating point,1.1.0,,,,
bass_family,/Volumes/Jack_Gandy_1TB_SSD/Samples 2021 ->/Sample Packs/SIIK Sounds - Eclipse (Full Pack)/SIIK Sounds Eclipse (WAV Samples)/Synth Shots/Bass Shots/ECLIPSE Bass Shot 04 F.wav,ECLIPSE Bass Shot 04 F.wav,SIIK Sounds - Eclipse (Full Pack),SIIK Sounds Eclipse (WAV Samples),Bass Hit,,Kick,0.387,review,Sub Bass has ZERO labels; Bass Hit has 11,confidence 0.39 below the 0.50 gate for the current operating point,1.1.0,,,,
bass_family,/Volumes/Jack_Gandy_1TB_SSD/Samples 2021 ->/Sample Packs/Loaded Samples - Lo-Fi Memphis 2/MELODY CHOPS/CHOP_Splitbell #1 (B).wav,CHOP_Splitbell #1 (B).wav,Loaded Samples - Lo-Fi Memphis 2,MELODY CHOPS,Bass Hit,,Bass Hit,0.552,review,Sub Bass has ZERO labels; Bass Hit has 11,class has no measured precision history; not eligible to act until it does,1.1.0,,,,
bass_family,/Volumes/Jack_Gandy_1TB_SSD/Samples 2021 ->/Sample Packs/MGF Mega Pack/Analogue Collection/Bass/JX3P - Square Lo C1.wav,JX3P - Square Lo C1.wav,MGF Mega Pack,Analogue Collection,Synth One-Shot,,Bass Reese,0.437,review,Sub Bass has ZERO labels; Bass Hit has 11,confidence 0.44 below the 0.50 gate for the current operating point,1.1.0,,,,
bass_family,/Volumes/Jack_Gandy_1TB_SSD/Samples 2021 ->/Sample Packs/MGF Mega Pack/Multisamples/MGF DX21 Vol 1/DTROIT Bass 1/DTROIT Bass1 4 G0.wav,DTROIT Bass1 4 G0.wav,MGF Mega Pack,Multisamples,Bass Hit,,Kick,0.587,auto_rename,Sub Bass has ZERO labels; Bass Hit has 11,Kick measured 94.3% precision above the gate; cleared for automatic action,1.1.0,,,,
bass_family,/Volumes/Jack_Gandy_1TB_SSD/Samples 2021 ->/Sample Packs/MGF Mega Pack/Wavetables/Producer Hive Analog + Vintage Wavetables (demo)/A01_MOD_Sq_Res2.wav,A01_MOD_Sq_Res2.wav,MGF Mega Pack,Wavetables,Bass Hit,,Bass Hit,0.203,review,Sub Bass has ZERO labels; Bass Hit has 11,confidence 0.20 below the 0.50 gate for the current operating point,1.1.0,,,,
bass_family,/Volumes/Jack_Gandy_1TB_SSD/Samples 2021 ->/Sample Packs/Mike Shinoda Drums/MS BEATS/Bruiser Samples/RYGAR33.WAV,RYGAR33.WAV,Mike Shinoda Drums,MS BEATS,Other/none,,Bass Hit,0.239,review,Sub Bass has ZERO labels; Bass Hit has 11,confidence 0.24 below the 0.50 gate for the current operating point,1.1.0,,,,
bass_family,/Volumes/Jack_Gandy_1TB_SSD/Samples 2021 ->/Sample Packs/Sounds of KSHMR Vol.3/KSHMR_Live_Instruments/KSHMR_Orchestral_Instruments/KSHMR_Brass/KSHMR_Brass_Sustains/KSHMR_Brass_Sustain_12_G.wav,KSHMR_Brass_Sustain_12_G.wav,Sounds of KSHMR Vol.3,KSHMR_Live_Instruments,Bass Hit,,SFX,0.473,review,Sub Bass has ZERO labels; Bass Hit has 11,confidence 0.47 below the 0.50 gate for the current operating point,1.1.0,,,,
bass_family,/Volumes/Jack_Gandy_1TB_SSD/Samples 2021 ->/Sample Packs/Sounds of KSHMR Vol.3/KSHMR_Synths/KSHMR_Bass_Shots/KSHMR_Bass_Growl/KSHMR_Bass_Growl_03_D.wav,KSHMR_Bass_Growl_03_D.wav,Sounds of KSHMR Vol.3,KSHMR_Synths,Bass Hit,,Clap,0.322,review,Sub Bass has ZERO labels; Bass Hit has 11,confidence 0.32 below the 0.50 gate for the current operating point,1.1.0,,,,
bass_family,/Volumes/Jack_Gandy_1TB_SSD/Samples 2021 ->/2026/Reese_Bass_(F)/Bounce 1-simple nip [2026-03-24 011435]-1.wav,Bounce 1-simple nip [2026-03-24 011435]-1.wav,personal:2026,personal:2026/Reese_Bass_(F),Bass Reese,,Bass Reese,0.802,review,Sub Bass has ZERO labels; Bass Hit has 11,class has no measured precision history; not eligible to act until it does,1.1.0,,,,
bass_family,/Volumes/Jack_Gandy_1TB_SSD/Samples 2021 ->/2023/Reese Resamples (F)/Freeze 2-me [2023-12-31 042649].wav,Freeze 2-me [2023-12-31 042649].wav,personal:2023,personal:2023/Reese Resamples (F),Bass Reese,,Bass Reese,0.887,review,Sub Bass has ZERO labels; Bass Hit has 11,class has no measured precision history; not eligible to act until it does,1.1.0,,,,
bass_family,/Volumes/Jack_Gandy_1TB_SSD/Samples 2021 ->/2025/Reese_Bass_(F)/Bounce 28-hype [2026-01-07 171801]-2.wav,Bounce 28-hype [2026-01-07 171801]-2.wav,personal:2025,personal:2025/Reese_Bass_(F),Bass Reese,,Bass Reese,0.777,review,Sub Bass has ZERO labels; Bass Hit has 11,class has no measured precision history; not eligible to act until it does,1.1.0,,,,
bass_family,/Volumes/Jack_Gandy_1TB_SSD/Samples 2021 ->/2024/Reese Bass (F)/Freeze 2-squaresaw [2025-01-07 184748]-2.wav,Freeze 2-squaresaw [2025-01-07 184748]-2.wav,personal:2024,personal:2024/Reese Bass (F),Bass Reese,,Bass Reese,0.784,review,Sub Bass has ZERO labels; Bass Hit has 11,class has no measured precision history; not eligible to act until it does,1.1.0,,,,
bass_family,/Volumes/Jack_Gandy_1TB_SSD/Samples 2021 ->/2024/808s (F)/Freeze 2-808 newer [2024-04-17 132930].wav,Freeze 2-808 newer [2024-04-17 132930].wav,personal:2024,personal:2024/808s (F),Bass Reese,,Bass Reese,0.799,review,Sub Bass has ZERO labels; Bass Hit has 11,class has no measured precision history; not eligible to act until it does,1.1.0,,,,
bass_family,/Volumes/Jack_Gandy_1TB_SSD/Samples 2021 ->/2025/808_Reese_(F)/Freeze 2-guiltyasplz [2025-02-20 225400]-2.wav,Freeze 2-guiltyasplz [2025-02-20 225400]-2.wav,personal:2025,personal:2025/808_Reese_(F),Bass Reese,,Bass Reese,0.91,review,Sub Bass has ZERO labels; Bass Hit has 11,class has no measured precision history; not eligible to act until it does,1.1.0,,,,
bass_family,/Volumes/Jack_Gandy_1TB_SSD/Samples 2021 ->/2023/Cello Bass (F)/Freeze 1-Complex Ceello [2023-07-29 014303].wav,Freeze 1-Complex Ceello [2023-07-29 014303].wav,personal:2023,personal:2023/Cello Bass (F),Bass Reese,,Bass Reese,0.853,review,Sub Bass has ZERO labels; Bass Hit has 11,class has no measured precision history; not eligible to act until it does,1.1.0,,,,
bass_family,/Volumes/Jack_Gandy_1TB_SSD/Samples 2021 ->/2024/Instruments (C1)/Bass Guitar C1.wav,Bass Guitar C1.wav,personal:2024,personal:2024/Instruments (C1),Bass Hit,,Bass Hit,0.274,review,Sub Bass has ZERO labels; Bass Hit has 11,confidence 0.27 below the 0.50 gate for the current operating point,1.1.0,,,,
bass_family,/Volumes/Jack_Gandy_1TB_SSD/Samples 2021 ->/2023/Long Bass Resamples (F)/Freeze 2-derr [2023-07-25 031952].wav,Freeze 2-derr [2023-07-25 031952].wav,personal:2023,personal:2023/Long Bass Resamples (F),Bass Reese,,Bass Reese,0.823,review,Sub Bass has ZERO labels; Bass Hit has 11,class has no measured precision history; not eligible to act until it does,1.1.0,,,,
bass_family,/Volumes/Jack_Gandy_1TB_SSD/Samples 2021 ->/2024/Cello/cello-sustained-dark-single-note_147bpm_C_major.wav,cello-sustained-dark-single-note_147bpm_C_major.wav,personal:2024,personal:2024/Cello,Other/none,,Bass Hit,0.269,review,Sub Bass has ZERO labels; Bass Hit has 11,confidence 0.27 below the 0.50 gate for the current operating point,1.1.0,,,,
bass_family,/Volumes/Jack_Gandy_1TB_SSD/Samples 2021 ->/2023/808/Freeze 808 [2023-07-27 182310].wav,Freeze 808 [2023-07-27 182310].wav,personal:2023,personal:2023/808,Bass Reese,,Bass Reese,0.209,review,Sub Bass has ZERO labels; Bass Hit has 11,confidence 0.21 below the 0.50 gate for the current operating point,1.1.0,,,,
atmos_sfx_impact,/Volumes/Jack_Gandy_1TB_SSD/Samples 2021 ->/Sample Packs/Production Music Live - Ben Böhmer - Sound Pack/Ableton Templates/PML - Balloon - Melodic Deep Template (Ben Style) Project/Samples/Processed/Reverse/Intro Hit [2020-03-03 131102] R.wav,Intro Hit [2020-03-03 131102] R.wav,Production Music Live - Ben Böhmer - Sound Pack,Ableton Templates,SFX,,Riser,0.288,review,Atmosphere has 3 labels; SFX is incoherent,confidence 0.29 below the 0.50 gate for the current operating point,1.1.0,,,,
atmos_sfx_impact,/Volumes/Jack_Gandy_1TB_SSD/Samples 2021 ->/Ableton Sampler/BL+Palm+Muted+Upright+3.1+ABLETON/Noise Reduced Samples/BL_PALMMUTEDUPRIGHT_SILENCE_01.wav,BL_PALMMUTEDUPRIGHT_SILENCE_01.wav,personal:Ableton Sampler,personal:Ableton Sampler/BL+Palm+Muted+Upright+3.1+ABLETON,Weather/Nature Atmos,,Synth One-Shot,0.181,review,Atmosphere has 3 labels; SFX is incoherent,confidence 0.18 below the 0.50 gate for the current operating point,1.1.0,,,,
atmos_sfx_impact,/Volumes/Jack_Gandy_1TB_SSD/Samples 2021 ->/Sample Packs/Soundbox - Maximum FX (2019)/SB_MFX_124_LOOPS/SB_MFX_124_DROPS/SB_MFX_124_DROP_001.wav,SB_MFX_124_DROP_001.wav,Soundbox - Maximum FX (2019),SB_MFX_124_LOOPS,Impact,,Crash,0.344,review,Atmosphere has 3 labels; SFX is incoherent,confidence 0.34 below the 0.50 gate for the current operating point,1.1.0,,,,
atmos_sfx_impact,/Volumes/Jack_Gandy_1TB_SSD/Samples 2021 ->/Sample Packs/Soundbox - Maximum FX (2019)/SB_MFX_128_LOOPS/SB_MFX_128_DROPS/SB_MFX_128_DROP_001.wav,SB_MFX_128_DROP_001.wav,Soundbox - Maximum FX (2019),SB_MFX_128_LOOPS,Impact,,Crash,0.435,review,Atmosphere has 3 labels; SFX is incoherent,confidence 0.44 below the 0.50 gate for the current operating point,1.1.0,,,,
atmos_sfx_impact,/Volumes/Jack_Gandy_1TB_SSD/Samples 2021 ->/Sample Packs/Soundbox - Maximum FX (2019)/SB_MFX_140_LOOPS/SB_MFX_140_IMPACTS/SB_MFX_140_IMPACT_001.wav,SB_MFX_140_IMPACT_001.wav,Soundbox - Maximum FX (2019),SB_MFX_140_LOOPS,Impact,,Impact,0.333,review,Atmosphere has 3 labels; SFX is incoherent,confidence 0.33 below the 0.50 gate for the current operating point,1.1.0,,,,
atmos_sfx_impact,/Volumes/Jack_Gandy_1TB_SSD/Samples 2021 ->/Sample Packs/Teddy Killerz/Pro Drums/TK Serum Noises/TK Noise 1.wav,TK Noise 1.wav,Teddy Killerz,Pro Drums,Weather/Nature Atmos,,Clap,0.223,review,Atmosphere has 3 labels; SFX is incoherent,confidence 0.22 below the 0.50 gate for the current operating point,1.1.0,,,,
atmos_sfx_impact,/Volumes/Jack_Gandy_1TB_SSD/Samples 2021 ->/Sample Packs/Rosentricks - Essentials/Ambience/RT_Ambience_Night_Sky_C_105.wav,RT_Ambience_Night_Sky_C_105.wav,Rosentricks - Essentials,Ambience,Atmosphere,,Pad,0.576,review,Atmosphere has 3 labels; SFX is incoherent,class has no measured precision history; not eligible to act until it does,1.1.0,,,,
atmos_sfx_impact,"/Volumes/Jack_Gandy_1TB_SSD/Samples 2021 ->/Sample Packs/Soundbox - Impacts, Risers & Drops 7 (2021)/SB_IR&D_7_120_DROPS/SB_IR&D_7_120_DROP_001.wav",SB_IR&D_7_120_DROP_001.wav,"Soundbox - Impacts, Risers & Drops 7 (2021)",SB_IR&D_7_120_DROPS,Impact,,Riser,0.317,review,Atmosphere has 3 labels; SFX is incoherent,confidence 0.32 below the 0.50 gate for the current operating point,1.1.0,,,,
atmos_sfx_impact,"/Volumes/Jack_Gandy_1TB_SSD/Samples 2021 ->/Sample Packs/Soundbox - Impacts, Risers & Drops 7 (2021)/SB_IR&D_7_120_IMPACTS/SB_IR&D_7_120_IMPACT_001.wav",SB_IR&D_7_120_IMPACT_001.wav,"Soundbox - Impacts, Risers & Drops 7 (2021)",SB_IR&D_7_120_IMPACTS,Impact,,Impact,0.344,review,Atmosphere has 3 labels; SFX is incoherent,confidence 0.34 below the 0.50 gate for the current operating point,1.1.0,,,,
atmos_sfx_impact,"/Volumes/Jack_Gandy_1TB_SSD/Samples 2021 ->/Sample Packs/Soundbox - Impacts, Risers & Drops 7 (2021)/SB_IR&D_7_120_RISERS/SB_IR&D_7_120_RISER_001.wav",SB_IR&D_7_120_RISER_001.wav,"Soundbox - Impacts, Risers & Drops 7 (2021)",SB_IR&D_7_120_RISERS,Riser,,SFX,0.307,review,Atmosphere has 3 labels; SFX is incoherent,confidence 0.31 below the 0.50 gate for the current operating point,1.1.0,,,,
atmos_sfx_impact,"/Volumes/Jack_Gandy_1TB_SSD/Samples 2021 ->/Sample Packs/Soundbox - Impacts, Risers & Drops 7 (2021)/SB_IR&D_7_124_DROPS/SB_IR&D_7_124_DROP_001.wav",SB_IR&D_7_124_DROP_001.wav,"Soundbox - Impacts, Risers & Drops 7 (2021)",SB_IR&D_7_124_DROPS,Impact,,Riser,0.437,review,Atmosphere has 3 labels; SFX is incoherent,confidence 0.44 below the 0.50 gate for the current operating point,1.1.0,,,,
atmos_sfx_impact,"/Volumes/Jack_Gandy_1TB_SSD/Samples 2021 ->/Sample Packs/Soundbox - Impacts, Risers & Drops 7 (2021)/SB_IR&D_7_124_IMPACTS/SB_IR&D_7_124_IMPACT_001.wav",SB_IR&D_7_124_IMPACT_001.wav,"Soundbox - Impacts, Risers & Drops 7 (2021)",SB_IR&D_7_124_IMPACTS,Riser,,Impact,0.378,review,Atmosphere has 3 labels; SFX is incoherent,confidence 0.38 below the 0.50 gate for the current operating point,1.1.0,,,,
atmos_sfx_impact,"/Volumes/Jack_Gandy_1TB_SSD/Samples 2021 ->/Sample Packs/Soundbox - Impacts, Risers & Drops 7 (2021)/SB_IR&D_7_124_RISERS/SB_IR&D_7_124_RISER_001.wav",SB_IR&D_7_124_RISER_001.wav,"Soundbox - Impacts, Risers & Drops 7 (2021)",SB_IR&D_7_124_RISERS,Riser,,SFX,0.292,review,Atmosphere has 3 labels; SFX is incoherent,confidence 0.29 below the 0.50 gate for the current operating point,1.1.0,,,,
atmos_sfx_impact,"/Volumes/Jack_Gandy_1TB_SSD/Samples 2021 ->/Sample Packs/Soundbox - Impacts, Risers & Drops 7 (2021)/SB_IR&D_7_128_DROPS/SB_IR&D_7_128_DROP_001.wav",SB_IR&D_7_128_DROP_001.wav,"Soundbox - Impacts, Risers & Drops 7 (2021)",SB_IR&D_7_128_DROPS,Impact,,Riser,0.419,review,Atmosphere has 3 labels; SFX is incoherent,confidence 0.42 below the 0.50 gate for the current operating point,1.1.0,,,,
atmos_sfx_impact,"/Volumes/Jack_Gandy_1TB_SSD/Samples 2021 ->/Sample Packs/Soundbox - Impacts, Risers & Drops 7 (2021)/SB_IR&D_7_128_IMPACTS/SB_IR&D_7_128_IMPACT_001.wav",SB_IR&D_7_128_IMPACT_001.wav,"Soundbox - Impacts, Risers & Drops 7 (2021)",SB_IR&D_7_128_IMPACTS,Impact,,Impact,0.29,review,Atmosphere has 3 labels; SFX is incoherent,confidence 0.29 below the 0.50 gate for the current operating point,1.1.0,,,,
atmos_sfx_impact,"/Volumes/Jack_Gandy_1TB_SSD/Samples 2021 ->/Sample Packs/Soundbox - Impacts, Risers & Drops 7 (2021)/SB_IR&D_7_128_RISERS/SB_IR&D_7_128_RISER_001.wav",SB_IR&D_7_128_RISER_001.wav,"Soundbox - Impacts, Risers & Drops 7 (2021)",SB_IR&D_7_128_RISERS,Riser,,Riser,0.313,review,Atmosphere has 3 labels; SFX is incoherent,confidence 0.31 below the 0.50 gate for the current operating point,1.1.0,,,,
atmos_sfx_impact,/Volumes/Jack_Gandy_1TB_SSD/Samples 2021 ->/Sample Packs/Just Jared - OP1 Drums/FX/Just Jared - OP1 Drums FX 9 Riser.wav,Just Jared - OP1 Drums FX 9 Riser.wav,Just Jared - OP1 Drums,FX,SFX,,SFX,0.242,review,Atmosphere has 3 labels; SFX is incoherent,confidence 0.24 below the 0.50 gate for the current operating point,1.1.0,,,,
atmos_sfx_impact,/Volumes/Jack_Gandy_1TB_SSD/Samples 2021 ->/Sample Packs/Production Music Live - Acoustic - Melodic House 4/Harmonics & Chord Loops/PMLxOT4_POL_Harmonic_Loop_Bell_Texture_001_120BPM_Gmin.wav,PMLxOT4_POL_Harmonic_Loop_Bell_Texture_001_120BPM_Gmin.wav,Production Music Live - Acoustic - Melodic House 4,Harmonics & Chord Loops,Weather/Nature Atmos,,Pad,0.195,review,Atmosphere has 3 labels; SFX is incoherent,confidence 0.19 below the 0.50 gate for the current operating point,1.1.0,,,,
atmos_sfx_impact,/Volumes/Jack_Gandy_1TB_SSD/Samples 2021 ->/Sample Packs/Production Music Live - Acoustic - Melodic House 4/Atmosphere Loops/PMLxOT4_SOL_Atmos_Loop_001_123BPM_Cmin.wav,PMLxOT4_SOL_Atmos_Loop_001_123BPM_Cmin.wav,Production Music Live - Acoustic - Melodic House 4,Atmosphere Loops,Atmosphere,,SFX,0.244,review,Atmosphere has 3 labels; SFX is incoherent,confidence 0.24 below the 0.50 gate for the current operating point,1.1.0,,,,
atmos_sfx_impact,/Volumes/Jack_Gandy_1TB_SSD/Samples 2021 ->/Sample Packs/Black Octopus Sound - Pure Analog Sweeps IV (2021)/A/Diamaudix_Audio_PAS_IV_Sweep_FX_A_01.wav,Diamaudix_Audio_PAS_IV_Sweep_FX_A_01.wav,Black Octopus Sound - Pure Analog Sweeps IV (2021),A,SFX,,SFX,0.259,review,Atmosphere has 3 labels; SFX is incoherent,confidence 0.26 below the 0.50 gate for the current operating point,1.1.0,,,,
atmos_sfx_impact,/Volumes/Jack_Gandy_1TB_SSD/Samples 2021 ->/Sample Packs/Black Octopus Sound - Pure Analog Sweeps IV (2021)/A#/Diamaudix_Audio_PAS_IV_Sweep_FX_Bb_01.wav,Diamaudix_Audio_PAS_IV_Sweep_FX_Bb_01.wav,Black Octopus Sound - Pure Analog Sweeps IV (2021),A#,SFX,,Pad,0.226,review,Atmosphere has 3 labels; SFX is incoherent,confidence 0.23 below the 0.50 gate for the current operating point,1.1.0,,,,
atmos_sfx_impact,/Volumes/Jack_Gandy_1TB_SSD/Samples 2021 ->/Sample Packs/Black Octopus Sound - Pure Analog Sweeps IV (2021)/D/Diamaudix_Audio_PAS_IV_Sweep_FX_D_01.wav,Diamaudix_Audio_PAS_IV_Sweep_FX_D_01.wav,Black Octopus Sound - Pure Analog Sweeps IV (2021),D,SFX,,Pad,0.287,review,Atmosphere has 3 labels; SFX is incoherent,confidence 0.29 below the 0.50 gate for the current operating point,1.1.0,,,,
atmos_sfx_impact,/Volumes/Jack_Gandy_1TB_SSD/Samples 2021 ->/Sample Packs/Black Octopus Sound - Pure Analog Sweeps IV (2021)/D#/Diamaudix_Audio_PAS_IV_Sweep_FX_Eb_12.wav,Diamaudix_Audio_PAS_IV_Sweep_FX_Eb_12.wav,Black Octopus Sound - Pure Analog Sweeps IV (2021),D#,SFX,,Pad,0.213,review,Atmosphere has 3 labels; SFX is incoherent,confidence 0.21 below the 0.50 gate for the current operating point,1.1.0,,,,
atmos_sfx_impact,/Volumes/Jack_Gandy_1TB_SSD/Samples 2021 ->/Sample Packs/Black Octopus Sound - Pure Analog Sweeps IV (2021)/E/Diamaudix_Audio_PAS_IV_Sweep_FX_E_12.wav,Diamaudix_Audio_PAS_IV_Sweep_FX_E_12.wav,Black Octopus Sound - Pure Analog Sweeps IV (2021),E,SFX,,Pad,0.243,review,Atmosphere has 3 labels; SFX is incoherent,confidence 0.24 below the 0.50 gate for the current operating point,1.1.0,,,,
atmos_sfx_impact,/Volumes/Jack_Gandy_1TB_SSD/Samples 2021 ->/Sample Packs/Black Octopus Sound - Pure Analog Sweeps IV (2021)/F/Diamaudix_Audio_PAS_IV_Sweep_FX_F_01.wav,Diamaudix_Audio_PAS_IV_Sweep_FX_F_01.wav,Black Octopus Sound - Pure Analog Sweeps IV (2021),F,SFX,,Pad,0.295,review,Atmosphere has 3 labels; SFX is incoherent,confidence 0.30 below the 0.50 gate for the current operating point,1.1.0,,,,
atmos_sfx_impact,/Volumes/Jack_Gandy_1TB_SSD/Samples 2021 ->/Sample Packs/Black Octopus Sound - Pure Analog Sweeps IV (2021)/F#/Diamaudix_Audio_PAS_IV_Sweep_FX_F#_01.wav,Diamaudix_Audio_PAS_IV_Sweep_FX_F#_01.wav,Black Octopus Sound - Pure Analog Sweeps IV (2021),F#,SFX,,Pad,0.188,review,Atmosphere has 3 labels; SFX is incoherent,confidence 0.19 below the 0.50 gate for the current operating point,1.1.0,,,,
atmos_sfx_impact,/Volumes/Jack_Gandy_1TB_SSD/Samples 2021 ->/Sample Packs/Black Octopus Sound - Pure Analog Sweeps IV (2021)/G/Diamaudix_Audio_PAS_IV_Sweep_FX_G_01.wav,Diamaudix_Audio_PAS_IV_Sweep_FX_G_01.wav,Black Octopus Sound - Pure Analog Sweeps IV (2021),G,SFX,,Pad,0.227,review,Atmosphere has 3 labels; SFX is incoherent,confidence 0.23 below the 0.50 gate for the current operating point,1.1.0,,,,
atmos_sfx_impact,/Volumes/Jack_Gandy_1TB_SSD/Samples 2021 ->/Sample Packs/Black Octopus Sound - Pure Analog Sweeps IV (2021)/X/Diamaudix_Audio_PAS_IV_Sweep_FX_X_01.wav,Diamaudix_Audio_PAS_IV_Sweep_FX_X_01.wav,Black Octopus Sound - Pure Analog Sweeps IV (2021),X,SFX,,Pad,0.203,review,Atmosphere has 3 labels; SFX is incoherent,confidence 0.20 below the 0.50 gate for the current operating point,1.1.0,,,,
atmos_sfx_impact,/Volumes/Jack_Gandy_1TB_SSD/Samples 2021 ->/Sample Packs/Organic Drum Kit/7 Transition FXS/Organic - FXS (1).wav,Organic - FXS (1).wav,Organic Drum Kit,7 Transition FXS,SFX,,SFX,0.355,review,Atmosphere has 3 labels; SFX is incoherent,confidence 0.36 below the 0.50 gate for the current operating point,1.1.0,,,,
atmos_sfx_impact,/Volumes/Jack_Gandy_1TB_SSD/Samples 2021 ->/Sample Packs/Flume Ultimate Community Kit/SFX/Ear_candy/AMIBY_NEORETRO_SFX.wav,AMIBY_NEORETRO_SFX.wav,Flume Ultimate Community Kit,SFX,SFX,,SFX,0.216,review,Atmosphere has 3 labels; SFX is incoherent,confidence 0.22 below the 0.50 gate for the current operating point,1.1.0,,,,
impulse_response,/Volumes/Jack_Gandy_1TB_SSD/Samples 2021 ->/Impluse Responce/OwnHammer - Impulse Response Libraries - Classic Rock Essentials/44100 Hz/Classic Rock/(r)Evolution Mixes/OH Classic-Rock Forward-2.wav,OH Classic-Rock Forward-2.wav,personal:Impluse Responce,personal:Impluse Responce/OwnHammer - Impulse Response Libraries - Classic Rock Essentials,,,,,unlabelled,unlabelled IR material -- build a real IR class,never labelled -- new evidence,1.1.0,,,,
impulse_response,/Volumes/Jack_Gandy_1TB_SSD/Samples 2021 ->/Sample Packs/Minimal Audio/IMPULSE/1 - Impacts/3 - Impact - Accents/Impact - Accent - Clockwork.wav,Impact - Accent - Clockwork.wav,Minimal Audio,IMPULSE,,,,,unlabelled,unlabelled IR material -- build a real IR class,never labelled -- new evidence,1.1.0,,,,
impulse_response,"/Volumes/Jack_Gandy_1TB_SSD/Samples 2021 ->/Impluse Responce/Samplicity M7 Main - 02 - Wave, 32 bit, 48 Khz, v1.1/M7 - 4 Chambers 06 Large & Bright/4 Chambers 06 Large & Bright R.wav",4 Chambers 06 Large & Bright R.wav,personal:Impluse Responce,"personal:Impluse Responce/Samplicity M7 Main - 02 - Wave, 32 bit, 48 Khz, v1.1",,,,,unlabelled,unlabelled IR material -- build a real IR class,never labelled -- new evidence,1.1.0,,,,
impulse_response,/Volumes/Jack_Gandy_1TB_SSD/Samples 2021 ->/Impluse Responce/EchoThiefImpulseResponseLibrary/Underground/PortageCreekTunnel.wav,PortageCreekTunnel.wav,personal:Impluse Responce,personal:Impluse Responce/EchoThiefImpulseResponseLibrary,,,,,unlabelled,unlabelled IR material -- build a real IR class,never labelled -- new evidence,1.1.0,,,,
impulse_response,/Volumes/Jack_Gandy_1TB_SSD/Samples 2021 ->/Impluse Responce/OwnHammer - Impulse Response Libraries - Classic Rock Essentials/96000 Hz/Classic Rock/(r)Evolution Mixes/OH Classic-Rock Grit-1.wav,OH Classic-Rock Grit-1.wav,personal:Impluse Responce,personal:Impluse Responce/OwnHammer - Impulse Response Libraries - Classic Rock Essentials,,,,,unlabelled,unlabelled IR material -- build a real IR class,never labelled -- new evidence,1.1.0,,,,
impulse_response,/Volumes/Jack_Gandy_1TB_SSD/Samples 2021 ->/Sample Packs/Minimal Audio/IMPULSE/2 - Sweeps/2 - Swells/Swell - Colored Plate.wav,Swell - Colored Plate.wav,Minimal Audio,IMPULSE,,,,,unlabelled,unlabelled IR material -- build a real IR class,never labelled -- new evidence,1.1.0,,,,
impulse_response,"/Volumes/Jack_Gandy_1TB_SSD/Samples 2021 ->/Impluse Responce/Samplicity M7 Main - 02 - Wave, 32 bit, 48 Khz, v1.1/M7 - 1 Halls 20 Chicago Hall/1 Halls 20 Chicago Hall  M-to-S.wav",1 Halls 20 Chicago Hall  M-to-S.wav,personal:Impluse Responce,"personal:Impluse Responce/Samplicity M7 Main - 02 - Wave, 32 bit, 48 Khz, v1.1",,,,,unlabelled,unlabelled IR material -- build a real IR class,never labelled -- new evidence,1.1.0,,,,
impulse_response,/Volumes/Jack_Gandy_1TB_SSD/Samples 2021 ->/Impluse Responce/EchoThiefImpulseResponseLibrary/Underpasses/JFKUnderpass.wav,JFKUnderpass.wav,personal:Impluse Responce,personal:Impluse Responce/EchoThiefImpulseResponseLibrary,,,,,unlabelled,unlabelled IR material -- build a real IR class,never labelled -- new evidence,1.1.0,,,,
impulse_response,/Volumes/Jack_Gandy_1TB_SSD/Samples 2021 ->/Impluse Responce/OwnHammer - Impulse Response Libraries - Classic Rock Essentials/96000 Hz/Classic Rock/Mic Pair Mixes/121+/OH Classic-Rock 121+906.wav,OH Classic-Rock 121+906.wav,personal:Impluse Responce,personal:Impluse Responce/OwnHammer - Impulse Response Libraries - Classic Rock Essentials,,,,,unlabelled,unlabelled IR material -- build a real IR class,never labelled -- new evidence,1.1.0,,,,
impulse_response,/Volumes/Jack_Gandy_1TB_SSD/Samples 2021 ->/Sample Packs/Minimal Audio/IMPULSE/3 - Glitch SFX/2 - Formant Glitch/SFX - Formant Glitch 7.wav,SFX - Formant Glitch 7.wav,Minimal Audio,IMPULSE,,,,,unlabelled,unlabelled IR material -- build a real IR class,never labelled -- new evidence,1.1.0,,,,
impulse_response,"/Volumes/Jack_Gandy_1TB_SSD/Samples 2021 ->/Impluse Responce/Samplicity M7 Main - 02 - Wave, 32 bit, 48 Khz, v1.1/M7 - 3 Rooms 10 Large Wooden Room/3 Rooms 10 Large Wooden Room L.wav",3 Rooms 10 Large Wooden Room L.wav,personal:Impluse Responce,"personal:Impluse Responce/Samplicity M7 Main - 02 - Wave, 32 bit, 48 Khz, v1.1",,,,,unlabelled,unlabelled IR material -- build a real IR class,never labelled -- new evidence,1.1.0,,,,
impulse_response,/Volumes/Jack_Gandy_1TB_SSD/Samples 2021 ->/Impluse Responce/EchoThiefImpulseResponseLibrary/Underground/FortWordenPillbox.wav,FortWordenPillbox.wav,personal:Impluse Responce,personal:Impluse Responce/EchoThiefImpulseResponseLibrary,,,,,unlabelled,unlabelled IR material -- build a real IR class,never labelled -- new evidence,1.1.0,,,,
impulse_response,/Volumes/Jack_Gandy_1TB_SSD/Samples 2021 ->/Impluse Responce/OwnHammer - Impulse Response Libraries - Classic Rock Essentials/88200 Hz/Classic Rock/Mic Pair Mixes/906+/OH Classic-Rock 906+414.wav,OH Classic-Rock 906+414.wav,personal:Impluse Responce,personal:Impluse Responce/OwnHammer - Impulse Response Libraries - Classic Rock Essentials,,,,,unlabelled,unlabelled IR material -- build a real IR class,never labelled -- new evidence,1.1.0,,,,
impulse_response,/Volumes/Jack_Gandy_1TB_SSD/Samples 2021 ->/Sample Packs/Minimal Audio/IMPULSE/2 - Sweeps/1 - Risers/Riser - Coming In Hot.wav,Riser - Coming In Hot.wav,Minimal Audio,IMPULSE,,,,,unlabelled,unlabelled IR material -- build a real IR class,never labelled -- new evidence,1.1.0,,,,
impulse_response,"/Volumes/Jack_Gandy_1TB_SSD/Samples 2021 ->/Impluse Responce/Samplicity M7 Main - 02 - Wave, 32 bit, 48 Khz, v1.1/M7 - 3 Rooms 03 Studio B Far/3 Rooms 03 Studio B Far L.wav",3 Rooms 03 Studio B Far L.wav,personal:Impluse Responce,"personal:Impluse Responce/Samplicity M7 Main - 02 - Wave, 32 bit, 48 Khz, v1.1",,,,,unlabelled,unlabelled IR material -- build a real IR class,never labelled -- new evidence,1.1.0,,,,
impulse_response,/Volumes/Jack_Gandy_1TB_SSD/Samples 2021 ->/Impluse Responce/EchoThiefImpulseResponseLibrary/Underground/CathedralRoom.wav,CathedralRoom.wav,personal:Impluse Responce,personal:Impluse Responce/EchoThiefImpulseResponseLibrary,,,,,unlabelled,unlabelled IR material -- build a real IR class,never labelled -- new evidence,1.1.0,,,,
impulse_response,/Volumes/Jack_Gandy_1TB_SSD/Samples 2021 ->/Impluse Responce/OwnHammer - Impulse Response Libraries - Classic Rock Essentials/88200 Hz/Classic Rock/(r)Evolution Mixes/OH Classic-Rock Butter-1.wav,OH Classic-Rock Butter-1.wav,personal:Impluse Responce,personal:Impluse Responce/OwnHammer - Impulse Response Libraries - Classic Rock Essentials,,,,,unlabelled,unlabelled IR material -- build a real IR class,never labelled -- new evidence,1.1.0,,,,
impulse_response,/Volumes/Jack_Gandy_1TB_SSD/Samples 2021 ->/Sample Packs/Minimal Audio/IMPULSE/1 - Impacts/1 - Impact - Full/Impact - Hatch Thud.wav,Impact - Hatch Thud.wav,Minimal Audio,IMPULSE,,,,,unlabelled,unlabelled IR material -- build a real IR class,never labelled -- new evidence,1.1.0,,,,
impulse_response,"/Volumes/Jack_Gandy_1TB_SSD/Samples 2021 ->/Impluse Responce/Samplicity M7 Main - 02 - Wave, 32 bit, 48 Khz, v1.1/M7 - 3 Rooms 29 Center Room/3 Rooms 29 Center Room  M-to-S.wav",3 Rooms 29 Center Room  M-to-S.wav,personal:Impluse Responce,"personal:Impluse Responce/Samplicity M7 Main - 02 - Wave, 32 bit, 48 Khz, v1.1",,,,,unlabelled,unlabelled IR material -- build a real IR class,never labelled -- new evidence,1.1.0,,,,
impulse_response,/Volumes/Jack_Gandy_1TB_SSD/Samples 2021 ->/Impluse Responce/EchoThiefImpulseResponseLibrary/Underpasses/DipwayArch.wav,DipwayArch.wav,personal:Impluse Responce,personal:Impluse Responce/EchoThiefImpulseResponseLibrary,,,,,unlabelled,unlabelled IR material -- build a real IR class,never labelled -- new evidence,1.1.0,,,,
impulse_response,/Volumes/Jack_Gandy_1TB_SSD/Samples 2021 ->/Impluse Responce/OwnHammer - Impulse Response Libraries - Classic Rock Essentials/48000 Hz/Classic Rock/(r)Evolution Mixes/OH Classic-Rock Sledge-4F.wav,OH Classic-Rock Sledge-4F.wav,personal:Impluse Responce,personal:Impluse Responce/OwnHammer - Impulse Response Libraries - Classic Rock Essentials,,,,,unlabelled,unlabelled IR material -- build a real IR class,never labelled -- new evidence,1.1.0,,,,
top_vs_hihat_loop,/Volumes/Jack_Gandy_1TB_SSD/testing-for-NITE-DSP/sample_pack_testing/Black Octopus Sound - Pure Analog Sweeps IV (2021)/Xtra Loops/Diamaudix_Audio_PAS_IV_Hat_Loop_01_118bpm.wav,Diamaudix_Audio_PAS_IV_Hat_Loop_01_118bpm.wav,Black Octopus Sound - Pure Analog Sweeps IV (2021),Xtra Loops,,,,,unlabelled,unlabelled top/hat candidates -- settle the overlap,never labelled -- new evidence,1.1.0,,,,
top_vs_hihat_loop,/Volumes/Jack_Gandy_1TB_SSD/testing-for-NITE-DSP/sample_pack_testing/Old Movies 1 - Vintage Collection (Drum Kit)/Hats/Open Hat 3.wav,Open Hat 3.wav,Old Movies 1 - Vintage Collection (Drum Kit),Hats,,,,,unlabelled,unlabelled top/hat candidates -- settle the overlap,never labelled -- new evidence,1.1.0,,,,
top_vs_hihat_loop,/Volumes/Jack_Gandy_1TB_SSD/Samples 2021 ->/Sample Packs/Loaded Samples - Lo-Fi Memphis 2/DRUMS & PERC LOOPS/Hi-Hat Loop #1 [65BPM].wav,Hi-Hat Loop #1 [65BPM].wav,Loaded Samples - Lo-Fi Memphis 2,DRUMS & PERC LOOPS,,,,,unlabelled,unlabelled top/hat candidates -- settle the overlap,never labelled -- new evidence,1.1.0,,,,
top_vs_hihat_loop,/Volumes/Jack_Gandy_1TB_SSD/testing-for-NITE-DSP/sample_pack_testing/Lex Luger Drumkit/Lex_Luger_Drumkit/LL_loops/LL_138_trap_hihat_loop_5.aif,LL_138_trap_hihat_loop_5.aif,Lex Luger Drumkit,Lex_Luger_Drumkit,,,,,unlabelled,unlabelled top/hat candidates -- settle the overlap,never labelled -- new evidence,1.1.0,,,,
top_vs_hihat_loop,/Volumes/Jack_Gandy_1TB_SSD/testing-for-NITE-DSP/sample_pack_testing/Just Jared - OP1 Drums/Hihats/Just Jared - OP1 Drums Hihat 4.wav,Just Jared - OP1 Drums Hihat 4.wav,Just Jared - OP1 Drums,Hihats,,,,,unlabelled,unlabelled top/hat candidates -- settle the overlap,never labelled -- new evidence,1.1.0,,,,
top_vs_hihat_loop,/Volumes/Jack_Gandy_1TB_SSD/Samples 2021 ->/Sample Packs/Test Press Modestep Presents Bass and Breaks Vol 1/loops/top_loops/TSP_MODESTEP_V1_145_top_offbeater.wav,TSP_MODESTEP_V1_145_top_offbeater.wav,Test Press Modestep Presents Bass and Breaks Vol 1,loops,,,,,unlabelled,unlabelled top/hat candidates -- settle the overlap,never labelled -- new evidence,1.1.0,,,,
top_vs_hihat_loop,/Volumes/Jack_Gandy_1TB_SSD/Samples 2021 ->/Sample Packs/Organic Electronics 2 J.Views/JVIEWS_studio/JVIEWS_studio_one_shots/JVIEWS_analog_machine_drum_hihat_half_open.wav,JVIEWS_analog_machine_drum_hihat_half_open.wav,Organic Electronics 2 J.Views,JVIEWS_studio,,,,,unlabelled,unlabelled top/hat candidates -- settle the overlap,never labelled -- new evidence,1.1.0,,,,
top_vs_hihat_loop,/Volumes/Jack_Gandy_1TB_SSD/Samples 2021 ->/Sample Packs/Organic Drum Kit/4 Hi-Hats/1 Closed Hats/Organic - HiHat_M (3).wav,Organic - HiHat_M (3).wav,Organic Drum Kit,4 Hi-Hats,,,,,unlabelled,unlabelled top/hat candidates -- settle the overlap,never labelled -- new evidence,1.1.0,,,,
top_vs_hihat_loop,/Volumes/Jack_Gandy_1TB_SSD/testing-for-NITE-DSP/sample_pack_testing/Drum Recollection/New Wave Drum Kit Vol. 2/Open Hats/@prod.ksubi - Yuji Open Hat.wav,@prod.ksubi - Yuji Open Hat.wav,Drum Recollection,New Wave Drum Kit Vol. 2,,,,,unlabelled,unlabelled top/hat candidates -- settle the overlap,never labelled -- new evidence,1.1.0,,,,
top_vs_hihat_loop,/Volumes/Jack_Gandy_1TB_SSD/testing-for-NITE-DSP/sample_pack_testing/Loaded Samples - Lo-Fi Memphis 2/DRUMS/Hats/LFM2_Phase CHH (1).wav,LFM2_Phase CHH (1).wav,Loaded Samples - Lo-Fi Memphis 2,DRUMS,,,,,unlabelled,unlabelled top/hat candidates -- settle the overlap,never labelled -- new evidence,1.1.0,,,,
top_vs_hihat_loop,/Volumes/Jack_Gandy_1TB_SSD/testing-for-NITE-DSP/sample_pack_testing/Black Octopus Sound - Pure Analog Sweeps IV (2021)/Xtra One Shots/Diamaudix_Audio_PAS_IV_Ohh_03.wav,Diamaudix_Audio_PAS_IV_Ohh_03.wav,Black Octopus Sound - Pure Analog Sweeps IV (2021),Xtra One Shots,,,,,unlabelled,unlabelled top/hat candidates -- settle the overlap,never labelled -- new evidence,1.1.0,,,,
top_vs_hihat_loop,/Volumes/Jack_Gandy_1TB_SSD/Samples 2021 ->/Sample Packs/Production Music Live - Ben Böhmer - Sound Pack/Sample Pack V1.0/Loops/Hat Loops/PML_BOEHMER_HATLOOP_016_119BPM.wav,PML_BOEHMER_HATLOOP_016_119BPM.wav,Production Music Live - Ben Böhmer - Sound Pack,Sample Pack V1.0,,,,,unlabelled,unlabelled top/hat candidates -- settle the overlap,never labelled -- new evidence,1.1.0,,,,
top_vs_hihat_loop,/Volumes/Jack_Gandy_1TB_SSD/testing-for-NITE-DSP/sample_pack_testing/Sounds of KSHMR Vol.3/KSHMR_Drums_Loops/KSHMR_Drum_Loops_Full/KSHMR_Hip_Hop_Drum_Loops/KSHMR_Hip_Hop_Top_Loops/KSHMR_Hip_Hop_Top_Loop_09_110.wav,KSHMR_Hip_Hop_Top_Loop_09_110.wav,Sounds of KSHMR Vol.3,KSHMR_Drums_Loops,,,,,unlabelled,unlabelled top/hat candidates -- settle the overlap,never labelled -- new evidence,1.1.0,,,,
top_vs_hihat_loop,/Volumes/Jack_Gandy_1TB_SSD/testing-for-NITE-DSP/sample_pack_testing/Old Movies 1 - Vintage Collection (Drum Kit)/Hats/Hat 3.wav,Hat 3.wav,Old Movies 1 - Vintage Collection (Drum Kit),Hats,,,,,unlabelled,unlabelled top/hat candidates -- settle the overlap,never labelled -- new evidence,1.1.0,,,,
top_vs_hihat_loop,/Volumes/Jack_Gandy_1TB_SSD/Samples 2021 ->/Sample Packs/Just Jared - OP1 Drums/Hihats/Just Jared - OP1 Drums Hihat 6.wav,Just Jared - OP1 Drums Hihat 6.wav,Just Jared - OP1 Drums,Hihats,,,,,unlabelled,unlabelled top/hat candidates -- settle the overlap,never labelled -- new evidence,1.1.0,,,,
top_vs_hihat_loop,/Volumes/Jack_Gandy_1TB_SSD/testing-for-NITE-DSP/sample_pack_testing/Koan Sound/Koan Sound Samples/Raw Drums/Raw/Raw Hat 03.wav,Raw Hat 03.wav,Koan Sound,Koan Sound Samples,,,,,unlabelled,unlabelled top/hat candidates -- settle the overlap,never labelled -- new evidence,1.1.0,,,,
top_vs_hihat_loop,/Volumes/Jack_Gandy_1TB_SSD/testing-for-NITE-DSP/sample_pack_testing/Koan Sound/Koan_Sound_2025/Shaper Table Track Project/Samples/Imported/Hihat Open Vinyl Kick.wav,Hihat Open Vinyl Kick.wav,Koan Sound,Koan_Sound_2025,,,,,unlabelled,unlabelled top/hat candidates -- settle the overlap,never labelled -- new evidence,1.1.0,,,,
top_vs_hihat_loop,/Volumes/Jack_Gandy_1TB_SSD/Samples 2021 ->/Sample Packs/Production Music Live - Ben Böhmer - Sound Pack/Ableton Templates/PML - Balloon - Melodic Deep Template (Ben Style) Project/Samples/Imported/PML_DPV2_CHH_1_SHORT_009.wav,PML_DPV2_CHH_1_SHORT_009.wav,Production Music Live - Ben Böhmer - Sound Pack,Ableton Templates,,,,,unlabelled,unlabelled top/hat candidates -- settle the overlap,never labelled -- new evidence,1.1.0,,,,
top_vs_hihat_loop,/Volumes/Jack_Gandy_1TB_SSD/Samples 2021 ->/Sample Packs/Old Movies 1 - Vintage Collection (Drum Kit)/Vocal Elements (Old Movies)/M_I Hate You In a Beautiful Way.wav,M_I Hate You In a Beautiful Way.wav,Old Movies 1 - Vintage Collection (Drum Kit),Vocal Elements (Old Movies),,,,,unlabelled,unlabelled top/hat candidates -- settle the overlap,never labelled -- new evidence,1.1.0,,,,
bass_family,/Volumes/Jack_Gandy_1TB_SSD/Samples 2021 ->/2024/808s (F)/Freeze 2-808 notch [2024-04-17 120318].wav,Freeze 2-808 notch [2024-04-17 120318].wav,personal:2024,personal:2024/808s (F),,,,,unlabelled,unlabelled bass material -- Sub Bass has zero labels,never labelled -- new evidence,1.1.0,,,,
confident_other_none,/Volumes/Jack_Gandy_1TB_SSD/Samples 2021 ->/2021/Resamples/2021/Other/forest.wav,forest.wav,personal:2021,personal:2021/Resamples,,,,,unlabelled,"unlabelled, no filename evidence -- the reject population",never labelled -- new evidence,1.1.0,,,,
confident_other_none,/Volumes/Jack_Gandy_1TB_SSD/Samples 2021 ->/2024/Vocoded Kitchen Foley/KF 52-foley_hit_noise_tick2.wav,KF 52-foley_hit_noise_tick2.wav,personal:2024,personal:2024/Vocoded Kitchen Foley,,,,,unlabelled,"unlabelled, no filename evidence -- the reject population",never labelled -- new evidence,1.1.0,,,,
confident_other_none,/Volumes/Jack_Gandy_1TB_SSD/testing-for-NITE-DSP/sample_pack_testing/Koan Sound/Koan Sound Samples 2/Foley Pack 02/Rain.wav,Rain.wav,Koan Sound,Koan Sound Samples 2,,,,,unlabelled,"unlabelled, no filename evidence -- the reject population",never labelled -- new evidence,1.1.0,,,,
confident_other_none,/Volumes/Jack_Gandy_1TB_SSD/Samples 2021 ->/Sample Packs/Drum Recollection/2023 Drums (Demo)/(Clap) Air It Out.wav,(Clap) Air It Out.wav,Drum Recollection,2023 Drums (Demo),,,,,unlabelled,"unlabelled, no filename evidence -- the reject population",never labelled -- new evidence,1.1.0,,,,
confident_other_none,/Volumes/Jack_Gandy_1TB_SSD/testing-for-NITE-DSP/sample_pack_testing/MGF Mega Pack/Retro Digital Collection/Singles/DX21 JUL17_164 E2.wav,DX21 JUL17_164 E2.wav,MGF Mega Pack,Retro Digital Collection,,,,,unlabelled,"unlabelled, no filename evidence -- the reject population",never labelled -- new evidence,1.1.0,,,,
confident_other_none,/Volumes/Jack_Gandy_1TB_SSD/testing-for-NITE-DSP/sample_pack_testing/Sounds of KSHMR Vol.3/KSHMR_Synths/KSHMR_Bass_Shots/KSHMR_Bass_Pluck/KSHMR_Bass_Pluck_02_A#.wav,KSHMR_Bass_Pluck_02_A#.wav,Sounds of KSHMR Vol.3,KSHMR_Synths,,,,,unlabelled,"unlabelled, no filename evidence -- the reject population",never labelled -- new evidence,1.1.0,,,,
confident_other_none,/Volumes/Jack_Gandy_1TB_SSD/Samples 2021 ->/Ableton Sampler/Hammond L102 Ableton Edition/HornL.wav,HornL.wav,personal:Ableton Sampler,personal:Ableton Sampler/Hammond L102 Ableton Edition,,,,,unlabelled,"unlabelled, no filename evidence -- the reject population",never labelled -- new evidence,1.1.0,,,,
confident_other_none,/Volumes/Jack_Gandy_1TB_SSD/Samples 2021 ->/2023/Long Bass Resamples (F)/Freeze 1-No genius here [2023-07-25 140743].wav,Freeze 1-No genius here [2023-07-25 140743].wav,personal:2023,personal:2023/Long Bass Resamples (F),,,,,unlabelled,"unlabelled, no filename evidence -- the reject population",never labelled -- new evidence,1.1.0,,,,
confident_other_none,/Volumes/Jack_Gandy_1TB_SSD/testing-for-NITE-DSP/sample_pack_testing/IMANU/es tu reel stems/etr_LM VOX 7 FRENCH WET 200621.wav,etr_LM VOX 7 FRENCH WET 200621.wav,IMANU,es tu reel stems,,,,,unlabelled,"unlabelled, no filename evidence -- the reject population",never labelled -- new evidence,1.1.0,,,,
confident_other_none,/Volumes/Jack_Gandy_1TB_SSD/Samples 2021 ->/Sample Packs/Flume Ultimate Community Kit/Drums/Snares + Claps/myrmax_snare_43.wav,myrmax_snare_43.wav,Flume Ultimate Community Kit,Drums,,,,,unlabelled,"unlabelled, no filename evidence -- the reject population",never labelled -- new evidence,1.1.0,,,,
confident_other_none,/Volumes/Jack_Gandy_1TB_SSD/Samples 2021 ->/Sample Packs/Production Music Live - Acoustic - Melodic House 4/Harmonics & Chord Loops/PMLxOT4_LAR_Chord_Loop_016_125BPM_Emin_.wav,PMLxOT4_LAR_Chord_Loop_016_125BPM_Emin_.wav,Production Music Live - Acoustic - Melodic House 4,Harmonics & Chord Loops,,,,,unlabelled,"unlabelled, no filename evidence -- the reject population",never labelled -- new evidence,1.1.0,,,,
confident_other_none,/Volumes/Jack_Gandy_1TB_SSD/Samples 2021 ->/Sample Packs/Analog Percussion Vol.3 by Donit/Microfreak Percussion - Short_139.wav,Microfreak Percussion - Short_139.wav,Analog Percussion Vol.3 by Donit,Analog Percussion Vol.3 by Donit,,,,,unlabelled,"unlabelled, no filename evidence -- the reject population",never labelled -- new evidence,1.1.0,,,,
confident_other_none,/Volumes/Jack_Gandy_1TB_SSD/Samples 2021 ->/Sample Packs/Drum Recollection/New Wave Drum Kit Vol. 1/New Wave Drum Kit/Rims/Godly Rim .wav,Godly Rim .wav,Drum Recollection,New Wave Drum Kit Vol. 1,,,,,unlabelled,"unlabelled, no filename evidence -- the reject population",never labelled -- new evidence,1.1.0,,,,
confident_other_none,/Volumes/Jack_Gandy_1TB_SSD/Samples 2021 ->/Sample Packs/Organic Electronics 2 J.Views/JVIEWS_desert/JVIEWS_desert_one_shots/JVIEWS_quiet_deep_crash.wav,JVIEWS_quiet_deep_crash.wav,Organic Electronics 2 J.Views,JVIEWS_desert,,,,,unlabelled,"unlabelled, no filename evidence -- the reject population",never labelled -- new evidence,1.1.0,,,,
confident_other_none,/Volumes/Jack_Gandy_1TB_SSD/Samples 2021 ->/2025/Foley/Generative_Foley_01.wav,Generative_Foley_01.wav,personal:2025,personal:2025/Foley,,,,,unlabelled,"unlabelled, no filename evidence -- the reject population",never labelled -- new evidence,1.1.0,,,,
confident_other_none,/Volumes/Jack_Gandy_1TB_SSD/Samples 2021 ->/2024/Drums/Loops/150_EpicCrashes [2024-02-15 015352].wav,150_EpicCrashes [2024-02-15 015352].wav,personal:2024,personal:2024/Drums,,,,,unlabelled,"unlabelled, no filename evidence -- the reject population",never labelled -- new evidence,1.1.0,,,,
confident_other_none,/Volumes/Jack_Gandy_1TB_SSD/Samples 2021 ->/Sample Packs/Production Music Live - Acoustic - Melodic House 4/FX & Texture Loops/PMLxOT4_LAR_Harmonic_Texture_Loop_008_122BPM_Amin.wav,PMLxOT4_LAR_Harmonic_Texture_Loop_008_122BPM_Amin.wav,Production Music Live - Acoustic - Melodic House 4,FX & Texture Loops,,,,,unlabelled,"unlabelled, no filename evidence -- the reject population",never labelled -- new evidence,1.1.0,,,,
confident_other_none,/Volumes/Jack_Gandy_1TB_SSD/Samples 2021 ->/2024/Drones/Blurred Square.wav,Blurred Square.wav,personal:2024,personal:2024/Drones,,,,,unlabelled,"unlabelled, no filename evidence -- the reject population",never labelled -- new evidence,1.1.0,,,,
confident_other_none,/Volumes/Jack_Gandy_1TB_SSD/Samples 2021 ->/2024/Instruments (C1)/Long Normale C1.wav,Long Normale C1.wav,personal:2024,personal:2024/Instruments (C1),,,,,unlabelled,"unlabelled, no filename evidence -- the reject population",never labelled -- new evidence,1.1.0,,,,
confident_other_none,/Volumes/Jack_Gandy_1TB_SSD/testing-for-NITE-DSP/sample_pack_testing/Minimal Audio/ELEMENT/2 - Melodics/1 - Melodics Loops/Melodic Loop - Spiral Arp - Cmaj - 64 BPM.wav,Melodic Loop - Spiral Arp - Cmaj - 64 BPM.wav,Minimal Audio,ELEMENT,,,,,unlabelled,"unlabelled, no filename evidence -- the reject population",never labelled -- new evidence,1.1.0,,,,
confident_other_none,/Volumes/Jack_Gandy_1TB_SSD/Samples 2021 ->/Sample Packs/Organic Drum Kit/7 Transition FXS/Organic - FXS (27).wav,Organic - FXS (27).wav,Organic Drum Kit,7 Transition FXS,,,,,unlabelled,"unlabelled, no filename evidence -- the reject population",never labelled -- new evidence,1.1.0,,,,
confident_other_none,/Volumes/Jack_Gandy_1TB_SSD/Samples 2021 ->/Acapellas/Yung Lean Emaj Agony Vocal.wav,Yung Lean Emaj Agony Vocal.wav,personal:Acapellas,personal:Acapellas/_loose,,,,,unlabelled,"unlabelled, no filename evidence -- the reject population",never labelled -- new evidence,1.1.0,,,,
confident_other_none,/Volumes/Jack_Gandy_1TB_SSD/Samples 2021 ->/Sample Packs/Production Music Live - Acoustic - Melodic House 4/Percussion Loops/PMLxOT4_SOL_Percussion_Loop_012_124BPM.wav,PMLxOT4_SOL_Percussion_Loop_012_124BPM.wav,Production Music Live - Acoustic - Melodic House 4,Percussion Loops,,,,,unlabelled,"unlabelled, no filename evidence -- the reject population",never labelled -- new evidence,1.1.0,,,,
confident_other_none,/Volumes/Jack_Gandy_1TB_SSD/testing-for-NITE-DSP/sample_pack_testing/Sounds of KSHMR Vol.3/KSHMR_FX_Elements/KSHMR_Ambiance_and_Foley/KSHMR_Ambiance_Designed/KSHMR_Airy/KSHMR_Ambiance_Airy_02_A.wav,KSHMR_Ambiance_Airy_02_A.wav,Sounds of KSHMR Vol.3,KSHMR_FX_Elements,,,,,unlabelled,"unlabelled, no filename evidence -- the reject population",never labelled -- new evidence,1.1.0,,,,
confident_other_none,/Volumes/Jack_Gandy_1TB_SSD/Samples 2021 ->/Sample Packs/Sounds of KSHMR Vol.3/KSHMR_Drums_Loops/KSHMR_Drum_Loops_Solo/KSHMR_Tambourine_Loops/KSHMR_Tambourine_Loop_18_140.wav,KSHMR_Tambourine_Loop_18_140.wav,Sounds of KSHMR Vol.3,KSHMR_Drums_Loops,,,,,unlabelled,"unlabelled, no filename evidence -- the reject population",never labelled -- new evidence,1.1.0,,,,
confident_other_none,/Volumes/Jack_Gandy_1TB_SSD/testing-for-NITE-DSP/sample_pack_testing/Black Lotus Audio x Dianna Artist Pack/Misc Sounds/BLA - Reverse Ooh 2.wav,BLA - Reverse Ooh 2.wav,Black Lotus Audio x Dianna Artist Pack,Misc Sounds,,,,,unlabelled,"unlabelled, no filename evidence -- the reject population",never labelled -- new evidence,1.1.0,,,,
confident_other_none,/Volumes/Jack_Gandy_1TB_SSD/Samples 2021 ->/2024/Leads/Vocode Piano.wav,Vocode Piano.wav,personal:2024,personal:2024/Leads,,,,,unlabelled,"unlabelled, no filename evidence -- the reject population",never labelled -- new evidence,1.1.0,,,,
confident_other_none,/Volumes/Jack_Gandy_1TB_SSD/testing-for-NITE-DSP/sample_pack_testing/MGF Mega Pack/Analogue Collection/Bass/MS20_NOV18_BASS_39 G0.wav,MS20_NOV18_BASS_39 G0.wav,MGF Mega Pack,Analogue Collection,,,,,unlabelled,"unlabelled, no filename evidence -- the reject population",never labelled -- new evidence,1.1.0,,,,
confident_other_none,/Volumes/Jack_Gandy_1TB_SSD/Samples 2021 ->/2022/Leads/Noise sine.wav,Noise sine.wav,personal:2022,personal:2022/Leads,,,,,unlabelled,"unlabelled, no filename evidence -- the reject population",never labelled -- new evidence,1.1.0,,,,
confident_other_none,/Volumes/Jack_Gandy_1TB_SSD/testing-for-NITE-DSP/sample_pack_testing/Drum Recollection/Essentials Drumkit Vol. 002/808s/Scary Ghosts.wav,Scary Ghosts.wav,Drum Recollection,Essentials Drumkit Vol. 002,,,,,unlabelled,"unlabelled, no filename evidence -- the reject population",never labelled -- new evidence,1.1.0,,,,
confident_other_none,/Volumes/Jack_Gandy_1TB_SSD/testing-for-NITE-DSP/sample_pack_testing/Organic Electronics 2 J.Views/JVIEWS_countryside/JVIEWS_countryside_one_shots/JVIEWS_hollow_tree_crunch_rim.wav,JVIEWS_hollow_tree_crunch_rim.wav,Organic Electronics 2 J.Views,JVIEWS_countryside,,,,,unlabelled,"unlabelled, no filename evidence -- the reject population",never labelled -- new evidence,1.1.0,,,,
confident_other_none,/Volumes/Jack_Gandy_1TB_SSD/Samples 2021 ->/Sample Packs/Guitar Loops - Lotus/Platinum F Minor 180Bpm [@tetraotb].wav,Platinum F Minor 180Bpm [@tetraotb].wav,Guitar Loops - Lotus,Guitar Loops - Lotus,,,,,unlabelled,"unlabelled, no filename evidence -- the reject population",never labelled -- new evidence,1.1.0,,,,
confident_other_none,/Volumes/Jack_Gandy_1TB_SSD/Samples 2021 ->/2023/Leads/Distorted String.wav,Distorted String.wav,personal:2023,personal:2023/Leads,,,,,unlabelled,"unlabelled, no filename evidence -- the reject population",never labelled -- new evidence,1.1.0,,,,
confident_other_none,/Volumes/Jack_Gandy_1TB_SSD/Samples 2021 ->/Sample Packs/MGF Mega Pack/Multisamples/DX21 Chorus Pack/Alpha Bell/Alpha Bell + Chorus A4.wav,Alpha Bell + Chorus A4.wav,MGF Mega Pack,Multisamples,,,,,unlabelled,"unlabelled, no filename evidence -- the reject population",never labelled -- new evidence,1.1.0,,,,
confident_other_none,/Volumes/Jack_Gandy_1TB_SSD/Samples 2021 ->/Sample Packs/IMANU/IMANU Patreon June 2024 Samples /Nice reese Am_2.wav,Nice reese Am_2.wav,IMANU,IMANU Patreon June 2024 Samples ,,,,,unlabelled,"unlabelled, no filename evidence -- the reject population",never labelled -- new evidence,1.1.0,,,,
confident_other_none,/Volumes/Jack_Gandy_1TB_SSD/Samples 2021 ->/Vocalist_Samples/Philomene Tsongui/Perc PT Acoustic.wav,Perc PT Acoustic.wav,personal:Vocalist_Samples,personal:Vocalist_Samples/Philomene Tsongui,,,,,unlabelled,"unlabelled, no filename evidence -- the reject population",never labelled -- new evidence,1.1.0,,,,
confident_other_none,/Volumes/Jack_Gandy_1TB_SSD/Samples 2021 ->/Sample Packs/Black Octopus Sound - Pure Analog Sweeps IV (2021)/D/Diamaudix_Audio_PAS_IV_Sweep_FX_D_11.wav,Diamaudix_Audio_PAS_IV_Sweep_FX_D_11.wav,Black Octopus Sound - Pure Analog Sweeps IV (2021),D,,,,,unlabelled,"unlabelled, no filename evidence -- the reject population",never labelled -- new evidence,1.1.0,,,,
confident_other_none,/Volumes/Jack_Gandy_1TB_SSD/Samples 2021 ->/Sample Packs/Rosentricks - Essentials/Melodic Oneshots/RT_One_Shot_Ambient_Chiptune_C.wav,RT_One_Shot_Ambient_Chiptune_C.wav,Rosentricks - Essentials,Melodic Oneshots,,,,,unlabelled,"unlabelled, no filename evidence -- the reject population",never labelled -- new evidence,1.1.0,,,,
confident_other_none,/Volumes/Jack_Gandy_1TB_SSD/testing-for-NITE-DSP/sample_pack_testing/Organic Drum Kit/6 Cymbals & Toms/2 Toms/Organic - Tom_C (2).wav,Organic - Tom_C (2).wav,Organic Drum Kit,6 Cymbals & Toms,,,,,unlabelled,"unlabelled, no filename evidence -- the reject population",never labelled -- new evidence,1.1.0,,,,
confident_other_none,/Volumes/Jack_Gandy_1TB_SSD/testing-for-NITE-DSP/sample_pack_testing/Just Jared - OP1 Drums/Drum Loops/Just Jared - OP1 Drums Loop 9 (87 BPM).wav,Just Jared - OP1 Drums Loop 9 (87 BPM).wav,Just Jared - OP1 Drums,Drum Loops,,,,,unlabelled,"unlabelled, no filename evidence -- the reject population",never labelled -- new evidence,1.1.0,,,,
confident_other_none,/Volumes/Jack_Gandy_1TB_SSD/Samples 2021 ->/Sample Packs/Black Lotus Audio x Dianna Artist Pack/Sung Phrases/BLA - Pedestal 2 - E Major.wav,BLA - Pedestal 2 - E Major.wav,Black Lotus Audio x Dianna Artist Pack,Sung Phrases,,,,,unlabelled,"unlabelled, no filename evidence -- the reject population",never labelled -- new evidence,1.1.0,,,,
confident_other_none,/Volumes/Jack_Gandy_1TB_SSD/testing-for-NITE-DSP/sample_pack_testing/Loaded Samples - Lo-Fi Memphis 2/MISC SAMPLES (Bass & More)/MISC_BASS - SynthBass #3 (C1).wav,MISC_BASS - SynthBass #3 (C1).wav,Loaded Samples - Lo-Fi Memphis 2,MISC SAMPLES (Bass & More),,,,,unlabelled,"unlabelled, no filename evidence -- the reject population",never labelled -- new evidence,1.1.0,,,,
confident_other_none,/Volumes/Jack_Gandy_1TB_SSD/Samples 2021 ->/Sample Packs/Virtual Riot/VR - Generative Chords & Melodies (MIDI Racks and Project files)/Chords + 2 Arp Layers & random sample selection Project/Samples/Imported/PFS2_Hang_Drum_9_E.wav,PFS2_Hang_Drum_9_E.wav,Virtual Riot,VR - Generative Chords & Melodies (MIDI Racks and Project files),,,,,unlabelled,"unlabelled, no filename evidence -- the reject population",never labelled -- new evidence,1.1.0,,,,
confident_other_none,/Volumes/Jack_Gandy_1TB_SSD/testing-for-NITE-DSP/sample_pack_testing/Drum Recollection/Essentials Drum Kit Vol. 001/Percs/Secret Scratch.wav,Secret Scratch.wav,Drum Recollection,Essentials Drum Kit Vol. 001,,,,,unlabelled,"unlabelled, no filename evidence -- the reject population",never labelled -- new evidence,1.1.0,,,,
confident_other_none,/Volumes/Jack_Gandy_1TB_SSD/Samples 2021 ->/Sample Packs/Rosentricks - Essentials/Chords/RT_Chord_Pad_Gomez_C_Maj_Nine.wav,RT_Chord_Pad_Gomez_C_Maj_Nine.wav,Rosentricks - Essentials,Chords,,,,,unlabelled,"unlabelled, no filename evidence -- the reject population",never labelled -- new evidence,1.1.0,,,,
confident_other_none,/Volumes/Jack_Gandy_1TB_SSD/testing-for-NITE-DSP/sample_pack_testing/Black Octopus Sound - Pure Analog Sweeps IV (2021)/C#/Diamaudix_Audio_PAS_IV_Sweep_FX_C#_10.wav,Diamaudix_Audio_PAS_IV_Sweep_FX_C#_10.wav,Black Octopus Sound - Pure Analog Sweeps IV (2021),C#,,,,,unlabelled,"unlabelled, no filename evidence -- the reject population",never labelled -- new evidence,1.1.0,,,,
confident_other_none,/Volumes/Jack_Gandy_1TB_SSD/Samples 2021 ->/Sample Packs/Sounds of KSHMR Vol.3/KSHMR_Song_Starters/KSHMR_Song_Starters_Hip_Hop/KSHMR_Song_Starter_Hip_Hop_Final_Stand_170_Fm.wav,KSHMR_Song_Starter_Hip_Hop_Final_Stand_170_Fm.wav,Sounds of KSHMR Vol.3,KSHMR_Song_Starters,,,,,unlabelled,"unlabelled, no filename evidence -- the reject population",never labelled -- new evidence,1.1.0,,,,
confident_other_none,"/Volumes/Jack_Gandy_1TB_SSD/Samples 2021 ->/Sample Packs/Soundbox - Impacts, Risers & Drops 7 (2021)/SB_IR&D_7_124_IMPACTS/SB_IR&D_7_124_IMPACT_066.wav",SB_IR&D_7_124_IMPACT_066.wav,"Soundbox - Impacts, Risers & Drops 7 (2021)",SB_IR&D_7_124_IMPACTS,,,,,unlabelled,"unlabelled, no filename evidence -- the reject population",never labelled -- new evidence,1.1.0,,,,
confident_other_none,/Volumes/Jack_Gandy_1TB_SSD/Samples 2021 ->/Sample Packs/Sounds of KSHMR Vol.3/KSHMR_VIP_Friends_of_KSHMR/CROSSNADERS/CROSSNADERS_Kick_Instinct_Killa.wav,CROSSNADERS_Kick_Instinct_Killa.wav,Sounds of KSHMR Vol.3,KSHMR_VIP_Friends_of_KSHMR,,,,,unlabelled,"unlabelled, no filename evidence -- the reject population",never labelled -- new evidence,1.1.0,,,,
confident_other_none,/Volumes/Jack_Gandy_1TB_SSD/Samples 2021 ->/2022/Pads/C2 Vector pad.wav,C2 Vector pad.wav,personal:2022,personal:2022/Pads,,,,,unlabelled,"unlabelled, no filename evidence -- the reject population",never labelled -- new evidence,1.1.0,,,,
confident_other_none,/Volumes/Jack_Gandy_1TB_SSD/Samples 2021 ->/Sample Packs/Production Music Live - Acoustic - Melodic House 4/Sequences/PMLxOT4_DA_Sequence_032_124BPM_Fmaj.wav,PMLxOT4_DA_Sequence_032_124BPM_Fmaj.wav,Production Music Live - Acoustic - Melodic House 4,Sequences,,,,,unlabelled,"unlabelled, no filename evidence -- the reject population",never labelled -- new evidence,1.1.0,,,,
confident_other_none,/Volumes/Jack_Gandy_1TB_SSD/testing-for-NITE-DSP/sample_pack_testing/Drum Recollection/2023 Drums/(Perc) Mario Bricks.wav,(Perc) Mario Bricks.wav,Drum Recollection,2023 Drums,,,,,unlabelled,"unlabelled, no filename evidence -- the reject population",never labelled -- new evidence,1.1.0,,,,
confident_other_none,/Volumes/Jack_Gandy_1TB_SSD/Samples 2021 ->/Sample Packs/Breaks/Dirty Arse Drum Breaks/Dirty Arse Drum Breaks 1/85 BPM/monosole_85bpm_17.wav,monosole_85bpm_17.wav,Breaks,Dirty Arse Drum Breaks,,,,,unlabelled,"unlabelled, no filename evidence -- the reject population",never labelled -- new evidence,1.1.0,,,,
confident_other_none,/Volumes/Jack_Gandy_1TB_SSD/testing-for-NITE-DSP/sample_pack_testing/Organic Drum Kit/5 Percussion/4 Metalic/1 Mazhar Tambourines/Organic - Mazhar Tambourine (8).wav,Organic - Mazhar Tambourine (8).wav,Organic Drum Kit,5 Percussion,,,,,unlabelled,"unlabelled, no filename evidence -- the reject population",never labelled -- new evidence,1.1.0,,,,
confident_other_none,/Volumes/Jack_Gandy_1TB_SSD/Samples 2021 ->/2025/Drums/Snare/Freeze 6-Instrument Rack-1 [2025-05-03 142732].wav,Freeze 6-Instrument Rack-1 [2025-05-03 142732].wav,personal:2025,personal:2025/Drums,,,,,unlabelled,"unlabelled, no filename evidence -- the reject population",never labelled -- new evidence,1.1.0,,,,
