id,label,path,hint,percussion_subtype,source_attributes,ambiguous,note
0,Percussion,/Volumes/Jack_Gandy_1TB_SSD/testing-for-NITE-DSP/sample_pack_testing/Organic Drum Kit/Maschine Kits/Sun Tzu Kit Samples/Organic - Tom_G (1).wav,Hi-Hat,Tom,,,Tom
1,Kick,/Volumes/Jack_Gandy_1TB_SSD/testing-for-NITE-DSP/sample_pack_testing/Mike Shinoda Drums/MS BEATS/Andes Samples/Kick AR60sLate V127 1.wav,Kick,,,,
2,Kick,/Volumes/Jack_Gandy_1TB_SSD/testing-for-NITE-DSP/sample_pack_testing/Organic Drum Kit/Maschine Kits/Neptune Kit Samples/Organic - Kick (45).wav,Kick,,,,
3,Kick,/Volumes/Jack_Gandy_1TB_SSD/testing-for-NITE-DSP/sample_pack_testing/Sounds of KSHMR Vol.3/KSHMR_Drums/KSHMR_Kicks/KSHMR_Punchy_Kicks/KSHMR_Punchy_Kick_30_F#.wav,Kick,,,,
4,Clap,/Volumes/Jack_Gandy_1TB_SSD/testing-for-NITE-DSP/sample_pack_testing/Sounds of KSHMR Vol.3/KSHMR_Drums/KSHMR_Claps/KSHMR_Stadium_Claps/KSHMR_Stadium_Clap_05.wav,Clap,,,,
5,Clap,/Volumes/Jack_Gandy_1TB_SSD/testing-for-NITE-DSP/sample_pack_testing/Organic Drum Kit/Maschine Kits/Sun Tzu Kit Samples/Organic - Clap (32).wav,Clap,,,,
6,Other/none,/Volumes/Jack_Gandy_1TB_SSD/testing-for-NITE-DSP/sample_pack_testing/Breaks/Dirty Arse Drum Breaks/Dirty Arse Drum Breaks 1/90 BPM/monosole_90bpm_snare 3.wav,Snare,,,,
7,Other/none,/Volumes/Jack_Gandy_1TB_SSD/testing-for-NITE-DSP/sample_pack_testing/Breaks/The Drum Broker - International Breaks & Essential Kicks/The Drum Broker - International Breaks 5/PRIVATE PRESS.wav,Kick,,,,
8,Clap,/Volumes/Jack_Gandy_1TB_SSD/testing-for-NITE-DSP/sample_pack_testing/Sounds of KSHMR Vol.3/KSHMR_Drums/KSHMR_Claps/KSHMR_Pre-Shifted_Claps/KSHMR_Pre_Shifted_Clap_27.wav,Clap,,,,
9,Other/none,/Volumes/Jack_Gandy_1TB_SSD/testing-for-NITE-DSP/sample_pack_testing/Breaks/The Drum Broker - International Breaks & Essential Kicks/The Drum Broker - International Breaks 3/RAPTASTIC.wav,Kick,,,,
10,Kick,/Volumes/Jack_Gandy_1TB_SSD/testing-for-NITE-DSP/sample_pack_testing/Mike Shinoda Drums/MS BEATS/Pizzaria Samples/Kick Vertical 1.wav,Kick,,,,
11,Other/none,/Volumes/Jack_Gandy_1TB_SSD/testing-for-NITE-DSP/sample_pack_testing/Breaks/The Drum Broker - International Breaks & Essential Kicks/The Drum Broker - International Breaks 4/MAPLE.wav,Kick,,,,
12,Hi-Hat,/Volumes/Jack_Gandy_1TB_SSD/testing-for-NITE-DSP/sample_pack_testing/Sounds of KSHMR Vol.3/KSHMR_Drums/KSHMR_Cymbals/KSHMR_Hi_Hats_Closed/KSHMR_Closed_Hat_10_Dirty.wav,Hi-Hat,,,,
13,Clap,/Volumes/Jack_Gandy_1TB_SSD/testing-for-NITE-DSP/sample_pack_testing/Organic Drum Kit/Maschine Kits/Domination Kit Samples/Organic - Clap (44).wav,Clap,,,,
14,Clap,/Volumes/Jack_Gandy_1TB_SSD/testing-for-NITE-DSP/sample_pack_testing/Mike Shinoda Drums/MPC 1000 Backup/WHATYOUHAVE/KMURR10.WAV,Hi-Hat,,,,
15,Other/none,/Volumes/Jack_Gandy_1TB_SSD/testing-for-NITE-DSP/sample_pack_testing/IMANU/IMANU Patreon May 2022 Samples/what imanu and former would sound like probably Am 129.wav,Hi-Hat,,,,
16,Hi-Hat,/Volumes/Jack_Gandy_1TB_SSD/testing-for-NITE-DSP/sample_pack_testing/Old Movies 1 - Vintage Collection (Drum Kit)/Hats/Hat 2.wav,Hi-Hat,,,,
17,Kick,/Volumes/Jack_Gandy_1TB_SSD/testing-for-NITE-DSP/sample_pack_testing/Mike Shinoda Drums/MS BEATS/RYU 1 Turtles3 Samples/Analog_BD4_MPC60.wav,Kick,,,,
18,Clap,/Volumes/Jack_Gandy_1TB_SSD/testing-for-NITE-DSP/sample_pack_testing/MGF Mega Pack/Misc + Found Sound/UTS Foley 1/Short/Leek Snap-1.wav,Clap,,,,
19,Other/none,/Volumes/Jack_Gandy_1TB_SSD/testing-for-NITE-DSP/sample_pack_testing/Old Movies 1 - Vintage Collection (Drum Kit)/Foley & Percussion (Old Movies)/HHH_Knocks 1.wav,Hi-Hat,,,,
20,Snare,/Volumes/Jack_Gandy_1TB_SSD/testing-for-NITE-DSP/sample_pack_testing/Sounds of KSHMR Vol.3/KSHMR_Drums/KSHMR_Acoustic_Drums/Snare/kshmr_acoustic_snare_20_g.wav,Snare,,,,
21,Snare,/Volumes/Jack_Gandy_1TB_SSD/testing-for-NITE-DSP/sample_pack_testing/Breaks/The Drum Broker - International Breaks & Essential Kicks/The Drum Broker - International Breaks 1/CHOPS/WHITE SNARE 1.wav,Kick,,,,
22,Loop,/Volumes/Jack_Gandy_1TB_SSD/testing-for-NITE-DSP/sample_pack_testing/Breaks/The Drum Broker - International Breaks & Essential Kicks/The Drum Broker - International Breaks 2/Felly Fel.wav,Kick,,,,
23,Kick,/Volumes/Jack_Gandy_1TB_SSD/testing-for-NITE-DSP/sample_pack_testing/Organic Drum Kit/1 Kicks/Organic - Kick (6).wav,Kick,,,,
24,Snare,/Volumes/Jack_Gandy_1TB_SSD/testing-for-NITE-DSP/sample_pack_testing/Organic Drum Kit/2 Snares/Organic - Snare (56).wav,Snare,,,,
25,Hi-Hat,/Volumes/Jack_Gandy_1TB_SSD/testing-for-NITE-DSP/sample_pack_testing/Mike Shinoda Drums/MPC 1000 Backup/LOOSESAMPLES/TT_HHPDL.WAV,Hi-Hat,,,,
26,Snare,/Volumes/Jack_Gandy_1TB_SSD/testing-for-NITE-DSP/sample_pack_testing/Organic Electronics 2 J.Views/JVIEWS_desert/JVIEWS_desert_one_shots/JVIEWS_crackle_snare.wav,Snare,,,,
27,__skip__,/Volumes/Jack_Gandy_1TB_SSD/testing-for-NITE-DSP/sample_pack_testing/Mike Shinoda Drums/MPC 1000 Backup/NewFinishesA/CRASH1.wav,Hi-Hat,,,,
28,Kick,/Volumes/Jack_Gandy_1TB_SSD/testing-for-NITE-DSP/sample_pack_testing/Sounds of KSHMR Vol.3/KSHMR_Drums/KSHMR_Kicks/KSHMR_Psy_Kicks/KSHMR_Psy_Kick_15_G#.wav,Kick,,,,
29,Crash,/Volumes/Jack_Gandy_1TB_SSD/testing-for-NITE-DSP/sample_pack_testing/Organic Drum Kit/3 Claps/Organic - Clap (74).wav,Clap,,,,
30,Snare,/Volumes/Jack_Gandy_1TB_SSD/testing-for-NITE-DSP/sample_pack_testing/Drum Recollection/2023 Drums/(Snare) World Series.wav,Snare,,,,
31,Kick,/Volumes/Jack_Gandy_1TB_SSD/testing-for-NITE-DSP/sample_pack_testing/Organic Drum Kit/1 Kicks/Organic - Kick (71).wav,Kick,,,,
32,Crash,/Volumes/Jack_Gandy_1TB_SSD/testing-for-NITE-DSP/sample_pack_testing/Drum Recollection/2023 Drums (Demo)/(Clap) Ant-Man.wav,Clap,,,,
33,Crash,/Volumes/Jack_Gandy_1TB_SSD/testing-for-NITE-DSP/sample_pack_testing/Mike Shinoda Drums/MPC 1000 Backup/Mike_s Beats #1/CRASHNEW.wav,Hi-Hat,,,,
34,Clap,/Volumes/Jack_Gandy_1TB_SSD/testing-for-NITE-DSP/sample_pack_testing/Organic Drum Kit/Maschine Kits/Grungy Kit Samples/Organic - Clap (76).wav,Clap,,,,
35,Snare,/Volumes/Jack_Gandy_1TB_SSD/testing-for-NITE-DSP/sample_pack_testing/Mike Shinoda Drums/MPC 1000 Backup/Mike_s Beats #1/D_SNARE2.wav,Snare,,,,
36,Other/none,/Volumes/Jack_Gandy_1TB_SSD/testing-for-NITE-DSP/sample_pack_testing/Old Movies 1 - Vintage Collection (Drum Kit)/Noise & Texture (Old Movies)/HHH_Texture 4.wav,Hi-Hat,,,,
37,Snare,/Volumes/Jack_Gandy_1TB_SSD/testing-for-NITE-DSP/sample_pack_testing/Organic Drum Kit/5 Percussion/2 Cajon Box/1 Cajon Box/2 Snare Slap/Organic - Cajon Snare_A (12).wav,Snare,,,,
38,Crash,/Volumes/Jack_Gandy_1TB_SSD/testing-for-NITE-DSP/sample_pack_testing/Mike Shinoda Drums/MPC 1000 Backup/NewFinishesA/EPMDCLAP.wav,Clap,,,,
39,Clap,/Volumes/Jack_Gandy_1TB_SSD/testing-for-NITE-DSP/sample_pack_testing/Mike Shinoda Drums/MS BEATS/Turtles3 Samples/Clap HugeGroup.wav,Clap,,,,
40,Snare,/Volumes/Jack_Gandy_1TB_SSD/testing-for-NITE-DSP/sample_pack_testing/Old Movies 1 - Vintage Collection (Drum Kit)/Snares/Snare 3.wav,Snare,,,,
41,Snare,/Volumes/Jack_Gandy_1TB_SSD/testing-for-NITE-DSP/sample_pack_testing/Organic Drum Kit/2 Snares/Organic - Snare (46).wav,Snare,,,,
42,Hi-Hat,/Volumes/Jack_Gandy_1TB_SSD/testing-for-NITE-DSP/sample_pack_testing/Capsun ProAudio - City Pop/Loops/Drum_Loops/Hihat/TCP_110_hihat_loop_ladies_night.wav,Hi-Hat,,,,
43,Kick,/Volumes/Jack_Gandy_1TB_SSD/testing-for-NITE-DSP/sample_pack_testing/Sounds of KSHMR Vol.3/KSHMR_Drums/KSHMR_Kicks/KSHMR_Punchy_Kicks/KSHMR_Punchy_Kick_21_F#.wav,Kick,,,,
44,Hi-Hat,/Volumes/Jack_Gandy_1TB_SSD/testing-for-NITE-DSP/sample_pack_testing/Organic Drum Kit/4 Hi-Hats/1 Closed Hats/Organic - HiHat_E (1).wav,Hi-Hat,,,,
45,Loop,/Volumes/Jack_Gandy_1TB_SSD/testing-for-NITE-DSP/sample_pack_testing/Breaks/The Drum Broker - International Breaks & Essential Kicks/The Drum Broker - International Breaks 1/PAR.wav,Kick,,,,
46,Foley,/Volumes/Jack_Gandy_1TB_SSD/testing-for-NITE-DSP/sample_pack_testing/Drum Recollection/Essentials Drum Kit Vol. 001/Rim Shots/Reverse Rimshot.wav,Snare,,,,
47,Clap,/Volumes/Jack_Gandy_1TB_SSD/testing-for-NITE-DSP/sample_pack_testing/Mike Shinoda Drums/MS BEATS/Turtles3 Samples/Clap AllGotIt.wav,Clap,,,,
48,Clap,/Volumes/Jack_Gandy_1TB_SSD/testing-for-NITE-DSP/sample_pack_testing/Mike Shinoda Drums/MS BEATS/Castle Of Glass Remix2 Samples/Clap Quasi.wav,Clap,,,,
49,Crash,/Volumes/Jack_Gandy_1TB_SSD/testing-for-NITE-DSP/sample_pack_testing/Sounds of KSHMR Vol.3/KSHMR_Drums/KSHMR_Orchestral_Drums/KSHMR_Cymbals/KSHMR_Crashes_Scary/KSHMR_Orchestral_Crash_Scary_02.wav,Hi-Hat,,,,
50,Hi-Hat,/Volumes/Jack_Gandy_1TB_SSD/testing-for-NITE-DSP/sample_pack_testing/Capsun ProAudio - City Pop/One_Shots/Drum_One_Shots/Hihats/CPA_TCP_hihat_power_stance.wav,Hi-Hat,,,,
51,Crash,/Volumes/Jack_Gandy_1TB_SSD/testing-for-NITE-DSP/sample_pack_testing/Organic Drum Kit/Maschine Kits/Juggernaut Kit Samples/Organic - Cymbal (13).wav,Hi-Hat,,,,
52,Snare,/Volumes/Jack_Gandy_1TB_SSD/testing-for-NITE-DSP/sample_pack_testing/Mike Shinoda Drums/MS BEATS/maschine ms test 1 Samples/Snare Gold 7.wav,Snare,,,,
53,Snare,/Volumes/Jack_Gandy_1TB_SSD/testing-for-NITE-DSP/sample_pack_testing/Minimal Audio/MICROTECH/2 - One Shots/2 - Snare/Snare - Metal Spread 1.wav,Snare,,,,
54,Clap,/Volumes/Jack_Gandy_1TB_SSD/testing-for-NITE-DSP/sample_pack_testing/Organic Drum Kit/Maschine Kits/Ethnic Stomp Kit Samples/Organic - Clap (14).wav,Clap,,,,
55,Hi-Hat,/Volumes/Jack_Gandy_1TB_SSD/testing-for-NITE-DSP/sample_pack_testing/Black Octopus Sound - Pure Analog Sweeps IV (2021)/Xtra One Shots/Diamaudix_Audio_PAS_IV_Chh_03.wav,Hi-Hat,,,,
56,Clap,/Volumes/Jack_Gandy_1TB_SSD/testing-for-NITE-DSP/sample_pack_testing/Minimal Audio/REFLECT/1 - Drums/4 - Claps/Clap - Hollowed.wav,Clap,,,,
57,Snare,/Volumes/Jack_Gandy_1TB_SSD/testing-for-NITE-DSP/sample_pack_testing/Organic Drum Kit/Maschine Kits/Imperial Kit Samples/Organic - Snare (27).wav,Snare,,,,
58,Kick,/Volumes/Jack_Gandy_1TB_SSD/testing-for-NITE-DSP/sample_pack_testing/Mike Shinoda Drums/MS BEATS/Vinyl Kit Samples/Kick AwakeArise 1.wav,Kick,,,,
59,Clap,/Volumes/Jack_Gandy_1TB_SSD/testing-for-NITE-DSP/sample_pack_testing/Minimal Audio/REFLECT/1 - Drums/4 - Claps/Clap - Acacia.wav,Clap,,,,
60,Clap,/Volumes/Jack_Gandy_1TB_SSD/testing-for-NITE-DSP/sample_pack_testing/Organic Drum Kit/3 Claps/Organic - Clap (16).wav,Clap,,,,
61,Hi-Hat,/Volumes/Jack_Gandy_1TB_SSD/testing-for-NITE-DSP/sample_pack_testing/Mike Shinoda Drums/MS BEATS/Dance Rock Samples/ClosedHH Chardro 11.wav,Hi-Hat,,,,
62,Loop,/Volumes/Jack_Gandy_1TB_SSD/testing-for-NITE-DSP/sample_pack_testing/Breaks/The Drum Broker - International Breaks & Essential Kicks/The Drum Broker - International Breaks 5/PRISON.wav,Kick,,,,
63,Snare,/Volumes/Jack_Gandy_1TB_SSD/testing-for-NITE-DSP/sample_pack_testing/Drum Recollection/Essentials Drumkit Vol. 002/Snares/Radars Snare.wav,Snare,,,,
64,Clap,/Volumes/Jack_Gandy_1TB_SSD/testing-for-NITE-DSP/sample_pack_testing/Organic Drum Kit/Maschine Kits/Vintage Kit Samples/Organic - Clap (42).wav,Clap,,,,
65,Snare,/Volumes/Jack_Gandy_1TB_SSD/testing-for-NITE-DSP/sample_pack_testing/Mike Shinoda Drums/MS BEATS/Ride Or Die Samples/B23-PiSh_01.L.wav,Hi-Hat,,,,
66,Other/none,/Volumes/Jack_Gandy_1TB_SSD/testing-for-NITE-DSP/sample_pack_testing/Sounds of KSHMR Vol.3/KSHMR_FX_Elements/KSHMR_Glitches_and_Industrial/KSHMR_Industrial_Grime/KSHMR_Industrial_Grime_18_152_G#m.wav,Snare,,,,
67,Kick,/Volumes/Jack_Gandy_1TB_SSD/testing-for-NITE-DSP/sample_pack_testing/Sounds of KSHMR Vol.3/KSHMR_VIP_Friends_of_KSHMR/ZEDD/ZEDD_Kick_clean_Happy_Now.wav,Kick,,,,
68,Crash,/Volumes/Jack_Gandy_1TB_SSD/testing-for-NITE-DSP/sample_pack_testing/Organic Drum Kit/Maschine Kits/Demolition Kit Samples/Organic - Cymbal (23).wav,Hi-Hat,,,,
69,Kick,/Volumes/Jack_Gandy_1TB_SSD/testing-for-NITE-DSP/sample_pack_testing/Organic Drum Kit/Maschine Kits/Earthquake Kit Samples/Organic - Kick (111).wav,Kick,,,,
70,Hi-Hat,/Volumes/Jack_Gandy_1TB_SSD/testing-for-NITE-DSP/sample_pack_testing/Loaded Samples - Lo-Fi Memphis 2/DRUMS & PERC LOOPS/Hi-Hat Loop #5 [75BPM].wav,Hi-Hat,,,,
71,Clap,/Volumes/Jack_Gandy_1TB_SSD/testing-for-NITE-DSP/sample_pack_testing/Sounds of KSHMR Vol.3/KSHMR_Drums/KSHMR_Claps/KSHMR_Natural_Hand_Claps/KSHMR_Single_Claps/KSHMR_Human_Single_Clap_08.wav,Clap,,,,
72,Snare,/Volumes/Jack_Gandy_1TB_SSD/testing-for-NITE-DSP/sample_pack_testing/Breaks/Gems From The Crates/Snares/AKT-SNR-A028_bip.wav,Snare,,,,
73,Clap,/Volumes/Jack_Gandy_1TB_SSD/testing-for-NITE-DSP/sample_pack_testing/Drum Recollection/2023 Drums (Demo)/(Clap) Air It Out.wav,Clap,,,,
74,Kick,/Volumes/Jack_Gandy_1TB_SSD/testing-for-NITE-DSP/sample_pack_testing/Mike Shinoda Drums/MS BEATS/Digi folk Samples/BD_GoldBar001_MPC60.wav,Kick,,,,
75,Snare,/Volumes/Jack_Gandy_1TB_SSD/testing-for-NITE-DSP/sample_pack_testing/Sounds of KSHMR Vol.3/KSHMR_Drums/KSHMR_Drum_Enhancers/KSHMR_Snare_Enhancer_20_Knock.wav,Snare,,,,
76,Crash,/Volumes/Jack_Gandy_1TB_SSD/testing-for-NITE-DSP/sample_pack_testing/Mike Shinoda Drums/MS BEATS/Killing Fields Samples/Crash UpInSmoke.wav,Hi-Hat,,,,
77,Rimshot,/Volumes/Jack_Gandy_1TB_SSD/testing-for-NITE-DSP/sample_pack_testing/Koan Sound/Koan Sound Samples/Foley Pack 01/Foley Drums/Rim 01.wav,Snare,,,,
78,Clap,/Volumes/Jack_Gandy_1TB_SSD/testing-for-NITE-DSP/sample_pack_testing/Sounds of KSHMR Vol.3/KSHMR_VIP_Friends_of_KSHMR/LUIS_TORRES/LUIS_TORRES_Worlds_Smallest_Clap.wav,Clap,,,,
79,Loop,/Volumes/Jack_Gandy_1TB_SSD/testing-for-NITE-DSP/sample_pack_testing/Breaks/The Drum Broker - International Breaks & Essential Kicks/The Drum Broker - International Breaks 3/FRENCH3.wav,Kick,,,,
80,Hi-Hat,/Volumes/Jack_Gandy_1TB_SSD/testing-for-NITE-DSP/sample_pack_testing/Sounds of KSHMR Vol.3/KSHMR_Drums/KSHMR_Beatboxing/KSHMR_Beatbox_Open_Hat_01.wav,Hi-Hat,,,,
81,Clap,/Volumes/Jack_Gandy_1TB_SSD/testing-for-NITE-DSP/sample_pack_testing/Organic Drum Kit/Maschine Kits/Motivation Kit Samples/Organic - Clap (9).wav,Clap,,,,
82,Kick,/Volumes/Jack_Gandy_1TB_SSD/testing-for-NITE-DSP/sample_pack_testing/Drum Recollection/Official Drum Kit Vol. 2/Kicks/Kicked The Dog Kick.wav,Kick,,,,
83,Kick,/Volumes/Jack_Gandy_1TB_SSD/testing-for-NITE-DSP/sample_pack_testing/Minimal Audio/REFLECT/1 - Drums/2 - Kick /Kick - Taupe.wav,Kick,,,,
84,Clap,/Volumes/Jack_Gandy_1TB_SSD/testing-for-NITE-DSP/sample_pack_testing/Mike Shinoda Drums/MS BEATS/PizzaBeatz Samples/Clap Dexterity 1.wav,Clap,,,,
85,Snare,/Volumes/Jack_Gandy_1TB_SSD/testing-for-NITE-DSP/sample_pack_testing/Breaks/The Drum Broker - International Breaks & Essential Kicks/The Drum Broker - International Breaks 3/DRAWK_3.wav,Kick,,,,
86,Other/none,/Volumes/Jack_Gandy_1TB_SSD/testing-for-NITE-DSP/sample_pack_testing/MGF Mega Pack/Retro Digital Collection/Chords - Stab + Short/XV Pilgrimage 14.wav,Snare,,,,
87,Hi-Hat,/Volumes/Jack_Gandy_1TB_SSD/testing-for-NITE-DSP/sample_pack_testing/Mike Shinoda Drums/MS BEATS/RYU 2 Samples/SQRATCH53.WAV,Hi-Hat,,,,
88,Clap,/Volumes/Jack_Gandy_1TB_SSD/testing-for-NITE-DSP/sample_pack_testing/Mike Shinoda Drums/MS BEATS/Burberry-Space Station Samples/Clap_LastMin3st_SP12R.wav,Clap,,,,
89,Hi-Hat,/Volumes/Jack_Gandy_1TB_SSD/testing-for-NITE-DSP/sample_pack_testing/Organic Drum Kit/4 Hi-Hats/1 Closed Hats/Organic - HiHat_J (2).wav,Hi-Hat,,,,
90,Clap,/Volumes/Jack_Gandy_1TB_SSD/testing-for-NITE-DSP/sample_pack_testing/Sounds of KSHMR Vol.3/KSHMR_Drums/KSHMR_Claps/KSHMR_Natural_Hand_Claps/KSHMR_Stacks/KSHMR_Human_Stack_Clap_04_Horse.wav,Clap,,,,
91,Clap,/Volumes/Jack_Gandy_1TB_SSD/testing-for-NITE-DSP/sample_pack_testing/Mike Shinoda Drums/MPC 1000 Backup/NEPTUNES SAMPLES/CLAP candy.wav,Clap,,,,
92,Clap,/Volumes/Jack_Gandy_1TB_SSD/testing-for-NITE-DSP/sample_pack_testing/Sounds of KSHMR Vol.3/KSHMR_Drums/KSHMR_Claps/KSHMR_Natural_Hand_Claps/KSHMR_Stacks/KSHMR_Human_Stack_Clap_06_Squishy.wav,Clap,,,,
93,Snare,/Volumes/Jack_Gandy_1TB_SSD/testing-for-NITE-DSP/sample_pack_testing/Mike Shinoda Drums/MS BEATS/Turtles3 Samples/Snare Ektl A 1.wav,Snare,,,,
94,Clap,/Volumes/Jack_Gandy_1TB_SSD/testing-for-NITE-DSP/sample_pack_testing/Organic Drum Kit/3 Claps/Organic - Clap (40).wav,Clap,,,,
95,Clap,/Volumes/Jack_Gandy_1TB_SSD/testing-for-NITE-DSP/sample_pack_testing/Organic Drum Kit/3 Claps/Organic - Clap (10).wav,Clap,,,,
96,Clap,/Volumes/Jack_Gandy_1TB_SSD/testing-for-NITE-DSP/sample_pack_testing/Mike Shinoda Drums/MS BEATS/Turtles3 Samples/Clap AllGotIt.wav,Clap,,,,
97,Snare,/Volumes/Jack_Gandy_1TB_SSD/testing-for-NITE-DSP/sample_pack_testing/Sounds of KSHMR Vol.3/KSHMR_Drums/KSHMR_Snares/KSHMR_Big_Snares/KSHMR_Big_Snare_11.wav,Snare,,,,
98,Clap,/Volumes/Jack_Gandy_1TB_SSD/testing-for-NITE-DSP/sample_pack_testing/Sounds of KSHMR Vol.3/KSHMR_Drums/KSHMR_Claps/KSHMR_Pre-Shifted_Claps/KSHMR_Pre_Shifted_Clap_08.wav,Clap,,,,
99,Snare,/Volumes/Jack_Gandy_1TB_SSD/testing-for-NITE-DSP/sample_pack_testing/Breaks/Gems From The Crates/Snares/AKT-SNR-A005_bip.wav,Snare,,,,
100,Hi-Hat,/Volumes/Jack_Gandy_1TB_SSD/testing-for-NITE-DSP/sample_pack_testing/Drum Recollection/2023 Drums/(Hi-Hat) Back To The Future.wav,Hi-Hat,,,,
101,Loop,/Volumes/Jack_Gandy_1TB_SSD/testing-for-NITE-DSP/sample_pack_testing/Sounds of KSHMR Vol.3/KSHMR_Drums_Loops/KSHMR_Drum_Loops_Solo/KSHMR_Hihat_and_Cymbal_Loops/KSHMR_Acoustic_Hat_Loops/KSHMR_Acoustic_Hat_Loop_13_120.wav,Hi-Hat,,,,
102,Kick,/Volumes/Jack_Gandy_1TB_SSD/testing-for-NITE-DSP/sample_pack_testing/Sounds of KSHMR Vol.3/KSHMR_Drums/KSHMR_Kicks/KSHMR_Hardstyle_Kicks/KSHMR_Sickdellz_Kick_Valkiria_All_Keys/KSHMR_x_SD_Valkiria_Kick_F#.wav,Kick,,,,
103,Clap,/Volumes/Jack_Gandy_1TB_SSD/testing-for-NITE-DSP/sample_pack_testing/Organic Drum Kit/3 Claps/Organic - Clap (67).wav,Clap,,,,
104,Snare,/Volumes/Jack_Gandy_1TB_SSD/testing-for-NITE-DSP/sample_pack_testing/Sounds of KSHMR Vol.3/KSHMR_Drums/KSHMR_Snares/KSHMR_Snare_FX/KSHMR_Snare_FX_02_F.wav,Snare,,,,
105,Hi-Hat,/Volumes/Jack_Gandy_1TB_SSD/testing-for-NITE-DSP/sample_pack_testing/Black Octopus Sound - Pure Analog Sweeps IV (2021)/Xtra One Shots/Diamaudix_Audio_PAS_IV_Chh_02.wav,Hi-Hat,,,,
106,Rimshot,/Volumes/Jack_Gandy_1TB_SSD/testing-for-NITE-DSP/sample_pack_testing/Organic Electronics 2 J.Views/JVIEWS_desert/JVIEWS_desert_one_shots/JVIEWS_desertwood_snare_rim_02.wav,Snare,,,,
107,Loop,/Volumes/Jack_Gandy_1TB_SSD/testing-for-NITE-DSP/sample_pack_testing/Breaks/The Drum Broker - International Breaks & Essential Kicks/The Drum Broker - International Breaks 4/HAMPSHIRE_2.wav,Kick,,,,
108,Kick,/Volumes/Jack_Gandy_1TB_SSD/testing-for-NITE-DSP/sample_pack_testing/Mike Shinoda Drums/MS BEATS/Auckland2013 Samples/Kick Gamsay 2.wav,Kick,,,,
109,Kick,/Volumes/Jack_Gandy_1TB_SSD/testing-for-NITE-DSP/sample_pack_testing/Mike Shinoda Drums/MS BEATS/Digi folk Samples/BD_DirtMunga60_03.wav,Kick,,,,
110,Kick,/Volumes/Jack_Gandy_1TB_SSD/testing-for-NITE-DSP/sample_pack_testing/Breaks/The Drum Broker - International Breaks & Essential Kicks/The Drum Broker - International Breaks 1/CHOPS/WHITE KICK 2.wav,Kick,,,,
111,Snare,/Volumes/Jack_Gandy_1TB_SSD/testing-for-NITE-DSP/sample_pack_testing/Organic Electronics 2 J.Views/JVIEWS_studio/JVIEWS_studio_one_shots/JVIEWS_analog_machine_drum_snare_02.wav,Snare,,,,
112,Hi-Hat,/Volumes/Jack_Gandy_1TB_SSD/testing-for-NITE-DSP/sample_pack_testing/Mike Shinoda Drums/MPC 1000 Backup/NEPTUNES SAMPLES/bell HAT.wav,Hi-Hat,,,,
113,Clap,/Volumes/Jack_Gandy_1TB_SSD/testing-for-NITE-DSP/sample_pack_testing/Sounds of KSHMR Vol.3/KSHMR_Drums/KSHMR_Claps/KSHMR_Natural_Hand_Claps/KSHMR_Stacks/KSHMR_Human_Stack_Clap_10_Tight.wav,Clap,,,,
114,Other/none,/Volumes/Jack_Gandy_1TB_SSD/testing-for-NITE-DSP/sample_pack_testing/Mike Shinoda Drums/MPC 1000 Backup/WHATYOUHAVE/RECTNGL34.WAV,Hi-Hat,,,,
115,Kick,/Volumes/Jack_Gandy_1TB_SSD/testing-for-NITE-DSP/sample_pack_testing/Breaks/The Drum Broker - International Breaks & Essential Kicks/The Drum Broker - Essential Kicks/Regret.wav,Kick,,,,
116,Snare,/Volumes/Jack_Gandy_1TB_SSD/testing-for-NITE-DSP/sample_pack_testing/Mike Shinoda Drums/MS BEATS/Regalia Samples/Snare Porter 3.wav,Snare,,,,
117,Clap,/Volumes/Jack_Gandy_1TB_SSD/testing-for-NITE-DSP/sample_pack_testing/Organic Drum Kit/3 Claps/Organic - Clap (64).wav,Clap,,,,
118,Kick,/Volumes/Jack_Gandy_1TB_SSD/testing-for-NITE-DSP/sample_pack_testing/Organic Drum Kit/Maschine Kits/Sun Tzu Kit Samples/Organic - Kick (108).wav,Kick,,,,
119,Loop,/Volumes/Jack_Gandy_1TB_SSD/testing-for-NITE-DSP/sample_pack_testing/Breaks/The Drum Broker - International Breaks & Essential Kicks/The Drum Broker - International Breaks 1/THAI.wav,Kick,,,,
120,Hi-Hat,/Volumes/Jack_Gandy_1TB_SSD/testing-for-NITE-DSP/sample_pack_testing/Mike Shinoda Drums/MS BEATS/Victory March Samples/HH_AlienSoul2_60s.wav,Hi-Hat,,,,
121,Snare,/Volumes/Jack_Gandy_1TB_SSD/testing-for-NITE-DSP/sample_pack_testing/Minimal Audio/ELEMENT/1 - Drums/3 - Snare/Snare - Tight Organic.wav,Snare,,,,
122,Hi-Hat,/Volumes/Jack_Gandy_1TB_SSD/testing-for-NITE-DSP/sample_pack_testing/Organic Drum Kit/4 Hi-Hats/2 Open Hats/Organic - O.HiHat_(9).wav,Hi-Hat,,,,
123,Clap,/Volumes/Jack_Gandy_1TB_SSD/testing-for-NITE-DSP/sample_pack_testing/Mike Shinoda Drums/MPC 1000 Backup/NEPTUNES SAMPLES/CLAP grindin.wav,Clap,,,,
124,Percussion Loop,/Volumes/Jack_Gandy_1TB_SSD/testing-for-NITE-DSP/sample_pack_testing/Breaks/The Drum Broker - International Breaks & Essential Kicks/The Drum Broker - International Breaks 5/MIDDLE EAST PERC.wav,Kick,,,,
125,Hi-Hat,/Volumes/Jack_Gandy_1TB_SSD/testing-for-NITE-DSP/sample_pack_testing/Mike Shinoda Drums/MS BEATS/Horizons Samples/ClosedHH AncientAliens.wav,Hi-Hat,,,,
126,Clap,/Volumes/Jack_Gandy_1TB_SSD/testing-for-NITE-DSP/sample_pack_testing/Sounds of KSHMR Vol.3/KSHMR_Drums/KSHMR_Claps/KSHMR_Natural_Hand_Claps/KSHMR_Stacks/KSHMR_Human_Stack_Clap_07_Squishy.wav,Clap,,,,
127,Rimshot,/Volumes/Jack_Gandy_1TB_SSD/testing-for-NITE-DSP/sample_pack_testing/Drum Recollection/Official Drum Kit Vol. 2/Rims/United Rim.wav,Snare,,,,
128,Snare,/Volumes/Jack_Gandy_1TB_SSD/testing-for-NITE-DSP/sample_pack_testing/Black Octopus Sound - Pure Analog Sweeps IV (2021)/Xtra One Shots/Diamaudix_Audio_PAS_IV_Snare_03.wav,Snare,,,,
129,Kick,/Volumes/Jack_Gandy_1TB_SSD/testing-for-NITE-DSP/sample_pack_testing/Minimal Audio/MICROTECH/2 - One Shots/1 - Kick/Kick - Terminate.wav,Kick,,,,
130,Hi-Hat,/Volumes/Jack_Gandy_1TB_SSD/testing-for-NITE-DSP/sample_pack_testing/Drum Recollection/New Wave Drum Kit Vol. 2/Claps/Crispy Hi-Hat.wav,Clap,,,,
131,Clap,/Volumes/Jack_Gandy_1TB_SSD/testing-for-NITE-DSP/sample_pack_testing/Sounds of KSHMR Vol.3/KSHMR_Drums/KSHMR_Claps/KSHMR_Regular_Claps/KSHMR_Clap_Heavy_03.wav,Clap,,,,
132,Percussion,/Volumes/Jack_Gandy_1TB_SSD/testing-for-NITE-DSP/sample_pack_testing/Organic Drum Kit/Maschine Kits/Imperial Kit Samples/Organic - Tom_D (4).wav,Hi-Hat,Tom,,,Tom
133,Clap,/Volumes/Jack_Gandy_1TB_SSD/testing-for-NITE-DSP/sample_pack_testing/Organic Drum Kit/Maschine Kits/Jungle Thump Kit Samples/Organic - Clap (56).wav,Clap,,,,
134,Kick,/Volumes/Jack_Gandy_1TB_SSD/testing-for-NITE-DSP/sample_pack_testing/Organic Drum Kit/Maschine Kits/Vintage Kit Samples/Organic - Kick (27).wav,Kick,,,,
135,Hi-Hat,/Volumes/Jack_Gandy_1TB_SSD/testing-for-NITE-DSP/sample_pack_testing/Mike Shinoda Drums/MPC 1000 Backup/NEPTUNES SAMPLES/HAT mys.wav,Hi-Hat,,,,
136,Kick,/Volumes/Jack_Gandy_1TB_SSD/testing-for-NITE-DSP/sample_pack_testing/Sounds of KSHMR Vol.3/KSHMR_Drums/KSHMR_Kicks/KSHMR_Hip_Hop_kicks/KSHMR_Chest_Kicks/KSHMR_Chest_Kick_05.wav,Kick,,,,
137,Clap,/Volumes/Jack_Gandy_1TB_SSD/testing-for-NITE-DSP/sample_pack_testing/Sounds of KSHMR Vol.3/KSHMR_VIP_Friends_of_KSHMR/CROSSNADERS/CROSSNADERS_Clap_Instinct_Killa.wav,Clap,,,,
138,Rimshot,/Volumes/Jack_Gandy_1TB_SSD/testing-for-NITE-DSP/sample_pack_testing/Sounds of KSHMR Vol.3/KSHMR_Drums/KSHMR_Percussion/KSHMR_Percussion_High/KSHMR_Percussion_High_Rimshot_03_D.wav,Snare,,,,Rimshot
139,Snare,/Volumes/Jack_Gandy_1TB_SSD/testing-for-NITE-DSP/sample_pack_testing/Organic Drum Kit/2 Snares/Organic - Snare (45).wav,Snare,,,,
140,Hi-Hat,/Volumes/Jack_Gandy_1TB_SSD/testing-for-NITE-DSP/sample_pack_testing/Minimal Audio/REFLECT/1 - Drums/5 - Hats & Cymbals/Hi Hat - Pine.wav,Hi-Hat,,,,
141,Clap,/Volumes/Jack_Gandy_1TB_SSD/testing-for-NITE-DSP/sample_pack_testing/Drum Recollection/Official Drum Kit Vol. 1/Claps/Arcade Clap .wav,Clap,,,,
142,Kick,/Volumes/Jack_Gandy_1TB_SSD/testing-for-NITE-DSP/sample_pack_testing/Sounds of KSHMR Vol.3/KSHMR_Drums/KSHMR_Kicks/KSHMR_Hardstyle_Kicks/KSHMR_Hardstyle_Kicks/KSHMR_Hardstyle_Kick_43_G.wav,Kick,,,,
143,Clap,/Volumes/Jack_Gandy_1TB_SSD/testing-for-NITE-DSP/sample_pack_testing/Organic Drum Kit/Maschine Kits/Demolition Kit Samples/Organic - Clap (43).wav,Clap,,,,
144,Clap,/Volumes/Jack_Gandy_1TB_SSD/testing-for-NITE-DSP/sample_pack_testing/Organic Drum Kit/Maschine Kits/Studio Kit Samples/Organic - Clap (55).wav,Clap,,,,
145,Other/none,/Volumes/Jack_Gandy_1TB_SSD/testing-for-NITE-DSP/sample_pack_testing/IMANU/es tu reel stems/etr_00_11 chord pitchbend experiments_3_IMANU 130 garage fukt_4.wav,Snare,,,,
146,Kick,/Volumes/Jack_Gandy_1TB_SSD/testing-for-NITE-DSP/sample_pack_testing/Sounds of KSHMR Vol.3/KSHMR_Drums/KSHMR_Kicks/KSHMR_Punchy_Kicks/KSHMR_Punchy_Kick_24_F#_Soft.wav,Kick,,,,
147,Snare,/Volumes/Jack_Gandy_1TB_SSD/testing-for-NITE-DSP/sample_pack_testing/Mike Shinoda Drums/MS BEATS/Gyoza Samples/Snare Bodzin 1.wav,Snare,,,,
148,Snare,/Volumes/Jack_Gandy_1TB_SSD/testing-for-NITE-DSP/sample_pack_testing/Sounds of KSHMR Vol.3/KSHMR_Drums/KSHMR_Snares/KSHMR_Tight_Snares/KSHMR_Tight_Snare_39_G.wav,Snare,,,,
149,Foley,/Volumes/Jack_Gandy_1TB_SSD/testing-for-NITE-DSP/sample_pack_testing/Old Movies 1 - Vintage Collection (Drum Kit)/Foley & Percussion (Old Movies)/HHH_Foley 9.wav,Hi-Hat,,,,
150,Clap,/Volumes/Jack_Gandy_1TB_SSD/testing-for-NITE-DSP/sample_pack_testing/Breaks/Gems From The Crates/Claps/AKT-CLP-A001_bip.wav,Clap,,,,
151,Hi-Hat,/Volumes/Jack_Gandy_1TB_SSD/testing-for-NITE-DSP/sample_pack_testing/Mike Shinoda Drums/MS BEATS/Castle Of Glass Remix2 Samples/ClosedHH Cronotilus.wav,Hi-Hat,,,,
152,Other/none,/Volumes/Jack_Gandy_1TB_SSD/testing-for-NITE-DSP/sample_pack_testing/Mike Shinoda Drums/MPC 1000 Backup/WHATYOUHAVE/PROCK3.WAV,Hi-Hat,,,,
153,Snare,/Volumes/Jack_Gandy_1TB_SSD/testing-for-NITE-DSP/sample_pack_testing/Sounds of KSHMR Vol.3/KSHMR_Drums/KSHMR_Acoustic_Drums/Snare/kshmr_acoustic_snare_11_d#.wav,Snare,,,,
154,Clap,/Volumes/Jack_Gandy_1TB_SSD/testing-for-NITE-DSP/sample_pack_testing/Black Octopus Sound - Pure Analog Sweeps IV (2021)/Xtra One Shots/Diamaudix_Audio_PAS_IV_Clap_05.wav,Clap,,,,
155,Snare,/Volumes/Jack_Gandy_1TB_SSD/testing-for-NITE-DSP/sample_pack_testing/Sounds of KSHMR Vol.3/KSHMR_Drums/KSHMR_Drum_Enhancers/KSHMR_Snare_Enhancer_17_Flush.wav,Snare,,,,
156,Snare,/Volumes/Jack_Gandy_1TB_SSD/testing-for-NITE-DSP/sample_pack_testing/Organic Drum Kit/2 Snares/Organic - Snare (7).wav,Snare,,,,
157,Kick,/Volumes/Jack_Gandy_1TB_SSD/testing-for-NITE-DSP/sample_pack_testing/MGF Mega Pack/Analogue Collection/Perc/MOD_KICK 08.wav,Kick,,,,
158,Other/none,/Volumes/Jack_Gandy_1TB_SSD/testing-for-NITE-DSP/sample_pack_testing/Breaks/The Drum Broker - International Breaks & Essential Kicks/The Drum Broker - International Breaks 2/Venice.wav,Kick,,,,
159,Snare,/Volumes/Jack_Gandy_1TB_SSD/testing-for-NITE-DSP/sample_pack_testing/Capsun ProAudio - City Pop/One_Shots/Drum_One_Shots/Snares/CPA_TCP_snare_arena.wav,Snare,,,,
160,Hi-Hat,/Volumes/Jack_Gandy_1TB_SSD/testing-for-NITE-DSP/sample_pack_testing/Capsun ProAudio - City Pop/One_Shots/Drum_One_Shots/Hihats/CPA_TCP_hihat_glitterball.wav,Hi-Hat,,,,
161,Other/none,/Volumes/Jack_Gandy_1TB_SSD/testing-for-NITE-DSP/sample_pack_testing/Sounds of KSHMR Vol.3/KSHMR_FX_Elements/KSHMR_Glitches_and_Industrial/KSHMR_Industrial_Grime/KSHMR_Industrial_Grime_12_140_G.wav,Snare,,,,
162,Rimshot,/Volumes/Jack_Gandy_1TB_SSD/testing-for-NITE-DSP/sample_pack_testing/Loaded Samples - Lo-Fi Memphis 2/DRUMS/Rim/LFM2_Rim (3).wav,Snare,,,,
163,Clap,/Volumes/Jack_Gandy_1TB_SSD/testing-for-NITE-DSP/sample_pack_testing/Mike Shinoda Drums/MS BEATS/Pizzaria Samples/Clap YeahRight 2.wav,Clap,,,,
164,Clap,/Volumes/Jack_Gandy_1TB_SSD/testing-for-NITE-DSP/sample_pack_testing/Mike Shinoda Drums/MS BEATS/Ryu 3 Samples/Clap_Layered004_MPC60_st.wav,Clap,,,,
165,Snare,/Volumes/Jack_Gandy_1TB_SSD/testing-for-NITE-DSP/sample_pack_testing/Sounds of KSHMR Vol.3/KSHMR_Drums/KSHMR_Snares/KSHMR_Hip_Hop_Snares/KSHMR_Hip_Hop_Snare_07_C.wav,Snare,,,,
166,Snare,/Volumes/Jack_Gandy_1TB_SSD/testing-for-NITE-DSP/sample_pack_testing/Mike Shinoda Drums/MS BEATS/Dance Rock Samples/Kick AR70sTight V127 3.wav,Kick,,,,
167,Kick,/Volumes/Jack_Gandy_1TB_SSD/testing-for-NITE-DSP/sample_pack_testing/Sounds of KSHMR Vol.3/KSHMR_Drums/KSHMR_Kicks/KSHMR_Hip_Hop_kicks/KSHMR_Vinyl_Kicks/KSHMR_Vinyl_Kick_04.wav,Kick,,,,
168,Other/none,/Volumes/Jack_Gandy_1TB_SSD/testing-for-NITE-DSP/sample_pack_testing/Breaks/The Drum Broker - International Breaks & Essential Kicks/The Drum Broker - International Breaks 1/FOCUS .wav,Kick,,,,
169,Other/none,/Volumes/Jack_Gandy_1TB_SSD/testing-for-NITE-DSP/sample_pack_testing/Breaks/The Drum Broker - International Breaks & Essential Kicks/The Drum Broker - International Breaks 3/FRANCAIS.wav,Kick,,,,
170,Foley,/Volumes/Jack_Gandy_1TB_SSD/testing-for-NITE-DSP/sample_pack_testing/Sounds of KSHMR Vol.3/KSHMR_Drums/KSHMR_Snaps/KSHMR_Snap_13.wav,Clap,,,,
171,Kick,/Volumes/Jack_Gandy_1TB_SSD/testing-for-NITE-DSP/sample_pack_testing/Organic Drum Kit/1 Kicks/Organic - Kick (17).wav,Kick,,,,
172,Hi-Hat,/Volumes/Jack_Gandy_1TB_SSD/testing-for-NITE-DSP/sample_pack_testing/Sounds of KSHMR Vol.3/KSHMR_Drums/KSHMR_Cymbals/KSHMR_Hi_Hats_Open/KSHMR_Open_Hat_01_Short.wav,Hi-Hat,,,,
173,Snare,/Volumes/Jack_Gandy_1TB_SSD/testing-for-NITE-DSP/sample_pack_testing/Koan Sound/Koan Sound Samples/Foley Pack 01/Foley Drums/Snare 02.wav,Snare,,,,
174,Other/none,/Volumes/Jack_Gandy_1TB_SSD/testing-for-NITE-DSP/sample_pack_testing/Sounds of KSHMR Vol.3/KSHMR_Drums/KSHMR_Drum_Enhancers/KSHMR_Snare_Enhancer_13_Crunch.wav,Snare,,,,
175,Kick,/Volumes/Jack_Gandy_1TB_SSD/testing-for-NITE-DSP/sample_pack_testing/Sounds of KSHMR Vol.3/KSHMR_VIP_Friends_of_KSHMR/MARNIK/MARNIK_Kick_Shiva.wav,Kick,,,,
176,Snare,/Volumes/Jack_Gandy_1TB_SSD/testing-for-NITE-DSP/sample_pack_testing/Organic Drum Kit/5 Percussion/2 Cajon Box/1 Cajon Box/2 Snare Slap/Organic - Cajon Snare_A (2).wav,Snare,,,,
177,Hi-Hat,/Volumes/Jack_Gandy_1TB_SSD/testing-for-NITE-DSP/sample_pack_testing/Sounds of KSHMR Vol.3/KSHMR_Drums/KSHMR_Acoustic_Drums/Hi-Hat/kshmr_acoustic_closed_hat_01_clean.wav,Hi-Hat,,,,
178,Kick,/Volumes/Jack_Gandy_1TB_SSD/testing-for-NITE-DSP/sample_pack_testing/Organic Electronics 2 J.Views/JVIEWS_countryside/JVIEWS_countryside_one_shots/JVIEWS_kick_helper_crunchy_leaves_01.wav,Kick,,,,
179,Snare,/Volumes/Jack_Gandy_1TB_SSD/testing-for-NITE-DSP/sample_pack_testing/Old Movies 1 - Vintage Collection (Drum Kit)/Snares/Snare 29.wav,Snare,,,,
180,Clap,/Volumes/Jack_Gandy_1TB_SSD/testing-for-NITE-DSP/sample_pack_testing/Organic Drum Kit/3 Claps/Organic - Clap (17).wav,Clap,,,,
181,Snare,/Volumes/Jack_Gandy_1TB_SSD/testing-for-NITE-DSP/sample_pack_testing/Organic Drum Kit/5 Percussion/2 Cajon Box/1 Cajon Box/2 Snare Slap/Organic - Cajon Snare_A (19).wav,Snare,,,,
182,Other/none,/Volumes/Jack_Gandy_1TB_SSD/testing-for-NITE-DSP/sample_pack_testing/Mike Shinoda Drums/MS BEATS/Amethyst Samples/OpenHH AR60sLate V88 1.wav,Hi-Hat,,,,
183,Rimshot,/Volumes/Jack_Gandy_1TB_SSD/testing-for-NITE-DSP/sample_pack_testing/Koan Sound/Koan Sound Samples/Foley Pack 01/Foley Drums/Rim 07.wav,Snare,,,,
184,Snare,/Volumes/Jack_Gandy_1TB_SSD/testing-for-NITE-DSP/sample_pack_testing/Breaks/The Drum Broker - International Breaks & Essential Kicks/The Drum Broker - International Breaks 2/CHOPS/CRYSTAL SNARE 1.wav,Kick,,,,
185,Percussion,/Volumes/Jack_Gandy_1TB_SSD/testing-for-NITE-DSP/sample_pack_testing/Organic Drum Kit/Maschine Kits/Grungy Kit Samples/Organic - Tom_D (3).wav,Hi-Hat,Tom,,,Tom
186,Other/none,/Volumes/Jack_Gandy_1TB_SSD/testing-for-NITE-DSP/sample_pack_testing/Mike Shinoda Drums/MPC 1000 Backup/WHATYOUHAVE/SQRATCH48.WAV,Hi-Hat,,,,
187,Other/none,/Volumes/Jack_Gandy_1TB_SSD/testing-for-NITE-DSP/sample_pack_testing/Breaks/The Drum Broker - International Breaks & Essential Kicks/The Drum Broker - International Breaks 3/BAGUETTE .wav,Kick,,,,
188,Kick,/Volumes/Jack_Gandy_1TB_SSD/testing-for-NITE-DSP/sample_pack_testing/Mike Shinoda Drums/MS BEATS/Dubby Samples/Kick Absynth B 3.wav,Kick,,,,
189,Other/none,/Volumes/Jack_Gandy_1TB_SSD/testing-for-NITE-DSP/sample_pack_testing/Loaded Samples - Lo-Fi Memphis 2/MELODIES (X3 & DR5)/Loops (Cassette Processed)/Strap In the Ride #1 [72 BPM] (C#).wav,Hi-Hat,,,,
190,Clap,/Volumes/Jack_Gandy_1TB_SSD/testing-for-NITE-DSP/sample_pack_testing/Breaks/Gems From The Crates/Claps/AKT-CLP-A005_bip.wav,Clap,,,,
191,Snare,/Volumes/Jack_Gandy_1TB_SSD/testing-for-NITE-DSP/sample_pack_testing/Koan Sound/Koan Sound Samples/Raw Drums/Raw/Raw Snare 04.wav,Snare,,,,
192,Clap,/Volumes/Jack_Gandy_1TB_SSD/testing-for-NITE-DSP/sample_pack_testing/Sounds of KSHMR Vol.3/KSHMR_Drums/KSHMR_Claps/KSHMR_Regular_Claps/KSHMR_Clap_Airy_02.wav,Clap,,,,
193,Clap,/Volumes/Jack_Gandy_1TB_SSD/testing-for-NITE-DSP/sample_pack_testing/Sounds of KSHMR Vol.3/KSHMR_Drums/KSHMR_Claps/KSHMR_Regular_Claps/KSHMR_Clap_Hard_04.wav,Clap,,,,
194,Hi-Hat,/Volumes/Jack_Gandy_1TB_SSD/testing-for-NITE-DSP/sample_pack_testing/Sounds of KSHMR Vol.3/KSHMR_Drums/KSHMR_Beatboxing/KSHMR_Beatbox_Open_Hat_02.wav,Hi-Hat,,,,
195,Kick,/Volumes/Jack_Gandy_1TB_SSD/testing-for-NITE-DSP/sample_pack_testing/Sounds of KSHMR Vol.3/KSHMR_Drums/KSHMR_Kicks/KSHMR_Hardstyle_Kicks/KSHMR_Sickdellz_Kick_Valkiria_All_Keys/KSHMR_x_SD_Valkiria_Kick_G#.wav,Kick,,,,
196,Hi-Hat,/Volumes/Jack_Gandy_1TB_SSD/testing-for-NITE-DSP/sample_pack_testing/Minimal Audio/REFLECT/1 - Drums/5 - Hats & Cymbals/Hi Hat - Sliver.wav,Hi-Hat,,,,
197,Clap,/Volumes/Jack_Gandy_1TB_SSD/testing-for-NITE-DSP/sample_pack_testing/Minimal Audio/REFLECT/1 - Drums/4 - Claps/Clap - Elm.wav,Clap,,,,
198,Hi-Hat,/Volumes/Jack_Gandy_1TB_SSD/testing-for-NITE-DSP/sample_pack_testing/Organic Drum Kit/4 Hi-Hats/1 Closed Hats/Organic - HiHat_E (3).wav,Hi-Hat,,,,
199,Other/none,/Volumes/Jack_Gandy_1TB_SSD/testing-for-NITE-DSP/sample_pack_testing/Breaks/The Drum Broker - International Breaks & Essential Kicks/The Drum Broker - International Breaks 2/frogs_3.wav,Kick,,,,
200,Other/none,/Volumes/Jack_Gandy_1TB_SSD/testing-for-NITE-DSP/sample_pack_testing/Sounds of KSHMR Vol.3/KSHMR_World_Sounds/KSHMR_Latin_America/KSHMR_Latin_PL_Brazillian_Berimbau_02_D.wav,Snare,,,,
201,Rimshot,/Volumes/Jack_Gandy_1TB_SSD/testing-for-NITE-DSP/sample_pack_testing/Drum Recollection/Essentials Drum Kit Vol. 001/Rim Shots/Comfy Rimshot.wav,Snare,,,,
202,Other/none,/Volumes/Jack_Gandy_1TB_SSD/testing-for-NITE-DSP/sample_pack_testing/Mike Shinoda Drums/MS BEATS/Lil Swing Samples/RZ1_SD_Tattoo1_Fat.wav,Snare,,,,
203,Snare,/Volumes/Jack_Gandy_1TB_SSD/testing-for-NITE-DSP/sample_pack_testing/Mike Shinoda Drums/MS BEATS/Amethyst Samples/SnareFlam AR60sLate V77 1.wav,Snare,,,,
204,Snare,/Volumes/Jack_Gandy_1TB_SSD/testing-for-NITE-DSP/sample_pack_testing/Drum Recollection/Official Drum Kit Vol. 2/Snares/2048 Mans Snare.wav,Snare,,,,
205,Clap,/Volumes/Jack_Gandy_1TB_SSD/testing-for-NITE-DSP/sample_pack_testing/Organic Drum Kit/3 Claps/Organic - Clap (27).wav,Clap,,,,
206,Other/none,/Volumes/Jack_Gandy_1TB_SSD/testing-for-NITE-DSP/sample_pack_testing/MGF Mega Pack/Misc + Found Sound/Casiotone 501/Drums/Casiotone 501 KickHat 1.wav,Kick,,,,
207,Hi-Hat,/Volumes/Jack_Gandy_1TB_SSD/testing-for-NITE-DSP/sample_pack_testing/Mike Shinoda Drums/MS BEATS/Killing Fields Samples/HHo_PeaceCorp.wav,Hi-Hat,,,,
208,Kick,/Volumes/Jack_Gandy_1TB_SSD/testing-for-NITE-DSP/sample_pack_testing/Drum Recollection/New Wave Drum Kit Vol. 2/Kicks/Racky Kick.wav,Kick,,,,
209,Kick,/Volumes/Jack_Gandy_1TB_SSD/testing-for-NITE-DSP/sample_pack_testing/Sounds of KSHMR Vol.3/KSHMR_Drums/KSHMR_Kicks/KSHMR_Hip_Hop_kicks/KSHMR_Distorted_Kicks/KSHMR_Distorted_Kick_07_E.wav,Kick,,,,
210,Foley,/Volumes/Jack_Gandy_1TB_SSD/testing-for-NITE-DSP/sample_pack_testing/Old Movies 1 - Vintage Collection (Drum Kit)/Foley & Percussion (Old Movies)/HHH_Foley 14.wav,Hi-Hat,,,,
211,Kick,/Volumes/Jack_Gandy_1TB_SSD/testing-for-NITE-DSP/sample_pack_testing/Sounds of KSHMR Vol.3/KSHMR_VIP_Friends_of_KSHMR/7SKIES/7SKIES_Kick_PTS.wav,Kick,,,,
212,Hi-Hat,/Volumes/Jack_Gandy_1TB_SSD/testing-for-NITE-DSP/sample_pack_testing/Mike Shinoda Drums/MPC 1000 Backup/NEPTUNES SAMPLES/HAT head.wav,Hi-Hat,,,,
213,Clap,/Volumes/Jack_Gandy_1TB_SSD/testing-for-NITE-DSP/sample_pack_testing/Sounds of KSHMR Vol.3/KSHMR_Drums/KSHMR_Claps/KSHMR_Natural_Hand_Claps/KSHMR_Single_Claps/KSHMR_Human_Single_Clap_09.wav,Clap,,,,
214,Other/none,/Volumes/Jack_Gandy_1TB_SSD/testing-for-NITE-DSP/sample_pack_testing/Breaks/The Drum Broker - International Breaks & Essential Kicks/The Drum Broker - International Breaks 1/AMSTERDAM_2.wav,Kick,,,,
215,Hi-Hat,/Volumes/Jack_Gandy_1TB_SSD/testing-for-NITE-DSP/sample_pack_testing/Koan Sound/Koan Sound Samples/Raw Drums/Raw/Raw Hat 12.wav,Hi-Hat,,,,
216,Other/none,/Volumes/Jack_Gandy_1TB_SSD/testing-for-NITE-DSP/sample_pack_testing/Organic Drum Kit/5 Percussion/4 Metalic/3 Zill Finger Cymbals/Organic - Zill Finger Cymbal (15).wav,Hi-Hat,,,,
217,Other/none,/Volumes/Jack_Gandy_1TB_SSD/testing-for-NITE-DSP/sample_pack_testing/Sounds of KSHMR Vol.3/KSHMR_FX_Elements/KSHMR_Glitches_and_Industrial/KSHMR_Industrial_Grime/KSHMR_Industrial_Grime_01_F.wav,Snare,,,,
218,Clap,/Volumes/Jack_Gandy_1TB_SSD/testing-for-NITE-DSP/sample_pack_testing/Drum Recollection/Official Drum Kit Vol. 2/Claps/Lil Double 0 Clap.wav,Clap,,,,
219,Kick,/Volumes/Jack_Gandy_1TB_SSD/testing-for-NITE-DSP/sample_pack_testing/Breaks/The Drum Broker - International Breaks & Essential Kicks/The Drum Broker - Essential Kicks/Cookies.wav,Kick,,,,
220,Kick,/Volumes/Jack_Gandy_1TB_SSD/testing-for-NITE-DSP/sample_pack_testing/Mike Shinoda Drums/MS BEATS/PaperWeight Samples/OHKICK2.wav,Kick,,,,
221,Clap,/Volumes/Jack_Gandy_1TB_SSD/testing-for-NITE-DSP/sample_pack_testing/Sounds of KSHMR Vol.3/KSHMR_Drums/KSHMR_Claps/KSHMR_Regular_Claps/KSHMR_Clap_Snappy_01.wav,Clap,,,,
222,Hi-Hat,/Volumes/Jack_Gandy_1TB_SSD/testing-for-NITE-DSP/sample_pack_testing/Mike Shinoda Drums/MS BEATS/Andes Samples/ClosedHH Chardro 5.wav,Hi-Hat,,,,
223,Other/none,/Volumes/Jack_Gandy_1TB_SSD/testing-for-NITE-DSP/sample_pack_testing/Mike Shinoda Drums/MS BEATS/Victory March Samples/GB snd 11.WAV,Hi-Hat,,,,
224,Clap,/Volumes/Jack_Gandy_1TB_SSD/testing-for-NITE-DSP/sample_pack_testing/Organic Drum Kit/3 Claps/Organic - Clap (33).wav,Clap,,,,
225,Clap,/Volumes/Jack_Gandy_1TB_SSD/testing-for-NITE-DSP/sample_pack_testing/Drum Recollection/Essentials Drumkit Vol. 002/Claps/Fifty Bands Clap.wav,Clap,,,,
226,Snare,/Volumes/Jack_Gandy_1TB_SSD/testing-for-NITE-DSP/sample_pack_testing/Sounds of KSHMR Vol.3/KSHMR_Drums/KSHMR_Snares/KSHMR_Tight_Snares/KSHMR_Tight_Snare_14_C#.wav,Snare,,,,
227,Kick,/Volumes/Jack_Gandy_1TB_SSD/testing-for-NITE-DSP/sample_pack_testing/Sounds of KSHMR Vol.3/KSHMR_Drums/KSHMR_Kicks/KSHMR_Hardstyle_Kicks/KSHMR_Sickdellz_Kick_Ragnar_All_Keys/KSHMR_x_SD_Ragnar_Kick_E.wav,Kick,,,,
228,Foley,/Volumes/Jack_Gandy_1TB_SSD/testing-for-NITE-DSP/sample_pack_testing/Old Movies 1 - Vintage Collection (Drum Kit)/Foley & Percussion (Old Movies)/HHH_Foley 8.wav,Hi-Hat,,,,
229,Clap,/Volumes/Jack_Gandy_1TB_SSD/testing-for-NITE-DSP/sample_pack_testing/Organic Drum Kit/3 Claps/Organic - Clap (79).wav,Clap,,,,
230,Snare,/Volumes/Jack_Gandy_1TB_SSD/testing-for-NITE-DSP/sample_pack_testing/Sounds of KSHMR Vol.3/KSHMR_Drums/KSHMR_Acoustic_Drums/Snare/kshmr_acoustic_snare_01_a.wav,Snare,,,,
231,Snare,/Volumes/Jack_Gandy_1TB_SSD/testing-for-NITE-DSP/sample_pack_testing/Sounds of KSHMR Vol.3/KSHMR_Drums/KSHMR_Snares/KSHMR_Tight_Snares/KSHMR_Tight_Snare_23_E.wav,Snare,,,,
232,Kick,/Volumes/Jack_Gandy_1TB_SSD/testing-for-NITE-DSP/sample_pack_testing/Minimal Audio/MICROTECH/2 - One Shots/1 - Kick/Kick - Deep Chunk 2.wav,Kick,,,,
233,Clap,/Volumes/Jack_Gandy_1TB_SSD/testing-for-NITE-DSP/sample_pack_testing/Sounds of KSHMR Vol.3/KSHMR_Drums/KSHMR_Claps/KSHMR_Regular_Claps/KSHMR_Clap_Classic_03.wav,Clap,,,,
234,Clap,/Volumes/Jack_Gandy_1TB_SSD/testing-for-NITE-DSP/sample_pack_testing/Organic Drum Kit/Maschine Kits/New Age Kit 1 Samples/Organic - Clap (4).wav,Clap,,,,
235,Hi-Hat,/Volumes/Jack_Gandy_1TB_SSD/testing-for-NITE-DSP/sample_pack_testing/Drum Recollection/Official Drum Kit Vol. 1/Hi Hats/Orange Hi Hat .wav,Hi-Hat,,,,
236,Snare,/Volumes/Jack_Gandy_1TB_SSD/testing-for-NITE-DSP/sample_pack_testing/Mike Shinoda Drums/MS BEATS/Swingy One Samples/Snare Absynth B 1.wav,Snare,,,,
237,Crash,/Volumes/Jack_Gandy_1TB_SSD/testing-for-NITE-DSP/sample_pack_testing/Mike Shinoda Drums/MPC 1000 Backup/NewFinishesA/CRASH1.wav,Hi-Hat,,,,
238,Foley,/Volumes/Jack_Gandy_1TB_SSD/testing-for-NITE-DSP/sample_pack_testing/Sounds of KSHMR Vol.3/KSHMR_Drums/KSHMR_Snaps/KSHMR_Snap_07.wav,Clap,,,,
239,Kick,/Volumes/Jack_Gandy_1TB_SSD/testing-for-NITE-DSP/sample_pack_testing/Sounds of KSHMR Vol.3/KSHMR_Drums/KSHMR_Kicks/KSHMR_Hardstyle_Kicks/KSHMR_Sickdellz_Kick_Ragnar_All_Keys/KSHMR_x_SD_Ragnar_Kick_G.wav,Kick,,,,
240,Hi-Hat,/Volumes/Jack_Gandy_1TB_SSD/testing-for-NITE-DSP/sample_pack_testing/Mike Shinoda Drums/MS BEATS/Castle Of Glass Remix2 Samples/ClosedHH Catmando.wav,Hi-Hat,,,,
241,Hi-Hat,/Volumes/Jack_Gandy_1TB_SSD/testing-for-NITE-DSP/sample_pack_testing/Drum Recollection/New Wave Drum Kit Vol. 2/Open Hats/Guilty Open Hat.wav,Hi-Hat,,,,
242,Snare,/Volumes/Jack_Gandy_1TB_SSD/testing-for-NITE-DSP/sample_pack_testing/Organic Drum Kit/2 Snares/Organic - Snare (115).wav,Snare,,,,
243,Other/none,/Volumes/Jack_Gandy_1TB_SSD/testing-for-NITE-DSP/sample_pack_testing/Breaks/The Drum Broker - International Breaks & Essential Kicks/The Drum Broker - International Breaks 2/Guarana.wav,Kick,,,,
244,Kick,/Volumes/Jack_Gandy_1TB_SSD/testing-for-NITE-DSP/sample_pack_testing/Drum Recollection/Essentials Drumkit Vol. 002/Kicks/WTFIT Kick.wav,Kick,,,,
245,Kick,/Volumes/Jack_Gandy_1TB_SSD/testing-for-NITE-DSP/sample_pack_testing/Organic Drum Kit/Maschine Kits/Imperial Kit Samples/Organic - Kick (104).wav,Kick,,,,
246,Clap,/Volumes/Jack_Gandy_1TB_SSD/testing-for-NITE-DSP/sample_pack_testing/Breaks/Gems From The Crates/Claps/AKT-CLP-A027_bip.wav,Clap,,,,
247,Kick,/Volumes/Jack_Gandy_1TB_SSD/testing-for-NITE-DSP/sample_pack_testing/Sounds of KSHMR Vol.3/KSHMR_Drums/KSHMR_Kicks/KSHMR_Punchy_Kicks/KSHMR_Punchy_Kick_01_A.wav,Kick,,,,
248,Hi-Hat,/Volumes/Jack_Gandy_1TB_SSD/testing-for-NITE-DSP/sample_pack_testing/Organic Electronics 2 J.Views/JVIEWS_city/JVIEWS_city_loops/JVIEWS_hihat_alternative_clock_shop_130.wav,Hi-Hat,,,,
249,Snare,/Volumes/Jack_Gandy_1TB_SSD/testing-for-NITE-DSP/sample_pack_testing/Drum Recollection/Official Drum Kit Vol. 2/Rims/Triangular Rim.wav,Snare,,,,
250,Snare,/Volumes/Jack_Gandy_1TB_SSD/testing-for-NITE-DSP/sample_pack_testing/Organic Drum Kit/2 Snares/Organic - Snare (15).wav,Snare,,,,
251,Kick,/Volumes/Jack_Gandy_1TB_SSD/testing-for-NITE-DSP/sample_pack_testing/Sounds of KSHMR Vol.3/KSHMR_Drums/KSHMR_Kicks/KSHMR_Signature_Kicks/KSHMR_Signature_Kick_20_Strange_Lands_G#.wav,Kick,,,,
252,Other/none,/Volumes/Jack_Gandy_1TB_SSD/testing-for-NITE-DSP/sample_pack_testing/Breaks/The Drum Broker - International Breaks & Essential Kicks/The Drum Broker - International Breaks 1/VSAK BREAK.wav,Kick,,,,
253,Kick,/Volumes/Jack_Gandy_1TB_SSD/testing-for-NITE-DSP/sample_pack_testing/Sounds of KSHMR Vol.3/KSHMR_VIP_Friends_of_KSHMR/ZEDD/ZEDD_Kick_02.wav,Kick,,,,
254,Hi-Hat,/Volumes/Jack_Gandy_1TB_SSD/testing-for-NITE-DSP/sample_pack_testing/Old Movies 1 - Vintage Collection (Drum Kit)/Hats/Hat 19.wav,Hi-Hat,,,,
255,Clap,/Volumes/Jack_Gandy_1TB_SSD/testing-for-NITE-DSP/sample_pack_testing/Mike Shinoda Drums/MPC 1000 Backup/NEPTUNES SAMPLES/CLAP mys.wav,Clap,,,,
256,Clap,/Volumes/Jack_Gandy_1TB_SSD/testing-for-NITE-DSP/sample_pack_testing/Drum Recollection/Official Drum Kit Vol. 2/Claps/22 Clap.wav,Clap,,,,
257,Kick,/Volumes/Jack_Gandy_1TB_SSD/testing-for-NITE-DSP/sample_pack_testing/Mike Shinoda Drums/MS BEATS/Confetti Samples/BD_GoldDust008_MPC60.wav,Kick,,,,
258,Other/none,/Volumes/Jack_Gandy_1TB_SSD/testing-for-NITE-DSP/sample_pack_testing/Loaded Samples - Lo-Fi Memphis 2/DRUMS & PERC LOOPS/Hi-Hat Loop #4 [65BPM].wav,Hi-Hat,,,,
259,Hi-Hat,/Volumes/Jack_Gandy_1TB_SSD/testing-for-NITE-DSP/sample_pack_testing/Mike Shinoda Drums/MPC 1000 Backup/DRE SAMPLES/HAT_WR.wav,Hi-Hat,,,,
260,Snare,/Volumes/Jack_Gandy_1TB_SSD/testing-for-NITE-DSP/sample_pack_testing/Koan Sound/Koan Sound Samples/Raw Drums/Raw/Raw Snare 01.wav,Snare,,,,
261,Other/none,/Volumes/Jack_Gandy_1TB_SSD/testing-for-NITE-DSP/sample_pack_testing/Sounds of KSHMR Vol.3/KSHMR_FX_Elements/KSHMR_Glitches_and_Industrial/KSHMR_Industrial_Grime/KSHMR_Industrial_Grime_03_90_G#.wav,Snare,,,,
262,Clap,/Volumes/Jack_Gandy_1TB_SSD/testing-for-NITE-DSP/sample_pack_testing/Mike Shinoda Drums/MS BEATS/Amethyst Samples/Clap AR60sLate V127 1.wav,Clap,,,,
263,Other/none,/Volumes/Jack_Gandy_1TB_SSD/testing-for-NITE-DSP/sample_pack_testing/Sounds of KSHMR Vol.3/KSHMR_Drums_Loops/KSHMR_Drum_Loops_Solo/KSHMR_Hand_Clap_Loops/KSHMR_Hand_Clap_Loop_08_128.wav,Clap,,,,
264,Other/none,/Volumes/Jack_Gandy_1TB_SSD/testing-for-NITE-DSP/sample_pack_testing/Sounds of KSHMR Vol.3/KSHMR_Drums_Loops/KSHMR_Drum_Loops_Solo/KSHMR_Hihat_and_Cymbal_Loops/KSHMR_Trap_Hat_Loops/KSHMR_Trap_Hat_Loop_10_150.wav,Hi-Hat,,,,
265,Clap,/Volumes/Jack_Gandy_1TB_SSD/testing-for-NITE-DSP/sample_pack_testing/Sounds of KSHMR Vol.3/KSHMR_Drums/KSHMR_Claps/KSHMR_Regular_Claps/KSHMR_Clap_Heavy_04.wav,Clap,,,,
266,Percussion,/Volumes/Jack_Gandy_1TB_SSD/testing-for-NITE-DSP/sample_pack_testing/Organic Drum Kit/6 Cymbals & Toms/2 Toms/Organic - Tom_A (4).wav,Hi-Hat,Tom,,,Tom
267,Clap,/Volumes/Jack_Gandy_1TB_SSD/testing-for-NITE-DSP/sample_pack_testing/Organic Drum Kit/Maschine Kits/Ethnic Stomp Kit Samples/Organic - Clap (15).wav,Clap,,,,
268,Foley,/Volumes/Jack_Gandy_1TB_SSD/testing-for-NITE-DSP/sample_pack_testing/Organic Electronics 2 J.Views/JVIEWS_countryside/JVIEWS_countryside_one_shots/JVIEWS_antique_shop_snap.wav,Clap,,,,
269,Snare,/Volumes/Jack_Gandy_1TB_SSD/testing-for-NITE-DSP/sample_pack_testing/Organic Electronics 2 J.Views/JVIEWS_studio/JVIEWS_studio_one_shots/JVIEWS_analog_machine_drum_snare_01.wav,Snare,,,,
270,Snare,/Volumes/Jack_Gandy_1TB_SSD/testing-for-NITE-DSP/sample_pack_testing/Mike Shinoda Drums/MS BEATS/bitty loop Samples/Drumulator_SD2_MPC60.wav,Snare,,,,
271,Clap,/Volumes/Jack_Gandy_1TB_SSD/testing-for-NITE-DSP/sample_pack_testing/Sounds of KSHMR Vol.3/KSHMR_Drums/KSHMR_Claps/KSHMR_Regular_Claps/KSHMR_Clap_Airy_01.wav,Clap,,,,
272,Clap,/Volumes/Jack_Gandy_1TB_SSD/testing-for-NITE-DSP/sample_pack_testing/Minimal Audio/REFLECT/1 - Drums/4 - Claps/Clap - Bark.wav,Clap,,,,
273,Snare,/Volumes/Jack_Gandy_1TB_SSD/testing-for-NITE-DSP/sample_pack_testing/Old Movies 1 - Vintage Collection (Drum Kit)/Snares/Snare 12.wav,Snare,,,,
274,Hi-Hat,/Volumes/Jack_Gandy_1TB_SSD/testing-for-NITE-DSP/sample_pack_testing/Mike Shinoda Drums/MS BEATS/Castle Of Glass Remix2 Samples/ClosedHH DayDreamer 1.wav,Hi-Hat,,,,
275,Other/none,/Volumes/Jack_Gandy_1TB_SSD/testing-for-NITE-DSP/sample_pack_testing/Lex Luger Drumkit/Lex_Luger_Drumkit/LL_one_shots/LL_kick_pink_2.wav,Kick,,,,
276,Snare,/Volumes/Jack_Gandy_1TB_SSD/testing-for-NITE-DSP/sample_pack_testing/Sounds of KSHMR Vol.3/KSHMR_Drums/KSHMR_Snares/KSHMR_Tight_Snares/KSHMR_Tight_Snare_28_F.wav,Snare,,,,
277,Crash,/Volumes/Jack_Gandy_1TB_SSD/testing-for-NITE-DSP/sample_pack_testing/Organic Drum Kit/Maschine Kits/Sun Tzu Kit Samples/Organic - Zill Finger Cymbal (17).wav,Hi-Hat,,,,
278,Kick,/Volumes/Jack_Gandy_1TB_SSD/testing-for-NITE-DSP/sample_pack_testing/Organic Electronics 2 J.Views/JVIEWS_countryside/JVIEWS_countryside_one_shots/JVIEWS_hollow_tree_kick.wav,Kick,,,,
279,Crash,/Volumes/Jack_Gandy_1TB_SSD/testing-for-NITE-DSP/sample_pack_testing/Organic Drum Kit/Maschine Kits/New Age Kit 2 Samples/Organic - Cymbal (1).wav,Hi-Hat,,,,
280,Hi-Hat,/Volumes/Jack_Gandy_1TB_SSD/testing-for-NITE-DSP/sample_pack_testing/Mike Shinoda Drums/MPC 1000 Backup/MPC1000 FILES/PACMANNY/OLIVESIN.WAV,Hi-Hat,,,,
281,Snare,/Volumes/Jack_Gandy_1TB_SSD/testing-for-NITE-DSP/sample_pack_testing/Mike Shinoda Drums/MS BEATS/Amethyst Samples/Snare AR60sLate V108 3.wav,Snare,,,,
282,Clap,/Volumes/Jack_Gandy_1TB_SSD/testing-for-NITE-DSP/sample_pack_testing/Drum Recollection/New Wave Drum Kit Vol. 1/New Wave Drum Kit/Claps/18veno Clap .wav,Clap,,,,
283,Hi-Hat,/Volumes/Jack_Gandy_1TB_SSD/testing-for-NITE-DSP/sample_pack_testing/MGF Mega Pack/Misc + Found Sound/UTS Foley 1/Short/Foot Hat-2.wav,Hi-Hat,,,,
284,Snare,/Volumes/Jack_Gandy_1TB_SSD/testing-for-NITE-DSP/sample_pack_testing/Organic Drum Kit/5 Percussion/2 Cajon Box/1 Cajon Box/2 Snare Slap/Organic - Cajon Snare_A (5).wav,Snare,,,,
285,Other/none,/Volumes/Jack_Gandy_1TB_SSD/testing-for-NITE-DSP/sample_pack_testing/Breaks/The Drum Broker - International Breaks & Essential Kicks/The Drum Broker - International Breaks 4/HAGGIS.wav,Kick,,,,
286,Snare,/Volumes/Jack_Gandy_1TB_SSD/testing-for-NITE-DSP/sample_pack_testing/Mike Shinoda Drums/MS BEATS/Amethyst Samples/Snare AR60sLate V65 1.wav,Snare,,,,
287,Snare,/Volumes/Jack_Gandy_1TB_SSD/testing-for-NITE-DSP/sample_pack_testing/Mike Shinoda Drums/MS BEATS/Amethyst Samples/Snare AR60sLate V65 3.wav,Snare,,,,
288,Snare,/Volumes/Jack_Gandy_1TB_SSD/testing-for-NITE-DSP/sample_pack_testing/Organic Electronics 2 J.Views/JVIEWS_desert/JVIEWS_desert_one_shots/JVIEWS_snare_thru_mountain_02.wav,Snare,,,,
289,Other/none,/Volumes/Jack_Gandy_1TB_SSD/testing-for-NITE-DSP/sample_pack_testing/Loaded Samples - Lo-Fi Memphis 2/MELODIES (X3 & DR5)/Stems (OG Versions)/OGSTEM_Kickin' In Doors #2 [72 BPM] (E).wav,Kick,,,,
290,Snare,/Volumes/Jack_Gandy_1TB_SSD/testing-for-NITE-DSP/sample_pack_testing/Just Jared - OP1 Drums/Snares/Just Jared - OP1 Drums Snare 14.wav,Snare,,,,
291,Clap,/Volumes/Jack_Gandy_1TB_SSD/testing-for-NITE-DSP/sample_pack_testing/Mike Shinoda Drums/MS BEATS/Bottles Samples/Clap Bionic 1.wav,Clap,,,,
292,Percussion,/Volumes/Jack_Gandy_1TB_SSD/testing-for-NITE-DSP/sample_pack_testing/Drum Recollection/New Wave Drum Kit Vol. 1/New Wave Drum Kit/Rims/Snakes Rim .wav,Snare,Other Percussive Hit,,,
293,Kick,/Volumes/Jack_Gandy_1TB_SSD/testing-for-NITE-DSP/sample_pack_testing/Drum Recollection/Essentials Drumkit Vol. 002/Kicks/Hate Kicks Kick.wav,Kick,,,,
294,Foley,/Volumes/Jack_Gandy_1TB_SSD/testing-for-NITE-DSP/sample_pack_testing/Organic Electronics 2 J.Views/JVIEWS_countryside/JVIEWS_countryside_one_shots/JVIEWS_binaural_snap_in_tree_01.wav,Clap,,,,
295,Crash,/Volumes/Jack_Gandy_1TB_SSD/testing-for-NITE-DSP/sample_pack_testing/Mike Shinoda Drums/MPC 1000 Backup/LOOSESAMPLES/CYMBAL1.WAV,Hi-Hat,,,,
296,Kick,/Volumes/Jack_Gandy_1TB_SSD/testing-for-NITE-DSP/sample_pack_testing/Old Movies 1 - Vintage Collection (Drum Kit)/Kicks/Kick 29.wav,Kick,,,,
297,Hi-Hat,/Volumes/Jack_Gandy_1TB_SSD/testing-for-NITE-DSP/sample_pack_testing/Minimal Audio/REFLECT/1 - Drums/5 - Hats & Cymbals/Ride - Choked.wav,Hi-Hat,,,,
298,Clap,/Volumes/Jack_Gandy_1TB_SSD/testing-for-NITE-DSP/sample_pack_testing/Organic Drum Kit/Maschine Kits/Imagination Kit Samples/Organic - Clap (49).wav,Clap,,,,
299,Other/none,/Volumes/Jack_Gandy_1TB_SSD/testing-for-NITE-DSP/sample_pack_testing/Breaks/The Drum Broker - International Breaks & Essential Kicks/The Drum Broker - International Breaks 5/ROCKPOW.wav,Kick,,,,
300,Other/none,/Volumes/Jack_Gandy_1TB_SSD/testing-for-NITE-DSP/sample_pack_testing/Breaks/The Drum Broker - International Breaks & Essential Kicks/The Drum Broker - International Breaks 2/RollKtown.wav,Kick,,,,
301,Clap,/Volumes/Jack_Gandy_1TB_SSD/testing-for-NITE-DSP/sample_pack_testing/Loaded Samples - Lo-Fi Memphis 2/DRUMS/Snares/LFM2_Snare Clap (2).wav,Clap,,,,
302,Clap,/Volumes/Jack_Gandy_1TB_SSD/testing-for-NITE-DSP/sample_pack_testing/Mike Shinoda Drums/MS BEATS/PizzaBeatz Samples/Clap CoolKid.wav,Clap,,,,
303,Hi-Hat,/Volumes/Jack_Gandy_1TB_SSD/testing-for-NITE-DSP/sample_pack_testing/Drum Recollection/New Wave Drum Kit Vol. 2/Open Hats/Rory x Yung Mal Open Hat.wav,Hi-Hat,,,,
304,Kick,/Volumes/Jack_Gandy_1TB_SSD/testing-for-NITE-DSP/sample_pack_testing/Sounds of KSHMR Vol.3/KSHMR_Drums/KSHMR_Kicks/KSHMR_Big_Kicks/KSHMR_Big_Kick_02_D.wav,Kick,,,,
305,Snare,/Volumes/Jack_Gandy_1TB_SSD/testing-for-NITE-DSP/sample_pack_testing/Minimal Audio/REFLECT/1 - Drums/3 - Snare/Snare - Mettle.wav,Snare,,,,
306,Kick,/Volumes/Jack_Gandy_1TB_SSD/testing-for-NITE-DSP/sample_pack_testing/Minimal Audio/REFLECT/1 - Drums/2 - Kick /Kick - Topaz.wav,Kick,,,,
307,Hi-Hat,/Volumes/Jack_Gandy_1TB_SSD/testing-for-NITE-DSP/sample_pack_testing/Sounds of KSHMR Vol.3/KSHMR_Drums/KSHMR_Cymbals/KSHMR_Hi_Hats_Open/KSHMR_Open_Hat_13_Natural.wav,Hi-Hat,,,,
308,Clap,/Volumes/Jack_Gandy_1TB_SSD/testing-for-NITE-DSP/sample_pack_testing/Breaks/Gems From The Crates/Claps/AKT-CLP-A009_bip.wav,Clap,,,,
309,Other/none,/Volumes/Jack_Gandy_1TB_SSD/testing-for-NITE-DSP/sample_pack_testing/Mike Shinoda Drums/MPC 1000 Backup/IRIDESCENT/GB snd 61.WAV,Hi-Hat,,,,
310,Kick,/Volumes/Jack_Gandy_1TB_SSD/testing-for-NITE-DSP/sample_pack_testing/Organic Drum Kit/Maschine Kits/Coast2coast Kit Samples/Organic - Kick (109).wav,Kick,,,,
311,Hi-Hat,/Volumes/Jack_Gandy_1TB_SSD/testing-for-NITE-DSP/sample_pack_testing/Minimal Audio/MICROTECH/1 - Loops/4 - Hi Hat - 172 BPM/Hi Hat - Spec Metal 1 - 172 BPM.wav,Hi-Hat,,,,
312,Crash,/Volumes/Jack_Gandy_1TB_SSD/testing-for-NITE-DSP/sample_pack_testing/Mike Shinoda Drums/MS BEATS/Amethyst Samples/Crash AR60sLate V108 1.wav,Hi-Hat,,,,
313,Hi-Hat,/Volumes/Jack_Gandy_1TB_SSD/testing-for-NITE-DSP/sample_pack_testing/Organic Drum Kit/4 Hi-Hats/1 Closed Hats/Organic - HiHat_A (4).wav,Hi-Hat,,,,
314,Clap,/Volumes/Jack_Gandy_1TB_SSD/testing-for-NITE-DSP/sample_pack_testing/Organic Electronics 2 J.Views/JVIEWS_desert/JVIEWS_desert_one_shots/JVIEWS_desertwood_clap_02.wav,Clap,,,,
315,Snare,/Volumes/Jack_Gandy_1TB_SSD/testing-for-NITE-DSP/sample_pack_testing/Organic Electronics 2 J.Views/JVIEWS_desert/JVIEWS_desert_one_shots/JVIEWS_desertwood_snare_rim_03.wav,Snare,,,,
316,Clap,/Volumes/Jack_Gandy_1TB_SSD/testing-for-NITE-DSP/sample_pack_testing/Sounds of KSHMR Vol.3/KSHMR_Drums/KSHMR_Claps/KSHMR_Regular_Claps/KSHMR_Clap_Classic_02.wav,Clap,,,,
317,Snare,/Volumes/Jack_Gandy_1TB_SSD/testing-for-NITE-DSP/sample_pack_testing/Sounds of KSHMR Vol.3/KSHMR_Drums/KSHMR_Drum_Enhancers/KSHMR_Snare_Enhancer_18_Knock.wav,Snare,,,,
318,Crash,/Volumes/Jack_Gandy_1TB_SSD/testing-for-NITE-DSP/sample_pack_testing/Minimal Audio/ELEMENT/5 - Deep Textures/Texture - Bowed Cymbal Low.wav,Hi-Hat,,,,
319,Snare,/Volumes/Jack_Gandy_1TB_SSD/testing-for-NITE-DSP/sample_pack_testing/Old Movies 1 - Vintage Collection (Drum Kit)/Snares/Snare 14.wav,Snare,,,,
320,Other/none,/Volumes/Jack_Gandy_1TB_SSD/testing-for-NITE-DSP/sample_pack_testing/Breaks/The Drum Broker - International Breaks & Essential Kicks/The Drum Broker - International Breaks 3/SAWASDEE_7.wav,Kick,,,,
321,Hi-Hat,/Volumes/Jack_Gandy_1TB_SSD/testing-for-NITE-DSP/sample_pack_testing/Sounds of KSHMR Vol.3/KSHMR_VIP_Friends_of_KSHMR/SHAUN_FRANK/SHAUN_FRANK_Hat.wav,Hi-Hat,,,,
322,Crash,/Volumes/Jack_Gandy_1TB_SSD/testing-for-NITE-DSP/sample_pack_testing/Organic Drum Kit/Maschine Kits/Vintage Kit Samples/Organic - Cymbal (3).wav,Hi-Hat,,,,
323,Hi-Hat,/Volumes/Jack_Gandy_1TB_SSD/testing-for-NITE-DSP/sample_pack_testing/Organic Drum Kit/Maschine Kits/Stadium Kit Samples/Organic - O.HiHat_A (1).wav,Hi-Hat,,,,
324,Hi-Hat,/Volumes/Jack_Gandy_1TB_SSD/testing-for-NITE-DSP/sample_pack_testing/Mike Shinoda Drums/MS BEATS/Regalia Samples/ClosedHH 70sDnB.wav,Snare,,,,
325,Clap,/Volumes/Jack_Gandy_1TB_SSD/testing-for-NITE-DSP/sample_pack_testing/Organic Drum Kit/Maschine Kits/Motivation Kit Samples/Organic - Clap (9).wav,Clap,,,,
326,Other/none,/Volumes/Jack_Gandy_1TB_SSD/testing-for-NITE-DSP/sample_pack_testing/Breaks/The Drum Broker - International Breaks & Essential Kicks/The Drum Broker - International Breaks 5/CHOPS/SUCHA HATS 2.wav,Kick,,,,
327,Snare,/Volumes/Jack_Gandy_1TB_SSD/testing-for-NITE-DSP/sample_pack_testing/Organic Drum Kit/Maschine Kits/New Age Kit 2 Samples/Organic - Snare (78).wav,Snare,,,,
328,Clap,/Volumes/Jack_Gandy_1TB_SSD/testing-for-NITE-DSP/sample_pack_testing/Sounds of KSHMR Vol.3/KSHMR_Drums/KSHMR_Claps/KSHMR_Stadium_Claps/KSHMR_Stadium_Clap_09.wav,Clap,,,,
329,Hi-Hat,/Volumes/Jack_Gandy_1TB_SSD/testing-for-NITE-DSP/sample_pack_testing/Sounds of KSHMR Vol.3/KSHMR_Drums/KSHMR_Acoustic_Drums/Hi-Hat/kshmr_acoustic_ride_05.wav,Hi-Hat,,,,
330,Hi-Hat,/Volumes/Jack_Gandy_1TB_SSD/testing-for-NITE-DSP/sample_pack_testing/Organic Drum Kit/4 Hi-Hats/1 Closed Hats/Organic - HiHat_M (1).wav,Hi-Hat,,,,
331,Clap,/Volumes/Jack_Gandy_1TB_SSD/testing-for-NITE-DSP/sample_pack_testing/Organic Drum Kit/Maschine Kits/Grungy Kit Samples/Organic - Clap (76).wav,Clap,,,,
332,Other/none,/Volumes/Jack_Gandy_1TB_SSD/testing-for-NITE-DSP/sample_pack_testing/Breaks/The Drum Broker - International Breaks & Essential Kicks/The Drum Broker - International Breaks 2/DITCJ_2 - 4.wav,Kick,,,,
333,Clap,/Volumes/Jack_Gandy_1TB_SSD/testing-for-NITE-DSP/sample_pack_testing/Drum Recollection/Essentials Drumkit Vol. 002/Claps/Real Sizzle Clap.wav,Clap,,,,
334,Hi-Hat,/Volumes/Jack_Gandy_1TB_SSD/testing-for-NITE-DSP/sample_pack_testing/Drum Recollection/2023 Drums (Demo)/(Open Hat) Secret Santa.wav,Hi-Hat,,,,
335,Kick,/Volumes/Jack_Gandy_1TB_SSD/testing-for-NITE-DSP/sample_pack_testing/Mike Shinoda Drums/MS BEATS/Victimized Remix Samples/BD_AlienAnalog002.wav,Kick,,,,
336,Kick,/Volumes/Jack_Gandy_1TB_SSD/testing-for-NITE-DSP/sample_pack_testing/Old Movies 1 - Vintage Collection (Drum Kit)/Kicks/Kick 11.wav,Kick,,,,
337,Kick,/Volumes/Jack_Gandy_1TB_SSD/testing-for-NITE-DSP/sample_pack_testing/Organic Drum Kit/1 Kicks/Organic - Kick (38).wav,Kick,,,,
338,Clap,/Volumes/Jack_Gandy_1TB_SSD/testing-for-NITE-DSP/sample_pack_testing/Organic Drum Kit/Maschine Kits/Head Trauma Kit Samples/Organic - Clap (47).wav,Clap,,,,
339,Snare,/Volumes/Jack_Gandy_1TB_SSD/testing-for-NITE-DSP/sample_pack_testing/Koan Sound/Koan_Sound_2025/Shaper Table Track Project/Samples/Imported/Snare Vinyl 04.wav,Snare,,,,
340,Rimshot,/Volumes/Jack_Gandy_1TB_SSD/testing-for-NITE-DSP/sample_pack_testing/Drum Recollection/Official Drum Kit Vol. 1/Rims/Kangaroo Rim .wav,Snare,,,,
341,Crash,/Volumes/Jack_Gandy_1TB_SSD/testing-for-NITE-DSP/sample_pack_testing/Organic Drum Kit/Maschine Kits/Vintage Kit Samples/Organic - Cymbal (3).wav,Hi-Hat,,,,
342,Kick,/Volumes/Jack_Gandy_1TB_SSD/testing-for-NITE-DSP/sample_pack_testing/Breaks/Gems From The Crates/Kicks/AKT-KCK-A030_bip.wav,Kick,,,,
343,Snare,/Volumes/Jack_Gandy_1TB_SSD/testing-for-NITE-DSP/sample_pack_testing/Mike Shinoda Drums/MS BEATS/Victory March Samples/Snare BigBusiness 1.wav,Snare,,,,
344,Kick,/Volumes/Jack_Gandy_1TB_SSD/testing-for-NITE-DSP/sample_pack_testing/Drum Recollection/New Wave Drum Kit Vol. 2/Kicks/Big Zay Kick.wav,Kick,,,,
345,Clap,/Volumes/Jack_Gandy_1TB_SSD/testing-for-NITE-DSP/sample_pack_testing/Drum Recollection/Official Drum Kit Vol. 2/Claps/Yayurr Clap.wav,Clap,,,,
346,Foley,/Volumes/Jack_Gandy_1TB_SSD/testing-for-NITE-DSP/sample_pack_testing/MGF Mega Pack/Misc + Found Sound/UTS Foley 1/Short/Leek Snap.wav,Clap,,,,
347,Kick,/Volumes/Jack_Gandy_1TB_SSD/testing-for-NITE-DSP/sample_pack_testing/Sounds of KSHMR Vol.3/KSHMR_Drums/KSHMR_Kicks/KSHMR_Hip_Hop_kicks/KSHMR_Stomp_Kicks/KSHMR_Stomp_Kick_06.wav,Kick,,,,
348,Other/none,/Volumes/Jack_Gandy_1TB_SSD/testing-for-NITE-DSP/sample_pack_testing/Breaks/The Drum Broker - International Breaks & Essential Kicks/The Drum Broker - International Breaks 4/GOLD RUSH_4.wav,Kick,,,,
349,Other/none,/Volumes/Jack_Gandy_1TB_SSD/testing-for-NITE-DSP/sample_pack_testing/Mike Shinoda Drums/MS BEATS/Castle Of Glass Remix2 Samples/KEYZ15.WAV,Hi-Hat,,,,
350,Clap,/Volumes/Jack_Gandy_1TB_SSD/testing-for-NITE-DSP/sample_pack_testing/Sounds of KSHMR Vol.3/KSHMR_Drums/KSHMR_Claps/KSHMR_Regular_Claps/KSHMR_Clap_Heavy_02.wav,Clap,,,,
351,Clap,/Volumes/Jack_Gandy_1TB_SSD/testing-for-NITE-DSP/sample_pack_testing/Sounds of KSHMR Vol.3/KSHMR_Drums/KSHMR_Claps/KSHMR_Pre-Shifted_Claps/KSHMR_Pre_Shifted_Clap_15.wav,Clap,,,,
352,Snare,/Volumes/Jack_Gandy_1TB_SSD/testing-for-NITE-DSP/sample_pack_testing/Organic Drum Kit/2 Snares/Organic - Snare (91).wav,Snare,,,,
353,Other/none,/Volumes/Jack_Gandy_1TB_SSD/testing-for-NITE-DSP/sample_pack_testing/Old Movies 1 - Vintage Collection (Drum Kit)/Noise & Texture (Old Movies)/HHH_Texture 5.wav,Hi-Hat,,,,
354,Hi-Hat,/Volumes/Jack_Gandy_1TB_SSD/testing-for-NITE-DSP/sample_pack_testing/Sounds of KSHMR Vol.3/KSHMR_Drums/KSHMR_Acoustic_Drums/Hi-Hat/kshmr_acoustic_open_hat_14_open_and_close.wav,Hi-Hat,,,,
355,Other/none,/Volumes/Jack_Gandy_1TB_SSD/testing-for-NITE-DSP/sample_pack_testing/Mike Shinoda Drums/MS BEATS/Amethyst Samples/Ride AR60sLate V54 1.wav,Hi-Hat,,,,
356,Clap,/Volumes/Jack_Gandy_1TB_SSD/testing-for-NITE-DSP/sample_pack_testing/Sounds of KSHMR Vol.3/KSHMR_Drums/KSHMR_Claps/KSHMR_Regular_Claps/KSHMR_Clap_Jungle_04.wav,Clap,,,,
357,Clap,/Volumes/Jack_Gandy_1TB_SSD/testing-for-NITE-DSP/sample_pack_testing/Breaks/Gems From The Crates/Claps/AKT-CLP-A026_bip.wav,Clap,,,,
358,Kick,/Volumes/Jack_Gandy_1TB_SSD/testing-for-NITE-DSP/sample_pack_testing/Mike Shinoda Drums/MPC 1000 Backup/Xero Current/A_KICK6.wav,Kick,,,,
359,Rimshot,/Volumes/Jack_Gandy_1TB_SSD/testing-for-NITE-DSP/sample_pack_testing/Koan Sound/Koan Sound Samples/Foley Pack 01/Foley Drums/Rim 03.wav,Snare,,,,
360,Snare,/Volumes/Jack_Gandy_1TB_SSD/testing-for-NITE-DSP/sample_pack_testing/Organic Drum Kit/2 Snares/Organic - Snare (76).wav,Snare,,,,
361,Hi-Hat,/Volumes/Jack_Gandy_1TB_SSD/testing-for-NITE-DSP/sample_pack_testing/Organic Drum Kit/Maschine Kits/New Age Kit 1 Samples/Organic - HiHat (3).wav,Hi-Hat,,,,
362,Clap,/Volumes/Jack_Gandy_1TB_SSD/testing-for-NITE-DSP/sample_pack_testing/Drum Recollection/Official Drum Kit Vol. 1/Claps/Pencil Clap .wav,Clap,,,,
363,Snare,/Volumes/Jack_Gandy_1TB_SSD/testing-for-NITE-DSP/sample_pack_testing/Organic Drum Kit/Maschine Kits/Jungle Thump Kit Samples/Organic - Snare (24).wav,Snare,,,,
364,Snare,/Volumes/Jack_Gandy_1TB_SSD/testing-for-NITE-DSP/sample_pack_testing/Sounds of KSHMR Vol.3/KSHMR_Drums/KSHMR_Acoustic_Drums/Snare/kshmr_acoustic_snare_24_g#.wav,Snare,,,,
365,Snare,/Volumes/Jack_Gandy_1TB_SSD/testing-for-NITE-DSP/sample_pack_testing/Sounds of KSHMR Vol.3/KSHMR_Drums/KSHMR_Snares/KSHMR_Tight_Snares/KSHMR_Tight_Snare_36_F#.wav,Snare,,,,
366,Kick,/Volumes/Jack_Gandy_1TB_SSD/testing-for-NITE-DSP/sample_pack_testing/Sounds of KSHMR Vol.3/KSHMR_Drums/KSHMR_Kicks/KSHMR_Hardstyle_Kicks/KSHMR_Sickdellz_Kick_Valkiria_All_Keys/KSHMR_x_SD_Valkiria_Kick_F.wav,Kick,,,,
367,Other/none,/Volumes/Jack_Gandy_1TB_SSD/testing-for-NITE-DSP/sample_pack_testing/Breaks/The Drum Broker - International Breaks & Essential Kicks/The Drum Broker - International Breaks 3/HAIDEE_5.wav,Kick,,,,
368,Hi-Hat,/Volumes/Jack_Gandy_1TB_SSD/testing-for-NITE-DSP/sample_pack_testing/Drum Recollection/Official Drum Kit Vol. 1/Hi Hats/Michael Jordan Hi Hat .wav,Hi-Hat,,,,
369,Snare,/Volumes/Jack_Gandy_1TB_SSD/testing-for-NITE-DSP/sample_pack_testing/Sounds of KSHMR Vol.3/KSHMR_Drums/KSHMR_Drum_Enhancers/KSHMR_Snare_Enhancer_16_Fire.wav,Snare,,,,
370,Other/none,/Volumes/Jack_Gandy_1TB_SSD/testing-for-NITE-DSP/sample_pack_testing/Mike Shinoda Drums/MS BEATS/Victory March Samples/SD_Slowwww2_H3500Fat.wav,Snare,,,,
371,Hi-Hat,/Volumes/Jack_Gandy_1TB_SSD/testing-for-NITE-DSP/sample_pack_testing/Organic Drum Kit/Maschine Kits/New Age Kit 1 Samples/Organic - HiHat (3).wav,Hi-Hat,,,,
372,Other/none,/Volumes/Jack_Gandy_1TB_SSD/testing-for-NITE-DSP/sample_pack_testing/Drum Breaks/James Brown - Soul Pride (part1).wav,Hi-Hat,,,,
373,Kick,/Volumes/Jack_Gandy_1TB_SSD/testing-for-NITE-DSP/sample_pack_testing/Sounds of KSHMR Vol.3/KSHMR_Drums/KSHMR_Kicks/KSHMR_Signature_Kicks/KSHMR_Signature_Kick_14_Like_A_G6_G.wav,Kick,,,,
374,Hi-Hat,/Volumes/Jack_Gandy_1TB_SSD/testing-for-NITE-DSP/sample_pack_testing/Drum Recollection/New Wave Drum Kit Vol. 2/Claps/Spotify Hi-Hat (Delay).wav,Hi-Hat,,,,
375,Clap,/Volumes/Jack_Gandy_1TB_SSD/testing-for-NITE-DSP/sample_pack_testing/Sounds of KSHMR Vol.3/KSHMR_Drums/KSHMR_Claps/KSHMR_Clap_FX/KSHMR_Clap_FX_10_Reverb_Clap_w_Flutter.wav,Clap,,,,
376,Snare,/Volumes/Jack_Gandy_1TB_SSD/testing-for-NITE-DSP/sample_pack_testing/Sounds of KSHMR Vol.3/KSHMR_Drums/KSHMR_Snares/KSHMR_Tight_Snares/KSHMR_Tight_Snare_31_F.wav,Snare,,,,
377,Clap,/Volumes/Jack_Gandy_1TB_SSD/testing-for-NITE-DSP/sample_pack_testing/Drum Recollection/Essentials Drum Kit Vol. 001/Claps/Updated Luger.wav,Clap,,,,
378,Clap,/Volumes/Jack_Gandy_1TB_SSD/testing-for-NITE-DSP/sample_pack_testing/Drum Recollection/Essentials Drumkit Vol. 002/Claps/Full Gear Clap.wav,Clap,,,,
379,Snare,/Volumes/Jack_Gandy_1TB_SSD/testing-for-NITE-DSP/sample_pack_testing/Drum Recollection/New Wave Drum Kit Vol. 2/Snares/Creating Wavez Snare.wav,Snare,,,,
380,Hi-Hat,/Volumes/Jack_Gandy_1TB_SSD/testing-for-NITE-DSP/sample_pack_testing/Sounds of KSHMR Vol.3/KSHMR_Drums/KSHMR_Acoustic_Drums/Hi-Hat/kshmr_acoustic_closed_hat_08_hard.wav,Hi-Hat,,,,
356,Clap,/Volumes/Jack_Gandy_1TB_SSD/testing-for-NITE-DSP/sample_pack_testing/Sounds of KSHMR Vol.3/KSHMR_Drums/KSHMR_Claps/KSHMR_Clap_Jungle_04.wav,Clap,,,,
357,Clap,/Volumes/Jack_Gandy_1TB_SSD/testing-for-NITE-DSP/sample_pack_testing/Breaks/Gems From The Crates/Claps/AKT-CLP-A026_bip.wav,Clap,,,,
358,Snare,/Volumes/Jack_Gandy_1TB_SSD/testing-for-NITE-DSP/sample_pack_testing/Old Movies 1 - Vintage Collection (Drum Kit)/Snares/Snare 4.wav,Snare,,,,
359,Percussion,/Volumes/Jack_Gandy_1TB_SSD/testing-for-NITE-DSP/sample_pack_testing/Sounds of KSHMR Vol.3/KSHMR_World_Sounds/KSHMR_India/KSHMR_Indian_Percussion/KSHMR_Indian_PL_Dhol_Dholak_Tasha/KSHMR_Indian_PL_Tasha_35_100_A#.wav,Snare,,,,
360,Other/none,/Volumes/Jack_Gandy_1TB_SSD/testing-for-NITE-DSP/sample_pack_testing/Breaks/The Drum Broker - International Breaks & Essential Kicks/The Drum Broker - International Breaks 3/MIND GAME.wav,Kick,,,,
361,Hi-Hat,/Volumes/Jack_Gandy_1TB_SSD/testing-for-NITE-DSP/sample_pack_testing/Mike Shinoda Drums/MS BEATS/Killing Fields Samples/HHc_Clean2.wav,Hi-Hat,,,,
362,Percussion,/Volumes/Jack_Gandy_1TB_SSD/testing-for-NITE-DSP/sample_pack_testing/Sounds of KSHMR Vol.3/KSHMR_World_Sounds/KSHMR_Latin_America/KSHMR_Latin_Percussion/KSHMR_Latin_PL_Pandeiro/KSHMR_Latin_PL_Pandeiro_Groove_02_130.wav,Hi-Hat,,,,
363,Kick,/Volumes/Jack_Gandy_1TB_SSD/testing-for-NITE-DSP/sample_pack_testing/Sounds of KSHMR Vol.3/KSHMR_Drums/KSHMR_Kicks/KSHMR_Punchy_Kicks/KSHMR_Punchy_Kick_43_G.wav,Kick,,,,
364,Other/none,/Volumes/Jack_Gandy_1TB_SSD/testing-for-NITE-DSP/sample_pack_testing/Sounds of KSHMR Vol.3/KSHMR_World_Sounds/KSHMR_Latin_America/KSHMR_Latin_PL_Brazillian_Berimbau_01_A.wav,Snare,,,,
365,Snare,/Volumes/Jack_Gandy_1TB_SSD/testing-for-NITE-DSP/sample_pack_testing/Sounds of KSHMR Vol.3/KSHMR_Drums/KSHMR_Acoustic_Drums/Snare/kshmr_acoustic_snare_01_f#.wav,Snare,,,,
366,Hi-Hat,/Volumes/Jack_Gandy_1TB_SSD/testing-for-NITE-DSP/sample_pack_testing/Sounds of KSHMR Vol.3/KSHMR_Drums/KSHMR_Cymbals/KSHMR_Hi_Hats_Open/KSHMR_Open_Hat_16.wav,Hi-Hat,,,,
367,Percussion Loop,/Volumes/Jack_Gandy_1TB_SSD/testing-for-NITE-DSP/sample_pack_testing/Sounds of KSHMR Vol.3/KSHMR_World_Sounds/KSHMR_Latin_America/KSHMR_Latin_Percussion/KSHMR_Latin_PL_Conga/KSHMR_Latin_PL_Conga_Fill_01_130.wav,Percussion,,,,
368,Clap,/Volumes/Jack_Gandy_1TB_SSD/testing-for-NITE-DSP/sample_pack_testing/Sounds of KSHMR Vol.3/KSHMR_Drums/KSHMR_Claps/KSHMR_Pre-Shifted_Claps/KSHMR_Pre_Shifted_Clap_09.wav,Clap,,,,
369,Other/none,/Volumes/Jack_Gandy_1TB_SSD/testing-for-NITE-DSP/sample_pack_testing/Breaks/Dirty Arse Drum Breaks/Dirty Arse Drum Breaks 1/90 BPM/monosole_90bpm_ghost fill.wav,Snare,,,,
370,Clap,/Volumes/Jack_Gandy_1TB_SSD/testing-for-NITE-DSP/sample_pack_testing/Sounds of KSHMR Vol.3/KSHMR_Drums/KSHMR_Claps/KSHMR_Regular_Claps/KSHMR_Clap_Big_12.wav,Clap,,,,
371,Hi-Hat,/Volumes/Jack_Gandy_1TB_SSD/testing-for-NITE-DSP/sample_pack_testing/Sounds of KSHMR Vol.3/KSHMR_Drums/KSHMR_Cymbals/KSHMR_Hi_Hats_Closed/KSHMR_Closed_Hat_20_Clean.wav,Hi-Hat,,,,
372,Other/none,/Volumes/Jack_Gandy_1TB_SSD/testing-for-NITE-DSP/sample_pack_testing/Breaks/The Drum Broker - International Breaks & Essential Kicks/The Drum Broker - Essential Kicks/Chilled.wav,Kick,,,,
373,Other/none,/Volumes/Jack_Gandy_1TB_SSD/testing-for-NITE-DSP/sample_pack_testing/Mike Shinoda Drums/MPC 1000 Backup/BIGSHOT/KICK2.WAV,Kick,,,,
374,Kick,/Volumes/Jack_Gandy_1TB_SSD/testing-for-NITE-DSP/sample_pack_testing/Mike Shinoda Drums/MS BEATS/Lil Swing Samples/Analog_BD3_MPC60.wav,Kick,,,,
375,Snare,/Volumes/Jack_Gandy_1TB_SSD/testing-for-NITE-DSP/sample_pack_testing/Mike Shinoda Drums/MS BEATS/RYU 1 Turtles3 Samples/Snare 4thOfJuly.wav,Snare,,,,
376,Clap,/Volumes/Jack_Gandy_1TB_SSD/testing-for-NITE-DSP/sample_pack_testing/Sounds of KSHMR Vol.3/KSHMR_Drums/KSHMR_Claps/KSHMR_Regular_Claps/KSHMR_Clap_Hard_02.wav,Clap,,,,
377,Snare,/Volumes/Jack_Gandy_1TB_SSD/testing-for-NITE-DSP/sample_pack_testing/Mike Shinoda Drums/MS BEATS/Killing Fields Samples/RZ1_SD_Medium1.wav,Snare,,,,
378,Other/none,/Volumes/Jack_Gandy_1TB_SSD/testing-for-NITE-DSP/sample_pack_testing/Breaks/Dirty Arse Drum Breaks/Dirty Arse Drum Breaks 1/90 BPM/monosole_90bpm_room mic.wav,Kick,,,,
379,Snare,/Volumes/Jack_Gandy_1TB_SSD/testing-for-NITE-DSP/sample_pack_testing/Organic Drum Kit/2 Snares/Organic - Snare (4).wav,Snare,,,,
380,Snare,/Volumes/Jack_Gandy_1TB_SSD/testing-for-NITE-DSP/sample_pack_testing/Sounds of KSHMR Vol.3/KSHMR_Drums/KSHMR_Snares/KSHMR_Acoustic_Snares/KSHMR_Acoustic_Snare_08_G#.wav,Snare,,,,
381,Hi-Hat,/Volumes/Jack_Gandy_1TB_SSD/testing-for-NITE-DSP/sample_pack_testing/Mike Shinoda Drums/MS BEATS/PaperWeight Samples/ClosedHH AR60sLate V63 3.wav,Hi-Hat,,,,
382,Hi-Hat,/Volumes/Jack_Gandy_1TB_SSD/testing-for-NITE-DSP/sample_pack_testing/Sounds of KSHMR Vol.3/KSHMR_Drums/KSHMR_Cymbals/KSHMR_Hi_Hats_Closed/KSHMR_Closed_Hat_23_Clean.wav,Hi-Hat,,,,
383,Hi-Hat,/Volumes/Jack_Gandy_1TB_SSD/testing-for-NITE-DSP/sample_pack_testing/Sounds of KSHMR Vol.3/KSHMR_Drums/KSHMR_Cymbals/KSHMR_Hi_Hats_Open/KSHMR_Open_Hat_01.wav,Hi-Hat,,,,
384,Other/none,/Volumes/Jack_Gandy_1TB_SSD/testing-for-NITE-DSP/sample_pack_testing/Sounds of KSHMR Vol.3/KSHMR_World_Sounds/KSHMR_India/KSHMR_Indian_Percussion/KSHMR_Indian_PL_Dhol_Dholak_Tasha/KSHMR_Indian_PL_Dholak_06_120_C#.wav,Kick,,,,
385,Hi-Hat,/Volumes/Jack_Gandy_1TB_SSD/testing-for-NITE-DSP/sample_pack_testing/Sounds of KSHMR Vol.3/KSHMR_Drums/KSHMR_Cymbals/KSHMR_Hi_Hats_Open/KSHMR_Open_Hat_08.wav,Hi-Hat,,,,
386,Hi-Hat,/Volumes/Jack_Gandy_1TB_SSD/testing-for-NITE-DSP/sample_pack_testing/Organic Drum Kit/4 Hi-Hats/2 Open Hats/Organic - Open HiHat (9).wav,Hi-Hat,,,,
387,Kick,/Volumes/Jack_Gandy_1TB_SSD/testing-for-NITE-DSP/sample_pack_testing/Breaks/The Drum Broker - International Breaks & Essential Kicks/The Drum Broker - International Breaks 2/Boom.wav,Kick,,,,
388,Percussion,/Volumes/Jack_Gandy_1TB_SSD/testing-for-NITE-DSP/sample_pack_testing/Sounds of KSHMR Vol.3/KSHMR_World_Sounds/KSHMR_Latin_America/KSHMR_Latin_Percussion/KSHMR_Latin_PL_Pandeiro/KSHMR_Latin_PL_Pandeiro_06_130_C#.wav,Snare,,,,
389,Clap,/Volumes/Jack_Gandy_1TB_SSD/testing-for-NITE-DSP/sample_pack_testing/Breaks/Gems From The Crates/Claps/AKT-CLP-A028_bip.wav,Clap,,,,
390,Clap,/Volumes/Jack_Gandy_1TB_SSD/testing-for-NITE-DSP/sample_pack_testing/Sounds of KSHMR Vol.3/KSHMR_Drums/KSHMR_Claps/KSHMR_Pre-Shifted_Claps/KSHMR_Pre_Shifted_Clap_24.wav,Clap,,,,
391,Other/none,/Volumes/Jack_Gandy_1TB_SSD/testing-for-NITE-DSP/sample_pack_testing/Breaks/The Drum Broker - International Breaks & Essential Kicks/The Drum Broker - International Breaks 3/CLOVER 2.wav,Kick,,,,
392,Snare,/Volumes/Jack_Gandy_1TB_SSD/testing-for-NITE-DSP/sample_pack_testing/Organic Drum Kit/5 Percussion/2 Cajon Box/1 Cajon Box/2 Snare Slap/Organic - Cajon Snare_A (11).wav,Snare,,,,
393,Snare,/Volumes/Jack_Gandy_1TB_SSD/testing-for-NITE-DSP/sample_pack_testing/Organic Drum Kit/2 Snares/Organic - Snare (53).wav,Snare,,,,
394,Hi-Hat,/Volumes/Jack_Gandy_1TB_SSD/testing-for-NITE-DSP/sample_pack_testing/Organic Drum Kit/Maschine Kits/Head Trauma Kit Samples/Organic - HiHat_A (2).wav,Hi-Hat,,,,
395,Hi-Hat,/Volumes/Jack_Gandy_1TB_SSD/testing-for-NITE-DSP/sample_pack_testing/Drum Recollection/Essentials Drumkit Vol. 002/Hi-Hats/Secret Kit Hi-Hat.wav,Hi-Hat,,,,
396,Clap,/Volumes/Jack_Gandy_1TB_SSD/testing-for-NITE-DSP/sample_pack_testing/Mike Shinoda Drums/MS BEATS/Andes Samples/Clap AllOver.wav,Clap,,,,
397,Snare,/Volumes/Jack_Gandy_1TB_SSD/testing-for-NITE-DSP/sample_pack_testing/Mike Shinoda Drums/MS BEATS/Auckland2013 Samples/45bpmSD9_SP1200F.wav,Snare,,,,
398,Kick,/Volumes/Jack_Gandy_1TB_SSD/testing-for-NITE-DSP/sample_pack_testing/Sounds of KSHMR Vol.3/KSHMR_Drums/KSHMR_Kicks/KSHMR_Big_Kicks/KSHMR_Big_Kick_19_F.wav,Kick,,,,
399,Snare,/Volumes/Jack_Gandy_1TB_SSD/testing-for-NITE-DSP/sample_pack_testing/Koan Sound/Koan Sound Samples/Raw Drums/Raw/Raw Snare 11.wav,Snare,,,,
400,Percussion Loop,/Volumes/Jack_Gandy_1TB_SSD/testing-for-NITE-DSP/sample_pack_testing/Minimal Audio/MICROTECH/1 - Loops/2 - Snare - 172 BPM/Snare - Tek Sync - 172 BPM.wav,,,,,
401,Percussion Loop,/Volumes/Jack_Gandy_1TB_SSD/Samples 2021 ->/Sample Packs/Senegal Sessions/Loops/Percussion/SS_SS_105_perc_loop_kongoma_touba_busy.wav,,,,,
402,Loop,/Volumes/Jack_Gandy_1TB_SSD/testing-for-NITE-DSP/sample_pack_testing/Sounds of KSHMR Vol.3/KSHMR_Vocals/KSHMR_Vocals_FX/KSHMR_Crowd/KSHMR_Crowd_Chant/KSHMR_Crowd_Chant_Loop_01_Ohh_Ohh_124.wav,,,,,
403,Drum Loop,/Volumes/Jack_Gandy_1TB_SSD/Samples 2021 ->/Sample Packs/Breaks/Dirty Arse Drum Breaks/Dirty Arse Drum Breaks 2/85 BPM/85BPM_2.wav,,,,,
404,Drum Loop,/Volumes/Jack_Gandy_1TB_SSD/testing-for-NITE-DSP/sample_pack_testing/Sounds of KSHMR Vol.3/KSHMR_Drums_Loops/KSHMR_Drum_Loops_Full/KSHMR_Break_Beat_Loops/KSHMR_Break_Beat_Loop_10_152.wav,,,,,
405,Bass Loop,/Volumes/Jack_Gandy_1TB_SSD/testing-for-NITE-DSP/sample_pack_testing/Sounds of KSHMR Vol.3/KSHMR_Synths/KSHMR_Bass_PsyTrance/KSHMR_Psy_Bass_Loops/KSHMR_Psy_Bass_Loop_07_138_F.wav,,,,,
406,Misc/Review,/Volumes/Jack_Gandy_1TB_SSD/testing-for-NITE-DSP/sample_pack_testing/Loaded Samples - Lo-Fi Memphis 2/MELODIES (X3 & DR5)/Stems (OG Versions)/OGSTEM_Lament #2 [67 BPM] (B).wav,,,,,
407,Foley Loop,/Volumes/Jack_Gandy_1TB_SSD/Samples 2021 ->/Sample Packs/Organic Electronics 2 J.Views/JVIEWS_city/JVIEWS_city_loops/JVIEWS_hihat_alternative_clock_shop_113.wav,,,,,
408,Foley,/Volumes/Jack_Gandy_1TB_SSD/testing-for-NITE-DSP/sample_pack_testing/MGF Mega Pack/Misc + Found Sound/Household Percussion April 2016/HOUSEHOLD_262.wav,,,,,
409,Other/none,/Volumes/Jack_Gandy_1TB_SSD/testing-for-NITE-DSP/sample_pack_testing/Loaded Samples - Lo-Fi Memphis 2/MELODIES (X3 & DR5)/Stems (OG Versions)/OGSTEM_Bell Will Toll #1 [72BPM] (G).wav,,,,,
410,Foley,/Volumes/Jack_Gandy_1TB_SSD/testing-for-NITE-DSP/sample_pack_testing/MGF Mega Pack/Misc + Found Sound/UTS Foley 2/Pasta Box.wav,,,,,
411,Other/none,/Volumes/Jack_Gandy_1TB_SSD/Samples 2021 ->/Sample Packs/Senegal Sessions/Loops/Melodic_Loops/SS_SS_90_melodic_loop_dakar_kora_C.wav,,,,,
412,Hi-Hat Loop,/Volumes/Jack_Gandy_1TB_SSD/testing-for-NITE-DSP/sample_pack_testing/Sounds of KSHMR Vol.3/KSHMR_Drums/KSHMR_Percussion/KSHMR_Tambourines/KSHMR_Tambourine_10.wav,,,,,
413,Misc/Review,/Volumes/Jack_Gandy_1TB_SSD/testing-for-NITE-DSP/sample_pack_testing/Loaded Samples - Lo-Fi Memphis 2/MELODIES (X3 & DR5)/Stems (OG Versions)/OGSTEM_Fast Life #3 [75 BPM] (F#).wav,,,,,
414,Percussion Loop,/Volumes/Jack_Gandy_1TB_SSD/testing-for-NITE-DSP/sample_pack_testing/Sounds of KSHMR Vol.3/KSHMR_Synths/KSHMR_Synth_Loops/KSHMR_Synth_Loop_19_128_D#.wav,,,,,
415,Foley Loop,/Volumes/Jack_Gandy_1TB_SSD/testing-for-NITE-DSP/sample_pack_testing/Organic Electronics 2 J.Views/JVIEWS_countryside/JVIEWS_countryside_loops/JVIEWS_hollow_tree_reflections_85.wav,,,,,
416,Hi-Hat Loop,/Volumes/Jack_Gandy_1TB_SSD/testing-for-NITE-DSP/sample_pack_testing/Minimal Audio/REFLECT/1 - Drums/1 - Loops/4 - Hi Hats/Hi Hat - Creek 1 - 130 BPM.wav,,,,,
417,Crash,/Volumes/Jack_Gandy_1TB_SSD/Samples 2021 ->/Sample Packs/Organic Drum Kit/Maschine Kits/Demolition Kit Samples/Organic - Cymbal (23).wav,,,,,
418,Percussion Loop,/Volumes/Jack_Gandy_1TB_SSD/Samples 2021 ->/Sample Packs/Senegal Sessions/Loops/Percussion/SS_SS_100_perc_loop_mbour_full.wav,,,,,
419,Hi-Hat Loop,/Volumes/Jack_Gandy_1TB_SSD/testing-for-NITE-DSP/sample_pack_testing/Sounds of KSHMR Vol.3/KSHMR_Drums_Loops/KSHMR_Drum_Loops_Full/KSHMR_Hip_Hop_Drum_Loops/KSHMR_Hip_Hop_Top_Loops/KSHMR_Hip_Hop_Top_Loop_19_140.wav,,,,,
420,Foley,/Volumes/Jack_Gandy_1TB_SSD/testing-for-NITE-DSP/sample_pack_testing/Mike Shinoda Drums/MPC 1000 Backup/Beat Bits 2/B7-PiSh_01.L.wav,,,,,
421,Misc/Review,/Volumes/Jack_Gandy_1TB_SSD/testing-for-NITE-DSP/sample_pack_testing/Minimal Audio/ELEMENT/2 - Melodics/2 - Tonal Oneshots/Synth - Flute Theme - CMaj - 78 BPM.wav,,,,,
422,Percussion,/Volumes/Jack_Gandy_1TB_SSD/Samples 2021 ->/Sample Packs/Koan Sound/Koan Sound Samples/Foley Pack 01/Foley Drums/Perc 02.wav,,Other Percussive Hit,,,
423,Rimshot,/Volumes/Jack_Gandy_1TB_SSD/testing-for-NITE-DSP/sample_pack_testing/Drum Recollection/Official Drum Kit Vol. 2/Rims/Lightwork Rim.wav,,,,,
424,Percussion Loop,/Volumes/Jack_Gandy_1TB_SSD/testing-for-NITE-DSP/sample_pack_testing/Sounds of KSHMR Vol.3/KSHMR_Drums_Loops/KSHMR_Drum_Loops_Full/KSHMR_Percussion_Loops/KSHMR_Percussion_Loop_43_140_Tribal.wav,,,,,
425,Misc/Review,/Volumes/Jack_Gandy_1TB_SSD/Samples 2021 ->/Sample Packs/Production Music Live - Acoustic - Melodic House 4/Sequences/PMLxOT4_POL_Sequence_5th_horny_Horns_120BPM_Emin.wav,,,,,
426,Drum Loop,/Volumes/Jack_Gandy_1TB_SSD/Samples 2021 ->/Sample Packs/Origin Sound - Vintage Vibes 3 (2025)/loops/drum_loops/OS_VV3_130_drum_loop_deluxe.wav,,,,,
427,Snare,/Volumes/Jack_Gandy_1TB_SSD/Samples 2021 ->/Sample Packs/Koan_Sound_Acoustic_Design/Test Press KOAN Sound Acoustic Design/one-shots/drums/snares/perc/TSP_KOAN_snare_tambourine_quick.wav,,,,,
428,Percussion,/Volumes/Jack_Gandy_1TB_SSD/Samples 2021 ->/Sample Packs/MGF Mega Pack/Misc + Found Sound/Household Percussion April 2016/HOUSEHOLD_464.wav,,Other Percussive Hit,foley,,
429,Misc/Review,/Volumes/Jack_Gandy_1TB_SSD/Samples 2021 ->/Sample Packs/Origin Sound - Adore - RNB Soul (2025)/loops/electric_guitar_loops/OS_AD_95_electric_guitar_wet_chords_memories_Dm.wav,,,,,
430,Misc/Review,/Volumes/Jack_Gandy_1TB_SSD/testing-for-NITE-DSP/sample_pack_testing/Loaded Samples - Lo-Fi Memphis 2/MELODIES (X3 & DR5)/Stems (OG Versions)/OGSTEM_Down to Ride #3 [74 BPM] (G).wav,,,,,
431,Drum Loop,/Volumes/Jack_Gandy_1TB_SSD/Samples 2021 ->/Sample Packs/Sounds of KSHMR Vol.3/KSHMR_Drums_Loops/KSHMR_Drum_Loops_Full/KSHMR_Break_Beat_Loops/KSHMR_Break_Beat_Loop_03_128.wav,,,,,
432,Other/none,/Volumes/Jack_Gandy_1TB_SSD/Samples 2021 ->/Sample Packs/SIIK Sounds - Eclipse (Full Pack)/SIIK Sounds Eclipse (Construction Kits & FLPs)/Kit 05 - Fmin (175BPM)/ECLIPSE Construction Kit 05 - Fills.wav,,,,,
433,Foley Loop,/Volumes/Jack_Gandy_1TB_SSD/Samples 2021 ->/2022/Foley/Foley drums.wav,,,,,
434,Drum Loop,/Volumes/Jack_Gandy_1TB_SSD/Samples 2021 ->/Sample Packs/Organic Drum Kit/8 Drum Loops/Drum Loops/Drum Loop 3 - 115 BPM (A).wav,,,,,
435,Percussion Loop,/Volumes/Jack_Gandy_1TB_SSD/Samples 2021 ->/Sample Packs/SIIK Sounds - Eclipse (Full Pack)/SIIK Sounds Eclipse (Construction Kits & FLPs)/Kit 06 - Fmin (175BPM)/ECLIPSE Construction Kit 06 - FX.wav,,,,,
436,Misc/Review,/Volumes/Jack_Gandy_1TB_SSD/Samples 2021 ->/Sample Packs/Loaded Samples - Lo-Fi Memphis 2/MELODIES (X3 & DR5)/Stems (Cassette Processed)/STEM_Kickin It #5 [73 BPM] (C#).wav,,,,,
437,Percussion,/Volumes/Jack_Gandy_1TB_SSD/Samples 2021 ->/Sample Packs/Organic Drum Kit/5 Percussion/5 Shakers/4 Shaker Set C/Organic - Shaker_C (27).wav,,Other Percussive Hit,,,
438,Percussion,/Volumes/Jack_Gandy_1TB_SSD/testing-for-NITE-DSP/sample_pack_testing/Organic Drum Kit/5 Percussion/4 Metalic/1 Mazhar Tambourines/Organic - Mazhar Tambourine (19).wav,,Other Percussive Hit,,,
439,Drum Loop,/Volumes/Jack_Gandy_1TB_SSD/testing-for-NITE-DSP/sample_pack_testing/Loaded Samples - Lo-Fi Memphis 2/DRUMS & PERC LOOPS/Drum Loop E [73BPM].wav,,,,,
440,Misc/Review,/Volumes/Jack_Gandy_1TB_SSD/Samples 2021 ->/Sample Packs/Senegal Sessions/Loops/Serum/SS_SS_105_synth_perc_balafon_touba_Am.wav,,,,,
441,Percussion Loop,/Volumes/Jack_Gandy_1TB_SSD/testing-for-NITE-DSP/sample_pack_testing/Sounds of KSHMR Vol.3/KSHMR_Drums_Loops/KSHMR_Drum_Loops_Full/KSHMR_Ethnic_Drum_Loops/KSHMR_Ethnic_Drum_Loop_27_128.wav,,,,,
442,Drum Loop,/Volumes/Jack_Gandy_1TB_SSD/Samples 2021 ->/Sample Packs/Breaks/Dirty Arse Drum Breaks/Dirty Arse Drum Breaks 3/92 BPM/92bpm_9.wav,,,,,
443,Hi-Hat,/Volumes/Jack_Gandy_1TB_SSD/testing-for-NITE-DSP/sample_pack_testing/Mike Shinoda Drums/MS BEATS/Mirrors Samples/Shaker Bodzin 3.wav,,,,,Hi Hat
444,Percussion,/Volumes/Jack_Gandy_1TB_SSD/testing-for-NITE-DSP/sample_pack_testing/Organic Drum Kit/5 Percussion/5 Shakers/4 Shaker Set C/Organic - Shaker_C (8).wav,,Shaker/Tambourine,,,
445,Drum Loop,/Volumes/Jack_Gandy_1TB_SSD/Samples 2021 ->/Sample Packs/Breaks/Dirty Arse Drum Breaks/Dirty Arse Drum Breaks 1/97 BPM/monosole_97bpm_12.wav,,,,,
446,Misc/Review,/Volumes/Jack_Gandy_1TB_SSD/Samples 2021 ->/Sample Packs/Guitar Loops - Lotus/Paradise G Minor 185Bpm [@tetraotb].wav,,,,,
447,Percussion,/Volumes/Jack_Gandy_1TB_SSD/testing-for-NITE-DSP/sample_pack_testing/MGF Mega Pack/Analogue Collection/Perc/MS20_OCT20_PERC_05.wav,,Metallic,,,
448,Misc/Review,/Volumes/Jack_Gandy_1TB_SSD/testing-for-NITE-DSP/sample_pack_testing/Loaded Samples - Lo-Fi Memphis 2/MELODIES (X3 & DR5)/Stems (OG Versions)/OGSTEM_Darkside Slapbass #2 [70 BPM] (G).wav,,,,,
449,Kick,/Volumes/Jack_Gandy_1TB_SSD/Samples 2021 ->/Sample Packs/Mike Shinoda Drums/MPC 1000 Backup/Beat Bits 2/B17-PiSh_01.L.wav,,,,,
450,Crash,/Volumes/Jack_Gandy_1TB_SSD/testing-for-NITE-DSP/sample_pack_testing/Sounds of KSHMR Vol.3/KSHMR_Drums/KSHMR_Cymbals/KSHMR_Rides/KSHMR_Ride_06.wav,,,,,
451,Foley Loop,/Volumes/Jack_Gandy_1TB_SSD/testing-for-NITE-DSP/sample_pack_testing/Sounds of KSHMR Vol.3/KSHMR_Drums_Loops/KSHMR_Drum_Loops_Full/KSHMR_Stadium_Loops/KSHMR_Stadium_Loop_07_130.wav,,,,,
452,Kick,/Volumes/Jack_Gandy_1TB_SSD/Samples 2021 ->/Sample Packs/MGF Mega Pack/Analogue Collection/Perc/MOD_KICK 09.wav,,,,,
453,Percussion,/Volumes/Jack_Gandy_1TB_SSD/testing-for-NITE-DSP/sample_pack_testing/Organic Drum Kit/5 Percussion/5 Shakers/3 Shaker Set B/Organic - Shaker_B (7).wav,,Shaker/Tambourine,,,
454,Hi-Hat Loop,/Volumes/Jack_Gandy_1TB_SSD/testing-for-NITE-DSP/sample_pack_testing/Sounds of KSHMR Vol.3/KSHMR_Drums_Loops/KSHMR_Drum_Loops_Full/KSHMR_Top_Loops/KSHMR_Top_Loops_129-200/KSHMR_Top_Loop_11_170.wav,,,,,
455,Hi-Hat Loop,/Volumes/Jack_Gandy_1TB_SSD/testing-for-NITE-DSP/sample_pack_testing/Sounds of KSHMR Vol.3/KSHMR_Drums_Loops/KSHMR_Drum_Loops_Full/KSHMR_Hip_Hop_Drum_Loops/KSHMR_Hip_Hop_Top_Loops/KSHMR_Hip_Hop_Top_Loop_12_124.wav,,,,,
456,Snare,/Volumes/Jack_Gandy_1TB_SSD/testing-for-NITE-DSP/sample_pack_testing/Koan Sound/Koan Sound Samples/Foley Pack 01/Foley Drums/Snare 08.wav,,,,,
457,Percussion,/Volumes/Jack_Gandy_1TB_SSD/Samples 2021 ->/Sample Packs/Sounds of KSHMR Vol.3/KSHMR_Drums/KSHMR_Transitions/KSHMR_Cymbal_Transitions/KSHMR_Cymbal_Transition_01.wav,,Shaker/Tambourine,,,
458,Foley Loop,/Volumes/Jack_Gandy_1TB_SSD/Samples 2021 ->/Sample Packs/Organic Electronics 2 J.Views/JVIEWS_desert/JVIEWS_desert_loops/JVIEWS_suitcase_and_amp_138.wav,,,,,
459,Percussion,/Volumes/Jack_Gandy_1TB_SSD/testing-for-NITE-DSP/sample_pack_testing/MGF Mega Pack/Misc + Found Sound/Abstract Hits/MGF_ABS1_PERC_08.wav,,Other Percussive Hit,,,
460,Misc/Review,/Volumes/Jack_Gandy_1TB_SSD/testing-for-NITE-DSP/sample_pack_testing/Sounds of KSHMR Vol.3/KSHMR_Synths/KSHMR_Synth_Loops/KSHMR_Synth_Loop_28_128_F#m.wav,,,,,
461,Percussion Loop,/Volumes/Jack_Gandy_1TB_SSD/Samples 2021 ->/Sample Packs/Organic Drum Kit/8 Drum Loops/Percussion Loops/Shaker LP - 90 BPM (2).wav,,,,,
462,Drum Loop,/Volumes/Jack_Gandy_1TB_SSD/Samples 2021 ->/Sample Packs/Organic Drum Kit/8 Drum Loops/Drum Loops/Drum Loop 17 - 83 BPM (A).wav,,,,,
463,Percussion Loop,/Volumes/Jack_Gandy_1TB_SSD/Samples 2021 ->/Sample Packs/Production Music Live - Acoustic - Melodic House 4/Tonal Percussion Loops/PMLxOT4_LAR_Tonal_Percussion_Loop_014_123BPM_Gmin.wav,,,,,
464,Drum Loop,/Volumes/Jack_Gandy_1TB_SSD/Samples 2021 ->/Sample Packs/Breaks/Dirty Arse Drum Breaks/Dirty Arse Drum Breaks 2/85 BPM/85BPM_5.wav,,,,,
465,Hi-Hat Loop,/Volumes/Jack_Gandy_1TB_SSD/testing-for-NITE-DSP/sample_pack_testing/Sounds of KSHMR Vol.3/KSHMR_Drums_Loops/KSHMR_Drum_Loops_Solo/KSHMR_Hihat_and_Cymbal_Loops/KSHMR_Trap_Hat_Loops/KSHMR_Trap_Hat_Loop_09_140.wav,,,,,
466,Percussion Loop,/Volumes/Jack_Gandy_1TB_SSD/Samples 2021 ->/Sample Packs/SIIK Sounds - Eclipse (Full Pack)/SIIK Sounds Eclipse (WAV Samples)/Drum Loops/Drum Loop Kits/ECLIPSE Drum Loop 06 172BPM - Snare.wav,,,,,
467,Misc/Review,/Volumes/Jack_Gandy_1TB_SSD/testing-for-NITE-DSP/sample_pack_testing/Loaded Samples - Lo-Fi Memphis 2/MELODIES (X3 & DR5)/Stems (OG Versions)/OGSTEM_Pop the Clip #1 [68 BPM] (G#).wav,,,,,
468,Percussion,/Volumes/Jack_Gandy_1TB_SSD/testing-for-NITE-DSP/sample_pack_testing/MGF Mega Pack/Misc + Found Sound/Button Bash/Percussive/MGF_BB_PERC_36.wav,,Other Percussive Hit,,,
469,Crash,/Volumes/Jack_Gandy_1TB_SSD/Samples 2021 ->/Sample Packs/Mike Shinoda Drums/MPC 1000 Backup/Xero Current/CRASH.wav,,,,,
470,Foley Loop,/Volumes/Jack_Gandy_1TB_SSD/testing-for-NITE-DSP/sample_pack_testing/Sounds of KSHMR Vol.3/KSHMR_Drums_Loops/KSHMR_Drum_Loops_Full/KSHMR_Stadium_Loops/KSHMR_Stadium_Loop_06_128.wav,,,,,
471,Misc/Review,/Volumes/Jack_Gandy_1TB_SSD/Samples 2021 ->/Sample Packs/Mike Shinoda Drums/MPC 1000 Backup/Beat Bits 2/B24-PiSh_01.L.wav,,,,,
472,Foley,/Volumes/Jack_Gandy_1TB_SSD/Samples 2021 ->/Sample Packs/Foley 2023/KNOIR FOLEY PACK 2023 (1A)/KNOIR_patreon_foley_GLASS75.wav,,,,,
473,Drum Loop,/Volumes/Jack_Gandy_1TB_SSD/testing-for-NITE-DSP/sample_pack_testing/Sounds of KSHMR Vol.3/KSHMR_Drums_Loops/KSHMR_Drum_Loops_Full/KSHMR_Break_Beat_Loops/KSHMR_Break_Beat_Loop_11_170.wav,,,,,
474,Drum Loop,/Volumes/Jack_Gandy_1TB_SSD/Samples 2021 ->/Sample Packs/Capsun ProAudio - City Pop/Loops/Drum_Loops/Drum_loops_full/TCP_110_drum_loop_ladies_night.wav,,,,,
475,Drum Loop,/Volumes/Jack_Gandy_1TB_SSD/testing-for-NITE-DSP/sample_pack_testing/Breaks/Dirty Arse Drum Breaks/Dirty Arse Drum Breaks 2/103 BPM/103BPM_2.wav,,,,,
476,Percussion,/Volumes/Jack_Gandy_1TB_SSD/testing-for-NITE-DSP/sample_pack_testing/Sounds of KSHMR Vol.3/KSHMR_Drums/KSHMR_Percussion/KSHMR_Percussion_High/KSHMR_Percussion_High_Glass_02_D.wav,,Other Percussive Hit,,,
477,Percussion,/Volumes/Jack_Gandy_1TB_SSD/Samples 2021 ->/Sample Packs/Organic Drum Kit/5 Percussion/5 Shakers/5 Various Shakers/Organic - Shaker_Var (39).wav,,Shaker/Tambourine,,,
478,Misc/Review,/Volumes/Jack_Gandy_1TB_SSD/testing-for-NITE-DSP/sample_pack_testing/Loaded Samples - Lo-Fi Memphis 2/MELODIES (X3 & DR5)/Stems (Cassette Processed)/STEM_Down to Ride #5 [74 BPM] (G).wav,,,,,
479,Misc/Review,/Volumes/Jack_Gandy_1TB_SSD/testing-for-NITE-DSP/sample_pack_testing/Minimal Audio/ELEMENT/1 - Drums/1 - Drum Loops/2 - Kick Loops/Kick - Refresh 2 - 64 BPM.wav,,,,,
480,Hi-Hat Loop,/Volumes/Jack_Gandy_1TB_SSD/testing-for-NITE-DSP/sample_pack_testing/Sounds of KSHMR Vol.3/KSHMR_Drums_Loops/KSHMR_Drum_Loops_Full/KSHMR_Hip_Hop_Drum_Loops/KSHMR_Hip_Hop_Top_Loops/KSHMR_Hip_Hop_Top_Loop_11_120.wav,,,,,
481,Drum Loop,/Volumes/Jack_Gandy_1TB_SSD/Samples 2021 ->/Sample Packs/Sounds of KSHMR Vol.3/KSHMR_Drums_Loops/KSHMR_Drum_Loops_Full/KSHMR_Vintage_Soul_Loops/KSHMR_Vintage_Soul_Loop_15_110.wav,,,,,
482,Drum Loop,/Volumes/Jack_Gandy_1TB_SSD/testing-for-NITE-DSP/sample_pack_testing/Sounds of KSHMR Vol.3/KSHMR_World_Sounds/KSHMR_India/KSHMR_India_DR_Drum_Loop_90_A.wav,,,,,
483,Misc/Review,/Volumes/Jack_Gandy_1TB_SSD/Samples 2021 ->/2024/Vocal Chops/Freeze 7-F# major Black Friday - Tom Odell _ Vocal Only Cover _ No Instrumental _ Acapella [2024-10-11 181800]-2.wav,,,,,
484,Percussion,/Volumes/Jack_Gandy_1TB_SSD/Samples 2021 ->/Sample Packs/Organic Drum Kit/Maschine Kits/Deep Impact Kit Samples/Organic - Tom_D (8).wav,,Tom,,,Tom
485,Drum Loop,/Volumes/Jack_Gandy_1TB_SSD/testing-for-NITE-DSP/sample_pack_testing/Breaks/Dirty Arse Drum Breaks/Dirty Arse Drum Breaks 1/105 BPM/monosole_105bpm_13.wav,,,,,
486,Crash,/Volumes/Jack_Gandy_1TB_SSD/testing-for-NITE-DSP/sample_pack_testing/Sounds of KSHMR Vol.3/KSHMR_Drums/KSHMR_Transitions/KSHMR_Crash_Transitions/KSHMR_Orchestral_Crash_Transition_08_Ending_Deep.wav,,,,,
487,Drum Loop,/Volumes/Jack_Gandy_1TB_SSD/testing-for-NITE-DSP/sample_pack_testing/Sounds of KSHMR Vol.3/KSHMR_Drums_Loops/KSHMR_Drum_Loops_Solo/KSHMR_Hihat_and_Cymbal_Loops/KSHMR_Acoustic_Hat_Loops/KSHMR_Acoustic_Hat_Loop_01_100.wav,,,,,
488,Misc/Review,/Volumes/Jack_Gandy_1TB_SSD/Samples 2021 ->/Sample Packs/Origin Sound - Soul Soundscapes (2025)/loops/electric_piano_loops/OS_SS_92_electric_piano_chords_teakwood_alt_Dm.wav,,,,,
489,Percussion Loop,/Volumes/Jack_Gandy_1TB_SSD/Samples 2021 ->/Sample Packs/Production Music Live - Acoustic - Melodic House 4/Tonal Percussion Loops/PMLxOT4_SV_Tonal_Percussion_Loop_004_125BPM_Fmin.wav,,,,,
490,Percussion Loop,/Volumes/Jack_Gandy_1TB_SSD/Samples 2021 ->/Sample Packs/Virtual Riot/Studio Time S2 EP2 - Drums And More Episode Files/BONUS Kitchen Foley Recordings from Old House/foley_hit_thump_kick1.wav,,,,,
491,Percussion Loop,/Volumes/Jack_Gandy_1TB_SSD/Samples 2021 ->/Sample Packs/Sounds of KSHMR Vol.3/KSHMR_Drums_Loops/KSHMR_Drum_Loops_Full/KSHMR_Percussion_Loops/KSHMR_Percussion_Loop_28_128.wav,,,,,
492,Foley Loop,/Volumes/Jack_Gandy_1TB_SSD/Samples 2021 ->/Sample Packs/Foley 2023/KNOIR FOLEY PACK 2023 (1B)/KNOIR_patreon_foley_water7.wav,,,,,
493,Foley Loop,/Volumes/Jack_Gandy_1TB_SSD/testing-for-NITE-DSP/sample_pack_testing/Organic Electronics 2 J.Views/JVIEWS_desert/JVIEWS_desert_loops/JVIEWS_suitcase_and_amp_138.wav,,,,,
494,Percussion Loop,/Volumes/Jack_Gandy_1TB_SSD/Samples 2021 ->/Sample Packs/SIIK Sounds - Eclipse (Full Pack)/SIIK Sounds Eclipse (WAV Samples)/Drum Loops/Drum Loop Kits/ECLIPSE Drum Loop 13 174BPM - Snare.wav,,,,,
495,Misc/Review,/Volumes/Jack_Gandy_1TB_SSD/Samples 2021 ->/Sample Packs/Sounds of KSHMR Vol.3/KSHMR_Live_Instruments/KSHMR_Orchestral_Instruments/KSHMR_Full_Orchestra/KSHMR_Full_Orchestra_Loop_05_120_Dm.wav,,,,,
496,Misc/Review,/Volumes/Jack_Gandy_1TB_SSD/Samples 2021 ->/Sample Packs/Teddy Killerz/Producer Pack (1)/Samples/FX 174 BPM  - 3.wav,,,,,
497,Drum Loop,/Volumes/Jack_Gandy_1TB_SSD/Samples 2021 ->/Vocalist_Samples/Philomene Tsongui/Loops/Drums[120] Philomene Tsongui.wav,,,,,
498,Misc/Review,/Volumes/Jack_Gandy_1TB_SSD/Samples 2021 ->/Sample Packs/IMANU/es tu reel stems/etr_00_11 chord pitchbend experiments_kick1.wav,,,,,
499,Percussion Loop,/Volumes/Jack_Gandy_1TB_SSD/testing-for-NITE-DSP/sample_pack_testing/MGF Mega Pack/Misc + Found Sound/UTS Foley 2/AV Stand-14.wav,,,,,
500,Misc/Review,/Volumes/Jack_Gandy_1TB_SSD/Samples 2021 ->/Sample Packs/Loaded Samples - Lo-Fi Memphis 2/MELODIES (X3 & DR5)/Stems (OG Versions)/OGSTEM_Halloween '94 #1 [67 BPM] (C).wav,,,,,
501,Misc/Review,/Volumes/Jack_Gandy_1TB_SSD/Samples 2021 ->/Sample Packs/Loaded Samples - Lo-Fi Memphis 2/MELODIES (X3 & DR5)/Stems (Cassette Processed)/STEM_Deadly Theme #2 [73 BPM] (G).wav,,,,,
502,Percussion Loop,/Volumes/Jack_Gandy_1TB_SSD/Samples 2021 ->/2022/Foley/CATAWAKE SAMPLE PACK 1.0/Sustained/Wet/Water/Sloshing/CTWK_sustained_wet_water_sloshing_nobpm_4.wav,,,,,
503,Misc/Review,/Volumes/Jack_Gandy_1TB_SSD/testing-for-NITE-DSP/sample_pack_testing/Minimal Audio/OXIDE/1 - Loops/Metal - 120 BPM/Metal - Resonant Quiver - 120 BPM.wav,,,,,
504,Drum Loop,/Volumes/Jack_Gandy_1TB_SSD/Samples 2021 ->/Sample Packs/Minimal Audio/REFLECT/1 - Drums/1 - Loops/1 - Full Loops /Drums - Halfsies - 130 BPM.wav,,,,,
505,Misc/Review,/Volumes/Jack_Gandy_1TB_SSD/testing-for-NITE-DSP/sample_pack_testing/Loaded Samples - Lo-Fi Memphis 2/MELODIES (X3 & DR5)/Stems (Cassette Processed)/STEM_Halloween '94 #2 [67 BPM] (C).wav,,,,,
506,Percussion,/Volumes/Jack_Gandy_1TB_SSD/Samples 2021 ->/Sample Packs/Organic Drum Kit/5 Percussion/5 Shakers/5 Various Shakers/Organic - Shaker_Var (22).wav,,Shaker/Tambourine,,,
507,Drum Loop,/Volumes/Jack_Gandy_1TB_SSD/testing-for-NITE-DSP/sample_pack_testing/Organic Drum Kit/8 Drum Loops/Drum Loops/Drum Loop 12 - 83 BPM (C).wav,,,,,
508,Misc/Review,/Volumes/Jack_Gandy_1TB_SSD/Samples 2021 ->/Sample Packs/Origin Sound - Vintage Vibes 3 (2025)/loops/electric_guitar_loops/OS_VV3_85_electric_guitar_melody_gold_D#m.wav,,,,,
509,Hi-Hat,/Volumes/Jack_Gandy_1TB_SSD/Samples 2021 ->/Sample Packs/Mike Shinoda Drums/MPC 1000 Backup/neptunes/shaker GDS.wav,,,,,Hi Hat
510,Misc/Review,/Volumes/Jack_Gandy_1TB_SSD/Samples 2021 ->/Sample Packs/Sounds of KSHMR Vol.3/KSHMR_Synths/KSHMR_Synth_Loops/KSHMR_Synth_Loop_13_121_F#m.wav,,,,,
511,Misc/Review,/Volumes/Jack_Gandy_1TB_SSD/Samples 2021 ->/Sample Packs/MGF Mega Pack/Misc + Found Sound/Household Percussion April 2016/HOUSEHOLD_132.wav,,,,,
512,Misc/Review,/Volumes/Jack_Gandy_1TB_SSD/Samples 2021 ->/Sample Packs/Origin Sound - Adore - RNB Soul (2025)/loops/misc_loops/OS_AD_77_violin_melody_alpha_groove_A#m.wav,,,,,
513,Foley Loop,/Volumes/Jack_Gandy_1TB_SSD/testing-for-NITE-DSP/sample_pack_testing/Organic Electronics 2 J.Views/JVIEWS_desert/JVIEWS_desert_one_shots/JVIEWS_snare_helper_clatter_percussion_02.wav,,,,,
514,Foley Loop,/Volumes/Jack_Gandy_1TB_SSD/Samples 2021 ->/Sample Packs/Organic Drum Kit/5 Percussion/5 Shakers/5 Various Shakers/Organic - Shaker_Var (44).wav,,,,,
515,Foley Loop,/Volumes/Jack_Gandy_1TB_SSD/Samples 2021 ->/Sample Packs/Foley 2023/KNOIR FOLEY PACK 2023 (1A)/KNOIR_patreon_foley_CLOCK2.wav,,,,,
516,Misc/Review,/Volumes/Jack_Gandy_1TB_SSD/Samples 2021 ->/Sample Packs/Sounds of KSHMR Vol.3/KSHMR_Live_Instruments/KSHMR_Orchestral_Instruments/KSHMR_Full_Orchestra/KSHMR_Full_Orchestra_Loop_09_128_F#.wav,,,,,
517,Snare,/Volumes/Jack_Gandy_1TB_SSD/Samples 2021 ->/Sample Packs/Mike Shinoda Drums/MPC 1000 Backup/Beat Bits 1/57-PiSh_01.L.wav,,,,,
518,Misc/Review,/Volumes/Jack_Gandy_1TB_SSD/Samples 2021 ->/Sample Packs/Loaded Samples - Lo-Fi Memphis 2/MELODIES (X3 & DR5)/Loops (Cassette Processed)/TV Horror OST #1 [77 BPM] (B).wav,,,,,
519,Misc/Review,/Volumes/Jack_Gandy_1TB_SSD/Samples 2021 ->/Sample Packs/Production Music Live - Acoustic - Melodic House 4/Harmonics & Chord Loops/PMLxOT4_POL_Harmonic_Loop_Bell_Rhythm_001_120BPM_Gmin.wav,,,,,
520,Drum Loop,/Volumes/Jack_Gandy_1TB_SSD/testing-for-NITE-DSP/sample_pack_testing/Breaks/Dirty Arse Drum Breaks/Dirty Arse Drum Breaks 1/85 BPM/monosole_85bpm_4.wav,,,,,
521,Percussion,/Volumes/Jack_Gandy_1TB_SSD/testing-for-NITE-DSP/sample_pack_testing/Organic Drum Kit/5 Percussion/3 Various Percussion/Organic - Various Perc (6).wav,,Other Percussive Hit,,,
522,Misc/Review,/Volumes/Jack_Gandy_1TB_SSD/Samples 2021 ->/Sample Packs/Test Press Modestep Presents Bass and Breaks Vol 1/loops/bass_loops/TSP_MODESTEP_V1_145_bass_guns_crunch_F#.wav,,,,,
523,Misc/Review,/Volumes/Jack_Gandy_1TB_SSD/testing-for-NITE-DSP/sample_pack_testing/Sounds of KSHMR Vol.3/KSHMR_Synths/KSHMR_Synth_Loops/KSHMR_Synth_Loop_10_111_Dm_Chords.wav,,,,,
524,Foley,/Volumes/Jack_Gandy_1TB_SSD/Samples 2021 ->/Sample Packs/Foley 2023/KNOIR FOLEY PACK 2023 (1A)/KNOIR_patreon_foley_GLASS9.wav,,,,,
525,Foley,/Volumes/Jack_Gandy_1TB_SSD/Samples 2021 ->/Sample Packs/MGF Mega Pack/Misc + Found Sound/Household Percussion April 2016/HOUSEHOLD_182.wav,,,,,
526,Hi-Hat Loop,/Volumes/Jack_Gandy_1TB_SSD/Samples 2021 ->/Sample Packs/Sounds of KSHMR Vol.3/KSHMR_Drums_Loops/KSHMR_Drum_Loops_Solo/KSHMR_Hihat_and_Cymbal_Loops/KSHMR_Acoustic_Hat_Loops/KSHMR_Acoustic_Hat_Loop_14_120.wav,,,,,
527,Drum Loop,/Volumes/Jack_Gandy_1TB_SSD/Samples 2021 ->/Sample Packs/Ian Chang - Dirty Drums/splice-export__ian-chang-dirty-drums/loop/Drums/Dirty-Loop/RT_Ian_Chang_Dirty_Loop_261_Drums_Ian_Chang_107_loop.wav,,,,,
528,Percussion,/Volumes/Jack_Gandy_1TB_SSD/Samples 2021 ->/Sample Packs/Mike Shinoda Drums/MS BEATS/Auckland2013 Samples/Tom Hallo 1.wav,,Tom,,,Tom
529,Rimshot,/Volumes/Jack_Gandy_1TB_SSD/Samples 2021 ->/Sample Packs/Drum Recollection/Essentials Drum Kit Vol. 001/Rim Shots/FA4 Rimshot.wav,,,,,
530,Drum Loop,/Volumes/Jack_Gandy_1TB_SSD/Samples 2021 ->/Sample Packs/Test Press Modestep Presents Bass and Breaks Vol 1/loops/drum_loops/TSP_MODESTEP_V1_78_drum_holla.wav,,,,,
531,Misc/Review,/Volumes/Jack_Gandy_1TB_SSD/Samples 2021 ->/Sample Packs/Origin Sound - Adore - RNB Soul (2025)/one_shots/percussion/OS_AD_perc_rnb_windchime.wav,,,,,
532,Percussion Loop,/Volumes/Jack_Gandy_1TB_SSD/Samples 2021 ->/Sample Packs/Senegal Sessions/Loops/Percussion/SS_SS_90_perc_loop_kongoma.wav,,,,,
533,Percussion,/Volumes/Jack_Gandy_1TB_SSD/Samples 2021 ->/Sample Packs/Organic Drum Kit/Maschine Kits/Domination Kit Samples/Organic - Conga A (9).wav,,Other Percussive Hit,,,
534,Crash,/Volumes/Jack_Gandy_1TB_SSD/Samples 2021 ->/Sample Packs/Organic Drum Kit/Maschine Kits/Imperial Kit Samples/Organic - Cymbal (4).wav,,,,,
535,Misc/Review,/Volumes/Jack_Gandy_1TB_SSD/testing-for-NITE-DSP/sample_pack_testing/Loaded Samples - Lo-Fi Memphis 2/MELODIES (X3 & DR5)/Stems (Cassette Processed)/STEM_In the Woods #3 [70 BPM] (D#).wav,,,,,
536,Rimshot,/Volumes/Jack_Gandy_1TB_SSD/Samples 2021 ->/Sample Packs/Virtual Riot/Studio Time S2 EP2 - Drums And More Episode Files/Raw Kitchen Foley Recordings/VR_ST_Foley_randomPerc.wav,,,,,
537,Other/none,/Volumes/Jack_Gandy_1TB_SSD/testing-for-NITE-DSP/sample_pack_testing/Drum Recollection/2023 Drums/(Perc) Three United.wav,,,,,its SFX
538,Percussion,/Volumes/Jack_Gandy_1TB_SSD/Samples 2021 ->/Sample Packs/MGF Mega Pack/Analogue Collection/Perc/P6 AUG18PT1_058.wav,,Other Percussive Hit,foley,,
539,Percussion,/Volumes/Jack_Gandy_1TB_SSD/Samples 2021 ->/Sample Packs/Mike Shinoda Drums/MS BEATS/Gnarly Tribal Samples/Perc JumpRope.wav,,Other Percussive Hit,foley,,
540,Percussion Loop,/Volumes/Jack_Gandy_1TB_SSD/testing-for-NITE-DSP/sample_pack_testing/Sounds of KSHMR Vol.3/KSHMR_Drums_Loops/KSHMR_Drum_Loops_Full/KSHMR_Top_Loops/KSHMR_Top_Loops_129-200/KSHMR_Top_Loop_10_160.wav,,,,,
541,Drum Loop,/Volumes/Jack_Gandy_1TB_SSD/testing-for-NITE-DSP/sample_pack_testing/Breaks/Dirty Arse Drum Breaks/Dirty Arse Drum Breaks 2/113 BPM/113BPM_2.wav,,,,,
542,Drum Loop,/Volumes/Jack_Gandy_1TB_SSD/testing-for-NITE-DSP/sample_pack_testing/Breaks/Dirty Arse Drum Breaks/Dirty Arse Drum Breaks 1/115 BPM/monosole_115bpm_9.wav,,,,,
543,Kick,/Volumes/Jack_Gandy_1TB_SSD/Samples 2021 ->/Sample Packs/SIIK Sounds - Eclipse (Full Pack)/SIIK Sounds Eclipse (Construction Kits & FLPs)/Kit 04 - Emin (174BPM)/ECLIPSE Construction Kit 04 - Emin 174BPM (FLP)/ECLIPSE Kick 23.wav,,,,,
544,Clap,/Volumes/Jack_Gandy_1TB_SSD/testing-for-NITE-DSP/sample_pack_testing/Mike Shinoda Drums/MS BEATS/Animals Beat Samples/Clap_LastMin2st_SP12R.wav,,,,,
545,Kick,/Volumes/Jack_Gandy_1TB_SSD/testing-for-NITE-DSP/sample_pack_testing/Mike Shinoda Drums/MPC 1000 Backup/Beat Bits 2/B28-PiSh_01.L.wav,,,,,
546,Drum Loop,/Volumes/Jack_Gandy_1TB_SSD/Samples 2021 ->/Sample Packs/ZO2-THAI BREAKBEAT KIT VOL.1/Drum Loops/ZO2-THBK-DRUMLOOP-001-C.wav,,,,,
547,Foley Loop,/Volumes/Jack_Gandy_1TB_SSD/testing-for-NITE-DSP/sample_pack_testing/Organic Electronics 2 J.Views/JVIEWS_city/JVIEWS_city_loops/JVIEWS_clock_shop_soft_bounce_125.wav,,,,,
548,Drum Loop,/Volumes/Jack_Gandy_1TB_SSD/Samples 2021 ->/Sample Packs/Test Press Modestep Presents Bass and Breaks Vol 1/loops/drum_loops/TSP_MODESTEP_V1_174_drum_extras.wav,,,,,
549,Percussion Loop,/Volumes/Jack_Gandy_1TB_SSD/Samples 2021 ->/Sample Packs/Minimal Audio/OXIDE/1 - Loops/Metal - 120 BPM/Metal - Resonant Quiver - 120 BPM.wav,,,,,
550,Misc/Review,/Volumes/Jack_Gandy_1TB_SSD/Samples 2021 ->/Vocalist_Samples/Georgia/Loops/Bass[100] Georgia 80s.wav,,,,,
551,Misc/Review,/Volumes/Jack_Gandy_1TB_SSD/Samples 2021 ->/Sample Packs/SIIK Sounds - Eclipse (Full Pack)/SIIK Sounds Eclipse (Construction Kits & FLPs)/Kit 05 - Fmin (175BPM)/ECLIPSE Construction Kit 05 - Cymbals.wav,,,,,
552,Misc/Review,/Volumes/Jack_Gandy_1TB_SSD/Samples 2021 ->/Sample Packs/Loaded Samples - Lo-Fi Memphis 2/MELODIES (X3 & DR5)/Stems (Cassette Processed)/STEM_Cold Case #2 [74 BPM] (G#).wav,,,,,
553,Percussion Loop,/Volumes/Jack_Gandy_1TB_SSD/Samples 2021 ->/Sample Packs/Sounds of KSHMR Vol.3/KSHMR_Drums_Loops/KSHMR_Drum_Loops_Full/KSHMR_Percussion_Loops/KSHMR_Percussion_Loop_16_105_Brazil.wav,,,,,
554,Drum Loop,/Volumes/Jack_Gandy_1TB_SSD/Samples 2021 ->/Sample Packs/Origin Sound - Adore - RNB Soul (2025)/loops/drum_loops/OS_AD_77_drum_loop_alpha_groove.wav,,,,,
555,Percussion,/Volumes/Jack_Gandy_1TB_SSD/Samples 2021 ->/Sample Packs/Organic Drum Kit/5 Percussion/1 Hand Drums/1 Conga Drum/Conga Drum A/Organic - Conga A (12).wav,,Other Percussive Hit,,,
556,Misc/Review,/Volumes/Jack_Gandy_1TB_SSD/Samples 2021 ->/Sample Packs/Origin Sound - Vintage Vibes 3 (2025)/loops/flute_loops/OS_VV3_80_flute_melody_chains_D#m.wav,,,,,
557,Misc/Review,/Volumes/Jack_Gandy_1TB_SSD/Samples 2021 ->/Sample Packs/Loaded Samples - Lo-Fi Memphis 2/MELODIES (X3 & DR5)/Loops (Cassette Processed)/In My Brain #3 [76 BPM] (F#).wav,,,,,
558,Crash,/Volumes/Jack_Gandy_1TB_SSD/testing-for-NITE-DSP/sample_pack_testing/Sounds of KSHMR Vol.3/KSHMR_Drums/KSHMR_Transitions/KSHMR_Crash_Transitions/KSHMR_Orchestral_Crash_Transition_06.wav,,,,,
559,Drum Loop,/Volumes/Jack_Gandy_1TB_SSD/Samples 2021 ->/Sample Packs/Breaks/Dirty Arse Drum Breaks/Dirty Arse Drum Breaks 3/94 BPM/94bpm_3.wav,,,,,
560,Drum Loop,/Volumes/Jack_Gandy_1TB_SSD/Samples 2021 ->/Sample Packs/SIIK Sounds - Eclipse (Full Pack)/SIIK Sounds Eclipse (WAV Samples)/Drum Loops/Drum Loop Kits/ECLIPSE Drum Loop 02 175BPM - Shakers.wav,,,,,
561,Drum Loop,/Volumes/Jack_Gandy_1TB_SSD/testing-for-NITE-DSP/sample_pack_testing/Mike Shinoda Drums/MPC 1000 Backup/Beat Bits 1/3-PiSh_01.L.wav,,,,,
562,Kick,/Volumes/Jack_Gandy_1TB_SSD/Samples 2021 ->/Sample Packs/Mike Shinoda Drums/MPC 1000 Backup/Beat Bits 1/69-PiSh_01.L.wav,,,,,
563,Foley,/Volumes/Jack_Gandy_1TB_SSD/testing-for-NITE-DSP/sample_pack_testing/Old Movies 1 - Vintage Collection (Drum Kit)/Percs/HHH_Jingle Reverb 1.wav,,,,,
564,Percussion,/Volumes/Jack_Gandy_1TB_SSD/Samples 2021 ->/Sample Packs/Mike Shinoda Drums/MS BEATS/Amethyst Samples/HiTom AR60sLate V40 1.wav,,Other Percussive Hit,,,
565,Kick,/Volumes/Jack_Gandy_1TB_SSD/testing-for-NITE-DSP/sample_pack_testing/MGF Mega Pack/Misc + Found Sound/Household Percussion April 2016/HOUSEHOLD_425.wav,,,,,
566,Foley Loop,/Volumes/Jack_Gandy_1TB_SSD/testing-for-NITE-DSP/sample_pack_testing/Organic Electronics 2 J.Views/JVIEWS_city/JVIEWS_city_loops/JVIEWS_clock_shop_thick_110.wav,,,,,
567,Foley,/Volumes/Jack_Gandy_1TB_SSD/Samples 2021 ->/Sample Packs/MGF Mega Pack/Misc + Found Sound/UTS Foley 2/Foil-12.wav,,,,,
568,Drum Loop,/Volumes/Jack_Gandy_1TB_SSD/testing-for-NITE-DSP/sample_pack_testing/Breaks/Dirty Arse Drum Breaks/Dirty Arse Drum Breaks 1/110 BPM/monosole_110bpm_19.wav,,,,,
569,Percussion,/Volumes/Jack_Gandy_1TB_SSD/Samples 2021 ->/Sample Packs/Sounds of KSHMR Vol.3/KSHMR_Drums/KSHMR_Toms/KSHMR_Tom_Kits/KSHMR_Tom_Kit_01_01_Hi.wav,,Tom,,,Tom
570,Misc/Review,/Volumes/Jack_Gandy_1TB_SSD/Samples 2021 ->/Sample Packs/MGF Mega Pack/Misc + Found Sound/Household Percussion April 2016/HOUSEHOLD_046.wav,,,,,
571,Drum Loop,/Volumes/Jack_Gandy_1TB_SSD/testing-for-NITE-DSP/sample_pack_testing/Organic Drum Kit/8 Drum Loops/Drum Loops/Drum Loop 20 - 105 BPM (B).wav,,,,,
572,Foley,/Volumes/Jack_Gandy_1TB_SSD/Samples 2021 ->/Sample Packs/MGF Mega Pack/Misc + Found Sound/Household Percussion April 2016/HOUSEHOLD_242.wav,,,,,
573,Misc/Review,/Volumes/Jack_Gandy_1TB_SSD/Samples 2021 ->/Sample Packs/Loaded Samples - Lo-Fi Memphis 2/MELODIES (X3 & DR5)/Stems (OG Versions)/OGSTEM_Piano Dramatic #2 [72 BPM] (B).wav,,,,,
574,Misc/Review,/Volumes/Jack_Gandy_1TB_SSD/Samples 2021 ->/Sample Packs/Sounds of KSHMR Vol.3/KSHMR_Vocals/KSHMR_Vocals_FX/KSHMR_Crowd/KSHMR_Crowd_Chant/KSHMR_Crowd_Chant_Loop_07_Hey_Ho_134_Centered.wav,,,,,
575,Percussion,/Volumes/Jack_Gandy_1TB_SSD/Samples 2021 ->/Sample Packs/MGF Mega Pack/Misc + Found Sound/Button Bash/Percussive/MGF_BB_PERC_33.wav,,Other Percussive Hit,,,
576,Snare,/Volumes/Jack_Gandy_1TB_SSD/Samples 2021 ->/Sample Packs/Mike Shinoda Drums/MS BEATS/Panko Samples/SideStick GiveItToMe.wav,,,,,
577,Percussion,/Volumes/Jack_Gandy_1TB_SSD/testing-for-NITE-DSP/sample_pack_testing/Organic Drum Kit/5 Percussion/4 Metalic/1 Mazhar Tambourines/Organic - Mazhar Tambourine (3).wav,,Shaker/Tambourine,,,
578,Foley,/Volumes/Jack_Gandy_1TB_SSD/Samples 2021 ->/Sample Packs/Virtual Riot/Studio Time S2 EP2 - Drums And More Episode Files/BONUS Kitchen Foley Recordings from Old House/foley_hit_plastic_pop.wav,,,,,
579,Drum Loop,/Volumes/Jack_Gandy_1TB_SSD/testing-for-NITE-DSP/sample_pack_testing/Breaks/Dirty Arse Drum Breaks/Dirty Arse Drum Breaks 2/83 BPM/83BPM_9.wav,,,,,
580,Top Loop,/Volumes/Jack_Gandy_1TB_SSD/testing-for-NITE-DSP/sample_pack_testing/Sounds of KSHMR Vol.3/KSHMR_Drums_Loops/KSHMR_Drum_Loops_Full/KSHMR_Top_Loops/KSHMR_Top_Loops_090-120/KSHMR_Top_Loop_16_110.wav,,,,,
581,Percussion,/Volumes/Jack_Gandy_1TB_SSD/testing-for-NITE-DSP/sample_pack_testing/MGF Mega Pack/Misc + Found Sound/Household Percussion April 2016/HOUSEHOLD_065.wav,,Other Percussive Hit,foley,,
582,Misc/Review,/Volumes/Jack_Gandy_1TB_SSD/testing-for-NITE-DSP/sample_pack_testing/Loaded Samples - Lo-Fi Memphis 2/MELODIES (X3 & DR5)/Loops (Cassette Processed)/Piano Dramatic #2 [72 BPM] (B).wav,,,,,
583,Misc/Review,/Volumes/Jack_Gandy_1TB_SSD/Samples 2021 ->/Sample Packs/Mike Shinoda Drums/MPC 1000 Backup/IRIDESCENT/KEYZ13.WAV,,,,,
584,Percussion Loop,/Volumes/Jack_Gandy_1TB_SSD/Samples 2021 ->/Sample Packs/Koan_Sound_Acoustic_Design/Test Press KOAN Sound Acoustic Design/loops/drums/percussion_loops/djembe/TSP_KOAN_110_perc_djembe_taps_low.wav,,,,,
585,Crash,/Volumes/Jack_Gandy_1TB_SSD/Samples 2021 ->/Sample Packs/Sounds of KSHMR Vol.3/KSHMR_Drums/KSHMR_Transitions/KSHMR_Cymbal_Transitions/KSHMR_Cymbal_Transition_06.wav,,,,,
586,Misc/Review,/Volumes/Jack_Gandy_1TB_SSD/Samples 2021 ->/Sample Packs/Rosentricks - Essentials/Loops/Melodic Loops/RT_Chord_Loop_Reversed_Mood_G.wav,,,,,
587,Foley,/Volumes/Jack_Gandy_1TB_SSD/testing-for-NITE-DSP/sample_pack_testing/MGF Mega Pack/Misc + Found Sound/Household Percussion April 2016/HOUSEHOLD_086.wav,,,,,
588,Misc/Review,/Volumes/Jack_Gandy_1TB_SSD/testing-for-NITE-DSP/sample_pack_testing/Loaded Samples - Lo-Fi Memphis 2/MELODIES (X3 & DR5)/Loops (Cassette Processed)/Another Nightmare #2 [71 BPM] (D).wav,,,,,
589,Misc/Review,/Volumes/Jack_Gandy_1TB_SSD/Samples 2021 ->/Sample Packs/Production Music Live - Acoustic - Melodic House 4/Sequences/PMLxOT4_POL_Sequence_Stab_Organ_002_120BPM_Emin.wav,,,,,
590,Misc/Review,/Volumes/Jack_Gandy_1TB_SSD/Samples 2021 ->/Sample Packs/Sounds of KSHMR Vol.3/KSHMR_World_Sounds/KSHMR_India/KSHMR_India_ST_Bollywood_String_Loop_160_G#_Arabic.wav,,,,,
591,Misc/Review,/Volumes/Jack_Gandy_1TB_SSD/testing-for-NITE-DSP/sample_pack_testing/Loaded Samples - Lo-Fi Memphis 2/MELODIES (X3 & DR5)/Loops (Cassette Processed)/Cold Case #2 [74 BPM] (G#).wav,,,,,
592,Percussion Loop,/Volumes/Jack_Gandy_1TB_SSD/Samples 2021 ->/Sample Packs/Organic Drum Kit/Maschine Kits/New Age Kit 2 Samples/Organic - Various Perc (33).wav,,,,,
593,Percussion,/Volumes/Jack_Gandy_1TB_SSD/testing-for-NITE-DSP/sample_pack_testing/Old Movies 1 - Vintage Collection (Drum Kit)/Foley & Percussion (Old Movies)/HHH_Cork 1.wav,,Other Percussive Hit,foley,,
594,Percussion Loop,/Volumes/Jack_Gandy_1TB_SSD/Samples 2021 ->/Sample Packs/Organic Drum Kit/5 Percussion/3 Various Percussion/Organic - Various Perc (71).wav,,,,,
595,Misc/Review,/Volumes/Jack_Gandy_1TB_SSD/Samples 2021 ->/Sample Packs/Production Music Live - Acoustic - Melodic House 4/Harmonics & Chord Loops/PMLxOT4_LAR_Chord_Loop_009_123BPM_Gmin.wav,,,,,
596,Percussion Loop,/Volumes/Jack_Gandy_1TB_SSD/Samples 2021 ->/Sample Packs/Organic Drum Kit/8 Drum Loops/Percussion Loops/Shaker LP - 120 BPM (A).wav,,,,,
597,Misc/Review,/Volumes/Jack_Gandy_1TB_SSD/testing-for-NITE-DSP/sample_pack_testing/Daniel Sadownick - Creative Percussion/RT_Daniel_Sadownick_Degraw_Session/one_shot/Percussion/RT_Daniel_Sadownick_Degraw_Creative_Percussion_Bell_Tree_One_Shots_4.wav,,,,,
598,Kick Loop,/Volumes/Jack_Gandy_1TB_SSD/testing-for-NITE-DSP/sample_pack_testing/Minimal Audio/MICROTECH/1 - Loops/1 - Kick - 172 BPM/Kick - Short Term 2 - 172 BPM.wav,,,,,
599,Misc/Review,/Volumes/Jack_Gandy_1TB_SSD/Samples 2021 ->/Sample Packs/Origin Sound - Vintage Vibes 3 (2025)/loops/piano_loops/OS_VV3_135_piano_chords_charm_Cm.wav,,,,,
600,Misc/Review,/Volumes/Jack_Gandy_1TB_SSD/Samples 2021 ->/Sample Packs/Loaded Samples - Lo-Fi Memphis 2/MELODIES (X3 & DR5)/Stems (OG Versions)/OGSTEM_Back to the Graveyard (Alt) #1 [74 BPM] (D#).wav,,,,,
601,Foley,/Volumes/Jack_Gandy_1TB_SSD/Samples 2021 ->/Sample Packs/Foley 2023/KNOIR FOLEY PACK 2023 (1A)/KNOIR_patreon_foley_GLASS95.wav,,,,,
602,Foley,/Volumes/Jack_Gandy_1TB_SSD/testing-for-NITE-DSP/sample_pack_testing/MGF Mega Pack/Analogue Collection/Perc/S37 NOV18_SFX_028.wav,,,,,
603,Foley,/Volumes/Jack_Gandy_1TB_SSD/Samples 2021 ->/Sample Packs/Old Movies 1 - Vintage Collection (Drum Kit)/Foley & Percussion (Old Movies)/Foley Noise 3.wav,,,,,
604,Drum Loop,/Volumes/Jack_Gandy_1TB_SSD/Samples 2021 ->/Sample Packs/Breaks/Dirty Arse Drum Breaks/Dirty Arse Drum Breaks 1/105 BPM/monosole_105bpm_10.wav,,,,,
605,Percussion,/Volumes/Jack_Gandy_1TB_SSD/Samples 2021 ->/Sample Packs/Sounds of KSHMR Vol.3/KSHMR_Drums/KSHMR_Percussion/KSHMR_Tambourines/KSHMR_Tambourine_15_Swish.wav,,Shaker/Tambourine,,,
606,Percussion,/Volumes/Jack_Gandy_1TB_SSD/testing-for-NITE-DSP/sample_pack_testing/Drum Recollection/Essentials Drumkit Vol. 002/Percs & Fx/Mindless Man Perc.wav,,Other Percussive Hit,foley,,
607,Percussion,/Volumes/Jack_Gandy_1TB_SSD/Samples 2021 ->/Sample Packs/MGF Mega Pack/Misc + Found Sound/Household Percussion April 2016/HOUSEHOLD_025.wav,,Other Percussive Hit,foley,,
608,Percussion,/Volumes/Jack_Gandy_1TB_SSD/testing-for-NITE-DSP/sample_pack_testing/Organic Drum Kit/5 Percussion/1 Hand Drums/2 Bongo Drum/1 Bongo A/Organic - Bongo A (18).wav,,Other Percussive Hit,,,
609,Top Loop,/Volumes/Jack_Gandy_1TB_SSD/Samples 2021 ->/Sample Packs/Sounds of KSHMR Vol.3/KSHMR_Drums_Loops/KSHMR_Drum_Loops_Full/KSHMR_Top_Loops/KSHMR_Top_Loops_129-200/KSHMR_Top_Loop_01_129.wav,,,,,
610,Misc/Review,/Volumes/Jack_Gandy_1TB_SSD/Samples 2021 ->/Sample Packs/Origin Sound - Adore - RNB Soul (2025)/loops/synth_loops/OS_AD_95_synth_ambient_pad_melody_dexter_C#m.wav,,,,,
611,Percussion Loop,/Volumes/Jack_Gandy_1TB_SSD/testing-for-NITE-DSP/sample_pack_testing/Sounds of KSHMR Vol.3/KSHMR_Drums_Loops/KSHMR_Drum_Loops_Full/KSHMR_Ethnic_Drum_Loops/KSHMR_Ethnic_Drum_Loop_37_128.wav,,,,,
612,Drum Loop,/Volumes/Jack_Gandy_1TB_SSD/Samples 2021 ->/Sample Packs/Organic Drum Kit/8 Drum Loops/Drum Loops/Drum Loop 7 - 93 BPM (A).wav,,,,,
613,Misc/Review,/Volumes/Jack_Gandy_1TB_SSD/Samples 2021 ->/Sample Packs/Loaded Samples - Lo-Fi Memphis 2/MELODIES (X3 & DR5)/Stems (OG Versions)/OGSTEM_Down to Ride #1 [74 BPM] (G).wav,,,,,
614,Misc/Review,/Volumes/Jack_Gandy_1TB_SSD/testing-for-NITE-DSP/sample_pack_testing/Loaded Samples - Lo-Fi Memphis 2/DRUMS & PERC LOOPS/808 Cowbell Loop #3 [65BPM] (A).wav,,,,,
615,Foley,/Volumes/Jack_Gandy_1TB_SSD/testing-for-NITE-DSP/sample_pack_testing/Old Movies 1 - Vintage Collection (Drum Kit)/Noise & Texture (Old Movies)/ACR_Noise Foley.wav,,,,,
616,Drum Loop,/Volumes/Jack_Gandy_1TB_SSD/Samples 2021 ->/Sample Packs/Sounds of KSHMR Vol.3/KSHMR_Drums_Loops/KSHMR_Drum_Loops_Full/KSHMR_Cinematic_Drum_Loops/KSHMR_Cinematic_Drum_Loop_48_128_Triplet.wav,,,,,
617,Misc/Review,/Volumes/Jack_Gandy_1TB_SSD/Samples 2021 ->/Sample Packs/Origin Sound - Vintage Vibes 3 (2025)/loops/flute_loops/OS_VV3_135_flute_melody_sparrow_Bm.wav,,,,,
618,Misc/Review,/Volumes/Jack_Gandy_1TB_SSD/Samples 2021 ->/Sample Packs/Origin Sound - Soul Soundscapes (2025)/loops/guitar_loops/OS_SS_77_electric_guitar_melody_falling_C.wav,,,,,
619,Misc/Review,/Volumes/Jack_Gandy_1TB_SSD/Samples 2021 ->/Sample Packs/Production Music Live - Acoustic - Melodic House 4/Sequences/PMLxOT4_POL_Sequence_Orca_Sequence_001_120BPM_Gmin.wav,,,,,
620,Percussion,/Volumes/Jack_Gandy_1TB_SSD/Samples 2021 ->/Sample Packs/Sounds of KSHMR Vol.3/KSHMR_Drums/KSHMR_Percussion/KSHMR_Flam_and_Rolls/KSHMR_Percussion_Flam_13_F.wav,,Other Percussive Hit,,,
621,Percussion Loop,/Volumes/Jack_Gandy_1TB_SSD/Samples 2021 ->/Sample Packs/Minimal Audio/OXIDE/1 - Loops/Metal - 125 BPM/Metal - Vessel Groove - 125 BPM.wav,,,,,
622,Misc/Review,/Volumes/Jack_Gandy_1TB_SSD/Samples 2021 ->/Sample Packs/MGF Mega Pack/Misc + Found Sound/Household Percussion April 2016/HOUSEHOLD_359.wav,,,,,
623,Misc/Review,/Volumes/Jack_Gandy_1TB_SSD/testing-for-NITE-DSP/sample_pack_testing/Loaded Samples - Lo-Fi Memphis 2/MELODIES (X3 & DR5)/Stems (Cassette Processed)/STEM_Another Nightmare #1 [71 BPM] (D).wav,,,,,
624,Percussion,/Volumes/Jack_Gandy_1TB_SSD/testing-for-NITE-DSP/sample_pack_testing/MGF Mega Pack/Misc + Found Sound/Chromaphone/Percussion/MGF_PHYS1_PERC_44.wav,,Other Percussive Hit,foley,,
625,Drum Loop,/Volumes/Jack_Gandy_1TB_SSD/Samples 2021 ->/Sample Packs/Breaks/Dirty Arse Drum Breaks/Dirty Arse Drum Breaks 1/110 BPM/monosole_110bpm_3.wav,,,,,
626,Misc/Review,/Volumes/Jack_Gandy_1TB_SSD/Samples 2021 ->/Sample Packs/Origin Sound - Vintage Vibes 3 (2025)/loops/synth_loops/OS_VV3_100_synth_lead_melody_boujee_alt_C#m.wav,,,,,
627,Drum Loop,/Volumes/Jack_Gandy_1TB_SSD/Samples 2021 ->/Sample Packs/Breaks/Dirty Arse Drum Breaks/Dirty Arse Drum Breaks 3/112 BPM/112bpm_3.wav,,,,,
628,Misc/Review,/Volumes/Jack_Gandy_1TB_SSD/Samples 2021 ->/Sample Packs/Production Music Live - Acoustic - Melodic House 4/Sequences/PMLxOT4_YU_Sequence_016_124BPM_Cmin.wav,,,,,
629,Misc/Review,/Volumes/Jack_Gandy_1TB_SSD/testing-for-NITE-DSP/sample_pack_testing/Loaded Samples - Lo-Fi Memphis 2/MELODIES (X3 & DR5)/Stems (Cassette Processed)/STEM_Villain's Theme #4 [73 BPM] (D).wav,,,,,
630,Misc/Review,/Volumes/Jack_Gandy_1TB_SSD/Samples 2021 ->/Sample Packs/Origin Sound - Adore - RNB Soul (2025)/loops/cello_loops/OS_AD_77_cello_chords_alpha_groove_A#m.wav,,,,,
631,Misc/Review,/Volumes/Jack_Gandy_1TB_SSD/Samples 2021 ->/Sample Packs/Loaded Samples - Lo-Fi Memphis 2/MELODIES (X3 & DR5)/Stems (OG Versions)/OGSTEM_Organ Donor #4 [75 BPM] (B).wav,,,,,
632,Foley,/Volumes/Jack_Gandy_1TB_SSD/Samples 2021 ->/Sample Packs/MGF Mega Pack/Misc + Found Sound/Household Percussion April 2016/HOUSEHOLD_257.wav,,,,,
633,Foley,/Volumes/Jack_Gandy_1TB_SSD/Samples 2021 ->/Sample Packs/MGF Mega Pack/Misc + Found Sound/Household Percussion April 2016/HOUSEHOLD_150.wav,,,,,
634,Drum Loop,/Volumes/Jack_Gandy_1TB_SSD/Samples 2021 ->/Sample Packs/Sounds of KSHMR Vol.3/KSHMR_Drums_Loops/KSHMR_Drum_Loops_Full/KSHMR_Hip_Hop_Drum_Loops/KSHMR_Hip_Hop_Full_Loops/KSHMR_Hip_Hop_Drum_Loop_26_150.wav,,,,,
635,Percussion,/Volumes/Jack_Gandy_1TB_SSD/Samples 2021 ->/Sample Packs/Minimal Audio/ELEMENT/1 - Drums/5 - Perc/Perc - Tiny Tight.wav,,Other Percussive Hit,,,
636,Percussion Loop,/Volumes/Jack_Gandy_1TB_SSD/Samples 2021 ->/Sample Packs/Senegal Sessions/Loops/Percussion/SS_SS_130_perc_loop_tama_rufisque.wav,,,,,
637,Percussion Loop,/Volumes/Jack_Gandy_1TB_SSD/testing-for-NITE-DSP/sample_pack_testing/Sounds of KSHMR Vol.3/KSHMR_Drums_Loops/KSHMR_Drum_Loops_Solo/KSHMR_Shaker_Loops/KSHMR_Shaker_Loop_17_128.wav,,,,,
638,Kick,/Volumes/Jack_Gandy_1TB_SSD/Samples 2021 ->/Sample Packs/Mike Shinoda Drums/MPC 1000 Backup/Beat Bits 3/808_lng_.wav,,,,,
639,Kick Loop,/Volumes/Jack_Gandy_1TB_SSD/Samples 2021 ->/Sample Packs/Minimal Audio/ELEMENT/1 - Drums/1 - Drum Loops/2 - Kick Loops/Kick - Quarter Tatt - 64 BPM.wav,,,,,
640,Percussion,/Volumes/Jack_Gandy_1TB_SSD/testing-for-NITE-DSP/sample_pack_testing/MGF Mega Pack/Misc + Found Sound/Button Bash/Percussive/MGF_BB2_PERC_12.wav,,Other Percussive Hit,,,
641,Misc/Review,/Volumes/Jack_Gandy_1TB_SSD/testing-for-NITE-DSP/sample_pack_testing/Sounds of KSHMR Vol.3/KSHMR_Live_Instruments/KSHMR_Action_Loops/KSHMR_Action_Loop_07_128_A.wav,,,,,
642,Percussion Loop,/Volumes/Jack_Gandy_1TB_SSD/Samples 2021 ->/Sample Packs/SIIK Sounds - Eclipse (Full Pack)/SIIK Sounds Eclipse (Construction Kits & FLPs)/Kit 05 - Fmin (175BPM)/ECLIPSE Construction Kit 05 - FX.wav,,,,,
643,Misc/Review,/Volumes/Jack_Gandy_1TB_SSD/testing-for-NITE-DSP/sample_pack_testing/Loaded Samples - Lo-Fi Memphis 2/MELODIES (X3 & DR5)/Loops (Cassette Processed)/Organ Donor #4 [75 BPM] (B).wav,,,,,
644,Percussion,/Volumes/Jack_Gandy_1TB_SSD/testing-for-NITE-DSP/sample_pack_testing/Sounds of KSHMR Vol.3/KSHMR_Drums/KSHMR_Percussion/KSHMR_Shakers/KSHMR_Shaker_19_Flam.wav,,Shaker/Tambourine,,,
645,Misc/Review,/Volumes/Jack_Gandy_1TB_SSD/Samples 2021 ->/Sample Packs/Origin Sound - Vintage Vibes 3 (2025)/loops/electric_bass_guitar_loops/OS_VV3_135_electric_bass_guitar_sparrow_Bm.wav,,,,,
646,Percussion,/Volumes/Jack_Gandy_1TB_SSD/Samples 2021 ->/Sample Packs/MGF Mega Pack/Misc + Found Sound/Abstract Hits/MGF_ABS1_PERC_11.wav,,Other Percussive Hit,foley,,
647,Misc/Review,/Volumes/Jack_Gandy_1TB_SSD/testing-for-NITE-DSP/sample_pack_testing/Capsun ProAudio - City Pop/Loops/Drum_Loops/Drum_loops_no_kick/TCP_100_drum_loop_power_stance_no_kick.wav,,,,,
648,Drum Loop,/Volumes/Jack_Gandy_1TB_SSD/Samples 2021 ->/Sample Packs/Sounds of KSHMR Vol.3/KSHMR_Drums_Loops/KSHMR_Drum_Loops_Full/KSHMR_Ethnic_Drum_Loops/KSHMR_Ethnic_Drum_Loop_48_150.wav,,,,,
649,Top Loop,/Volumes/Jack_Gandy_1TB_SSD/testing-for-NITE-DSP/sample_pack_testing/Sounds of KSHMR Vol.3/KSHMR_Drums_Loops/KSHMR_Drum_Loops_Full/KSHMR_Top_Loops/KSHMR_Top_Loops_120-128/KSHMR_Top_Loop_04_124.wav,,,,,
