id,label,path,hint,percussion_subtype,rejection_reason,acceptable_secondary_label,ambiguous,human_confidence,function_family,temporal_form,source_attributes,collection,pack,sample_family_id,labelling_session,note
0,Misc/Review,/Volumes/Jack_Gandy_1TB_SSD/Samples 2021 ->/Sample Packs/Origin Sound - Soul Soundscapes (2025)/loops/guitar_loops/OS_SS_112_electric_guitar_chords_no_full_shame_Fm.wav,,,,,,,,,,Origin Sound - Soul Soundscapes (2025),loops,Origin Sound - Soul Soundscapes (2025)||loops||os ss 112 electric guitar chords no full shame fm,20260910T165043,
1,Crash,/Volumes/Jack_Gandy_1TB_SSD/Samples 2021 ->/2021/Resamples/2021/Other/rawRide04.wav,,,,,,,,,,personal:2021,personal:2021/Resamples,personal:2021||personal:2021/Resamples||rawride04,20260910T165043,
2,Kick,"/Volumes/Jack_Gandy_1TB_SSD/Samples 2021 ->/Impluse Responce/Samplicity M7 Main - 02 - Wave, 32 bit, 48 Khz, v1.1/M7 - 4 Chambers 08 Kick Chamber/4 Chambers 08 Kick Chamber L.wav",,,,,,,,,,personal:Impluse Responce,"personal:Impluse Responce/Samplicity M7 Main - 02 - Wave, 32 bit, 48 Khz, v1.1","personal:Impluse Responce||personal:Impluse Responce/Samplicity M7 Main - 02 - Wave, 32 bit, 48 Khz, v1.1||4 chambers 08 kick chamber l",20260910T165043,
3,Bass Reese,/Volumes/Jack_Gandy_1TB_SSD/Samples 2021 ->/2026/Reese_Bass_(F)/Bounce 14-gust [2026-08-11 135624]-1.wav,,,,,,,,,,personal:2026,personal:2026/Reese_Bass_(F),personal:2026||personal:2026/Reese_Bass_(F)||bounce 14 gust,20260910T165230,
4,Kick,/Volumes/Jack_Gandy_1TB_SSD/Samples 2021 ->/Impluse Responce/OwnHammer - Impulse Response Libraries - Classic Rock Essentials/44100 Hz/Classic Rock/Mic Pair Mixes/441+/OH Classic-Rock 441+160.wav,,,,,,,,,,personal:Impluse Responce,personal:Impluse Responce/OwnHammer - Impulse Response Libraries - Classic Rock Essentials,personal:Impluse Responce||personal:Impluse Responce/OwnHammer - Impulse Response Libraries - Classic Rock Essentials||oh classic rock 441+160,20260910T165230,
5,Foley,/Volumes/Jack_Gandy_1TB_SSD/Samples 2021 ->/2024/Vocoded Kitchen Foley/KF 103-foley_hit_thump_kick3.wav,,,,,,,,,,personal:2024,personal:2024/Vocoded Kitchen Foley,personal:2024||personal:2024/Vocoded Kitchen Foley||kf 103 foley hit thump kick3,20260910T165230,
6,Foley,/Volumes/Jack_Gandy_1TB_SSD/Samples 2021 ->/Impluse Responce/EchoThiefImpulseResponseLibrary/Underground/BatteryBenson.wav,,,,,,,,,,personal:Impluse Responce,personal:Impluse Responce/EchoThiefImpulseResponseLibrary,personal:Impluse Responce||personal:Impluse Responce/EchoThiefImpulseResponseLibrary||batterybenson,20260910T165230,
7,Synth One-Shot,/Volumes/Jack_Gandy_1TB_SSD/Samples 2021 ->/Sample Packs/Flume Ultimate Community Kit/Melodics/One Shots/NADRISK_SYNTH_G_2.wav,,,,,,,,,,Flume Ultimate Community Kit,Melodics,Flume Ultimate Community Kit||Melodics||nadrisk synth,20260910T165323,
8,Kick,/Volumes/Jack_Gandy_1TB_SSD/Samples 2021 ->/Sample Packs/Flume Ultimate Community Kit/Drums/Kicks/mattcargo_kick_gem.wav,,,,,,,,,,Flume Ultimate Community Kit,Drums,Flume Ultimate Community Kit||Drums||mattcargo kick gem,20260910T165323,
9,Vocal Loop,/Volumes/Jack_Gandy_1TB_SSD/Samples 2021 ->/2024/Burial Samples/BURIED_135_Vocals9_4bars-135BPM-A♭ major-BANDLAB.wav,,,,,,,,,,personal:2024,personal:2024/Burial Samples,personal:2024||personal:2024/Burial Samples||buried 135 vocals9 4bars a♭ major bandlab,20260910T165419,
10,Bass Reese,/Volumes/Jack_Gandy_1TB_SSD/Samples 2021 ->/2023/Reese Resamples (F)/Freeze 10-flange2 [2023-12-31 014035].wav,,,,,,,,,,personal:2023,personal:2023/Reese Resamples (F),personal:2023||personal:2023/Reese Resamples (F)||freeze 10 flange2,20260910T165419,
11,Bass Reese,/Volumes/Jack_Gandy_1TB_SSD/Samples 2021 ->/2025/Reese_Bass_(F)/Bounce 1-light and easy [2026-01-14 153007]-2.wav,,,,,,,,,,personal:2025,personal:2025/Reese_Bass_(F),personal:2025||personal:2025/Reese_Bass_(F)||bounce 1 light and easy,20260910T165419,
12,Bass Reese,/Volumes/Jack_Gandy_1TB_SSD/Samples 2021 ->/2024/Reese Bass (F)/Freeze 12-whatthfu [2024-12-31 140636]-2.wav,,,,,,,,,,personal:2024,personal:2024/Reese Bass (F),personal:2024||personal:2024/Reese Bass (F)||freeze 12 whatthfu,20260910T165419,
13,Synth One-Shot,/Volumes/Jack_Gandy_1TB_SSD/Samples 2021 ->/2024/Virtual Riot/VR Color-Bass Tools (100% Ableton Stock)/Samples/Imported/G1-1.wav,,,,,,,,,,personal:2024,personal:2024/Virtual Riot,personal:2024||personal:2024/Virtual Riot||g1,20260910T165419,
14,SFX,/Volumes/Jack_Gandy_1TB_SSD/Samples 2021 ->/Sample Packs/Production Music Live - Ben Böhmer - Sound Pack/Ableton Templates/PML - Balloon - Melodic Deep Template (Ben Style) Project/Samples/Processed/Reverse/Intro Hit [2020-03-03 131102] R.wav,,,,,,,,,,Production Music Live - Ben Böhmer - Sound Pack,Ableton Templates,Production Music Live - Ben Böhmer - Sound Pack||Ableton Templates||intro hit r,20260910T165519,
15,SFX,/Volumes/Jack_Gandy_1TB_SSD/Samples 2021 ->/Sample Packs/Flume Ultimate Community Kit/SFX/Risers-Sweeps/LATITUDE_Transition_fx_01.wav,,,,,,,,,,Flume Ultimate Community Kit,SFX,Flume Ultimate Community Kit||SFX||latitude transition fx,20260910T165519,
16,Foley Loop,/Volumes/Jack_Gandy_1TB_SSD/Samples 2021 ->/Sound For Games/Audio/Packs/PB - Footstep SFX/Footstep SFX/Leaves_Rustling.wav,,,,,,,,,,personal:Sound For Games,personal:Sound For Games/Audio,personal:Sound For Games||personal:Sound For Games/Audio||leaves rustling,20260910T165519,
17,Bass Reese,/Volumes/Jack_Gandy_1TB_SSD/Samples 2021 ->/2024/808s (F)/Freeze 15-regenration [2024-04-24 152707].wav,,,,,,,,,,personal:2024,personal:2024/808s (F),personal:2024||personal:2024/808s (F)||freeze 15 regenration,20260910T165519,
18,Vocal Loop,/Volumes/Jack_Gandy_1TB_SSD/Samples 2021 ->/Sample Packs/Black Lotus Audio x Dianna Artist Pack/Sung Phrases/BLA - Make It Like You Know 1 - D Major.wav,,,,,,,,,,Black Lotus Audio x Dianna Artist Pack,Sung Phrases,Black Lotus Audio x Dianna Artist Pack||Sung Phrases||bla make it like you know,20260910T165519,
19,Kick,/Volumes/Jack_Gandy_1TB_SSD/Samples 2021 ->/2023/Drums/Kick/Kick1.wav,,,,,,,,,,personal:2023,personal:2023/Drums,personal:2023||personal:2023/Drums||kick1,20260910T165519,
20,Kick,/Volumes/Jack_Gandy_1TB_SSD/Samples 2021 ->/2025/Drums/Kick/Kick 909 1 [2025-04-04 214327].aif,,,,,,,,,,personal:2025,personal:2025/Drums,personal:2025||personal:2025/Drums||kick 909,20260910T165519,
21,Pad,/Volumes/Jack_Gandy_1TB_SSD/Samples 2021 ->/2023/Pads/Freeze 14-DecentSampler [2023-03-05 115901].wav,,,,,,,,,,personal:2023,personal:2023/Pads,personal:2023||personal:2023/Pads||freeze 14 decentsampler,20260910T165643,
22,Clap,/Volumes/Jack_Gandy_1TB_SSD/Samples 2021 ->/Sample Packs/Rosentricks - Essentials/Drums & Aux Percussion/Snare & Clap/RT_Clap_Flow.wav,,,,,,,,,,Rosentricks - Essentials,Drums & Aux Percussion,Rosentricks - Essentials||Drums & Aux Percussion||rt clap flow,20260910T165643,
23,Other/none,/Volumes/Jack_Gandy_1TB_SSD/Samples 2021 ->/2024/F1 Hard Rock.wav,,,unsupported instrument,,,,,,,personal:2024,personal:2024/_loose,personal:2024||personal:2024/_loose||f1 hard rock,20260910T165643,
24,Vocal Loop,/Volumes/Jack_Gandy_1TB_SSD/Samples 2021 ->/2025/Gmaj_Vocal_Chop.wav,,,,,,,,,,personal:2025,personal:2025/_loose,personal:2025||personal:2025/_loose||vocal chop,20260910T165643,
25,Bass Loop,/Volumes/Jack_Gandy_1TB_SSD/Samples 2021 ->/Sample Packs/Fishing Beat Sample Pack/Fishing Beat Sample Pack Fishing Snare.wav,,,,,,,,,,Fishing Beat Sample Pack,Fishing Beat Sample Pack,Fishing Beat Sample Pack||Fishing Beat Sample Pack||fishing beat sample pack fishing snare,20260910T165711,
26,Synth One-Shot,/Volumes/Jack_Gandy_1TB_SSD/Samples 2021 ->/Sample Packs/Rosentricks - Essentials/Melodic Oneshots/RT_One_Shot_Cassette_Pluck_C.wav,,,,,,,,,,Rosentricks - Essentials,Melodic Oneshots,Rosentricks - Essentials||Melodic Oneshots||rt one shot cassette pluck c,20260910T165711,
27,Other/none,/Volumes/Jack_Gandy_1TB_SSD/Samples 2021 ->/2023/Leads/Freeze PIANO [2023-03-03 122138].wav,,,unsupported instrument,,,,,,,personal:2023,personal:2023/Leads,personal:2023||personal:2023/Leads||freeze piano,20260910T165711,
28,Vocal Loop,/Volumes/Jack_Gandy_1TB_SSD/Samples 2021 ->/Sample Packs/Black Lotus Audio x Dianna Artist Pack/Spoken Phrases/BLA - In Your Dreams 1.wav,,,,,,,,,,Black Lotus Audio x Dianna Artist Pack,Spoken Phrases,Black Lotus Audio x Dianna Artist Pack||Spoken Phrases||bla in your dreams,20260910T165711,
29,Synth One-Shot,/Volumes/Jack_Gandy_1TB_SSD/Samples 2021 ->/2024/Leads/Square Wave C3.wav,,,,,,,,,,personal:2024,personal:2024/Leads,personal:2024||personal:2024/Leads||square wave,20260910T165711,
30,Kick,/Volumes/Jack_Gandy_1TB_SSD/Samples 2021 ->/Ableton Sampler/Hammond L102 Ableton Edition/Rotor.wav,,,,,,,,,,personal:Ableton Sampler,personal:Ableton Sampler/Hammond L102 Ableton Edition,personal:Ableton Sampler||personal:Ableton Sampler/Hammond L102 Ableton Edition||rotor,20260910T165711,
31,Foley,/Volumes/Jack_Gandy_1TB_SSD/Samples 2021 ->/Sample Packs/Foley Pack 02/Opening A Door.wav,,,,,,,,,,Foley Pack 02,Foley Pack 02,Foley Pack 02||Foley Pack 02||opening a door,20260910T165711,
32,Snare,/Volumes/Jack_Gandy_1TB_SSD/Samples 2021 ->/2024/Drums/Snare/Sentient - Snare [2024-01-26 143520].wav,,,,,,,,,,personal:2024,personal:2024/Drums,personal:2024||personal:2024/Drums||sentient snare,20260910T165711,
33,Bass Reese,/Volumes/Jack_Gandy_1TB_SSD/Samples 2021 ->/2025/808_Reese_(F)/Freeze 23-cockforu [2025-01-23 154911]-1.wav,,,,,,,,,,personal:2025,personal:2025/808_Reese_(F),personal:2025||personal:2025/808_Reese_(F)||freeze 23 cockforu,20260910T165711,
34,Percussion Loop,/Volumes/Jack_Gandy_1TB_SSD/Samples 2021 ->/Sample Packs/Analog Percussion Vol.3 by Donit/System 1 Percussion - Short 37.wav,,,,,,,,,,Analog Percussion Vol.3 by Donit,Analog Percussion Vol.3 by Donit,Analog Percussion Vol.3 by Donit||Analog Percussion Vol.3 by Donit||system 1 percussion short,20260910T165711,
35,Percussion Loop,/Volumes/Jack_Gandy_1TB_SSD/Samples 2021 ->/Sample Packs/Production Music Live - Ben Böhmer - Sound Pack/Sample Pack V1.0/Loops/Perc Loops/PML_BOEHMER_PERCLOOP_006_123BPM.wav,,,,,,,,,,Production Music Live - Ben Böhmer - Sound Pack,Sample Pack V1.0,Production Music Live - Ben Böhmer - Sound Pack||Sample Pack V1.0||pml boehmer percloop,20260910T165711,
36,Bass Reese,/Volumes/Jack_Gandy_1TB_SSD/Samples 2021 ->/2023/Cello Bass (F)/Freeze 21-Cello6 [2023-07-28 171151].wav,,,,,,,,,,personal:2023,personal:2023/Cello Bass (F),personal:2023||personal:2023/Cello Bass (F)||freeze 21 cello6,20260910T165711,
37,Rimshot,/Volumes/Jack_Gandy_1TB_SSD/Samples 2021 ->/Sound For Games/SampleScience_Modern_Scifi_Sfx_Sample_Pack/Door 1.wav,,,,,,,,,,personal:Sound For Games,personal:Sound For Games/SampleScience_Modern_Scifi_Sfx_Sample_Pack,personal:Sound For Games||personal:Sound For Games/SampleScience_Modern_Scifi_Sfx_Sample_Pack||door,20260910T165711,
38,Foley Loop,/Volumes/Jack_Gandy_1TB_SSD/Samples 2021 ->/Sound For Games/ObjectCollision_Shotgun_Shell_Bounce 33 [2025-05-28 115334].wav,,,,,,,,,,personal:Sound For Games,personal:Sound For Games/_loose,personal:Sound For Games||personal:Sound For Games/_loose||objectcollision shotgun shell bounce,20260910T165711,
39,Other/none,/Volumes/Jack_Gandy_1TB_SSD/Samples 2021 ->/Sample Packs/Teddy Killerz/Producer Pack (1)/Samples/Bass 174 BPM Fm - 12.wav,,,ambiguous,,,,,,,Teddy Killerz,Producer Pack (1),Teddy Killerz||Producer Pack (1)||bass fm,20260910T165711,
40,Percussion Loop,/Volumes/Jack_Gandy_1TB_SSD/Samples 2021 ->/Sample Packs/Daniel Sadownick - Percussion/splice-export__daniel-sadownick-percussion-session_edited/loop/Percussion/RT_Percussion_Session_Timbales_Loop_1_Percussion_Daniel_Sadownick_125__loop.wav,,,,,,,,,,Daniel Sadownick - Percussion,splice-export__daniel-sadownick-percussion-session_edited,Daniel Sadownick - Percussion||splice-export__daniel-sadownick-percussion-session_edited||rt percussion session timbales loop 1 percussion daniel sadownick 125 loop,20260910T165711,
41,Kick Loop,/Volumes/Jack_Gandy_1TB_SSD/Samples 2021 ->/Sample Packs/KORE - Grooves/splice-export__kore-london-grooves/loop/Drums/RT_Kore_Players_Drum_Loop_4_Drums_Sarah_Jones_114_loop.wav,,,,,,,,,,KORE - Grooves,splice-export__kore-london-grooves,KORE - Grooves||splice-export__kore-london-grooves||rt kore players drum loop 4 drums sarah jones 114 loop,20260910T165711,
42,Percussion Loop,/Volumes/Jack_Gandy_1TB_SSD/Samples 2021 ->/Sample Packs/Daniel Sadownick - Creative Percussion/RT_Daniel_Sadownick_Degraw_Session/one_shot/Percussion/RT_Daniel_Sadownick_Degraw_Creative_Percussion_Rainstick_Long_Decay_One_Shot.wav,,,,,,,,,,Daniel Sadownick - Creative Percussion,RT_Daniel_Sadownick_Degraw_Session,Daniel Sadownick - Creative Percussion||RT_Daniel_Sadownick_Degraw_Session||rt daniel sadownick degraw creative percussion rainstick long decay one shot,20260910T165711,
43,Synth One-Shot,/Volumes/Jack_Gandy_1TB_SSD/Samples 2021 ->/2023/Chord Stabs/Supermassive Sine (C).wav,,,,,,,,,,personal:2023,personal:2023/Chord Stabs,personal:2023||personal:2023/Chord Stabs||supermassive sine (c),20260910T165711,
44,Weather/Nature Atmos,/Volumes/Jack_Gandy_1TB_SSD/Samples 2021 ->/Ableton Sampler/BL+Palm+Muted+Upright+3.1+ABLETON/Noise Reduced Samples/BL_PALMMUTEDUPRIGHT_SILENCE_01.wav,,,,,,,,,,personal:Ableton Sampler,personal:Ableton Sampler/BL+Palm+Muted+Upright+3.1+ABLETON,personal:Ableton Sampler||personal:Ableton Sampler/BL+Palm+Muted+Upright+3.1+ABLETON||bl palmmutedupright silence,20260910T165711,
45,Other/none,/Volumes/Jack_Gandy_1TB_SSD/Samples 2021 ->/Sample Packs/Rosentricks - Essentials/Chords/RT_Chord_Piano_Moonwake_C_Major_Open.wav,,,unsupported instrument,,,,,,,Rosentricks - Essentials,Chords,Rosentricks - Essentials||Chords||rt chord piano moonwake open,20260910T165711,
46,Vocal One-Shot,/Volumes/Jack_Gandy_1TB_SSD/Samples 2021 ->/2025/Melodic/Ahh_Reverb.wav,,,,,,,,,,personal:2025,personal:2025/Melodic,personal:2025||personal:2025/Melodic||ahh reverb,20260910T165711,
47,Drum Loop,/Volumes/Jack_Gandy_1TB_SSD/Samples 2021 ->/Sample Packs/Andreas Klein - Jazz Drums/splice-export__andreas-klein-jazz-drums_edited/loop/Drums/RT_Jazz_Drums_Jazz_Boogaloo_195_Loop_9_Drums_Andreas_Klein_195_loop.wav,,,,,,,,,,Andreas Klein - Jazz Drums,splice-export__andreas-klein-jazz-drums_edited,Andreas Klein - Jazz Drums||splice-export__andreas-klein-jazz-drums_edited||rt jazz drums jazz boogaloo 195 loop 9 drums andreas klein 195 loop,20260910T165711,
48,Percussion Loop,/Volumes/Jack_Gandy_1TB_SSD/Samples 2021 ->/Sample Packs/Bendji Allonce - Percussion/splice-export__bendji-allonce-percussion-pack_edited/loop/Percussion/RT_Bendji_Allonce_Cajon_Loop_83_Percussion_Bendji_Allonce_115_loop.wav,,,,,,,,,,Bendji Allonce - Percussion,splice-export__bendji-allonce-percussion-pack_edited,Bendji Allonce - Percussion||splice-export__bendji-allonce-percussion-pack_edited||rt bendji allonce cajon loop 83 percussion bendji allonce 115 loop,20260910T165711,
49,Vocal One-Shot,/Volumes/Jack_Gandy_1TB_SSD/Samples 2021 ->/Sample Packs/Black Lotus Audio x Dianna Artist Pack/Misc Sounds/BLA - Aah 1.wav,,,,,,,,,,Black Lotus Audio x Dianna Artist Pack,Misc Sounds,Black Lotus Audio x Dianna Artist Pack||Misc Sounds||bla aah,20260910T165711,
50,Other/none,/Volumes/Jack_Gandy_1TB_SSD/Samples 2021 ->/Sample Packs/Teddy Killerz/Producer Pack/Samples/Bass Dm 174 BPM - 10.wav,,,unsupported instrument,,,,,,,Teddy Killerz,Producer Pack,Teddy Killerz||Producer Pack||bass dm,20260910T165711,
51,Synth One-Shot,/Volumes/Jack_Gandy_1TB_SSD/Samples 2021 ->/2024/Drones/Organ 1.wav,,,,,,,,,,personal:2024,personal:2024/Drones,personal:2024||personal:2024/Drones||organ,20260910T165711,
52,Other/none,/Volumes/Jack_Gandy_1TB_SSD/Samples 2021 ->/2024/Instruments (C1)/Upright Piano (C1).wav,,,unsupported instrument,,,,,,,personal:2024,personal:2024/Instruments (C1),personal:2024||personal:2024/Instruments (C1)||upright piano (c1),20260910T165711,
53,Bass Reese,/Volumes/Jack_Gandy_1TB_SSD/Samples 2021 ->/2023/Long Bass Resamples (F)/Freeze 1-Megadistrots [2023-07-28 220341].wav,,,,,,,,,,personal:2023,personal:2023/Long Bass Resamples (F),personal:2023||personal:2023/Long Bass Resamples (F)||freeze 1 megadistrots,20260910T165711,
54,Pad,/Volumes/Jack_Gandy_1TB_SSD/Samples 2021 ->/2024/Cello/cello-sustained-mega-dark_125bpm_C_major.wav,,,,,,,,,,personal:2024,personal:2024/Cello,personal:2024||personal:2024/Cello||cello sustained mega dark,20260910T165711,
55,Snare,/Volumes/Jack_Gandy_1TB_SSD/Samples 2021 ->/2026/Koan_Snare.wav,,,,,,,,,,personal:2026,personal:2026/_loose,personal:2026||personal:2026/_loose||koan snare,20260910T165711,
56,Foley,/Volumes/Jack_Gandy_1TB_SSD/Samples 2021 ->/Ableton Sampler/Breitler Switzerland Musicbox - Anne Obel/Samples/Breitler Mechanical Noise.wav,,,,,,,,,,personal:Ableton Sampler,personal:Ableton Sampler/Breitler Switzerland Musicbox - Anne Obel,personal:Ableton Sampler||personal:Ableton Sampler/Breitler Switzerland Musicbox - Anne Obel||breitler mechanical noise,20260910T165711,
57,Vocal One-Shot,/Volumes/Jack_Gandy_1TB_SSD/Samples 2021 ->/Sample Packs/Bright Lights Vocal Sample Pack/Bright_Lights_Vocal_Sample_Pack/Shout_FX/BL_FX_vox_shout_oneshot_Police.wav,,,,,,,,,,Bright Lights Vocal Sample Pack,Bright_Lights_Vocal_Sample_Pack,Bright Lights Vocal Sample Pack||Bright_Lights_Vocal_Sample_Pack||bl fx vox shout oneshot police,20260910T165711,
58,Other/none,/Volumes/Jack_Gandy_1TB_SSD/Samples 2021 ->/Sample Packs/KRANE Samples/KRNE_SpliceSamplePack/Synths/KRNE_132_Hold_Fast_Synth_Stabs.wav,,,unsupported instrument,,,,,,,KRANE Samples,KRNE_SpliceSamplePack,KRANE Samples||KRNE_SpliceSamplePack||krne 132 hold fast synth stabs,20260910T165711,
59,Impact,/Volumes/Jack_Gandy_1TB_SSD/Samples 2021 ->/Sample Packs/Soundbox - Maximum FX (2019)/SB_MFX_124_LOOPS/SB_MFX_124_DROPS/SB_MFX_124_DROP_001.wav,,,,,,,,,,Soundbox - Maximum FX (2019),SB_MFX_124_LOOPS,Soundbox - Maximum FX (2019)||SB_MFX_124_LOOPS||sb mfx 124 drop,20260910T165711,
60,Impact,/Volumes/Jack_Gandy_1TB_SSD/Samples 2021 ->/Sample Packs/Soundbox - Maximum FX (2019)/SB_MFX_128_LOOPS/SB_MFX_128_DROPS/SB_MFX_128_DROP_001.wav,,,,,,,,,,Soundbox - Maximum FX (2019),SB_MFX_128_LOOPS,Soundbox - Maximum FX (2019)||SB_MFX_128_LOOPS||sb mfx 128 drop,20260910T165711,
61,Impact,/Volumes/Jack_Gandy_1TB_SSD/Samples 2021 ->/Sample Packs/Soundbox - Maximum FX (2019)/SB_MFX_140_LOOPS/SB_MFX_140_IMPACTS/SB_MFX_140_IMPACT_001.wav,,,,,,,,,,Soundbox - Maximum FX (2019),SB_MFX_140_LOOPS,Soundbox - Maximum FX (2019)||SB_MFX_140_LOOPS||sb mfx 140 impact,20260910T165711,
62,Percussion Loop,/Volumes/Jack_Gandy_1TB_SSD/Samples 2021 ->/Sample Packs/Sounds by MdL V1/Sounds_by_MdL_Volume_1/Drum_Loops/Percussion_Loops/MdL_84_percussion_loop_traveler.wav,,,,,,,,,,Sounds by MdL V1,Sounds_by_MdL_Volume_1,Sounds by MdL V1||Sounds_by_MdL_Volume_1||mdl 84 percussion loop traveler,20260910T165711,
63,Percussion Loop,/Volumes/Jack_Gandy_1TB_SSD/Samples 2021 ->/2023/808/Harmonic Bass Organ F.wav,,,,,,,,,,personal:2023,personal:2023/808,personal:2023||personal:2023/808||harmonic bass organ f,20260910T165711,
64,Percussion Loop,"/Volumes/Jack_Gandy_1TB_SSD/Samples 2021 ->/Sample Packs/Textures - Dust, Dirt & Crackle Vol. 1/CPA_TDDC/CPA_TDDC/TDDC_WAV_LPS/TDDC_INSPIRATION_LPS/TDDC_90_PortoSound_Am/TDDC_90_PortoSound_Flute_Lead_Am.wav",,,,,,,,,,"Textures - Dust, Dirt & Crackle Vol. 1",CPA_TDDC,"Textures - Dust, Dirt & Crackle Vol. 1||CPA_TDDC||tddc 90 portosound flute lead am",20260910T165711,
65,Drum Loop,/Volumes/Jack_Gandy_1TB_SSD/Samples 2021 ->/Sample Packs/Future Bass By Singular Sounds/Future_Bass_By_Singular_Sounds/Drum_Loops/140_Dolphin_Drumloop.wav,,,,,,,,,,Future Bass By Singular Sounds,Future_Bass_By_Singular_Sounds,Future Bass By Singular Sounds||Future_Bass_By_Singular_Sounds||140 dolphin drumloop,20260910T165711,
66,Drum Loop,/Volumes/Jack_Gandy_1TB_SSD/Samples 2021 ->/Sample Packs/Machines For Music Volume 1/Machines_For_Music_Volume_1_copy/24_Bit_Wav_Samples/Loops/M4M_Loops/M4M_90_Drunk_Half_Beat_Full_Drum_Loop.wav,,,,,,,,,,Machines For Music Volume 1,Machines_For_Music_Volume_1_copy,Machines For Music Volume 1||Machines_For_Music_Volume_1_copy||m4m 90 drunk half beat full drum loop,20260910T165711,
67,Drum Loop,/Volumes/Jack_Gandy_1TB_SSD/Samples 2021 ->/Sample Packs/Future Trap/PL0414_ACID_WAV_Future_Trap/Prime_Loops_-_Future_Trap/Drum_Loops/Bpm140_DrumLoop_15.wav,,,,,,,,,,Future Trap,PL0414_ACID_WAV_Future_Trap,Future Trap||PL0414_ACID_WAV_Future_Trap||drumloop,20260910T165711,
68,Vocal Loop,/Volumes/Jack_Gandy_1TB_SSD/Samples 2021 ->/Sample Packs/Future Bass Elements/PL0420_ACID_WAV_Future_Bass_Elements/Prime_Loops_-_Future_Bass_Elements/Synth_Loops/Bpm150_C_VoxMelody01_Synth.wav,,,,,,,,,,Future Bass Elements,PL0420_ACID_WAV_Future_Bass_Elements,Future Bass Elements||PL0420_ACID_WAV_Future_Bass_Elements||c voxmelody01 synth,20260910T165711,
69,Weather/Nature Atmos,/Volumes/Jack_Gandy_1TB_SSD/Samples 2021 ->/Sample Packs/Teddy Killerz/Pro Drums/TK Serum Noises/TK Noise 1.wav,,,,,,,,,,Teddy Killerz,Pro Drums,Teddy Killerz||Pro Drums||tk noise,20260910T165711,
70,Other/none,/Volumes/Jack_Gandy_1TB_SSD/Samples 2021 ->/Sample Packs/Tropical House By Singular Sounds/SS_tropical_house_pack/SS_melody_loops/SS_100_Bbm_i_see_thunder_plucks.wav,,,mixed/full music,,,,,,,Tropical House By Singular Sounds,SS_tropical_house_pack,Tropical House By Singular Sounds||SS_tropical_house_pack||ss 100 bbm i see thunder plucks,20260910T165711,
71,Other/none,/Volumes/Jack_Gandy_1TB_SSD/Samples 2021 ->/Sample Packs/Rooftop Afterhours/Splice_Sounds_-_Rooftop_Afterhours/RA_KIT_5_119_Dm/16_RA_KIT_05_PAD_119_Dm.wav,,,other,,,,,,,Rooftop Afterhours,Splice_Sounds_-_Rooftop_Afterhours,Rooftop Afterhours||Splice_Sounds_-_Rooftop_Afterhours||16 ra kit 05 pad 119 dm,20260910T165711,
72,Drum Loop,/Volumes/Jack_Gandy_1TB_SSD/Samples 2021 ->/Sample Packs/KJ SAWKA 40x40x40 DRUM PACK/kj_sawka_40x40x40_beat_folder/KJ_SAWKA_MID_TEMPO_BEATS/KJ_SAWKA_LBS_Funky_100_bpm_2bar3.aif,,,,,,,,,,KJ SAWKA 40x40x40 DRUM PACK,kj_sawka_40x40x40_beat_folder,KJ SAWKA 40x40x40 DRUM PACK||kj_sawka_40x40x40_beat_folder||kj sawka lbs funky 2bar3,20260910T165711,
73,Other/none,/Volumes/Jack_Gandy_1TB_SSD/Samples 2021 ->/2023/Cello Inputs (C1)/Cello BBC.wav,,,unsupported instrument,,,,,,,personal:2023,personal:2023/Cello Inputs (C1),personal:2023||personal:2023/Cello Inputs (C1)||cello bbc,20260910T165711,
74,SFX,/Volumes/Jack_Gandy_1TB_SSD/Samples 2021 ->/2023/Effects/Drum Crunch.wav,,,,,,,,,,personal:2023,personal:2023/Effects,personal:2023||personal:2023/Effects||drum crunch,20260910T165711,
75,Foley,/Volumes/Jack_Gandy_1TB_SSD/Samples 2021 ->/2023/Foley/Freeze FOLEY [2023-03-11 130327].wav,,,,,,,,,,personal:2023,personal:2023/Foley,personal:2023||personal:2023/Foley||freeze foley,20260910T165711,
76,Synth One-Shot,/Volumes/Jack_Gandy_1TB_SSD/Samples 2021 ->/2023/INIT/Saw C3.wav,,,,,,,,,,personal:2023,personal:2023/INIT,personal:2023||personal:2023/INIT||saw,20260910T165711,
77,Synth One-Shot,/Volumes/Jack_Gandy_1TB_SSD/Samples 2021 ->/2024/Kieran/Kieran C3.wav,,,,,,,,,,personal:2024,personal:2024/Kieran,personal:2024||personal:2024/Kieran||kieran,20260910T165711,
78,Vocal One-Shot,/Volumes/Jack_Gandy_1TB_SSD/Samples 2021 ->/2024/Vocal Chops/Freeze 7-F# major Black Friday - Tom Odell _ Vocal Only Cover _ No Instrumental _ Acapella [2024-10-11 181800]-2.wav,,,,,,,,,,personal:2024,personal:2024/Vocal Chops,personal:2024||personal:2024/Vocal Chops||freeze 7 black friday tom odell vocal only cover no instrumental acapella,20260910T165711,
79,Drum Loop,/Volumes/Jack_Gandy_1TB_SSD/Samples 2021 ->/Sample Packs/Home Clouds - Pop Rock/splice-export__home-clouds-at-rubber-tracks-london-pop-up/loop/Drums/RT_Home_Clouds_Drum_Loop_9_Drums_Will_Allen_132_loop.wav,,,,,,,,,,Home Clouds - Pop Rock,splice-export__home-clouds-at-rubber-tracks-london-pop-up,Home Clouds - Pop Rock||splice-export__home-clouds-at-rubber-tracks-london-pop-up||rt home clouds drum loop 9 drums will allen 132 loop,20260910T165711,
80,Kick,/Volumes/Jack_Gandy_1TB_SSD/Samples 2021 ->/Sample Packs/Regret the Hour - Indie Rock/splice-export__regret-the-hour-distance_edited/one_shot/Drums/Tom/RT_Regret_the_Hour_Floor_Tom_1_Drums_Anders_Fleming_one_shot.wav,,,,,,,,,,Regret the Hour - Indie Rock,splice-export__regret-the-hour-distance_edited,Regret the Hour - Indie Rock||splice-export__regret-the-hour-distance_edited||rt regret the hour floor tom 1 drums anders fleming one shot,20260910T165711,
81,Atmosphere,/Volumes/Jack_Gandy_1TB_SSD/Samples 2021 ->/Sample Packs/Rosentricks - Essentials/Ambience/RT_Ambience_Night_Sky_C_105.wav,,,,,,,,,,Rosentricks - Essentials,Ambience,Rosentricks - Essentials||Ambience||rt ambience night sky c,20260910T165711,
82,Weather/Nature Atmos,/Volumes/Jack_Gandy_1TB_SSD/Samples 2021 ->/Sample Packs/Rosentricks - Essentials/Extras/RT_Field_Recording_Sunday_Suburb.wav,,,,,,,,,,Rosentricks - Essentials,Extras,Rosentricks - Essentials||Extras||rt field recording sunday suburb,20260910T165711,
83,Other/none,/Volumes/Jack_Gandy_1TB_SSD/Samples 2021 ->/Sample Packs/Gazzo Essentials Vol. 1/Gazzo_Essentials_Vol._1/Construction_Kit/Prog_House_Kit/GE_A#_128_Prog_House_SynthsPiano_Loop.wav,,,unsupported instrument,,,,,,,Gazzo Essentials Vol. 1,Gazzo_Essentials_Vol._1,Gazzo Essentials Vol. 1||Gazzo_Essentials_Vol._1||ge a prog house synthspiano loop,20260910T165711,
84,Other/none,/Volumes/Jack_Gandy_1TB_SSD/Samples 2021 ->/Sample Packs/Chill Synths/PL00402_ACID_WAV_Chill_Synths/Prime_Loops_-_Chill_Synths/Chill_Synths/Bpm90_em_Sirena.wav,,,mixed/full music,,,,,,,Chill Synths,PL00402_ACID_WAV_Chill_Synths,Chill Synths||PL00402_ACID_WAV_Chill_Synths||em sirena,20260910T165711,
85,Drum Loop,/Volumes/Jack_Gandy_1TB_SSD/Samples 2021 ->/Sample Packs/R&B Diamonds/PL0316_WAV_ACID_RnB_Diamonds/Prime_Loops_-_R_B_Diamonds/R_B_Drum_Loops/Bpm90_RadioHit.wav,,,,,,,,,,R&B Diamonds,PL0316_WAV_ACID_RnB_Diamonds,R&B Diamonds||PL0316_WAV_ACID_RnB_Diamonds||radiohit,20260910T165711,
86,Pad,/Volumes/Jack_Gandy_1TB_SSD/Samples 2021 ->/Sample Packs/Cinematic Moods/PL0324_WAV_ACID_Cinematic_Moods/Prime_Loops_-_Cinematic_Moods/Synth_Leads___Pads/Bpm095_F#m_SpaceWasteland_Pad.wav,,,,,,,,,,Cinematic Moods,PL0324_WAV_ACID_Cinematic_Moods,Cinematic Moods||PL0324_WAV_ACID_Cinematic_Moods||f#m spacewasteland pad,20260910T165711,
87,Other/none,/Volumes/Jack_Gandy_1TB_SSD/Samples 2021 ->/Sample Packs/Planet Pop/PL0332_ACID_WAV_Planet_Pop/Prime_Loops_-_Planet_Pop/Synth_Chords/Bpm122_F#_StarStruck.wav,,,mixed/full music,,,,,,,Planet Pop,PL0332_ACID_WAV_Planet_Pop,Planet Pop||PL0332_ACID_WAV_Planet_Pop||f# starstruck,20260910T165711,
88,Pad,/Volumes/Jack_Gandy_1TB_SSD/Samples 2021 ->/Sample Packs/Ambient Pads/PL0357_WAV_ACID_Ambient_Pads/Prime_Loops_-_Ambient_Pads/Ambient_Pads/Bpm90_F#m_AfterClub.wav,,,,,,,,,,Ambient Pads,PL0357_WAV_ACID_Ambient_Pads,Ambient Pads||PL0357_WAV_ACID_Ambient_Pads||f#m afterclub,20260910T165711,
89,Pad,/Volumes/Jack_Gandy_1TB_SSD/Samples 2021 ->/Sample Packs/Tropical House/PL0423_ACID_WAV_Tropical_House/Prime_Loops_-_Tropical_House/Loops/Pad_Loops/Bpm100_F_Shore_Pads.wav,,,,,,,,,,Tropical House,PL0423_ACID_WAV_Tropical_House,Tropical House||PL0423_ACID_WAV_Tropical_House||f shore pads,20260910T165711,
90,Impact,"/Volumes/Jack_Gandy_1TB_SSD/Samples 2021 ->/Sample Packs/Soundbox - Impacts, Risers & Drops 7 (2021)/SB_IR&D_7_120_DROPS/SB_IR&D_7_120_DROP_001.wav",,,,,,,,,,"Soundbox - Impacts, Risers & Drops 7 (2021)",SB_IR&D_7_120_DROPS,"Soundbox - Impacts, Risers & Drops 7 (2021)||SB_IR&D_7_120_DROPS||sb ir&d 7 120 drop",20260910T165711,
91,Impact,"/Volumes/Jack_Gandy_1TB_SSD/Samples 2021 ->/Sample Packs/Soundbox - Impacts, Risers & Drops 7 (2021)/SB_IR&D_7_120_IMPACTS/SB_IR&D_7_120_IMPACT_001.wav",,,,,,,,,,"Soundbox - Impacts, Risers & Drops 7 (2021)",SB_IR&D_7_120_IMPACTS,"Soundbox - Impacts, Risers & Drops 7 (2021)||SB_IR&D_7_120_IMPACTS||sb ir&d 7 120 impact",20260910T165711,
92,Riser,"/Volumes/Jack_Gandy_1TB_SSD/Samples 2021 ->/Sample Packs/Soundbox - Impacts, Risers & Drops 7 (2021)/SB_IR&D_7_120_RISERS/SB_IR&D_7_120_RISER_001.wav",,,,,,,,,,"Soundbox - Impacts, Risers & Drops 7 (2021)",SB_IR&D_7_120_RISERS,"Soundbox - Impacts, Risers & Drops 7 (2021)||SB_IR&D_7_120_RISERS||sb ir&d 7 120 riser",20260910T165711,
93,Impact,"/Volumes/Jack_Gandy_1TB_SSD/Samples 2021 ->/Sample Packs/Soundbox - Impacts, Risers & Drops 7 (2021)/SB_IR&D_7_124_DROPS/SB_IR&D_7_124_DROP_001.wav",,,,,,,,,,"Soundbox - Impacts, Risers & Drops 7 (2021)",SB_IR&D_7_124_DROPS,"Soundbox - Impacts, Risers & Drops 7 (2021)||SB_IR&D_7_124_DROPS||sb ir&d 7 124 drop",20260910T165711,
94,Riser,"/Volumes/Jack_Gandy_1TB_SSD/Samples 2021 ->/Sample Packs/Soundbox - Impacts, Risers & Drops 7 (2021)/SB_IR&D_7_124_IMPACTS/SB_IR&D_7_124_IMPACT_001.wav",,,,,,,,,,"Soundbox - Impacts, Risers & Drops 7 (2021)",SB_IR&D_7_124_IMPACTS,"Soundbox - Impacts, Risers & Drops 7 (2021)||SB_IR&D_7_124_IMPACTS||sb ir&d 7 124 impact",20260910T165711,
95,Riser,"/Volumes/Jack_Gandy_1TB_SSD/Samples 2021 ->/Sample Packs/Soundbox - Impacts, Risers & Drops 7 (2021)/SB_IR&D_7_124_RISERS/SB_IR&D_7_124_RISER_001.wav",,,,,,,,,,"Soundbox - Impacts, Risers & Drops 7 (2021)",SB_IR&D_7_124_RISERS,"Soundbox - Impacts, Risers & Drops 7 (2021)||SB_IR&D_7_124_RISERS||sb ir&d 7 124 riser",20260910T165711,
96,Impact,"/Volumes/Jack_Gandy_1TB_SSD/Samples 2021 ->/Sample Packs/Soundbox - Impacts, Risers & Drops 7 (2021)/SB_IR&D_7_128_DROPS/SB_IR&D_7_128_DROP_001.wav",,,,,,,,,,"Soundbox - Impacts, Risers & Drops 7 (2021)",SB_IR&D_7_128_DROPS,"Soundbox - Impacts, Risers & Drops 7 (2021)||SB_IR&D_7_128_DROPS||sb ir&d 7 128 drop",20260910T165711,
97,Impact,"/Volumes/Jack_Gandy_1TB_SSD/Samples 2021 ->/Sample Packs/Soundbox - Impacts, Risers & Drops 7 (2021)/SB_IR&D_7_128_IMPACTS/SB_IR&D_7_128_IMPACT_001.wav",,,,,,,,,,"Soundbox - Impacts, Risers & Drops 7 (2021)",SB_IR&D_7_128_IMPACTS,"Soundbox - Impacts, Risers & Drops 7 (2021)||SB_IR&D_7_128_IMPACTS||sb ir&d 7 128 impact",20260910T165711,
98,Riser,"/Volumes/Jack_Gandy_1TB_SSD/Samples 2021 ->/Sample Packs/Soundbox - Impacts, Risers & Drops 7 (2021)/SB_IR&D_7_128_RISERS/SB_IR&D_7_128_RISER_001.wav",,,,,,,,,,"Soundbox - Impacts, Risers & Drops 7 (2021)",SB_IR&D_7_128_RISERS,"Soundbox - Impacts, Risers & Drops 7 (2021)||SB_IR&D_7_128_RISERS||sb ir&d 7 128 riser",20260910T165711,
99,Foley Loop,/Volumes/Jack_Gandy_1TB_SSD/Samples 2021 ->/Sample Packs/Dot Da Genius Drumkit/SPLICE_SOUNDS_-_DOT_DA_GENIUS_-_DRUM_KIT/Loops/Drum_Loops/DDG_92_beatbox_loop.wav,,,,,,,,,,Dot Da Genius Drumkit,SPLICE_SOUNDS_-_DOT_DA_GENIUS_-_DRUM_KIT,Dot Da Genius Drumkit||SPLICE_SOUNDS_-_DOT_DA_GENIUS_-_DRUM_KIT||ddg 92 beatbox loop,20260910T165711,
100,Snare,/Volumes/Jack_Gandy_1TB_SSD/Samples 2021 ->/Sample Packs/Sounds by MdL V2/Sounds_by_MdL_Volume_2/Drum_One-Shots/Snares/MdL_snare_ballin.wav,,,,,,,,,,Sounds by MdL V2,Sounds_by_MdL_Volume_2,Sounds by MdL V2||Sounds_by_MdL_Volume_2||mdl snare ballin,20260910T165711,
101,Drum Loop,/Volumes/Jack_Gandy_1TB_SSD/Samples 2021 ->/Sample Packs/The Alchemist - Drummo/Adam's Hat.wav,,,,,,,,,,The Alchemist - Drummo,The Alchemist - Drummo,The Alchemist - Drummo||The Alchemist - Drummo||adam's hat,20260910T165711,
102,Other/none,/Volumes/Jack_Gandy_1TB_SSD/Samples 2021 ->/Sample Packs/R&B Progressions/WAV_ACID_RnB_Progressions/RnB_Progressions/Instrumental_Loops/Pop_Ballad_Sad_75_Cm_PL_1.wav,,,mixed/full music,,,,,,,R&B Progressions,WAV_ACID_RnB_Progressions,R&B Progressions||WAV_ACID_RnB_Progressions||pop ballad sad 75 cm pl,20260910T165711,
103,Synth One-Shot,/Volumes/Jack_Gandy_1TB_SSD/Samples 2021 ->/c3_saw.wav,,,,,,,,,,_loose@Samples2021,_loose,_loose@Samples2021||_loose||c3 saw,20260910T165711,
104,Synth One-Shot,/Volumes/Jack_Gandy_1TB_SSD/Samples 2021 ->/2023/Generative/Granular Piano.wav,,,,,,,,,,personal:2023,personal:2023/Generative,personal:2023||personal:2023/Generative||granular piano,20260910T165711,
105,Riser,/Volumes/Jack_Gandy_1TB_SSD/Samples 2021 ->/2023/Sweeps/Noise Sweep.wav,,,,,,,,,,personal:2023,personal:2023/Sweeps,personal:2023||personal:2023/Sweeps||noise sweep,20260910T165711,
106,Vocal Loop,/Volumes/Jack_Gandy_1TB_SSD/Samples 2021 ->/2023/Vocal/Cmaj Felt so lonely.wav,,,,,,,,,,personal:2023,personal:2023/Vocal,personal:2023||personal:2023/Vocal||felt so lonely,20260910T165711,
107,Foley Loop,/Volumes/Jack_Gandy_1TB_SSD/Samples 2021 ->/2024/Foley/kitchen foley fucked.wav,,,,,,,,,,personal:2024,personal:2024/Foley,personal:2024||personal:2024/Foley||kitchen foley fucked,20260910T165711,
108,SFX,/Volumes/Jack_Gandy_1TB_SSD/Samples 2021 ->/2024/Noise/Noise at 22hz.wav,,,,,,,,,,personal:2024,personal:2024/Noise,personal:2024||personal:2024/Noise||noise at,20260910T165711,
109,Other/none,/Volumes/Jack_Gandy_1TB_SSD/Samples 2021 ->/2024/Random/808_vocalLayer.wav,,,unsupported instrument,,,,,,,personal:2024,personal:2024/Random,personal:2024||personal:2024/Random||808 vocallayer,20260910T165711,
110,Other/none,/Volumes/Jack_Gandy_1TB_SSD/Samples 2021 ->/2024/Sub/Freeze 43-bIG sUB nOISE [2024-04-02 113135].wav,,,unsupported instrument,,,,,,,personal:2024,personal:2024/Sub,personal:2024||personal:2024/Sub||freeze 43 big sub noise,20260910T165711,
111,Synth One-Shot,/Volumes/Jack_Gandy_1TB_SSD/Samples 2021 ->/2025/Pads (C3)/Freeze 30-Vital [2025-01-24 162006]-2.wav,,,,,,,,,,personal:2025,personal:2025/Pads (C3),personal:2025||personal:2025/Pads (C3)||freeze 30 vital,20260910T165711,
112,Foley,/Volumes/Jack_Gandy_1TB_SSD/Samples 2021 ->/Sound For Games/Archive/Freeze Foley Delay [2024-03-20 164525].wav,,,,,,,,,,personal:Sound For Games,personal:Sound For Games/Archive,personal:Sound For Games||personal:Sound For Games/Archive||freeze foley delay,20260910T165711,
113,Percussion Loop,/Volumes/Jack_Gandy_1TB_SSD/Samples 2021 ->/Sample Packs/Daniel deSimone - Experimental Percussion/splice-export__daniel-desimone-experimental-percussion_edited/loop/Percussion/RT_Experimental_Percussion_Percussion_Loop_4_Percussion_Daniel_deSimon_85_loop.wav,,,,,,,,,,Daniel deSimone - Experimental Percussion,splice-export__daniel-desimone-experimental-percussion_edited,Daniel deSimone - Experimental Percussion||splice-export__daniel-desimone-experimental-percussion_edited||rt experimental percussion percussion loop 4 percussion daniel desimon 85 loop,20260910T165711,
114,Kick,/Volumes/Jack_Gandy_1TB_SSD/Samples 2021 ->/Sample Packs/Origin Sound - Adore - RNB Soul (2025)/one_shots/drum_hits/kicks/OS_AD_kick_loungin.wav,,,,,,,,,,Origin Sound - Adore - RNB Soul (2025),one_shots,Origin Sound - Adore - RNB Soul (2025)||one_shots||os ad kick loungin,20260910T165711,
115,Drum Loop,/Volumes/Jack_Gandy_1TB_SSD/Samples 2021 ->/Sample Packs/Drum Breaks/20th Century - Hot Pants.wav,,,,,,,,,,Drum Breaks,Drum Breaks,Drum Breaks||Drum Breaks||20th century hot pants,20260910T165711,
116,Drum Loop,/Volumes/Jack_Gandy_1TB_SSD/Samples 2021 ->/Sample Packs/ZO2-THAI BREAKBEAT KIT VOL.1/Drum Loops/ZO2-THBK-DRUMLOOP-003-A.wav,,,,,,,,,,ZO2-THAI BREAKBEAT KIT VOL.1,Drum Loops,ZO2-THAI BREAKBEAT KIT VOL.1||Drum Loops||zo2 thbk drumloop 003 a,20260910T165711,
117,Foley,/Volumes/Jack_Gandy_1TB_SSD/Samples 2021 ->/Vocalist_Samples/Richard Devine/DarkTime RD Modular.wav,,,,,,,,,,personal:Vocalist_Samples,personal:Vocalist_Samples/Richard Devine,personal:Vocalist_Samples||personal:Vocalist_Samples/Richard Devine||darktime rd modular,20260910T165711,
118,Hi-Hat,/Volumes/Jack_Gandy_1TB_SSD/Samples 2021 ->/Vocalist_Samples/Philomene Tsongui/Noise PT Electric.wav,,,,,,,,,,personal:Vocalist_Samples,personal:Vocalist_Samples/Philomene Tsongui,personal:Vocalist_Samples||personal:Vocalist_Samples/Philomene Tsongui||noise pt electric,20260910T165711,
119,Other/none,/Volumes/Jack_Gandy_1TB_SSD/Samples 2021 ->/Vocalist_Samples/Georgia/Loops/Keytar[89] Georgia Trademark.wav,,,unsupported instrument,,,,,,,personal:Vocalist_Samples,personal:Vocalist_Samples/Georgia,personal:Vocalist_Samples||personal:Vocalist_Samples/Georgia||keytar georgia trademark,20260910T165711,
120,Other/none,/Volumes/Jack_Gandy_1TB_SSD/Samples 2021 ->/Vocalist_Samples/Laurel Halo/Loops/Mallet[120] LH FourthyVibes.wav,,,unsupported instrument,,,,,,,personal:Vocalist_Samples,personal:Vocalist_Samples/Laurel Halo,personal:Vocalist_Samples||personal:Vocalist_Samples/Laurel Halo||mallet lh fourthyvibes,20260910T165711,
121,Clap,/Volumes/Jack_Gandy_1TB_SSD/Samples 2021 ->/Vocalist_Samples/No Idle/Clap No Idle 1.wav,,,,,,,,,,personal:Vocalist_Samples,personal:Vocalist_Samples/No Idle,personal:Vocalist_Samples||personal:Vocalist_Samples/No Idle||clap no idle,20260910T165711,
122,Percussion Loop,/Volumes/Jack_Gandy_1TB_SSD/Samples 2021 ->/Vocalist_Samples/JXL/Loops/Modular[80] JXL Community 1.wav,,,,,,,,,,personal:Vocalist_Samples,personal:Vocalist_Samples/JXL,personal:Vocalist_Samples||personal:Vocalist_Samples/JXL||modular jxl community,20260910T165711,
123,Kick,/Volumes/Jack_Gandy_1TB_SSD/Samples 2021 ->/Vocalist_Samples/Just Blaze/Sub JB.wav,,,,,,,,,,personal:Vocalist_Samples,personal:Vocalist_Samples/Just Blaze,personal:Vocalist_Samples||personal:Vocalist_Samples/Just Blaze||sub jb,20260910T165711,
124,Drum Loop,/Volumes/Jack_Gandy_1TB_SSD/Samples 2021 ->/Sample Packs/Ian Chang - Dirty Drums/splice-export__ian-chang-dirty-drums/loop/Drums/Dirty-Loop/RT_Ian_Chang_Dirty_Loop_3_Drums_Ian_Chang_75_loop.wav,,,,,,,,,,Ian Chang - Dirty Drums,splice-export__ian-chang-dirty-drums,Ian Chang - Dirty Drums||splice-export__ian-chang-dirty-drums||rt ian chang dirty loop 3 drums ian chang 75 loop,20260910T165711,
125,SFX,/Volumes/Jack_Gandy_1TB_SSD/Samples 2021 ->/Sample Packs/Just Jared - OP1 Drums/FX/Just Jared - OP1 Drums FX 9 Riser.wav,,,,,,,,,,Just Jared - OP1 Drums,FX,Just Jared - OP1 Drums||FX||just jared op1 drums fx 9 riser,20260910T165711,
126,Riser,/Volumes/Jack_Gandy_1TB_SSD/Samples 2021 ->/Sample Packs/Lex Luger Drumkit/Lex_Luger_Drumkit/LL_one_shots/LL_riser_pink.wav,,,,,,,,,,Lex Luger Drumkit,Lex_Luger_Drumkit,Lex Luger Drumkit||Lex_Luger_Drumkit||ll riser pink,20260910T165711,
127,Snare,/Volumes/Jack_Gandy_1TB_SSD/Samples 2021 ->/Sample Packs/Just Jared - OP1 Drums/Snares/Just Jared - OP1 Drums Snare 3.1.wav,,,,,,,,,,Just Jared - OP1 Drums,Snares,Just Jared - OP1 Drums||Snares||just jared op1 drums snare 3,20260910T165711,
128,Hi-Hat,/Volumes/Jack_Gandy_1TB_SSD/Samples 2021 ->/Sample Packs/Just Jared - OP1 Drums/Hihats/Just Jared - OP1 Drums Hihat 15.1.wav,,,,,,,,,,Just Jared - OP1 Drums,Hihats,Just Jared - OP1 Drums||Hihats||just jared op1 drums hihat 15,20260910T165711,
129,Kick,/Volumes/Jack_Gandy_1TB_SSD/Samples 2021 ->/Sample Packs/Just Jared - OP1 Drums/Kicks/Just Jared - OP1 Drums Kick 1.wav,,,,,,,,,,Just Jared - OP1 Drums,Kicks,Just Jared - OP1 Drums||Kicks||just jared op1 drums kick,20260910T165711,
130,Kick,/Volumes/Jack_Gandy_1TB_SSD/Samples 2021 ->/Vocalist_Samples/BT/Kick BT Vintage Modern 1.wav,,,,,,,,,,personal:Vocalist_Samples,personal:Vocalist_Samples/BT,personal:Vocalist_Samples||personal:Vocalist_Samples/BT||kick bt vintage modern,20260910T165711,
131,Other/none,/Volumes/Jack_Gandy_1TB_SSD/Samples 2021 ->/Sample Packs/ZO2-THAI BREAKBEAT KIT VOL.1/Lead Loops/ZO2-THBK-LEAD-004.wav,,,unsupported instrument,,,,,,,ZO2-THAI BREAKBEAT KIT VOL.1,Lead Loops,ZO2-THAI BREAKBEAT KIT VOL.1||Lead Loops||zo2 thbk lead,20260910T165711,
132,Rimshot,/Volumes/Jack_Gandy_1TB_SSD/Samples 2021 ->/Sample Packs/Just Jared - OP1 Drums/Percs/Just Jared - OP1 Drums Perc 1.wav,,,,,,,,,,Just Jared - OP1 Drums,Percs,Just Jared - OP1 Drums||Percs||just jared op1 drums perc,20260910T165711,
133,Drum Loop,/Volumes/Jack_Gandy_1TB_SSD/Samples 2021 ->/Vocalist_Samples/DJ Dahi/Loops/Drums[125] DJ Dahi.wav,,,,,,,,,,personal:Vocalist_Samples,personal:Vocalist_Samples/DJ Dahi,personal:Vocalist_Samples||personal:Vocalist_Samples/DJ Dahi||drums dj dahi,20260910T165711,
134,Vocal Loop,/Volumes/Jack_Gandy_1TB_SSD/Samples 2021 ->/Vocalist_Samples/Miquela/Vocal Miquela 1.wav,,,,,,,,,,personal:Vocalist_Samples,personal:Vocalist_Samples/Miquela,personal:Vocalist_Samples||personal:Vocalist_Samples/Miquela||vocal miquela,20260910T165711,
135,Vocal Loop,/Volumes/Jack_Gandy_1TB_SSD/Samples 2021 ->/Vocalist_Samples/Sia/Vocal[125] Sia 2.wav,,,,,,,,,,personal:Vocalist_Samples,personal:Vocalist_Samples/Sia,personal:Vocalist_Samples||personal:Vocalist_Samples/Sia||vocal sia,20260910T165711,
136,Percussion Loop,/Volumes/Jack_Gandy_1TB_SSD/Samples 2021 ->/Sample Packs/Koan_Sound_Acoustic_Design/Test Press KOAN Sound Acoustic Design/loops/drums/top_loops/breaks/TSP_KOAN_140_top_ghosts.wav,,,,,,,,,,Koan_Sound_Acoustic_Design,Test Press KOAN Sound Acoustic Design,Koan_Sound_Acoustic_Design||Test Press KOAN Sound Acoustic Design||tsp koan 140 top ghosts,20260910T165711,
137,Foley,/Volumes/Jack_Gandy_1TB_SSD/Samples 2021 ->/2022/Foley/CATAWAKE SAMPLE PACK 1.0/Hits/Metals/Sheet/CTWK_hits_metals_sheet_hard_1.wav,,,,,,,,,,personal:2022,personal:2022/Foley,personal:2022||personal:2022/Foley||ctwk hits metals sheet hard,20260910T165711,
138,Drum Loop,/Volumes/Jack_Gandy_1TB_SSD/Samples 2021 ->/2022/Drums/Loops/Wonky Hip hop.wav,,,,,,,,,,personal:2022,personal:2022/Drums,personal:2022||personal:2022/Drums||wonky hip hop,20260910T165711,
139,Synth One-Shot,/Volumes/Jack_Gandy_1TB_SSD/Samples 2021 ->/2022/Leads/Noise Saw Distorted.wav,,,,,,,,,,personal:2022,personal:2022/Leads,personal:2022||personal:2022/Leads||noise saw distorted,20260910T165711,
140,Weather/Nature Atmos,/Volumes/Jack_Gandy_1TB_SSD/Samples 2021 ->/Sample Packs/Production Music Live - Acoustic - Melodic House 4/Harmonics & Chord Loops/PMLxOT4_POL_Harmonic_Loop_Bell_Texture_001_120BPM_Gmin.wav,,,,,,,,,,Production Music Live - Acoustic - Melodic House 4,Harmonics & Chord Loops,Production Music Live - Acoustic - Melodic House 4||Harmonics & Chord Loops||pmlxot4 pol harmonic loop bell texture,20260910T165711,
141,Other/none,/Volumes/Jack_Gandy_1TB_SSD/Samples 2021 ->/Sample Packs/Production Music Live - Acoustic - Melodic House 4/Combo Loops/PMLxOT4_SV_Comboloop_006a_126BPM_Cmin.wav,,,unsupported instrument,,,,,,,Production Music Live - Acoustic - Melodic House 4,Combo Loops,Production Music Live - Acoustic - Melodic House 4||Combo Loops||pmlxot4 sv comboloop 006a,20260910T165711,
142,Percussion Loop,/Volumes/Jack_Gandy_1TB_SSD/Samples 2021 ->/Sample Packs/Production Music Live - Acoustic - Melodic House 4/Percussion Loops/PMLxOT4_SV_Percussion_Loop_012b_125BPM.wav,,,,,,,,,,Production Music Live - Acoustic - Melodic House 4,Percussion Loops,Production Music Live - Acoustic - Melodic House 4||Percussion Loops||pmlxot4 sv percussion loop 012b,20260910T165711,
143,Other/none,/Volumes/Jack_Gandy_1TB_SSD/Samples 2021 ->/Sample Packs/IMANU/IMANU May 2024 Patreon Samples/Halo hook Aharmm.wav,,,mixed/full music,,,,,,,IMANU,IMANU May 2024 Patreon Samples,IMANU||IMANU May 2024 Patreon Samples||halo hook aharmm,20260910T165711,
144,Other/none,/Volumes/Jack_Gandy_1TB_SSD/Samples 2021 ->/Sample Packs/IMANU/IMANU Patreon August 2022 Samples/odd saw F#m.wav,,,mixed/full music,,,,,,,IMANU,IMANU Patreon August 2022 Samples,IMANU||IMANU Patreon August 2022 Samples||odd saw f#m,20260910T165711,
145,Other/none,/Volumes/Jack_Gandy_1TB_SSD/Samples 2021 ->/Sample Packs/IMANU/IMANU Patreon January 2023 Samples/weird reese Dm.wav,,,mixed/full music,,,,,,,IMANU,IMANU Patreon January 2023 Samples,IMANU||IMANU Patreon January 2023 Samples||weird reese dm,20260910T165711,
146,Other/none,/Volumes/Jack_Gandy_1TB_SSD/Samples 2021 ->/Sample Packs/IMANU/IMANU Patreon May 2022 Samples/radiohead ttype piano Fm 118.wav,,,mixed/full music,,,,,,,IMANU,IMANU Patreon May 2022 Samples,IMANU||IMANU Patreon May 2022 Samples||radiohead ttype piano fm,20260910T165711,
147,Other/none,/Volumes/Jack_Gandy_1TB_SSD/Samples 2021 ->/Sample Packs/IMANU/IMANU Patreon June 2024 Samples /Epic electro melody G#m but its a piano.wav,,,mixed/full music,,,,,,,IMANU,IMANU Patreon June 2024 Samples ,IMANU||IMANU Patreon June 2024 Samples ||epic electro melody g#m but its a piano,20260910T165711,
148,Other/none,/Volumes/Jack_Gandy_1TB_SSD/Samples 2021 ->/Sample Packs/IMANU/IMANU Patreon February 2023 Samples/harm more C#m.wav,,,mixed/full music,,,,,,,IMANU,IMANU Patreon February 2023 Samples,IMANU||IMANU Patreon February 2023 Samples||harm more c#m,20260910T165711,
149,Other/none,/Volumes/Jack_Gandy_1TB_SSD/Samples 2021 ->/Sample Packs/IMANU/IMANU Patreon January 2022 Samples/Breakthrough Piano F harmonic minor.wav,,,mixed/full music,,,,,,,IMANU,IMANU Patreon January 2022 Samples,IMANU||IMANU Patreon January 2022 Samples||breakthrough piano f harmonic minor,20260910T165711,
150,Bass Reese,/Volumes/Jack_Gandy_1TB_SSD/Samples 2021 ->/2022/Bass/Granular Resamples (F)/Freeze 30-sin ti [2023-02-10 195656].wav,,,,,,,,,,personal:2022,personal:2022/Bass,personal:2022||personal:2022/Bass||freeze 30 sin ti,20260910T165711,
151,Synth One-Shot,/Volumes/Jack_Gandy_1TB_SSD/Samples 2021 ->/2022/Pads/Guitar C3.wav,,,,,,,,,,personal:2022,personal:2022/Pads,personal:2022||personal:2022/Pads||guitar,20260910T165711,
152,Other/none,/Volumes/Jack_Gandy_1TB_SSD/Samples 2021 ->/Sample Packs/IMANU/IMANU Patreon August 2024 Samples/Stab Sequel D#harmm.wav,,,mixed/full music,,,,,,,IMANU,IMANU Patreon August 2024 Samples,IMANU||IMANU Patreon August 2024 Samples||stab sequel d#harmm,20260910T165711,
153,Other/none,/Volumes/Jack_Gandy_1TB_SSD/Samples 2021 ->/Sample Packs/IMANU/IMANU April 2024 Patreon Samples/zjump zjup D#.wav,,,ambiguous,,,,,,,IMANU,IMANU April 2024 Patreon Samples,IMANU||IMANU April 2024 Patreon Samples||zjump zjup d#,20260910T165711,
154,Other/none,/Volumes/Jack_Gandy_1TB_SSD/Samples 2021 ->/Sample Packs/IMANU/IMANU Patreon June 2022 Samples/Dist Arp Gm.wav,,,mixed/full music,,,,,,,IMANU,IMANU Patreon June 2022 Samples,IMANU||IMANU Patreon June 2022 Samples||dist arp gm,20260910T165711,
155,Other/none,/Volumes/Jack_Gandy_1TB_SSD/Samples 2021 ->/Sample Packs/IMANU/IMANU Patreon March 2022 Samples/Glide Lead C#m.wav,,,mixed/full music,,,,,,,IMANU,IMANU Patreon March 2022 Samples,IMANU||IMANU Patreon March 2022 Samples||glide lead c#m,20260910T165711,
156,Other/none,/Volumes/Jack_Gandy_1TB_SSD/Samples 2021 ->/Sample Packs/Production Music Live - Acoustic - Melodic House 4/Sequences/PMLxOT4_POL_Sequence_Poseidon_Harp_001_120BPM_Emin.wav,,,mixed/full music,,,,,,,Production Music Live - Acoustic - Melodic House 4,Sequences,Production Music Live - Acoustic - Melodic House 4||Sequences||pmlxot4 pol sequence poseidon harp,20260910T165711,
157,Percussion Loop,/Volumes/Jack_Gandy_1TB_SSD/Samples 2021 ->/Sample Packs/Production Music Live - Acoustic - Melodic House 4/Tonal Percussion Loops/PMLxOT4_TE_Tonal_Percussion_Loop_003_123BPM_G#.wav,,,,,,,,,,Production Music Live - Acoustic - Melodic House 4,Tonal Percussion Loops,Production Music Live - Acoustic - Melodic House 4||Tonal Percussion Loops||pmlxot4 te tonal percussion loop 003 g#,20260910T165711,
158,Other/none,/Volumes/Jack_Gandy_1TB_SSD/Samples 2021 ->/Sample Packs/Production Music Live - Acoustic - Melodic House 4/Arpeggiator Loops/PMLxOT4_TE_Arp_Loop_001_122BPM_Dmin.wav,,,mixed/full music,,,,,,,Production Music Live - Acoustic - Melodic House 4,Arpeggiator Loops,Production Music Live - Acoustic - Melodic House 4||Arpeggiator Loops||pmlxot4 te arp loop,20260910T165711,
159,Atmosphere,/Volumes/Jack_Gandy_1TB_SSD/Samples 2021 ->/Sample Packs/Production Music Live - Acoustic - Melodic House 4/Atmosphere Loops/PMLxOT4_SOL_Atmos_Loop_001_123BPM_Cmin.wav,,,,,,,,,,Production Music Live - Acoustic - Melodic House 4,Atmosphere Loops,Production Music Live - Acoustic - Melodic House 4||Atmosphere Loops||pmlxot4 sol atmos loop,20260910T165711,
160,Synth One-Shot,/Volumes/Jack_Gandy_1TB_SSD/Samples 2021 ->/2022/Chord/Distorted Chord Sound.wav,,,,,,,,,,personal:2022,personal:2022/Chord,personal:2022||personal:2022/Chord||distorted chord sound,20260910T165711,
161,Other/none,/Volumes/Jack_Gandy_1TB_SSD/Samples 2021 ->/2022/Olivia Rodrigo by Modern.fm [FREE]/Audio Files (.wav)/04 Cmaj 6:8 86.wav,,,mixed/full music,,,,,,,personal:2022,personal:2022/Olivia Rodrigo by Modern.fm [FREE],personal:2022||personal:2022/Olivia Rodrigo by Modern.fm [FREE]||04 6:8,20260910T165711,
162,Other/none,/Volumes/Jack_Gandy_1TB_SSD/Samples 2021 ->/2022/Neuro/Bassline bass.wav,,,unsupported instrument,,,,,,,personal:2022,personal:2022/Neuro,personal:2022||personal:2022/Neuro||bassline bass,20260910T165711,
163,Other/none,/Volumes/Jack_Gandy_1TB_SSD/Samples 2021 ->/Sample Packs/Production Music Live - Acoustic - Melodic House 4/Bass Loops/PMLxOT4_DA_Bass_Perc_Loop_001_122BPM_Cmaj.wav,,,unsupported instrument,,,,,,,Production Music Live - Acoustic - Melodic House 4,Bass Loops,Production Music Live - Acoustic - Melodic House 4||Bass Loops||pmlxot4 da bass perc loop,20260910T165711,
164,Other/none,/Volumes/Jack_Gandy_1TB_SSD/Samples 2021 ->/Sample Packs/Production Music Live - Acoustic - Melodic House 4/FX & Texture Loops/PMLxOT4_TE_Texture_Loop_001_124BPM.wav,,,unsupported instrument,,,,,,,Production Music Live - Acoustic - Melodic House 4,FX & Texture Loops,Production Music Live - Acoustic - Melodic House 4||FX & Texture Loops||pmlxot4 te texture loop,20260910T165711,
165,Other/none,/Volumes/Jack_Gandy_1TB_SSD/Samples 2021 ->/2022/Resample Phrases/G minor Shallou p1.wav,,,mixed/full music,,,,,,,personal:2022,personal:2022/Resample Phrases,personal:2022||personal:2022/Resample Phrases||shallou p1,20260910T165711,
166,Other/none,/Volumes/Jack_Gandy_1TB_SSD/Samples 2021 ->/2022/808's/Fat 808.wav,,,mixed/full music,,,,,,,personal:2022,personal:2022/808's,personal:2022||personal:2022/808's||fat,20260910T165711,
167,Percussion Loop,/Volumes/Jack_Gandy_1TB_SSD/Samples 2021 ->/2022/Atmos/drum reverb.wav,,,,,,,,,,personal:2022,personal:2022/Atmos,personal:2022||personal:2022/Atmos||drum reverb,20260910T165711,
168,Vocal Loop,/Volumes/Jack_Gandy_1TB_SSD/Samples 2021 ->/2022/Loops/Aminor Vocal Loop riff.wav,,,,,,,,,,personal:2022,personal:2022/Loops,personal:2022||personal:2022/Loops||vocal loop riff,20260910T165711,
169,Vocal One-Shot,/Volumes/Jack_Gandy_1TB_SSD/Samples 2021 ->/2022/Stretches/D vocal atmos.wav,,,,,,,,,,personal:2022,personal:2022/Stretches,personal:2022||personal:2022/Stretches||d vocal atmos,20260910T165711,
170,Vocal One-Shot,/Volumes/Jack_Gandy_1TB_SSD/Samples 2021 ->/2022/Vocal Leads/Billie eeyyaa.wav,,,,,,,,,,personal:2022,personal:2022/Vocal Leads,personal:2022||personal:2022/Vocal Leads||billie eeyyaa,20260910T165711,
171,Foley,/Volumes/Jack_Gandy_1TB_SSD/Samples 2021 ->/Sample Packs/Virtual Riot/Studio Time S2 EP2 - Drums And More Episode Files/Raw Kitchen Foley Recordings/VR_ST_Foley_crispShaker2.wav,,,,,,,,,,Virtual Riot,Studio Time S2 EP2 - Drums And More Episode Files,Virtual Riot||Studio Time S2 EP2 - Drums And More Episode Files||vr st foley crispshaker2,20260910T165711,
172,Percussion Loop,/Volumes/Jack_Gandy_1TB_SSD/Samples 2021 ->/Sample Packs/Virtual Riot/PATREON GOODIES/Virtual Riot Bass Hits 3/F_RiddimShot14.wav,,,,,,,,,,Virtual Riot,PATREON GOODIES,Virtual Riot||PATREON GOODIES||f riddimshot14,20260910T165711,
173,Synth One-Shot,/Volumes/Jack_Gandy_1TB_SSD/Samples 2021 ->/Sample Packs/Virtual Riot/VR - Generative Chords & Melodies (MIDI Racks and Project files)/Chords + 2 Arp Layers & random sample selection Project/Samples/Imported/Rob Late - Synth - Hard Flick (C).wav,,,,,,,,,,Virtual Riot,VR - Generative Chords & Melodies (MIDI Racks and Project files),Virtual Riot||VR - Generative Chords & Melodies (MIDI Racks and Project files)||rob late synth hard flick (c),20260910T165711,
174,Snare,/Volumes/Jack_Gandy_1TB_SSD/Samples 2021 ->/Sample Packs/Virtual Riot/VR Patreon Kicks & Snares/snares/Snare_SuperPushed_ploink.wav,,,,,,,,,,Virtual Riot,VR Patreon Kicks & Snares,Virtual Riot||VR Patreon Kicks & Snares||snare superpushed ploink,20260910T165711,
175,SFX,/Volumes/Jack_Gandy_1TB_SSD/Samples 2021 ->/Sample Packs/Virtual Riot/Studio Time EP4 - Serum Hacks Files/Serum Wavetables/VR - Sine Remapped/Sine16.wav.wav,,,,,,,,,,Virtual Riot,Studio Time EP4 - Serum Hacks Files,Virtual Riot||Studio Time EP4 - Serum Hacks Files||sine16 wav,20260910T165711,
176,Kick Loop,/Volumes/Jack_Gandy_1TB_SSD/Samples 2021 ->/Sample Packs/Black Octopus Sound - Pure Analog Sweeps IV (2021)/Xtra Loops/Diamaudix_Audio_PAS_IV_120_Kick_Snare_Loop_Gm.wav,,,,,,,,,,Black Octopus Sound - Pure Analog Sweeps IV (2021),Xtra Loops,Black Octopus Sound - Pure Analog Sweeps IV (2021)||Xtra Loops||diamaudix audio pas iv 120 kick snare loop gm,20260910T165711,
177,Snare,/Volumes/Jack_Gandy_1TB_SSD/Samples 2021 ->/Sample Packs/Black Octopus Sound - Pure Analog Sweeps IV (2021)/Xtra One Shots/Diamaudix_Audio_PAS_IV_Snare_01.wav,,,,,,,,,,Black Octopus Sound - Pure Analog Sweeps IV (2021),Xtra One Shots,Black Octopus Sound - Pure Analog Sweeps IV (2021)||Xtra One Shots||diamaudix audio pas iv snare,20260910T165711,
178,SFX,/Volumes/Jack_Gandy_1TB_SSD/Samples 2021 ->/Sample Packs/Black Octopus Sound - Pure Analog Sweeps IV (2021)/B/Diamaudix_Audio_PAS_IV_Sweep_FX_B16.wav,,,,,,,,,,Black Octopus Sound - Pure Analog Sweeps IV (2021),B,Black Octopus Sound - Pure Analog Sweeps IV (2021)||B||diamaudix audio pas iv sweep fx b16,20260910T165711,
179,SFX,/Volumes/Jack_Gandy_1TB_SSD/Samples 2021 ->/Sample Packs/Black Octopus Sound - Pure Analog Sweeps IV (2021)/A/Diamaudix_Audio_PAS_IV_Sweep_FX_A_01.wav,,,,,,,,,,Black Octopus Sound - Pure Analog Sweeps IV (2021),A,Black Octopus Sound - Pure Analog Sweeps IV (2021)||A||diamaudix audio pas iv sweep fx a,20260910T165711,
180,SFX,/Volumes/Jack_Gandy_1TB_SSD/Samples 2021 ->/Sample Packs/Black Octopus Sound - Pure Analog Sweeps IV (2021)/A#/Diamaudix_Audio_PAS_IV_Sweep_FX_Bb_01.wav,,,,,,,,,,Black Octopus Sound - Pure Analog Sweeps IV (2021),A#,Black Octopus Sound - Pure Analog Sweeps IV (2021)||A#||diamaudix audio pas iv sweep fx bb,20260910T165711,
181,SFX,/Volumes/Jack_Gandy_1TB_SSD/Samples 2021 ->/Sample Packs/Black Octopus Sound - Pure Analog Sweeps IV (2021)/C/Diamaudix_Audio_PAS_IV_Sweep_FX_C_01.wav,,,,,,,,,,Black Octopus Sound - Pure Analog Sweeps IV (2021),C,Black Octopus Sound - Pure Analog Sweeps IV (2021)||C||diamaudix audio pas iv sweep fx c,20260910T165711,
182,SFX,/Volumes/Jack_Gandy_1TB_SSD/Samples 2021 ->/Sample Packs/Black Octopus Sound - Pure Analog Sweeps IV (2021)/C#/Diamaudix_Audio_PAS_IV_Sweep_FX_C#_12.wav,,,,,,,,,,Black Octopus Sound - Pure Analog Sweeps IV (2021),C#,Black Octopus Sound - Pure Analog Sweeps IV (2021)||C#||diamaudix audio pas iv sweep fx c,20260910T165711,
183,SFX,/Volumes/Jack_Gandy_1TB_SSD/Samples 2021 ->/Sample Packs/Black Octopus Sound - Pure Analog Sweeps IV (2021)/D/Diamaudix_Audio_PAS_IV_Sweep_FX_D_01.wav,,,,,,,,,,Black Octopus Sound - Pure Analog Sweeps IV (2021),D,Black Octopus Sound - Pure Analog Sweeps IV (2021)||D||diamaudix audio pas iv sweep fx d,20260910T165711,
184,SFX,/Volumes/Jack_Gandy_1TB_SSD/Samples 2021 ->/Sample Packs/Black Octopus Sound - Pure Analog Sweeps IV (2021)/D#/Diamaudix_Audio_PAS_IV_Sweep_FX_Eb_12.wav,,,,,,,,,,Black Octopus Sound - Pure Analog Sweeps IV (2021),D#,Black Octopus Sound - Pure Analog Sweeps IV (2021)||D#||diamaudix audio pas iv sweep fx eb,20260910T165711,
185,SFX,/Volumes/Jack_Gandy_1TB_SSD/Samples 2021 ->/Sample Packs/Black Octopus Sound - Pure Analog Sweeps IV (2021)/E/Diamaudix_Audio_PAS_IV_Sweep_FX_E_12.wav,,,,,,,,,,Black Octopus Sound - Pure Analog Sweeps IV (2021),E,Black Octopus Sound - Pure Analog Sweeps IV (2021)||E||diamaudix audio pas iv sweep fx e,20260910T165711,
186,SFX,/Volumes/Jack_Gandy_1TB_SSD/Samples 2021 ->/Sample Packs/Black Octopus Sound - Pure Analog Sweeps IV (2021)/F/Diamaudix_Audio_PAS_IV_Sweep_FX_F_01.wav,,,,,,,,,,Black Octopus Sound - Pure Analog Sweeps IV (2021),F,Black Octopus Sound - Pure Analog Sweeps IV (2021)||F||diamaudix audio pas iv sweep fx f,20260910T165711,
187,SFX,/Volumes/Jack_Gandy_1TB_SSD/Samples 2021 ->/Sample Packs/Black Octopus Sound - Pure Analog Sweeps IV (2021)/F#/Diamaudix_Audio_PAS_IV_Sweep_FX_F#_01.wav,,,,,,,,,,Black Octopus Sound - Pure Analog Sweeps IV (2021),F#,Black Octopus Sound - Pure Analog Sweeps IV (2021)||F#||diamaudix audio pas iv sweep fx f,20260910T165711,
188,SFX,/Volumes/Jack_Gandy_1TB_SSD/Samples 2021 ->/Sample Packs/Black Octopus Sound - Pure Analog Sweeps IV (2021)/G/Diamaudix_Audio_PAS_IV_Sweep_FX_G_01.wav,,,,,,,,,,Black Octopus Sound - Pure Analog Sweeps IV (2021),G,Black Octopus Sound - Pure Analog Sweeps IV (2021)||G||diamaudix audio pas iv sweep fx g,20260910T165711,
189,SFX,/Volumes/Jack_Gandy_1TB_SSD/Samples 2021 ->/Sample Packs/Black Octopus Sound - Pure Analog Sweeps IV (2021)/G#/Diamaudix_Audio_PAS_IV_Sweep_FX_Ab_01.wav,,,,,,,,,,Black Octopus Sound - Pure Analog Sweeps IV (2021),G#,Black Octopus Sound - Pure Analog Sweeps IV (2021)||G#||diamaudix audio pas iv sweep fx ab,20260910T165711,
190,SFX,/Volumes/Jack_Gandy_1TB_SSD/Samples 2021 ->/Sample Packs/Black Octopus Sound - Pure Analog Sweeps IV (2021)/X/Diamaudix_Audio_PAS_IV_Sweep_FX_X_01.wav,,,,,,,,,,Black Octopus Sound - Pure Analog Sweeps IV (2021),X,Black Octopus Sound - Pure Analog Sweeps IV (2021)||X||diamaudix audio pas iv sweep fx x,20260910T165711,
191,Other/none,/Volumes/Jack_Gandy_1TB_SSD/Samples 2021 ->/Sample Packs/Capsun ProAudio - City Pop/Loops/Melodic_Loops/Melodic_Stack_stripped/CPA_TCP_105_melodic_stack_breeze_stripped_F#m.wav,,,mixed/full music,,,,,,,Capsun ProAudio - City Pop,Loops,Capsun ProAudio - City Pop||Loops||cpa tcp 105 melodic stack breeze stripped f#m,20260910T165711,
192,Foley,/Volumes/Jack_Gandy_1TB_SSD/Samples 2021 ->/Sample Packs/Foley 2023/KNOIR FOLEY PACK 2023 (1A)/KNOIR_patreon_foley_CLOCK4.wav,,,,,,,,,,Foley 2023,KNOIR FOLEY PACK 2023 (1A),Foley 2023||KNOIR FOLEY PACK 2023 (1A)||knoir patreon foley clock4,20260910T165711,
193,Vocal Loop,/Volumes/Jack_Gandy_1TB_SSD/Samples 2021 ->/Sample Packs/Senegal Sessions/One_Shots/Vocals/SS_SS_vocals_riff_gossas_Am.wav,,,,,,,,,,Senegal Sessions,One_Shots,Senegal Sessions||One_Shots||ss ss vocals riff gossas am,20260910T165711,
194,Foley,/Volumes/Jack_Gandy_1TB_SSD/Samples 2021 ->/Sample Packs/Foley 2023/KNOIR FOLEY PACK 2023 (1B)/KNOIR_patreon_foley_pens15.wav,,,,,,,,,,Foley 2023,KNOIR FOLEY PACK 2023 (1B),Foley 2023||KNOIR FOLEY PACK 2023 (1B)||knoir patreon foley pens15,20260910T165711,
195,Percussion,/Volumes/Jack_Gandy_1TB_SSD/Samples 2021 ->/Sample Packs/SIIK Sounds - Eclipse (Full Pack)/SIIK Sounds Eclipse (WAV Samples)/Drums/Percussion/ECLIPSE Percussion 14 G#.wav,,Other Percussive Hit,,,,,,,,SIIK Sounds - Eclipse (Full Pack),SIIK Sounds Eclipse (WAV Samples),SIIK Sounds - Eclipse (Full Pack)||SIIK Sounds Eclipse (WAV Samples)||eclipse percussion 14 g#,20260910T165711,
196,Kick,/Volumes/Jack_Gandy_1TB_SSD/Samples 2021 ->/Sample Packs/SIIK Sounds - Eclipse (Full Pack)/SIIK Sounds Eclipse (Construction Kits & FLPs)/Kit 03 - F#min (172BPM)/ECLIPSE Kit 03 - F#min 172BPM (FLP)/ECLIPSE Drum Loop 15 172BPM - Kick.wav,,,,,,,,,,SIIK Sounds - Eclipse (Full Pack),SIIK Sounds Eclipse (Construction Kits & FLPs),SIIK Sounds - Eclipse (Full Pack)||SIIK Sounds Eclipse (Construction Kits & FLPs)||eclipse drum loop 15 kick,20260910T165711,
197,Vocal One-Shot,/Volumes/Jack_Gandy_1TB_SSD/Samples 2021 ->/Sample Packs/SIIK Sounds - Eclipse (Full Pack)/SIIK Sounds Eclipse (Serum Presets)/Noises/User/SIIK Sounds Eclipse - Noises/male vox 1.wav,,,,,,,,,,SIIK Sounds - Eclipse (Full Pack),SIIK Sounds Eclipse (Serum Presets),SIIK Sounds - Eclipse (Full Pack)||SIIK Sounds Eclipse (Serum Presets)||male vox,20260910T165711,
198,Other/none,/Volumes/Jack_Gandy_1TB_SSD/Samples 2021 ->/Sample Packs/Loaded Samples - Lo-Fi Memphis 2/MELODIES (X3 & DR5)/Stems (Cassette Processed)/STEM_Lament #1 [67 BPM] (B).wav,,,mixed/full music,,,,,,,Loaded Samples - Lo-Fi Memphis 2,MELODIES (X3 & DR5),Loaded Samples - Lo-Fi Memphis 2||MELODIES (X3 & DR5)||stem lament (b),20260910T165711,
199,Kick,/Volumes/Jack_Gandy_1TB_SSD/Samples 2021 ->/Sample Packs/Loaded Samples - Lo-Fi Memphis 2/DRUMS/Kicks & 808s/LFM2_Kick Hard.wav,,,,,,,,,,Loaded Samples - Lo-Fi Memphis 2,DRUMS,Loaded Samples - Lo-Fi Memphis 2||DRUMS||lfm2 kick hard,20260910T165711,
200,Synth One-Shot,/Volumes/Jack_Gandy_1TB_SSD/Samples 2021 ->/Sample Packs/Loaded Samples - Lo-Fi Memphis 2/MELODY CHOPS/CHOP_DR5 Bones #2 (B).wav,,,,,,,,,,Loaded Samples - Lo-Fi Memphis 2,MELODY CHOPS,Loaded Samples - Lo-Fi Memphis 2||MELODY CHOPS||chop dr5 bones (b),20260910T165711,
201,Vocal Loop,/Volumes/Jack_Gandy_1TB_SSD/Samples 2021 ->/Sample Packs/Loaded Samples - Lo-Fi Memphis 2/VOCALS/Rollin Deep - With the Click [72 BPM].wav,,,,,,,,,,Loaded Samples - Lo-Fi Memphis 2,VOCALS,Loaded Samples - Lo-Fi Memphis 2||VOCALS||rollin deep with the click,20260910T165711,
202,Other/none,/Volumes/Jack_Gandy_1TB_SSD/Samples 2021 ->/Sample Packs/Loaded Samples - Lo-Fi Memphis 2/MISC SAMPLES (Bass & More)/X3_BASS - PickBass (C1) V1.wav,,,unsupported instrument,,,,,,,Loaded Samples - Lo-Fi Memphis 2,MISC SAMPLES (Bass & More),Loaded Samples - Lo-Fi Memphis 2||MISC SAMPLES (Bass & More)||x3 bass pickbass (c1) v1,20260910T165711,
203,Hi-Hat Loop,/Volumes/Jack_Gandy_1TB_SSD/Samples 2021 ->/Sample Packs/Loaded Samples - Lo-Fi Memphis 2/DRUMS & PERC LOOPS/Gankin Hi-Hat Loop [73 BPM].wav,,,,,,,,,,Loaded Samples - Lo-Fi Memphis 2,DRUMS & PERC LOOPS,Loaded Samples - Lo-Fi Memphis 2||DRUMS & PERC LOOPS||gankin hi hat loop,20260910T165711,
204,Bass Reese,/Volumes/Jack_Gandy_1TB_SSD/Samples 2021 ->/Sample Packs/Koan Sound/Koan Sound Samples/ks-samples-01/Bass Wet_F.wav,,,,,,,,,,Koan Sound,Koan Sound Samples,Koan Sound||Koan Sound Samples||bass wet f,20260910T165711,
205,Other/none,/Volumes/Jack_Gandy_1TB_SSD/Samples 2021 ->/Sample Packs/Koan Sound/Koan Sound Samples 2/Modular Hardware Pack 001/Raw/VCO2 - Saw Wave Tube Crunch.wav,,,unsupported instrument,,,,,,,Koan Sound,Koan Sound Samples 2,Koan Sound||Koan Sound Samples 2||vco2 saw wave tube crunch,20260910T165711,
206,Kick,/Volumes/Jack_Gandy_1TB_SSD/Samples 2021 ->/Sample Packs/Koan Sound/Koan_Sound_2025/Shaper Table Track Project/Samples/Imported/Hihat Open Vinyl Kick.wav,,,,,,,,,,Koan Sound,Koan_Sound_2025,Koan Sound||Koan_Sound_2025||hihat open vinyl kick,20260910T165711,
207,Other/none,/Volumes/Jack_Gandy_1TB_SSD/Samples 2021 ->/Sample Packs/Organic Electronics 2 J.Views/JVIEWS_studio/JVIEWS_studio_tonal/JVIEWS_low_battery_bass_drop_wide.wav,,,unsupported instrument,,,,,,,Organic Electronics 2 J.Views,JVIEWS_studio,Organic Electronics 2 J.Views||JVIEWS_studio||jviews low battery bass drop wide,20260910T165711,
208,Percussion Loop,/Volumes/Jack_Gandy_1TB_SSD/Samples 2021 ->/Sample Packs/Organic Electronics 2 J.Views/JVIEWS_desert/JVIEWS_desert_loops/JVIEWS_percussion_rattle_01_120.wav,,,,,,,,,,Organic Electronics 2 J.Views,JVIEWS_desert,Organic Electronics 2 J.Views||JVIEWS_desert||jviews percussion rattle 01,20260910T165711,
209,Percussion Loop,/Volumes/Jack_Gandy_1TB_SSD/Samples 2021 ->/Sample Packs/Organic Electronics 2 J.Views/JVIEWS_countryside/JVIEWS_countryside_loops/JVIEWS_hollow_steel_tree_130.wav,,,,,,,,,,Organic Electronics 2 J.Views,JVIEWS_countryside,Organic Electronics 2 J.Views||JVIEWS_countryside||jviews hollow steel tree,20260910T165711,
210,Percussion Loop,/Volumes/Jack_Gandy_1TB_SSD/Samples 2021 ->/Sample Packs/Organic Electronics 2 J.Views/JVIEWS_city/JVIEWS_city_one_shots/JVIEWS_clock_shop_percussion_fx.wav,,,,,,,,,,Organic Electronics 2 J.Views,JVIEWS_city,Organic Electronics 2 J.Views||JVIEWS_city||jviews clock shop percussion fx,20260910T165711,
211,Synth One-Shot,/Volumes/Jack_Gandy_1TB_SSD/Samples 2021 ->/Sample Packs/MGF Mega Pack/Analogue Collection/Singles/VOY_Radio Whistle C3.wav,,,,,,,,,,MGF Mega Pack,Analogue Collection,MGF Mega Pack||Analogue Collection||voy radio whistle,20260910T165711,
212,Chord Loop,/Volumes/Jack_Gandy_1TB_SSD/Samples 2021 ->/Sample Packs/MGF Mega Pack/Retro Digital Collection/Chords - Pads/JV SynVox-3- CMin7.wav,,,,,,,,,,MGF Mega Pack,Retro Digital Collection,MGF Mega Pack||Retro Digital Collection||jv synvox 3 cmin7,20260910T165711,
213,Foley,/Volumes/Jack_Gandy_1TB_SSD/Samples 2021 ->/Sample Packs/MGF Mega Pack/Misc + Found Sound/UTS Foley 2/Can Hits-1.wav,,,,,,,,,,MGF Mega Pack,Misc + Found Sound,MGF Mega Pack||Misc + Found Sound||can hits,20260910T165711,
214,Bass Reese,/Volumes/Jack_Gandy_1TB_SSD/Samples 2021 ->/Sample Packs/MGF Mega Pack/Multisamples/MGF Sub Phatty 1/Tape Lead 2/Tape Lead 2 F#0.wav,,,,,,,,,,MGF Mega Pack,Multisamples,MGF Mega Pack||Multisamples||tape lead,20260910T165711,
215,Other/none,/Volumes/Jack_Gandy_1TB_SSD/Samples 2021 ->/Sample Packs/MGF Mega Pack/Wavetables/Producer Hive Analog + Vintage Wavetables (demo)/VS01_J6_Squ_Filt1.wav,,,unsupported instrument,,,,,,,MGF Mega Pack,Wavetables,MGF Mega Pack||Wavetables||vs01 j6 squ filt1,20260910T165711,
216,Drum Loop,/Volumes/Jack_Gandy_1TB_SSD/Samples 2021 ->/Sample Packs/Breaks/The Drum Broker - International Breaks & Essential Kicks/The Drum Broker - International Breaks 4/LUCKY EGG.wav,,,,,,,,,,Breaks,The Drum Broker - International Breaks & Essential Kicks,Breaks||The Drum Broker - International Breaks & Essential Kicks||lucky egg,20260910T165711,
217,Hi-Hat,/Volumes/Jack_Gandy_1TB_SSD/Samples 2021 ->/Sample Packs/Breaks/Gems From The Crates/Percussion/AKT-PER-A001_bip.wav,,,,,,,,,,Breaks,Gems From The Crates,Breaks||Gems From The Crates||akt per a001 bip,20260910T165711,
218,Percussion Loop,/Volumes/Jack_Gandy_1TB_SSD/Samples 2021 ->/Sample Packs/Breaks/Laidback Breaks/datnew break - 1.wav,,,,,,,,,,Breaks,Laidback Breaks,Breaks||Laidback Breaks||datnew break,20260910T165711,
219,Drum Loop,/Volumes/Jack_Gandy_1TB_SSD/Samples 2021 ->/Sample Packs/Breaks/Berlin Breaks/Fills/Paul Kantner - Flowers of the Night (Fill).wav,,,,,,,,,,Breaks,Berlin Breaks,Breaks||Berlin Breaks||paul kantner flowers of the night (fill),20260910T165711,
220,Snare,/Volumes/Jack_Gandy_1TB_SSD/Samples 2021 ->/Sample Packs/Breaks/Dirty Arse Drum Breaks/Dirty Arse Drum Breaks 1/85 BPM/Chops/24 SNARE 1.wav,,,,,,,,,,Breaks,Dirty Arse Drum Breaks,Breaks||Dirty Arse Drum Breaks||24 snare,20260910T165711,
221,Percussion Loop,/Volumes/Jack_Gandy_1TB_SSD/Samples 2021 ->/Sample Packs/Breaks/Edison Breaks/Rollerboy Hats & Claps.wav,,,,,,,,,,Breaks,Edison Breaks,Breaks||Edison Breaks||rollerboy hats & claps,20260910T165711,
222,Other/none,/Volumes/Jack_Gandy_1TB_SSD/Samples 2021 ->/Sample Packs/Breaks/The Drum Broker - Kingsway Music Library 2/03 CHBLAP65bpm_2.wav,,,mixed/full music,,,,,,,Breaks,The Drum Broker - Kingsway Music Library 2,Breaks||The Drum Broker - Kingsway Music Library 2||03 chblap65bpm,20260910T165711,
223,Kick,/Volumes/Jack_Gandy_1TB_SSD/Samples 2021 ->/Sample Packs/Mike Shinoda Drums/MPC 1000 Backup/KEYZ/TRIBE17.WAV,,,,,,,,,,Mike Shinoda Drums,MPC 1000 Backup,Mike Shinoda Drums||MPC 1000 Backup||tribe17,20260910T165711,
224,Hi-Hat,/Volumes/Jack_Gandy_1TB_SSD/Samples 2021 ->/Sample Packs/Mike Shinoda Drums/MS BEATS/Amethyst Samples/Tamb AR70sOpen V127 1.wav,,,,,,,,,,Mike Shinoda Drums,MS BEATS,Mike Shinoda Drums||MS BEATS||tamb ar70sopen v127,20260910T165711,
225,Hi-Hat Loop,/Volumes/Jack_Gandy_1TB_SSD/Samples 2021 ->/Sample Packs/Organic Drum Kit/8 Drum Loops/Percussion Loops/Tamb Jingle LP - 104 BPM.wav,,,,,,,,,,Organic Drum Kit,8 Drum Loops,Organic Drum Kit||8 Drum Loops||tamb jingle lp,20260910T165711,
226,Clap,/Volumes/Jack_Gandy_1TB_SSD/Samples 2021 ->/Sample Packs/Organic Drum Kit/Maschine Kits/Coast2coast Kit Samples/Organic - Clap (62).wav,,,,,,,,,,Organic Drum Kit,Maschine Kits,Organic Drum Kit||Maschine Kits||organic clap,20260910T165711,
227,Hi-Hat,/Volumes/Jack_Gandy_1TB_SSD/Samples 2021 ->/Sample Packs/Organic Drum Kit/4 Hi-Hats/2 Open Hats/Organic - O.HiHat_G (1).wav,,,,,,,,,,Organic Drum Kit,4 Hi-Hats,Organic Drum Kit||4 Hi-Hats||organic o hihat g,20260910T165711,
228,Percussion,/Volumes/Jack_Gandy_1TB_SSD/Samples 2021 ->/Sample Packs/Organic Drum Kit/5 Percussion/1 Hand Drums/3 Frame Drum/2 Frame Drum B/Organic - Frame Drum_B (15).wav,,Other Percussive Hit,,,,,,,,Organic Drum Kit,5 Percussion,Organic Drum Kit||5 Percussion||organic frame drum b,20260910T165711,
229,Percussion,/Volumes/Jack_Gandy_1TB_SSD/Samples 2021 ->/Sample Packs/Organic Drum Kit/6 Cymbals & Toms/2 Toms/Organic - Tom_E (1).wav,,Tom,,,,,,,,Organic Drum Kit,6 Cymbals & Toms,Organic Drum Kit||6 Cymbals & Toms||organic tom e,20260910T165711,
230,Kick,/Volumes/Jack_Gandy_1TB_SSD/Samples 2021 ->/Sample Packs/Organic Drum Kit/1 Kicks/Organic - Kick (101).wav,,,,,,,,,,Organic Drum Kit,1 Kicks,Organic Drum Kit||1 Kicks||organic kick,20260910T165711,
231,Snare,/Volumes/Jack_Gandy_1TB_SSD/Samples 2021 ->/Sample Packs/Organic Drum Kit/2 Snares/Organic - Snare (108).wav,,,,,,,,,,Organic Drum Kit,2 Snares,Organic Drum Kit||2 Snares||organic snare,20260910T165711,
232,Clap,/Volumes/Jack_Gandy_1TB_SSD/Samples 2021 ->/Sample Packs/Organic Drum Kit/3 Claps/Organic - Clap (1).wav,,,,,,,,,,Organic Drum Kit,3 Claps,Organic Drum Kit||3 Claps||organic clap,20260910T165711,
233,SFX,/Volumes/Jack_Gandy_1TB_SSD/Samples 2021 ->/Sample Packs/Organic Drum Kit/7 Transition FXS/Organic - FXS (1).wav,,,,,,,,,,Organic Drum Kit,7 Transition FXS,Organic Drum Kit||7 Transition FXS||organic fxs,20260910T165711,
234,Kick,/Volumes/Jack_Gandy_1TB_SSD/Samples 2021 ->/Sample Packs/Sounds of KSHMR Vol.3/KSHMR_Drums/KSHMR_Kicks/KSHMR_Hardstyle_Kicks/KSHMR_Sickdellz_Kick_Valkiria_All_Keys/KSHMR_x_SD_Valkiria_Kick_D#.wav,,,,,,,,,,Sounds of KSHMR Vol.3,KSHMR_Drums,Sounds of KSHMR Vol.3||KSHMR_Drums||kshmr x sd valkiria kick d#,20260910T165711,
235,Synth One-Shot,/Volumes/Jack_Gandy_1TB_SSD/Samples 2021 ->/Sample Packs/Sounds of KSHMR Vol.3/KSHMR_FX_Elements/KSHMR_War_Horns_and_Alarms/KSHMR_Air_Horns/KSHMR_Air_Horn_05_C#.wav,,,,,,,,,,Sounds of KSHMR Vol.3,KSHMR_FX_Elements,Sounds of KSHMR Vol.3||KSHMR_FX_Elements||kshmr air horn 05 c#,20260910T165711,
236,Vocal Loop,/Volumes/Jack_Gandy_1TB_SSD/Samples 2021 ->/Sample Packs/Sounds of KSHMR Vol.3/KSHMR_Vocals/KSHMR_Vocals_Words_And_Phrases/KSHMR_Hype_Vocals/KSHMR_Hype_Vocal_26_Let_Me_See_You_Bounce_To_This.wav,,,,,,,,,,Sounds of KSHMR Vol.3,KSHMR_Vocals,Sounds of KSHMR Vol.3||KSHMR_Vocals||kshmr hype vocal 26 let me see you bounce to this,20260910T165711,
237,Percussion Loop,/Volumes/Jack_Gandy_1TB_SSD/Samples 2021 ->/Sample Packs/Sounds of KSHMR Vol.3/KSHMR_Live_Instruments/KSHMR_Main_Instruments/KSHMR_Trumpet/KSHMR_Trumpet_04_104_Bm.wav,,,,,,,,,,Sounds of KSHMR Vol.3,KSHMR_Live_Instruments,Sounds of KSHMR Vol.3||KSHMR_Live_Instruments||kshmr trumpet 04 104 bm,20260910T165711,
238,Vocal Loop,/Volumes/Jack_Gandy_1TB_SSD/Samples 2021 ->/Sample Packs/Sounds of KSHMR Vol.3/KSHMR_Drums_Loops/KSHMR_Drum_Loops_Full/KSHMR_Stadium_Loops/KSHMR_Stadium_Loop_03_128.wav,,,,,,,,,,Sounds of KSHMR Vol.3,KSHMR_Drums_Loops,Sounds of KSHMR Vol.3||KSHMR_Drums_Loops||kshmr stadium loop 03,20260910T165711,
239,Other/none,/Volumes/Jack_Gandy_1TB_SSD/Samples 2021 ->/Sample Packs/Sounds of KSHMR Vol.3/KSHMR_Synths/KSHMR_Synth_Arps/KSHMR_Synth_Arp_21_150_D.wav,,,mixed/full music,,,,,,,Sounds of KSHMR Vol.3,KSHMR_Synths,Sounds of KSHMR Vol.3||KSHMR_Synths||kshmr synth arp 21 150 d,20260910T165711,
240,Other/none,/Volumes/Jack_Gandy_1TB_SSD/Samples 2021 ->/Sample Packs/Sounds of KSHMR Vol.3/KSHMR_World_Sounds/KSHMR_Africa/KSHMR_Africa_PL_Kora_120_G.wav,,,mixed/full music,,,,,,,Sounds of KSHMR Vol.3,KSHMR_World_Sounds,Sounds of KSHMR Vol.3||KSHMR_World_Sounds||kshmr africa pl kora 120 g,20260910T165711,
241,Drum Fill,/Volumes/Jack_Gandy_1TB_SSD/Samples 2021 ->/Sample Packs/Sounds of KSHMR Vol.3/KSHMR_Fills/KSHMR_Signature_Fills/KSHMR_Signature_Fill_16_Doonka_2_128.wav,,,,,,,,,,Sounds of KSHMR Vol.3,KSHMR_Fills,Sounds of KSHMR Vol.3||KSHMR_Fills||kshmr signature fill 16 doonka 2,20260910T171333,
242,Synth Loop,/Volumes/Jack_Gandy_1TB_SSD/Samples 2021 ->/Sample Packs/Sounds of KSHMR Vol.3/KSHMR_VIP_Friends_of_KSHMR/MRBLACK/MRBLACK_Pluck_F#.wav,,,,,,,,,,Sounds of KSHMR Vol.3,KSHMR_VIP_Friends_of_KSHMR,Sounds of KSHMR Vol.3||KSHMR_VIP_Friends_of_KSHMR||mrblack pluck f#,20260910T171406,
243,Other/none,/Volumes/Jack_Gandy_1TB_SSD/Samples 2021 ->/Sample Packs/Sounds of KSHMR Vol.3/KSHMR_Song_Starters/KSHMR_Song_Starters_Hip_Hop/KSHMR_Song_Starter_Hip_Hop_Mustard_90_Am.wav,,,mixed/full music,,,,,,,Sounds of KSHMR Vol.3,KSHMR_Song_Starters,Sounds of KSHMR Vol.3||KSHMR_Song_Starters||kshmr song starter hip hop mustard 90 am,20260910T171406,
244,Synth Loop,/Volumes/Jack_Gandy_1TB_SSD/Samples 2021 ->/Sample Packs/Origin Sound - Adore - RNB Soul (2025)/loops/synth_loops/OS_AD_108_synth_warped_pad_chords_bling_bling_Bm.wav,,,,,,,,,,Origin Sound - Adore - RNB Soul (2025),loops,Origin Sound - Adore - RNB Soul (2025)||loops||os ad 108 synth warped pad chords bling bling bm,20260910T171406,
245,Synth One-Shot,/Volumes/Jack_Gandy_1TB_SSD/Samples 2021 ->/2021/Resamples/2021/Other/sineBigReberb.wav,,,,,,,,,,personal:2021,personal:2021/Resamples,personal:2021||personal:2021/Resamples||sinebigreberb,20260910T171406,
246,Foley,"/Volumes/Jack_Gandy_1TB_SSD/Samples 2021 ->/Impluse Responce/Samplicity M7 Main - 02 - Wave, 32 bit, 48 Khz, v1.1/M7 - 1 Halls 14 Clear Hall/1 Halls 14 Clear Hall R.wav",,,,,,,,,,personal:Impluse Responce,"personal:Impluse Responce/Samplicity M7 Main - 02 - Wave, 32 bit, 48 Khz, v1.1","personal:Impluse Responce||personal:Impluse Responce/Samplicity M7 Main - 02 - Wave, 32 bit, 48 Khz, v1.1||1 halls 14 clear hall r",20260910T171406,
247,Bass Reese,/Volumes/Jack_Gandy_1TB_SSD/Samples 2021 ->/2026/Reese_Bass_(F)/Bounce 1-fufa [2026-07-07 003355]-1.wav,,,,,,,,,,personal:2026,personal:2026/Reese_Bass_(F),personal:2026||personal:2026/Reese_Bass_(F)||bounce 1 fufa,20260910T171406,
248,Kick,/Volumes/Jack_Gandy_1TB_SSD/Samples 2021 ->/Impluse Responce/OwnHammer - Impulse Response Libraries - Classic Rock Essentials/44100 Hz/Classic Rock/Mic Pair Mixes/906+/OH Classic-Rock 906+160.wav,,,,,,,,,,personal:Impluse Responce,personal:Impluse Responce/OwnHammer - Impulse Response Libraries - Classic Rock Essentials,personal:Impluse Responce||personal:Impluse Responce/OwnHammer - Impulse Response Libraries - Classic Rock Essentials||oh classic rock 906+160,20260910T171406,
249,Hi-Hat,/Volumes/Jack_Gandy_1TB_SSD/Samples 2021 ->/2024/Vocoded Kitchen Foley/KF 28-foley_hit_metallic_scrape.wav,,,,,,,,,,personal:2024,personal:2024/Vocoded Kitchen Foley,personal:2024||personal:2024/Vocoded Kitchen Foley||kf 28 foley hit metallic scrape,20260910T171406,
250,Foley,/Volumes/Jack_Gandy_1TB_SSD/Samples 2021 ->/Impluse Responce/EchoThiefImpulseResponseLibrary/Underground/BatteryPowell.wav,,,,,,,,,,personal:Impluse Responce,personal:Impluse Responce/EchoThiefImpulseResponseLibrary,personal:Impluse Responce||personal:Impluse Responce/EchoThiefImpulseResponseLibrary||batterypowell,20260910T171406,
251,Synth Loop,/Volumes/Jack_Gandy_1TB_SSD/Samples 2021 ->/Sample Packs/Flume Ultimate Community Kit/Melodics/Loops/myrmax_judgement_112bpm_Fmin.wav,,,,,,,,,,Flume Ultimate Community Kit,Melodics,Flume Ultimate Community Kit||Melodics||myrmax judgement,20260910T171406,
252,Drum Loop,/Volumes/Jack_Gandy_1TB_SSD/Samples 2021 ->/Sample Packs/Flume Ultimate Community Kit/Drums/Loops/myrmax_drum_riff_180bpm_gmin.wav,,,,,,,,,,Flume Ultimate Community Kit,Drums,Flume Ultimate Community Kit||Drums||myrmax drum riff,20260910T171406,
253,Vocal Loop,/Volumes/Jack_Gandy_1TB_SSD/Samples 2021 ->/2024/Burial Samples/BURIED_130_Vocals3_4bars-130BPM-B minor-BANDLAB.wav,,,,,,,,,,personal:2024,personal:2024/Burial Samples,personal:2024||personal:2024/Burial Samples||buried 130 vocals3 4bars bandlab,20260910T171406,
254,Bass Reese,/Volumes/Jack_Gandy_1TB_SSD/Samples 2021 ->/2023/Reese Resamples (F)/Freeze 16-5 rock [2023-12-15 020933].wav,,,,,,,,,,personal:2023,personal:2023/Reese Resamples (F),personal:2023||personal:2023/Reese Resamples (F)||freeze 16 5 rock,20260910T171406,
255,Bass Reese,/Volumes/Jack_Gandy_1TB_SSD/Samples 2021 ->/2025/Reese_Bass_(F)/Bounce 1-reese2v [2025-12-16 120149]-2.wav,,,,,,,,,,personal:2025,personal:2025/Reese_Bass_(F),personal:2025||personal:2025/Reese_Bass_(F)||bounce 1 reese2v,20260910T171406,
256,Bass Reese,/Volumes/Jack_Gandy_1TB_SSD/Samples 2021 ->/2024/Reese Bass (F)/Freeze 35-fuckkyeh [2024-12-16 221224]-2.wav,,,,,,,,,,personal:2024,personal:2024/Reese Bass (F),personal:2024||personal:2024/Reese Bass (F)||freeze 35 fuckkyeh,20260910T171406,
257,Kick,/Volumes/Jack_Gandy_1TB_SSD/Samples 2021 ->/2024/Virtual Riot/VR Color-Bass Tools (100% Ableton Stock)/Samples/Imported/A#1-2.wav,,,,,,,,,,personal:2024,personal:2024/Virtual Riot,personal:2024||personal:2024/Virtual Riot||a,20260910T171406,
258,Foley Loop,/Volumes/Jack_Gandy_1TB_SSD/Samples 2021 ->/Sample Packs/Production Music Live - Ben Böhmer - Sound Pack/Ableton Templates/PML - Balloon - Melodic Deep Template (Ben Style) Project/Samples/Processed/Consolidate/EDM Pre Kick Zap.wav,,,,,,,,,,Production Music Live - Ben Böhmer - Sound Pack,Ableton Templates,Production Music Live - Ben Böhmer - Sound Pack||Ableton Templates||edm pre kick zap,20260910T171406,
259,SFX,/Volumes/Jack_Gandy_1TB_SSD/Samples 2021 ->/Sample Packs/Flume Ultimate Community Kit/SFX/Ear_candy/AMIBY_NEORETRO_SFX.wav,,,,,,,,,,Flume Ultimate Community Kit,SFX,Flume Ultimate Community Kit||SFX||amiby neoretro sfx,20260910T171406,
260,Foley Loop,/Volumes/Jack_Gandy_1TB_SSD/Samples 2021 ->/Sound For Games/Audio/Cars/326400__mornedelport__key-turning-key-turning-in-car-ignition-sfx.wav,,,,,,,,,,personal:Sound For Games,personal:Sound For Games/Audio,personal:Sound For Games||personal:Sound For Games/Audio||326400 mornedelport key turning key turning in car ignition sfx,20260910T171406,
261,Other/none,/Volumes/Jack_Gandy_1TB_SSD/Samples 2021 ->/2024/808s (F)/Freeze 2-toys 808 [2024-06-12 213722].wav,,,noise or texture,,,,,,,personal:2024,personal:2024/808s (F),personal:2024||personal:2024/808s (F)||freeze 2 toys,20260910T171406,
262,Vocal Loop,/Volumes/Jack_Gandy_1TB_SSD/Samples 2021 ->/Sample Packs/Black Lotus Audio x Dianna Artist Pack/Sung Phrases/BLA - Need It 1 - F# Major.wav,,,,,,,,,,Black Lotus Audio x Dianna Artist Pack,Sung Phrases,Black Lotus Audio x Dianna Artist Pack||Sung Phrases||bla need it,20260910T171406,
263,Kick,/Volumes/Jack_Gandy_1TB_SSD/Samples 2021 ->/2023/Drums/Kick/G# Muffler.wav,,,,,,,,,,personal:2023,personal:2023/Drums,personal:2023||personal:2023/Drums||g# muffler,20260910T171406,
264,Kick,/Volumes/Jack_Gandy_1TB_SSD/Samples 2021 ->/2025/Drums/Kick/Freeze 6-Kit-808 Classic [2025-03-11 112118]-2.wav,,,,,,,,,,personal:2025,personal:2025/Drums,personal:2025||personal:2025/Drums||freeze 6 kit 808 classic,20260910T171406,
265,Synth One-Shot,/Volumes/Jack_Gandy_1TB_SSD/Samples 2021 ->/2023/Pads/Ooh Pad.wav,,,,,,,,,,personal:2023,personal:2023/Pads,personal:2023||personal:2023/Pads||ooh pad,20260910T171406,
266,Clap,/Volumes/Jack_Gandy_1TB_SSD/Samples 2021 ->/Sample Packs/Rosentricks - Essentials/Drums & Aux Percussion/Snare & Clap/RT_Clap_Wide.wav,,,,,,,,,,Rosentricks - Essentials,Drums & Aux Percussion,Rosentricks - Essentials||Drums & Aux Percussion||rt clap wide,20260910T171406,
267,Snare,/Volumes/Jack_Gandy_1TB_SSD/Samples 2021 ->/2024/Suicide Snare.wav,,,,,,,,,,personal:2024,personal:2024/_loose,personal:2024||personal:2024/_loose||suicide snare,20260910T171406,
268,Synth One-Shot,/Volumes/Jack_Gandy_1TB_SSD/Samples 2021 ->/2025/Bounce 15-LABS-2 [2025-06-15 164457].wav,,,,,,,,,,personal:2025,personal:2025/_loose,personal:2025||personal:2025/_loose||bounce 15 labs,20260910T171406,
269,SFX,/Volumes/Jack_Gandy_1TB_SSD/Samples 2021 ->/Sample Packs/Fishing Beat Sample Pack/Fishing Beat Sample Pack Mini Reel Rev.wav,,,,,,,,,,Fishing Beat Sample Pack,Fishing Beat Sample Pack,Fishing Beat Sample Pack||Fishing Beat Sample Pack||fishing beat sample pack mini reel rev,20260910T171406,
270,Synth One-Shot,/Volumes/Jack_Gandy_1TB_SSD/Samples 2021 ->/Sample Packs/Rosentricks - Essentials/Melodic Oneshots/RT_One_Shot_Valley_Synth_C.wav,,,,,,,,,,Rosentricks - Essentials,Melodic Oneshots,Rosentricks - Essentials||Melodic Oneshots||rt one shot valley synth c,20260910T171406,
271,Impact,/Volumes/Jack_Gandy_1TB_SSD/Samples 2021 ->/2023/Leads/Freeze 18-Freeze 18-Freeze 18-BBC Symphony Orchestra [2023-07-21 120858].wav,,,,,,,,,,personal:2023,personal:2023/Leads,personal:2023||personal:2023/Leads||freeze 18 freeze 18 freeze 18 bbc symphony orchestra,20260910T171406,
272,Vocal One-Shot,/Volumes/Jack_Gandy_1TB_SSD/Samples 2021 ->/Sample Packs/Black Lotus Audio x Dianna Artist Pack/Spoken Phrases/BLA - Yeah 1.wav,,,,,,,,,,Black Lotus Audio x Dianna Artist Pack,Spoken Phrases,Black Lotus Audio x Dianna Artist Pack||Spoken Phrases||bla yeah,20260910T171406,
273,Synth One-Shot,/Volumes/Jack_Gandy_1TB_SSD/Samples 2021 ->/2024/Leads/Book Of Memories.wav,,,,,,,,,,personal:2024,personal:2024/Leads,personal:2024||personal:2024/Leads||book of memories,20260910T171406,
274,Foley,/Volumes/Jack_Gandy_1TB_SSD/Samples 2021 ->/Ableton Sampler/Hammond L102 Ableton Edition/FenderDeVille_stereo.wav,,,,,,,,,,personal:Ableton Sampler,personal:Ableton Sampler/Hammond L102 Ableton Edition,personal:Ableton Sampler||personal:Ableton Sampler/Hammond L102 Ableton Edition||fenderdeville stereo,20260910T171406,
275,SFX,/Volumes/Jack_Gandy_1TB_SSD/Samples 2021 ->/Sample Packs/Foley Pack 02/Gas Pipe.wav,,,,,,,,,,Foley Pack 02,Foley Pack 02,Foley Pack 02||Foley Pack 02||gas pipe,20260910T171406,
276,Kick,/Volumes/Jack_Gandy_1TB_SSD/Samples 2021 ->/2024/Drums/Kick/Freeze 2-Kick Operator [2024-03-13 164042].wav,,,,,,,,,,personal:2024,personal:2024/Drums,personal:2024||personal:2024/Drums||freeze 2 kick operator,20260910T171406,
277,Other/none,/Volumes/Jack_Gandy_1TB_SSD/Samples 2021 ->/2025/808_Reese_(F)/Freeze 23-ckckck [2025-01-23 160630]-2.wav,,,unsupported instrument,,,,,,,personal:2025,personal:2025/808_Reese_(F),personal:2025||personal:2025/808_Reese_(F)||freeze 23 ckckck,20260910T171406,
278,Percussion,/Volumes/Jack_Gandy_1TB_SSD/Samples 2021 ->/Sample Packs/Analog Percussion Vol.3 by Donit/Microfreak Percussion - Medium_61.wav,,Other Percussive Hit,,,,,,,,Analog Percussion Vol.3 by Donit,Analog Percussion Vol.3 by Donit,Analog Percussion Vol.3 by Donit||Analog Percussion Vol.3 by Donit||microfreak percussion medium,20260910T171406,
279,Hi-Hat Loop,/Volumes/Jack_Gandy_1TB_SSD/Samples 2021 ->/Sample Packs/Production Music Live - Ben Böhmer - Sound Pack/Sample Pack V1.0/Loops/Top Loops/PML_BOEHMER_TOPLOOP_001_120BPM.wav,,,,,,,,,,Production Music Live - Ben Böhmer - Sound Pack,Sample Pack V1.0,Production Music Live - Ben Böhmer - Sound Pack||Sample Pack V1.0||pml boehmer toploop,20260910T171406,
280,Bass Reese,/Volumes/Jack_Gandy_1TB_SSD/Samples 2021 ->/2023/Cello Bass (F)/Freeze 2-Cello3 [2023-07-28 162722].wav,,,,,,,,,,personal:2023,personal:2023/Cello Bass (F),personal:2023||personal:2023/Cello Bass (F)||freeze 2 cello3,20260910T171406,
281,SFX,/Volumes/Jack_Gandy_1TB_SSD/Samples 2021 ->/Sound For Games/SampleScience_Modern_Scifi_Sfx_Sample_Pack/Horror 1.wav,,,,,,,,,,personal:Sound For Games,personal:Sound For Games/SampleScience_Modern_Scifi_Sfx_Sample_Pack,personal:Sound For Games||personal:Sound For Games/SampleScience_Modern_Scifi_Sfx_Sample_Pack||horror,20260910T171406,
282,Foley,/Volumes/Jack_Gandy_1TB_SSD/Samples 2021 ->/Sound For Games/wood [2025-05-28 113838].wav,,,,,,,,,,personal:Sound For Games,personal:Sound For Games/_loose,personal:Sound For Games||personal:Sound For Games/_loose||wood,20260910T171406,
283,Drum Fill,/Volumes/Jack_Gandy_1TB_SSD/Samples 2021 ->/Sample Packs/Teddy Killerz/Producer Pack (1)/Samples/Drums Fill 174 BPM - 1.wav,,,,,,,,,,Teddy Killerz,Producer Pack (1),Teddy Killerz||Producer Pack (1)||drums fill,20260910T171406,
284,Percussion Loop,/Volumes/Jack_Gandy_1TB_SSD/Samples 2021 ->/Sample Packs/Daniel Sadownick - Percussion/splice-export__daniel-sadownick-percussion-session_edited/loop/Percussion/RT_Percussion_Session_Timbales_Loop_3_Percussion_Daniel_Sadownick_125__loop.wav,,,,,,,,,,Daniel Sadownick - Percussion,splice-export__daniel-sadownick-percussion-session_edited,Daniel Sadownick - Percussion||splice-export__daniel-sadownick-percussion-session_edited||rt percussion session timbales loop 3 percussion daniel sadownick 125 loop,20260910T171406,
285,Percussion Loop,/Volumes/Jack_Gandy_1TB_SSD/Samples 2021 ->/Sample Packs/KORE - Grooves/splice-export__kore-london-grooves/loop/Percussion/RT_Kore_Players_Tambourine_4_Percussion_Sarah_Jones_135_loop.wav,,,,,,,,,,KORE - Grooves,splice-export__kore-london-grooves,KORE - Grooves||splice-export__kore-london-grooves||rt kore players tambourine 4 percussion sarah jones 135 loop,20260910T171406,
286,Percussion Loop,/Volumes/Jack_Gandy_1TB_SSD/Samples 2021 ->/Sample Packs/Daniel Sadownick - Creative Percussion/RT_Daniel_Sadownick_Degraw_Session/loop/Percussion/RT_Daniel_Sadownick_Degraw_Traditional_Percussion_Tambo_120_Loop.wav,,,,,,,,,,Daniel Sadownick - Creative Percussion,RT_Daniel_Sadownick_Degraw_Session,Daniel Sadownick - Creative Percussion||RT_Daniel_Sadownick_Degraw_Session||rt daniel sadownick degraw traditional percussion tambo 120 loop,20260910T171406,
287,Synth One-Shot,/Volumes/Jack_Gandy_1TB_SSD/Samples 2021 ->/2023/Chord Stabs/Freeze 12-Operator [2023-07-27 223644].wav,,,,,,,,,,personal:2023,personal:2023/Chord Stabs,personal:2023||personal:2023/Chord Stabs||freeze 12 operator,20260910T171406,
288,Bass Hit,/Volumes/Jack_Gandy_1TB_SSD/Samples 2021 ->/Ableton Sampler/BL+Palm+Muted+Upright+3.1+ABLETON/BL Palm Muted Upright 3.1 Project/Samples/Imported/BL_PALMMUTEDUPRIGHT_MF_C0.wav,,,,,,,,,,personal:Ableton Sampler,personal:Ableton Sampler/BL+Palm+Muted+Upright+3.1+ABLETON,personal:Ableton Sampler||personal:Ableton Sampler/BL+Palm+Muted+Upright+3.1+ABLETON||bl palmmutedupright mf,20260910T171406,
289,Synth One-Shot,/Volumes/Jack_Gandy_1TB_SSD/Samples 2021 ->/Sample Packs/Rosentricks - Essentials/Chords/RT_Chord_Synth_Tape_Lofi_Rain_Csus2.wav,,,,,,,,,,Rosentricks - Essentials,Chords,Rosentricks - Essentials||Chords||rt chord synth tape lofi rain csus2,20260910T171406,
290,Synth One-Shot,/Volumes/Jack_Gandy_1TB_SSD/Samples 2021 ->/2025/Melodic/SawReverb.wav,,,,,,,,,,personal:2025,personal:2025/Melodic,personal:2025||personal:2025/Melodic||sawreverb,20260910T171406,
291,Drum Loop,/Volumes/Jack_Gandy_1TB_SSD/Samples 2021 ->/Sample Packs/Andreas Klein - Jazz Drums/splice-export__andreas-klein-jazz-drums_edited/loop/Drums/RT_Jazz_Drums_Jazz_Bossa_Sticks_140_Loop_3_Drums_Andreas_Klein_140_loop.wav,,,,,,,,,,Andreas Klein - Jazz Drums,splice-export__andreas-klein-jazz-drums_edited,Andreas Klein - Jazz Drums||splice-export__andreas-klein-jazz-drums_edited||rt jazz drums jazz bossa sticks 140 loop 3 drums andreas klein 140 loop,20260910T171406,
292,Percussion Loop,/Volumes/Jack_Gandy_1TB_SSD/Samples 2021 ->/Sample Packs/Bendji Allonce - Percussion/splice-export__bendji-allonce-percussion-pack_edited/loop/Percussion/RT_Bendji_Allonce_Djembe_Loop_25_Percussion_Bendji_Allonce_120_loop.wav,,,,,,,,,,Bendji Allonce - Percussion,splice-export__bendji-allonce-percussion-pack_edited,Bendji Allonce - Percussion||splice-export__bendji-allonce-percussion-pack_edited||rt bendji allonce djembe loop 25 percussion bendji allonce 120 loop,20260910T171406,
293,Vocal Loop,/Volumes/Jack_Gandy_1TB_SSD/Samples 2021 ->/Sample Packs/Black Lotus Audio x Dianna Artist Pack/Misc Sounds/BLA - Breath Sound 1.wav,,,,,,,,,,Black Lotus Audio x Dianna Artist Pack,Misc Sounds,Black Lotus Audio x Dianna Artist Pack||Misc Sounds||bla breath sound,20260910T171406,
294,Other/none,/Volumes/Jack_Gandy_1TB_SSD/Samples 2021 ->/Sample Packs/Teddy Killerz/Producer Pack/Samples/Bass Em 174 BPM - 1.wav,,,mixed/full music,,,,,,,Teddy Killerz,Producer Pack,Teddy Killerz||Producer Pack||bass em,20260910T171406,
295,Synth One-Shot,/Volumes/Jack_Gandy_1TB_SSD/Samples 2021 ->/2024/Drones/Evolve pad.wav,,,,,,,,,,personal:2024,personal:2024/Drones,personal:2024||personal:2024/Drones||evolve pad,20260910T171406,
296,Synth One-Shot,/Volumes/Jack_Gandy_1TB_SSD/Samples 2021 ->/2024/Instruments (C1)/Low Cello C1.wav,,,,,,,,,,personal:2024,personal:2024/Instruments (C1),personal:2024||personal:2024/Instruments (C1)||low cello,20260910T171406,
297,Bass Reese,/Volumes/Jack_Gandy_1TB_SSD/Samples 2021 ->/2023/Long Bass Resamples (F)/Freeze 2-Pedal [2023-07-25 023712].wav,,,,,,,,,,personal:2023,personal:2023/Long Bass Resamples (F),personal:2023||personal:2023/Long Bass Resamples (F)||freeze 2 pedal,20260910T171406,
298,Other/none,/Volumes/Jack_Gandy_1TB_SSD/Samples 2021 ->/2024/Cello/cello-sustained-single-note_103bpm_C_major.wav,,,unsupported instrument,,,,,,,personal:2024,personal:2024/Cello,personal:2024||personal:2024/Cello||cello sustained single note,20260910T171406,
299,Kick,/Volumes/Jack_Gandy_1TB_SSD/Samples 2021 ->/2026/Koan_Kick.wav,,,,,,,,,,personal:2026,personal:2026/_loose,personal:2026||personal:2026/_loose||koan kick,20260910T171406,
300,Clap,/Volumes/Jack_Gandy_1TB_SSD/Samples 2021 ->/Ableton Sampler/Breitler Switzerland Musicbox - Anne Obel/Samples/Breitler Convolution Reverb.wav,,,,,,,,,,personal:Ableton Sampler,personal:Ableton Sampler/Breitler Switzerland Musicbox - Anne Obel,personal:Ableton Sampler||personal:Ableton Sampler/Breitler Switzerland Musicbox - Anne Obel||breitler convolution reverb,20260910T171406,
301,Vocal Loop,/Volumes/Jack_Gandy_1TB_SSD/Samples 2021 ->/Sample Packs/Bright Lights Vocal Sample Pack/Bright_Lights_Vocal_Sample_Pack/Lead_Phrases/BL_Cm_85_lead_phrase_NeverGonLetYouGo.wav,,,,,,,,,,Bright Lights Vocal Sample Pack,Bright_Lights_Vocal_Sample_Pack,Bright Lights Vocal Sample Pack||Bright_Lights_Vocal_Sample_Pack||bl cm 85 lead phrase nevergonletyougo,20260910T171406,
302,Percussion Loop,/Volumes/Jack_Gandy_1TB_SSD/Samples 2021 ->/Sample Packs/KRANE Samples/KRNE_SpliceSamplePack/Drums/Loops/KRNE_126_Summer_Perc.wav,,,,,,,,,,KRANE Samples,KRNE_SpliceSamplePack,KRANE Samples||KRNE_SpliceSamplePack||krne 126 summer perc,20260910T171406,
303,Riser,/Volumes/Jack_Gandy_1TB_SSD/Samples 2021 ->/Sample Packs/Soundbox - Maximum FX (2019)/SB_MFX_124_LOOPS/SB_MFX_124_RISES/SB_MFX_124_RISE_001.wav,,,,,,,,,,Soundbox - Maximum FX (2019),SB_MFX_124_LOOPS,Soundbox - Maximum FX (2019)||SB_MFX_124_LOOPS||sb mfx 124 rise,20260910T171406,
304,Impact,/Volumes/Jack_Gandy_1TB_SSD/Samples 2021 ->/Sample Packs/Soundbox - Maximum FX (2019)/SB_MFX_128_LOOPS/SB_MFX_128_IMPACTS/SB_MFX_128_IMPACT_001.wav,,,,,,,,,,Soundbox - Maximum FX (2019),SB_MFX_128_LOOPS,Soundbox - Maximum FX (2019)||SB_MFX_128_LOOPS||sb mfx 128 impact,20260910T171406,
305,Impact,/Volumes/Jack_Gandy_1TB_SSD/Samples 2021 ->/Sample Packs/Soundbox - Maximum FX (2019)/SB_MFX_140_LOOPS/SB_MFX_140_DROPS/SB_MFX_140_DROP_001.wav,,,,,,,,,,Soundbox - Maximum FX (2019),SB_MFX_140_LOOPS,Soundbox - Maximum FX (2019)||SB_MFX_140_LOOPS||sb mfx 140 drop,20260910T171406,
306,Drum Loop,/Volumes/Jack_Gandy_1TB_SSD/Samples 2021 ->/Sample Packs/Sounds by MdL V1/Sounds_by_MdL_Volume_1/Drum_Loops/Drum_Loops/MdL_94_drum_loop_kittychop.wav,,,,,,,,,,Sounds by MdL V1,Sounds_by_MdL_Volume_1,Sounds by MdL V1||Sounds_by_MdL_Volume_1||mdl 94 drum loop kittychop,20260910T171406,
307,Bass Hit,/Volumes/Jack_Gandy_1TB_SSD/Samples 2021 ->/2023/808/Skrill bass.wav,,,,,,,,,,personal:2023,personal:2023/808,personal:2023||personal:2023/808||skrill bass,20260910T171406,
308,Vocal Loop,"/Volumes/Jack_Gandy_1TB_SSD/Samples 2021 ->/Sample Packs/Textures - Dust, Dirt & Crackle Vol. 1/CPA_TDDC/CPA_TDDC/TDDC_WAV_LPS/TDDC_INSPIRATION_LPS/TDDC_80_Vapor_Em/TDDC_80_Vapor_VoxClarinet_Em.wav",,,,,,,,,,"Textures - Dust, Dirt & Crackle Vol. 1",CPA_TDDC,"Textures - Dust, Dirt & Crackle Vol. 1||CPA_TDDC||tddc 80 vapor voxclarinet em",20260910T171406,
309,Vocal One-Shot,/Volumes/Jack_Gandy_1TB_SSD/Samples 2021 ->/Sample Packs/Future Bass By Singular Sounds/Future_Bass_By_Singular_Sounds/FX/Chant8.wav,,,,,,,,,,Future Bass By Singular Sounds,Future_Bass_By_Singular_Sounds,Future Bass By Singular Sounds||Future_Bass_By_Singular_Sounds||chant8,20260910T171406,
310,SFX,/Volumes/Jack_Gandy_1TB_SSD/Samples 2021 ->/Sample Packs/Machines For Music Volume 1/Machines_For_Music_Volume_1_copy/24_Bit_Wav_Samples/Loops/ER1_MK_II_Loops/M4M_90_ER1_Rat_Zouip_Reverse_Delay_10_bars.wav,,,,,,,,,,Machines For Music Volume 1,Machines_For_Music_Volume_1_copy,Machines For Music Volume 1||Machines_For_Music_Volume_1_copy||m4m 90 er1 rat zouip reverse delay 10 bars,20260910T171406,
311,Synth Loop,/Volumes/Jack_Gandy_1TB_SSD/Samples 2021 ->/Sample Packs/Future Trap/PL0414_ACID_WAV_Future_Trap/Prime_Loops_-_Future_Trap/Synth_Loops/Bpm140_C#_GhostShell02_Synth.wav,,,,,,,,,,Future Trap,PL0414_ACID_WAV_Future_Trap,Future Trap||PL0414_ACID_WAV_Future_Trap||c# ghostshell02 synth,20260910T171406,
312,Synth Loop,/Volumes/Jack_Gandy_1TB_SSD/Samples 2021 ->/Sample Packs/Future Bass Elements/PL0420_ACID_WAV_Future_Bass_Elements/Prime_Loops_-_Future_Bass_Elements/Synth_Loops/Bpm150_C_BandpassPiano._Synth.wav,,,,,,,,,,Future Bass Elements,PL0420_ACID_WAV_Future_Bass_Elements,Future Bass Elements||PL0420_ACID_WAV_Future_Bass_Elements||c bandpasspiano synth,20260910T171406,
313,SFX,/Volumes/Jack_Gandy_1TB_SSD/Samples 2021 ->/Sample Packs/Teddy Killerz/Pro Drums/TK Serum Noises/TK White Noise Stereo.wav,,,,,,,,,,Teddy Killerz,Pro Drums,Teddy Killerz||Pro Drums||tk white noise stereo,20260910T171406,
314,Top Loop,/Volumes/Jack_Gandy_1TB_SSD/Samples 2021 ->/Sample Packs/Tropical House By Singular Sounds/SS_tropical_house_pack/SS_drum_loops/SS_98_carry_on_drum_loop_no_kick.wav,,,,,,,,,,Tropical House By Singular Sounds,SS_tropical_house_pack,Tropical House By Singular Sounds||SS_tropical_house_pack||ss 98 carry on drum loop no kick,20260910T171406,
315,Synth Loop,/Volumes/Jack_Gandy_1TB_SSD/Samples 2021 ->/Sample Packs/Rooftop Afterhours/Splice_Sounds_-_Rooftop_Afterhours/RA_KIT_6_120_Gm/14_RA_KIT_06_CHORD_120_Gm.wav,,,,,,,,,,Rooftop Afterhours,Splice_Sounds_-_Rooftop_Afterhours,Rooftop Afterhours||Splice_Sounds_-_Rooftop_Afterhours||14 ra kit 06 chord 120 gm,20260910T171406,
316,Drum Loop,/Volumes/Jack_Gandy_1TB_SSD/Samples 2021 ->/Sample Packs/KJ SAWKA 40x40x40 DRUM PACK/kj_sawka_40x40x40_beat_folder/KJ_SAWKA_87_BPM_LOOPS/KJ_SAWKA_London_Bridge_2013_87_bpm_4bar6_Dry.wav,,,,,,,,,,KJ SAWKA 40x40x40 DRUM PACK,kj_sawka_40x40x40_beat_folder,KJ SAWKA 40x40x40 DRUM PACK||kj_sawka_40x40x40_beat_folder||kj sawka london bridge 2013 4bar6 dry,20260910T171406,
317,Other/none,/Volumes/Jack_Gandy_1TB_SSD/Samples 2021 ->/2023/Cello Inputs (C1)/Freeze 22-BBC Symphony Orchestra [2023-07-28 194830].wav,,,unsupported instrument,,,,,,,personal:2023,personal:2023/Cello Inputs (C1),personal:2023||personal:2023/Cello Inputs (C1)||freeze 22 bbc symphony orchestra,20260910T171406,
318,SFX,/Volumes/Jack_Gandy_1TB_SSD/Samples 2021 ->/2023/Effects/Woosh Slap.wav,,,,,,,,,,personal:2023,personal:2023/Effects,personal:2023||personal:2023/Effects||woosh slap,20260910T171406,
319,Foley Loop,/Volumes/Jack_Gandy_1TB_SSD/Samples 2021 ->/2023/Foley/Long Shffled at 120.wav,,,,,,,,,,personal:2023,personal:2023/Foley,personal:2023||personal:2023/Foley||long shffled at,20260910T171406,
320,Synth One-Shot,/Volumes/Jack_Gandy_1TB_SSD/Samples 2021 ->/2023/INIT/Sine Wave Clean.wav,,,,,,,,,,personal:2023,personal:2023/INIT,personal:2023||personal:2023/INIT||sine wave clean,20260910T171406,
321,Other/none,/Volumes/Jack_Gandy_1TB_SSD/Samples 2021 ->/2024/Kieran/Kieran Cello C1.wav,,,unsupported instrument,,,,,,,personal:2024,personal:2024/Kieran,personal:2024||personal:2024/Kieran||kieran cello,20260910T171406,
322,Vocal Loop,/Volumes/Jack_Gandy_1TB_SSD/Samples 2021 ->/2024/Vocal Chops/Emajor Waiting for you chop vocal.wav,,,,,,,,,,personal:2024,personal:2024/Vocal Chops,personal:2024||personal:2024/Vocal Chops||waiting for you chop vocal,20260910T171406,
323,Drum Loop,/Volumes/Jack_Gandy_1TB_SSD/Samples 2021 ->/Sample Packs/Home Clouds - Pop Rock/splice-export__home-clouds-at-rubber-tracks-london-pop-up/loop/Drums/RT_Home_Clouds_Drum_Loop_13_Drums_Will_Allen_132_loop.wav,,,,,,,,,,Home Clouds - Pop Rock,splice-export__home-clouds-at-rubber-tracks-london-pop-up,Home Clouds - Pop Rock||splice-export__home-clouds-at-rubber-tracks-london-pop-up||rt home clouds drum loop 13 drums will allen 132 loop,20260910T171406,
324,Drum Loop,/Volumes/Jack_Gandy_1TB_SSD/Samples 2021 ->/Sample Packs/Regret the Hour - Indie Rock/splice-export__regret-the-hour-distance_edited/loop/Drums/RT_Regret_the_Hour_Drums_2_Drums_Anders_Fleming_147_loop.wav,,,,,,,,,,Regret the Hour - Indie Rock,splice-export__regret-the-hour-distance_edited,Regret the Hour - Indie Rock||splice-export__regret-the-hour-distance_edited||rt regret the hour drums 2 drums anders fleming 147 loop,20260910T171406,
325,Snare,/Volumes/Jack_Gandy_1TB_SSD/Samples 2021 ->/Sample Packs/Origin Sound - Soul Soundscapes (2025)/one_shots/drum_hits/snare/OS_SS_snare_fatty.wav,,,,,,,,,,Origin Sound - Soul Soundscapes (2025),one_shots,Origin Sound - Soul Soundscapes (2025)||one_shots||os ss snare fatty,20260910T171406,
326,Drum Loop,/Volumes/Jack_Gandy_1TB_SSD/Samples 2021 ->/Sample Packs/Drum Breaks/Lyn Collins - Think (part2).wav,,,,,,,,,,Drum Breaks,Drum Breaks,Drum Breaks||Drum Breaks||lyn collins think (part2),20260910T171406,
327,Drum Loop,/Volumes/Jack_Gandy_1TB_SSD/Samples 2021 ->/Sample Packs/ZO2-THAI BREAKBEAT KIT VOL.1/Drum Loops/ZO2-THBK-DRUMLOOP-008-D.wav,,,,,,,,,,ZO2-THAI BREAKBEAT KIT VOL.1,Drum Loops,ZO2-THAI BREAKBEAT KIT VOL.1||Drum Loops||zo2 thbk drumloop 008 d,20260910T171406,
328,SFX,/Volumes/Jack_Gandy_1TB_SSD/Samples 2021 ->/Vocalist_Samples/Richard Devine/Wittle RD Modular.wav,,,,,,,,,,personal:Vocalist_Samples,personal:Vocalist_Samples/Richard Devine,personal:Vocalist_Samples||personal:Vocalist_Samples/Richard Devine||wittle rd modular,20260910T171406,
329,Hi-Hat,/Volumes/Jack_Gandy_1TB_SSD/Samples 2021 ->/Vocalist_Samples/Philomene Tsongui/ClosedHH PT Acoustic.wav,,,,,,,,,,personal:Vocalist_Samples,personal:Vocalist_Samples/Philomene Tsongui,personal:Vocalist_Samples||personal:Vocalist_Samples/Philomene Tsongui||closedhh pt acoustic,20260910T171406,
330,SFX,/Volumes/Jack_Gandy_1TB_SSD/Samples 2021 ->/Vocalist_Samples/Georgia/Loops/SFX[92] Georgia Alhambra Rock.wav,,,,,,,,,,personal:Vocalist_Samples,personal:Vocalist_Samples/Georgia,personal:Vocalist_Samples||personal:Vocalist_Samples/Georgia||sfx georgia alhambra rock,20260910T171406,
331,Kick Loop,/Volumes/Jack_Gandy_1TB_SSD/Samples 2021 ->/Vocalist_Samples/Laurel Halo/Loops/SFX[129] LH FourFourFieldRecording.wav,,,,,,,,,,personal:Vocalist_Samples,personal:Vocalist_Samples/Laurel Halo,personal:Vocalist_Samples||personal:Vocalist_Samples/Laurel Halo||sfx lh fourfourfieldrecording,20260910T171406,
332,Bass Hit,/Volumes/Jack_Gandy_1TB_SSD/Samples 2021 ->/Vocalist_Samples/No Idle/Loops/Bass[145] No Idle.wav,,,,,,,,,,personal:Vocalist_Samples,personal:Vocalist_Samples/No Idle,personal:Vocalist_Samples||personal:Vocalist_Samples/No Idle||bass no idle,20260910T171406,
333,Top Loop,/Volumes/Jack_Gandy_1TB_SSD/Samples 2021 ->/Vocalist_Samples/JXL/Loops/LowToms[80] JXL Community.wav,,,,,,,,,,personal:Vocalist_Samples,personal:Vocalist_Samples/JXL,personal:Vocalist_Samples||personal:Vocalist_Samples/JXL||lowtoms jxl community,20260910T171406,
334,Crash,/Volumes/Jack_Gandy_1TB_SSD/Samples 2021 ->/Vocalist_Samples/Just Blaze/Cymbal JB 1.wav,,,,,,,,,,personal:Vocalist_Samples,personal:Vocalist_Samples/Just Blaze,personal:Vocalist_Samples||personal:Vocalist_Samples/Just Blaze||cymbal jb,20260910T171406,
335,Kick,/Volumes/Jack_Gandy_1TB_SSD/Samples 2021 ->/Sample Packs/Ian Chang - Dirty Drums/splice-export__ian-chang-dirty-drums/one_shot/Drums/Kick/RT_Ian_Chang_Kick_1_Drums_Ian_Chang_one_shot.wav,,,,,,,,,,Ian Chang - Dirty Drums,splice-export__ian-chang-dirty-drums,Ian Chang - Dirty Drums||splice-export__ian-chang-dirty-drums||rt ian chang kick 1 drums ian chang one shot,20260910T171406,
336,SFX,/Volumes/Jack_Gandy_1TB_SSD/Samples 2021 ->/Sample Packs/Just Jared - OP1 Drums/FX/Just Jared - OP1 Drums FX 5.wav,,,,,,,,,,Just Jared - OP1 Drums,FX,Just Jared - OP1 Drums||FX||just jared op1 drums fx,20260910T171406,
337,Hi-Hat Loop,/Volumes/Jack_Gandy_1TB_SSD/Samples 2021 ->/Sample Packs/Lex Luger Drumkit/Lex_Luger_Drumkit/LL_loops/LL_138_trap_hihat_loop_5.aif,,,,,,,,,,Lex Luger Drumkit,Lex_Luger_Drumkit,Lex Luger Drumkit||Lex_Luger_Drumkit||ll 138 trap hihat loop,20260910T171406,
338,Snare,/Volumes/Jack_Gandy_1TB_SSD/Samples 2021 ->/Sample Packs/Just Jared - OP1 Drums/Snares/Just Jared - OP1 Drums Snare 1.wav,,,,,,,,,,Just Jared - OP1 Drums,Snares,Just Jared - OP1 Drums||Snares||just jared op1 drums snare,20260910T171406,
339,Hi-Hat,/Volumes/Jack_Gandy_1TB_SSD/Samples 2021 ->/Sample Packs/Just Jared - OP1 Drums/Hihats/Just Jared - OP1 Drums Hihat 1.wav,,,,,,,,,,Just Jared - OP1 Drums,Hihats,Just Jared - OP1 Drums||Hihats||just jared op1 drums hihat,20260910T171406,
340,Kick,/Volumes/Jack_Gandy_1TB_SSD/Samples 2021 ->/Sample Packs/Just Jared - OP1 Drums/Kicks/Just Jared - OP1 Drums Kick 15.1.wav,,,,,,,,,,Just Jared - OP1 Drums,Kicks,Just Jared - OP1 Drums||Kicks||just jared op1 drums kick 15,20260910T171406,
341,Snare,/Volumes/Jack_Gandy_1TB_SSD/Samples 2021 ->/Vocalist_Samples/BT/Snare BT Vintage Modern 1.wav,,,,,,,,,,personal:Vocalist_Samples,personal:Vocalist_Samples/BT,personal:Vocalist_Samples||personal:Vocalist_Samples/BT||snare bt vintage modern,20260910T171406,
342,Top Loop,/Volumes/Jack_Gandy_1TB_SSD/Samples 2021 ->/Sample Packs/Koan_Sound_Acoustic_Design/Test Press KOAN Sound Acoustic Design/loops/drums/top_loops/dnb/TSP_KOAN_172_top_ghost_funk.wav,,,,,,,,,,Koan_Sound_Acoustic_Design,Test Press KOAN Sound Acoustic Design,Koan_Sound_Acoustic_Design||Test Press KOAN Sound Acoustic Design||tsp koan 172 top ghost funk,20260910T171406,
343,Foley,/Volumes/Jack_Gandy_1TB_SSD/Samples 2021 ->/2022/Foley/CATAWAKE SAMPLE PACK 1.0/Hits/Foil Roll/Foil/CTWK_hits_foilroll_foilhit_1.wav,,,,,,,,,,personal:2022,personal:2022/Foley,personal:2022||personal:2022/Foley||ctwk hits foilroll foilhit,20260910T171406,
344,Foley Loop,/Volumes/Jack_Gandy_1TB_SSD/Samples 2021 ->/2022/Drums/Loops/Perc loop juan.wav,,,,,,,,,,personal:2022,personal:2022/Drums,personal:2022||personal:2022/Drums||perc loop juan,20260910T171406,
345,Synth One-Shot,/Volumes/Jack_Gandy_1TB_SSD/Samples 2021 ->/2022/Leads/Distorted sine pluck 2.wav,,,,,,,,,,personal:2022,personal:2022/Leads,personal:2022||personal:2022/Leads||distorted sine pluck,20260910T171406,
346,Other/none,/Volumes/Jack_Gandy_1TB_SSD/Samples 2021 ->/Sample Packs/Production Music Live - Acoustic - Melodic House 4/Harmonics & Chord Loops/PMLxOT4_POL_Harmonic_Loop_Nostalgic_Brass_001_120BPM_Emin.wav,,,mixed/full music,,,,,,,Production Music Live - Acoustic - Melodic House 4,Harmonics & Chord Loops,Production Music Live - Acoustic - Melodic House 4||Harmonics & Chord Loops||pmlxot4 pol harmonic loop nostalgic brass,20260910T171406,
347,Synth Loop,/Volumes/Jack_Gandy_1TB_SSD/Samples 2021 ->/Sample Packs/Production Music Live - Acoustic - Melodic House 4/Combo Loops/PMLxOT4_SV_Comboloop_009a_126BPM_C#min.wav,,,,,,,,,,Production Music Live - Acoustic - Melodic House 4,Combo Loops,Production Music Live - Acoustic - Melodic House 4||Combo Loops||pmlxot4 sv comboloop 009a,20260910T171406,
348,Percussion Loop,/Volumes/Jack_Gandy_1TB_SSD/Samples 2021 ->/Sample Packs/Production Music Live - Acoustic - Melodic House 4/Percussion Loops/PMLxOT4_POL_Percussion_Loop_Spicy Hadd Adds_001_120BPM.wav,,,,,,,,,,Production Music Live - Acoustic - Melodic House 4,Percussion Loops,Production Music Live - Acoustic - Melodic House 4||Percussion Loops||pmlxot4 pol percussion loop spicy hadd adds,20260910T171406,
349,Synth Loop,/Volumes/Jack_Gandy_1TB_SSD/Samples 2021 ->/Sample Packs/IMANU/IMANU May 2024 Patreon Samples/Sine Arp Bm.wav,,,,,,,,,,IMANU,IMANU May 2024 Patreon Samples,IMANU||IMANU May 2024 Patreon Samples||sine arp bm,20260910T171406,
350,Synth Loop,/Volumes/Jack_Gandy_1TB_SSD/Samples 2021 ->/Sample Packs/IMANU/IMANU Patreon August 2022 Samples/cba to figure out these notes but its a cool bass.wav,,,,,,,,,,IMANU,IMANU Patreon August 2022 Samples,IMANU||IMANU Patreon August 2022 Samples||cba to figure out these notes but its a cool bass,20260910T171406,
351,Synth Loop,/Volumes/Jack_Gandy_1TB_SSD/Samples 2021 ->/Sample Packs/IMANU/IMANU Patreon January 2023 Samples/prince of persia arp Fharmm.wav,,,,,,,,,,IMANU,IMANU Patreon January 2023 Samples,IMANU||IMANU Patreon January 2023 Samples||prince of persia arp fharmm,20260910T171406,
352,Synth Loop,/Volumes/Jack_Gandy_1TB_SSD/Samples 2021 ->/Sample Packs/IMANU/IMANU Patreon May 2022 Samples/happy cringe Fm 160.wav,,,,,,,,,,IMANU,IMANU Patreon May 2022 Samples,IMANU||IMANU Patreon May 2022 Samples||happy cringe fm,20260910T171406,
353,Synth Loop,/Volumes/Jack_Gandy_1TB_SSD/Samples 2021 ->/Sample Packs/IMANU/IMANU Patreon June 2024 Samples /Epic Reese Eharmm.wav,,,,,,,,,,IMANU,IMANU Patreon June 2024 Samples ,IMANU||IMANU Patreon June 2024 Samples ||epic reese eharmm,20260910T171406,
354,Synth Loop,/Volumes/Jack_Gandy_1TB_SSD/Samples 2021 ->/Sample Packs/IMANU/IMANU Patreon February 2023 Samples/soft plooky Am.wav,,,,,,,,,,IMANU,IMANU Patreon February 2023 Samples,IMANU||IMANU Patreon February 2023 Samples||soft plooky am,20260910T171406,
355,Synth Loop,/Volumes/Jack_Gandy_1TB_SSD/Samples 2021 ->/Sample Packs/IMANU/IMANU Patreon January 2022 Samples/Sad Arp Em.wav,,,,,,,,,,IMANU,IMANU Patreon January 2022 Samples,IMANU||IMANU Patreon January 2022 Samples||sad arp em,20260910T171406,
356,Bass Reese,/Volumes/Jack_Gandy_1TB_SSD/Samples 2021 ->/2022/Bass/Granular Resamples (F)/Freeze 14-medicin2 [2023-01-31 000207].wav,,,,,,,,,,personal:2022,personal:2022/Bass,personal:2022||personal:2022/Bass||freeze 14 medicin2,20260910T171406,
357,Synth One-Shot,/Volumes/Jack_Gandy_1TB_SSD/Samples 2021 ->/2022/Pads/Lp grains.wav,,,,,,,,,,personal:2022,personal:2022/Pads,personal:2022||personal:2022/Pads||lp grains,20260910T171406,
358,Other/none,/Volumes/Jack_Gandy_1TB_SSD/Samples 2021 ->/Sample Packs/IMANU/IMANU Patreon August 2024 Samples/josh pan collab Am.wav,,,mixed/full music,,,,,,,IMANU,IMANU Patreon August 2024 Samples,IMANU||IMANU Patreon August 2024 Samples||josh pan collab am,20260910T171406,
359,Synth Loop,/Volumes/Jack_Gandy_1TB_SSD/Samples 2021 ->/Sample Packs/IMANU/IMANU April 2024 Patreon Samples/Steps A.wav,,,,,,,,,,IMANU,IMANU April 2024 Patreon Samples,IMANU||IMANU April 2024 Patreon Samples||steps a,20260910T171406,
360,Other/none,/Volumes/Jack_Gandy_1TB_SSD/Samples 2021 ->/Sample Packs/IMANU/IMANU Patreon June 2022 Samples/808ssss F# F D.wav,,,mixed/full music,,,,,,,IMANU,IMANU Patreon June 2022 Samples,IMANU||IMANU Patreon June 2022 Samples||808ssss f# f d,20260910T171406,
361,Synth Loop,/Volumes/Jack_Gandy_1TB_SSD/Samples 2021 ->/Sample Packs/IMANU/IMANU Patreon March 2022 Samples/Formant Reese Chord F#harmm.wav,,,,,,,,,,IMANU,IMANU Patreon March 2022 Samples,IMANU||IMANU Patreon March 2022 Samples||formant reese chord f#harmm,20260910T171406,
362,Synth Loop,/Volumes/Jack_Gandy_1TB_SSD/Samples 2021 ->/Sample Packs/Production Music Live - Acoustic - Melodic House 4/Sequences/PMLxOT4_POL_Sequence_5th_horny_Horns_120BPM_Emin.wav,,,,,,,,,,Production Music Live - Acoustic - Melodic House 4,Sequences,Production Music Live - Acoustic - Melodic House 4||Sequences||pmlxot4 pol sequence 5th horny horns,20260910T171406,
363,Percussion Loop,/Volumes/Jack_Gandy_1TB_SSD/Samples 2021 ->/Sample Packs/Production Music Live - Acoustic - Melodic House 4/Tonal Percussion Loops/PMLxOT4_LAR_Tonal_Percussion_Loop_001_122BPM_Amin.wav,,,,,,,,,,Production Music Live - Acoustic - Melodic House 4,Tonal Percussion Loops,Production Music Live - Acoustic - Melodic House 4||Tonal Percussion Loops||pmlxot4 lar tonal percussion loop,20260910T171406,
364,Synth Loop,/Volumes/Jack_Gandy_1TB_SSD/Samples 2021 ->/Sample Packs/Production Music Live - Acoustic - Melodic House 4/Arpeggiator Loops/PMLxOT4_POL_Arp_Loop_Broken_Bells_001_120BPM_Gmin.wav,,,,,,,,,,Production Music Live - Acoustic - Melodic House 4,Arpeggiator Loops,Production Music Live - Acoustic - Melodic House 4||Arpeggiator Loops||pmlxot4 pol arp loop broken bells,20260910T171406,
365,Atmosphere,/Volumes/Jack_Gandy_1TB_SSD/Samples 2021 ->/Sample Packs/Production Music Live - Acoustic - Melodic House 4/Atmosphere Loops/PMLxOT4_LAR_Atmos_Loop_006_125BPM.wav,,,,,,,,,,Production Music Live - Acoustic - Melodic House 4,Atmosphere Loops,Production Music Live - Acoustic - Melodic House 4||Atmosphere Loops||pmlxot4 lar atmos loop,20260910T171406,
366,Synth One-Shot,/Volumes/Jack_Gandy_1TB_SSD/Samples 2021 ->/2022/Chord/Freeze 8-Thin dis calm [2022-05-11 232618].wav,,,,,,,,,,personal:2022,personal:2022/Chord,personal:2022||personal:2022/Chord||freeze 8 thin dis calm,20260910T171406,
367,Synth Loop,/Volumes/Jack_Gandy_1TB_SSD/Samples 2021 ->/2022/Olivia Rodrigo by Modern.fm [FREE]/Audio Files (.wav)/02 Cmaj 92.wav,,,,,,,,,,personal:2022,personal:2022/Olivia Rodrigo by Modern.fm [FREE],personal:2022||personal:2022/Olivia Rodrigo by Modern.fm [FREE]||02,20260910T171406,
368,Other/none,/Volumes/Jack_Gandy_1TB_SSD/Samples 2021 ->/2022/Neuro/FsHIFT.wav,,,mixed/full music,,,,,,,personal:2022,personal:2022/Neuro,personal:2022||personal:2022/Neuro||fshift,20260910T171406,
369,Kick Loop,/Volumes/Jack_Gandy_1TB_SSD/Samples 2021 ->/Sample Packs/Production Music Live - Acoustic - Melodic House 4/Bass Loops/PML_OT4_SV_Kick_Loop_001_122BPM.wav,,,,,,,,,,Production Music Live - Acoustic - Melodic House 4,Bass Loops,Production Music Live - Acoustic - Melodic House 4||Bass Loops||pml ot4 sv kick loop,20260910T171406,
370,Synth Loop,/Volumes/Jack_Gandy_1TB_SSD/Samples 2021 ->/Sample Packs/Production Music Live - Acoustic - Melodic House 4/FX & Texture Loops/PMLxOT4_LAR_Harmonic_Texture_Loop_001_123BPM_Fmin.wav,,,,,,,,,,Production Music Live - Acoustic - Melodic House 4,FX & Texture Loops,Production Music Live - Acoustic - Melodic House 4||FX & Texture Loops||pmlxot4 lar harmonic texture loop,20260910T171406,
371,Synth Loop,/Volumes/Jack_Gandy_1TB_SSD/Samples 2021 ->/2022/Resample Phrases/G minor Shallou p2.wav,,,,,,,,,,personal:2022,personal:2022/Resample Phrases,personal:2022||personal:2022/Resample Phrases||shallou p2,20260910T171406,
372,Foley,/Volumes/Jack_Gandy_1TB_SSD/Samples 2021 ->/Sample Packs/Virtual Riot/Studio Time S2 EP2 - Drums And More Episode Files/Raw Kitchen Foley Recordings/VR_ST_Foley_manyGlasses.wav,,,,,,,,,,Virtual Riot,Studio Time S2 EP2 - Drums And More Episode Files,Virtual Riot||Studio Time S2 EP2 - Drums And More Episode Files||vr st foley manyglasses,20260910T171406,
373,Other/none,/Volumes/Jack_Gandy_1TB_SSD/Samples 2021 ->/Sample Packs/Virtual Riot/PATREON GOODIES/Virtual Riot Bass Hits 2/F_Sicko28.wav,,,mixed/full music,,,,,,,Virtual Riot,PATREON GOODIES,Virtual Riot||PATREON GOODIES||f sicko28,20260910T171406,
374,Synth One-Shot,/Volumes/Jack_Gandy_1TB_SSD/Samples 2021 ->/Sample Packs/Virtual Riot/VR - Generative Chords & Melodies (MIDI Racks and Project files)/Chords + 2 Arp Layers & random sample selection Project/Samples/Imported/Rob Late - Pluck - Marimba Rattle (C).wav,,,,,,,,,,Virtual Riot,VR - Generative Chords & Melodies (MIDI Racks and Project files),Virtual Riot||VR - Generative Chords & Melodies (MIDI Racks and Project files)||rob late pluck marimba rattle (c),20260910T171406,
375,Snare,/Volumes/Jack_Gandy_1TB_SSD/Samples 2021 ->/Sample Packs/Virtual Riot/VR Patreon Kicks & Snares/snares/BrightSnare12.wav,,,,,,,,,,Virtual Riot,VR Patreon Kicks & Snares,Virtual Riot||VR Patreon Kicks & Snares||brightsnare12,20260910T171406,
376,SFX,/Volumes/Jack_Gandy_1TB_SSD/Samples 2021 ->/Sample Packs/Virtual Riot/Studio Time EP4 - Serum Hacks Files/Studio Time EP4 Project File/Samples/Processed/Reverse/X_Bamboo8 R.wav,,,,,,,,,,Virtual Riot,Studio Time EP4 - Serum Hacks Files,Virtual Riot||Studio Time EP4 - Serum Hacks Files||x bamboo8 r,20260910T171406,
377,Synth Loop,/Volumes/Jack_Gandy_1TB_SSD/Samples 2021 ->/Sample Packs/Black Octopus Sound - Pure Analog Sweeps IV (2021)/Xtra Loops/Diamaudix_Audio_PAS_IV_120_Bass_Loop_Gm.wav,,,,,,,,,,Black Octopus Sound - Pure Analog Sweeps IV (2021),Xtra Loops,Black Octopus Sound - Pure Analog Sweeps IV (2021)||Xtra Loops||diamaudix audio pas iv 120 bass loop gm,20260910T171406,
378,Clap,/Volumes/Jack_Gandy_1TB_SSD/Samples 2021 ->/Sample Packs/Black Octopus Sound - Pure Analog Sweeps IV (2021)/Xtra One Shots/Diamaudix_Audio_PAS_IV_Clap_03.wav,,,,,,,,,,Black Octopus Sound - Pure Analog Sweeps IV (2021),Xtra One Shots,Black Octopus Sound - Pure Analog Sweeps IV (2021)||Xtra One Shots||diamaudix audio pas iv clap,20260910T171406,
379,SFX,/Volumes/Jack_Gandy_1TB_SSD/Samples 2021 ->/Sample Packs/Black Octopus Sound - Pure Analog Sweeps IV (2021)/B/Diamaudix_Audio_PAS_IV_Sweep_FX_B14.wav,,,,,,,,,,Black Octopus Sound - Pure Analog Sweeps IV (2021),B,Black Octopus Sound - Pure Analog Sweeps IV (2021)||B||diamaudix audio pas iv sweep fx b14,20260910T171406,
380,Hi-Hat Loop,/Volumes/Jack_Gandy_1TB_SSD/Samples 2021 ->/Sample Packs/Capsun ProAudio - City Pop/Loops/Drum_Loops/Hihat/TCP_77_hihat_loop_romantics.wav,,,,,,,,,,Capsun ProAudio - City Pop,Loops,Capsun ProAudio - City Pop||Loops||tcp 77 hihat loop romantics,20260910T171406,
381,Foley Loop,/Volumes/Jack_Gandy_1TB_SSD/Samples 2021 ->/Sample Packs/Foley 2023/KNOIR FOLEY PACK 2023 (1A)/KNOIR_patreon_foley_drawer3.wav,,,,,,,,,,Foley 2023,KNOIR FOLEY PACK 2023 (1A),Foley 2023||KNOIR FOLEY PACK 2023 (1A)||knoir patreon foley drawer3,20260910T171406,
382,Clap,/Volumes/Jack_Gandy_1TB_SSD/Samples 2021 ->/Sample Packs/Senegal Sessions/One_Shots/Drums/Claps/SS_SS_clap_shaker.wav,,,,,,,,,,Senegal Sessions,One_Shots,Senegal Sessions||One_Shots||ss ss clap shaker,20260910T171406,
383,Foley,/Volumes/Jack_Gandy_1TB_SSD/Samples 2021 ->/Sample Packs/Foley 2023/KNOIR FOLEY PACK 2023 (1B)/KNOIR_patreon_foley_WEEDING1.wav,,,,,,,,,,Foley 2023,KNOIR FOLEY PACK 2023 (1B),Foley 2023||KNOIR FOLEY PACK 2023 (1B)||knoir patreon foley weeding1,20260910T171406,
384,Bass Hit,/Volumes/Jack_Gandy_1TB_SSD/Samples 2021 ->/Sample Packs/SIIK Sounds - Eclipse (Full Pack)/SIIK Sounds Eclipse (WAV Samples)/Synth Shots/Bass Shots/ECLIPSE Bass Shot 04 F.wav,,,,,,,,,,SIIK Sounds - Eclipse (Full Pack),SIIK Sounds Eclipse (WAV Samples),SIIK Sounds - Eclipse (Full Pack)||SIIK Sounds Eclipse (WAV Samples)||eclipse bass shot 04 f,20260910T171406,
385,Synth Loop,/Volumes/Jack_Gandy_1TB_SSD/Samples 2021 ->/Sample Packs/SIIK Sounds - Eclipse (Full Pack)/SIIK Sounds Eclipse (Construction Kits & FLPs)/Kit 01 - Emin (168BPM)/ECLIPSE Construction Kit 01 - Emin 168BPM (FLP)/Track 31 (consolidated)_2.wav,,,,,,,,,,SIIK Sounds - Eclipse (Full Pack),SIIK Sounds Eclipse (Construction Kits & FLPs),SIIK Sounds - Eclipse (Full Pack)||SIIK Sounds Eclipse (Construction Kits & FLPs)||track 31 (consolidated),20260910T171406,
386,SFX,/Volumes/Jack_Gandy_1TB_SSD/Samples 2021 ->/Sample Packs/SIIK Sounds - Eclipse (Full Pack)/SIIK Sounds Eclipse (Serum Presets)/Noises/User/SIIK Sounds Eclipse - Noises/Vinyl.wav,,,,,,,,,,SIIK Sounds - Eclipse (Full Pack),SIIK Sounds Eclipse (Serum Presets),SIIK Sounds - Eclipse (Full Pack)||SIIK Sounds Eclipse (Serum Presets)||vinyl,20260910T171406,
387,Synth Loop,/Volumes/Jack_Gandy_1TB_SSD/Samples 2021 ->/Sample Packs/Loaded Samples - Lo-Fi Memphis 2/MELODIES (X3 & DR5)/Stems (OG Versions)/OGSTEM_Kickin It #1 [73 BPM] (C#).wav,,,,,,,,,,Loaded Samples - Lo-Fi Memphis 2,MELODIES (X3 & DR5),Loaded Samples - Lo-Fi Memphis 2||MELODIES (X3 & DR5)||ogstem kickin it (c#),20260910T171406,
388,Percussion,/Volumes/Jack_Gandy_1TB_SSD/Samples 2021 ->/Sample Packs/Loaded Samples - Lo-Fi Memphis 2/DRUMS/Perc/LFM2_Vibraslap Heavy.wav,,Other Percussive Hit,,,,,,,,Loaded Samples - Lo-Fi Memphis 2,DRUMS,Loaded Samples - Lo-Fi Memphis 2||DRUMS||lfm2 vibraslap heavy,20260910T171406,
389,Bass Hit,/Volumes/Jack_Gandy_1TB_SSD/Samples 2021 ->/Sample Packs/Loaded Samples - Lo-Fi Memphis 2/MELODY CHOPS/CHOP_Splitbell #1 (B).wav,,,,,,,,,,Loaded Samples - Lo-Fi Memphis 2,MELODY CHOPS,Loaded Samples - Lo-Fi Memphis 2||MELODY CHOPS||chop splitbell (b),20260910T171406,
390,Vocal Loop,/Volumes/Jack_Gandy_1TB_SSD/Samples 2021 ->/Sample Packs/Loaded Samples - Lo-Fi Memphis 2/VOCALS/Wer Don't Just Rap [72 BPM].wav,,,,,,,,,,Loaded Samples - Lo-Fi Memphis 2,VOCALS,Loaded Samples - Lo-Fi Memphis 2||VOCALS||wer don't just rap,20260910T171406,
391,Foley,/Volumes/Jack_Gandy_1TB_SSD/Samples 2021 ->/Sample Packs/Loaded Samples - Lo-Fi Memphis 2/MISC SAMPLES (Bass & More)/LFM2_Gunshot (1).wav,,,,,,,,,,Loaded Samples - Lo-Fi Memphis 2,MISC SAMPLES (Bass & More),Loaded Samples - Lo-Fi Memphis 2||MISC SAMPLES (Bass & More)||lfm2 gunshot,20260910T171406,
392,Synth Loop,/Volumes/Jack_Gandy_1TB_SSD/Samples 2021 ->/Sample Packs/Loaded Samples - Lo-Fi Memphis 2/DRUMS & PERC LOOPS/808 Cowbell Loop #3 [65BPM] (A).wav,,,,,,,,,,Loaded Samples - Lo-Fi Memphis 2,DRUMS & PERC LOOPS,Loaded Samples - Lo-Fi Memphis 2||DRUMS & PERC LOOPS||808 cowbell loop (a),20260910T171406,
393,Snare,/Volumes/Jack_Gandy_1TB_SSD/Samples 2021 ->/Sample Packs/Koan Sound/Koan Sound Samples/Raw Drums/Raw/Raw Snare 01.wav,,,,,,,,,,Koan Sound,Koan Sound Samples,Koan Sound||Koan Sound Samples||raw snare,20260910T171406,
394,Foley Loop,/Volumes/Jack_Gandy_1TB_SSD/Samples 2021 ->/Sample Packs/Koan Sound/Koan Sound Samples 2/Project Files/Percussion Generator Project/Samples/Recorded/6-Audio 0001 [2023-07-06 153719].wav,,,,,,,,,,Koan Sound,Koan Sound Samples 2,Koan Sound||Koan Sound Samples 2||6 audio,20260910T171406,
395,Synth Loop,/Volumes/Jack_Gandy_1TB_SSD/Samples 2021 ->/Sample Packs/Koan Sound/Koan_Sound_2025/Shaper Table Track Project/Samples/Processed/Reverse/Banjo Arpeggio E Minor 100 bpm R.wav,,,,,,,,,,Koan Sound,Koan_Sound_2025,Koan Sound||Koan_Sound_2025||banjo arpeggio r,20260910T171406,
396,Snare,/Volumes/Jack_Gandy_1TB_SSD/Samples 2021 ->/Sample Packs/Organic Electronics 2 J.Views/JVIEWS_studio/JVIEWS_studio_one_shots/JVIEWS_tight_snare_tambourine.wav,,,,,,,,,,Organic Electronics 2 J.Views,JVIEWS_studio,Organic Electronics 2 J.Views||JVIEWS_studio||jviews tight snare tambourine,20260910T171406,
397,Foley Loop,/Volumes/Jack_Gandy_1TB_SSD/Samples 2021 ->/Sample Packs/Organic Electronics 2 J.Views/JVIEWS_desert/JVIEWS_desert_loops/JVIEWS_wooden_toughness_100.wav,,,,,,,,,,Organic Electronics 2 J.Views,JVIEWS_desert,Organic Electronics 2 J.Views||JVIEWS_desert||jviews wooden toughness,20260910T171406,
398,Synth Loop,/Volumes/Jack_Gandy_1TB_SSD/Samples 2021 ->/Sample Packs/Organic Electronics 2 J.Views/JVIEWS_countryside/JVIEWS_countryside_tonal/JVIEWS_tape_echo_chord_stab_03_F.wav,,,,,,,,,,Organic Electronics 2 J.Views,JVIEWS_countryside,Organic Electronics 2 J.Views||JVIEWS_countryside||jviews tape echo chord stab 03 f,20260910T171406,
399,Drum Loop,/Volumes/Jack_Gandy_1TB_SSD/Samples 2021 ->/Sample Packs/Organic Electronics 2 J.Views/JVIEWS_city/JVIEWS_city_loops/JVIEWS_soft_dark_01_100.wav,,,,,,,,,,Organic Electronics 2 J.Views,JVIEWS_city,Organic Electronics 2 J.Views||JVIEWS_city||jviews soft dark 01,20260910T171406,
400,Synth One-Shot,/Volumes/Jack_Gandy_1TB_SSD/Samples 2021 ->/Sample Packs/MGF Mega Pack/Analogue Collection/Bass/JX3P - Square Lo C1.wav,,,,,,,,,,MGF Mega Pack,Analogue Collection,MGF Mega Pack||Analogue Collection||jx3p square lo,20260910T171406,
401,Vocal One-Shot,/Volumes/Jack_Gandy_1TB_SSD/Samples 2021 ->/Sample Packs/MGF Mega Pack/Retro Digital Collection/Chords - Pads/JV Male Ooh A-5- AMaj7.wav,,,,,,,,,,MGF Mega Pack,Retro Digital Collection,MGF Mega Pack||Retro Digital Collection||jv male ooh amaj7,20260910T171406,
402,Vocal One-Shot,/Volumes/Jack_Gandy_1TB_SSD/Samples 2021 ->/Sample Packs/MGF Mega Pack/Misc + Found Sound/Wavestation Cassette Chords/Days of Breth-3-G#Maj 7.wav,,,,,,,,,,MGF Mega Pack,Misc + Found Sound,MGF Mega Pack||Misc + Found Sound||days of breth 3,20260910T171406,
403,Bass Hit,/Volumes/Jack_Gandy_1TB_SSD/Samples 2021 ->/Sample Packs/MGF Mega Pack/Multisamples/MGF DX21 Vol 1/DTROIT Bass 1/DTROIT Bass1 4 G0.wav,,,,,,,,,,MGF Mega Pack,Multisamples,MGF Mega Pack||Multisamples||dtroit bass1,20260910T171406,
404,Bass Hit,/Volumes/Jack_Gandy_1TB_SSD/Samples 2021 ->/Sample Packs/MGF Mega Pack/Wavetables/Producer Hive Analog + Vintage Wavetables (demo)/A01_MOD_Sq_Res2.wav,,,,,,,,,,MGF Mega Pack,Wavetables,MGF Mega Pack||Wavetables||a01 mod sq res2,20260910T171406,
405,Drum Loop,/Volumes/Jack_Gandy_1TB_SSD/Samples 2021 ->/Sample Packs/Breaks/The Drum Broker - International Breaks & Essential Kicks/The Drum Broker - International Breaks 1/VODKA.wav,,,,,,,,,,Breaks,The Drum Broker - International Breaks & Essential Kicks,Breaks||The Drum Broker - International Breaks & Essential Kicks||vodka,20260910T171406,
406,Crash,/Volumes/Jack_Gandy_1TB_SSD/Samples 2021 ->/Sample Packs/Breaks/Gems From The Crates/Percussion/AKT-PER-A012_bip.wav,,,,,,,,,,Breaks,Gems From The Crates,Breaks||Gems From The Crates||akt per a012 bip,20260910T171406,
407,Drum Loop,/Volumes/Jack_Gandy_1TB_SSD/Samples 2021 ->/Sample Packs/Breaks/Laidback Breaks/street fighter break.wav,,,,,,,,,,Breaks,Laidback Breaks,Breaks||Laidback Breaks||street fighter break,20260910T171406,
408,Drum Loop,/Volumes/Jack_Gandy_1TB_SSD/Samples 2021 ->/Sample Packs/Breaks/Berlin Breaks/Bill Withers - Kissing My Love (Break).wav,,,,,,,,,,Breaks,Berlin Breaks,Breaks||Berlin Breaks||bill withers kissing my love (break),20260910T171406,
409,Drum Loop,/Volumes/Jack_Gandy_1TB_SSD/Samples 2021 ->/Sample Packs/Breaks/Dirty Arse Drum Breaks/Dirty Arse Drum Breaks 2/85 BPM/Chops/85BPM_3 SNARE 1.wav,,,,,,,,,,Breaks,Dirty Arse Drum Breaks,Breaks||Dirty Arse Drum Breaks||3 snare,20260910T171406,
410,Drum Loop,/Volumes/Jack_Gandy_1TB_SSD/Samples 2021 ->/Sample Packs/Breaks/Edison Breaks/Lisabel.wav,,,,,,,,,,Breaks,Edison Breaks,Breaks||Edison Breaks||lisabel,20260910T171406,
411,Synth Loop,/Volumes/Jack_Gandy_1TB_SSD/Samples 2021 ->/Sample Packs/Breaks/The Drum Broker - Kingsway Music Library 2/09 cold world 131 bpm edit_2.wav,,,,,,,,,,Breaks,The Drum Broker - Kingsway Music Library 2,Breaks||The Drum Broker - Kingsway Music Library 2||09 cold world edit,20260910T171406,
412,Rimshot,/Volumes/Jack_Gandy_1TB_SSD/Samples 2021 ->/Sample Packs/Mike Shinoda Drums/MPC 1000 Backup/Mike_s Beats #1/crack_cl.wav,,,,,,,,,,Mike Shinoda Drums,MPC 1000 Backup,Mike Shinoda Drums||MPC 1000 Backup||crack cl,20260910T171406,
413,Other/none,/Volumes/Jack_Gandy_1TB_SSD/Samples 2021 ->/Sample Packs/Mike Shinoda Drums/MS BEATS/Bruiser Samples/RYGAR33.WAV,,,unsupported instrument,,,,,,,Mike Shinoda Drums,MS BEATS,Mike Shinoda Drums||MS BEATS||rygar33,20260910T171406,
414,Drum Loop,/Volumes/Jack_Gandy_1TB_SSD/Samples 2021 ->/Sample Packs/Organic Drum Kit/8 Drum Loops/Drum Loops/Drum Loop 13 - 95 BPM (A).wav,,,,,,,,,,Organic Drum Kit,8 Drum Loops,Organic Drum Kit||8 Drum Loops||drum loop 13 (a),20260910T171406,
415,Hi-Hat,/Volumes/Jack_Gandy_1TB_SSD/Samples 2021 ->/Sample Packs/Organic Drum Kit/Maschine Kits/Deep Impact Kit Samples/Organic - O.HiHat_F (1).wav,,,,,,,,,,Organic Drum Kit,Maschine Kits,Organic Drum Kit||Maschine Kits||organic o hihat f,20260910T171406,
416,Hi-Hat,/Volumes/Jack_Gandy_1TB_SSD/Samples 2021 ->/Sample Packs/Organic Drum Kit/4 Hi-Hats/2 Open Hats/Organic - O.HiHat_M (1).wav,,,,,,,,,,Organic Drum Kit,4 Hi-Hats,Organic Drum Kit||4 Hi-Hats||organic o hihat m,20260910T171406,
417,Percussion,/Volumes/Jack_Gandy_1TB_SSD/Samples 2021 ->/Sample Packs/Organic Drum Kit/5 Percussion/4 Metalic/4 Metalic Various/Organic - Metalic_Var (7).wav,,Other Percussive Hit,,,,,,,,Organic Drum Kit,5 Percussion,Organic Drum Kit||5 Percussion||organic metalic var,20260910T171406,
418,Percussion,/Volumes/Jack_Gandy_1TB_SSD/Samples 2021 ->/Sample Packs/Organic Drum Kit/6 Cymbals & Toms/2 Toms/Organic - Tom_O (1).wav,,Tom,,,,,,,,Organic Drum Kit,6 Cymbals & Toms,Organic Drum Kit||6 Cymbals & Toms||organic tom o,20260910T171406,
419,SFX,/Volumes/Jack_Gandy_1TB_SSD/Samples 2021 ->/Sample Packs/Sounds of KSHMR Vol.3/KSHMR_Drums/KSHMR_Cymbals/KSHMR_Crashes/KSHMR_Crash_FX_01_Glitch_Out.wav,,,,,,,,,,Sounds of KSHMR Vol.3,KSHMR_Drums,Sounds of KSHMR Vol.3||KSHMR_Drums||kshmr crash fx 01 glitch out,20260910T171406,
420,Synth One-Shot,/Volumes/Jack_Gandy_1TB_SSD/Samples 2021 ->/Sample Packs/Sounds of KSHMR Vol.3/KSHMR_FX_Elements/KSHMR_Ambiance_and_Foley/KSHMR_Ambiance_Designed/KSHMR_Pretty_Strikes/KSHMR_Ambiance_Pretty_Strike_03_D#.wav,,,,,,,,,,Sounds of KSHMR Vol.3,KSHMR_FX_Elements,Sounds of KSHMR Vol.3||KSHMR_FX_Elements||kshmr ambiance pretty strike 03 d#,20260910T171406,
421,Vocal Loop,/Volumes/Jack_Gandy_1TB_SSD/Samples 2021 ->/Sample Packs/Sounds of KSHMR Vol.3/KSHMR_Vocals/KSHMR_Vocals_Ethnic/KSHMR_Indian_Vocals/KSHMR_Indian_Vocal_Freestyles/KSHMR_Indian_Freestyle_Vocal_26_Gm.wav,,,,,,,,,,Sounds of KSHMR Vol.3,KSHMR_Vocals,Sounds of KSHMR Vol.3||KSHMR_Vocals||kshmr indian freestyle vocal 26 gm,20260910T171406,
422,Bass Hit,/Volumes/Jack_Gandy_1TB_SSD/Samples 2021 ->/Sample Packs/Sounds of KSHMR Vol.3/KSHMR_Live_Instruments/KSHMR_Orchestral_Instruments/KSHMR_Brass/KSHMR_Brass_Sustains/KSHMR_Brass_Sustain_12_G.wav,,,,,,,,,,Sounds of KSHMR Vol.3,KSHMR_Live_Instruments,Sounds of KSHMR Vol.3||KSHMR_Live_Instruments||kshmr brass sustain 12 g,20260910T171406,
423,Percussion Loop,/Volumes/Jack_Gandy_1TB_SSD/Samples 2021 ->/Sample Packs/Sounds of KSHMR Vol.3/KSHMR_Drums_Loops/KSHMR_Drum_Loops_Full/KSHMR_Moombah_Loops/KSHMR_Moombah_Drum_Loop_13_120.wav,,,,,,,,,,Sounds of KSHMR Vol.3,KSHMR_Drums_Loops,Sounds of KSHMR Vol.3||KSHMR_Drums_Loops||kshmr moombah drum loop 13,20260910T171406,
424,Bass Hit,/Volumes/Jack_Gandy_1TB_SSD/Samples 2021 ->/Sample Packs/Sounds of KSHMR Vol.3/KSHMR_Synths/KSHMR_Bass_Shots/KSHMR_Bass_Growl/KSHMR_Bass_Growl_03_D.wav,,,,,,,,,,Sounds of KSHMR Vol.3,KSHMR_Synths,Sounds of KSHMR Vol.3||KSHMR_Synths||kshmr bass growl 03 d,20260910T171406,
425,Other/none,/Volumes/Jack_Gandy_1TB_SSD/Samples 2021 ->/Sample Packs/Sounds of KSHMR Vol.3/KSHMR_World_Sounds/KSHMR_Latin_America/KSHMR_Latin_MX_Carnival_Anthem_115_Fm_Guitar.wav,,,mixed/full music,,,,,,,Sounds of KSHMR Vol.3,KSHMR_World_Sounds,Sounds of KSHMR Vol.3||KSHMR_World_Sounds||kshmr latin mx carnival anthem 115 fm guitar,20260910T171406,
426,Drum Fill,/Volumes/Jack_Gandy_1TB_SSD/Samples 2021 ->/Sample Packs/Sounds of KSHMR Vol.3/KSHMR_Fills/KSHMR_Acoustic_Fills/KSHMR_Acoustic_Fill_15_116.wav,,,,,,,,,,Sounds of KSHMR Vol.3,KSHMR_Fills,Sounds of KSHMR Vol.3||KSHMR_Fills||kshmr acoustic fill 15,20260910T171406,
427,Synth One-Shot,/Volumes/Jack_Gandy_1TB_SSD/Samples 2021 ->/Sample Packs/Sounds of KSHMR Vol.3/KSHMR_VIP_Friends_of_KSHMR/CROSSNADERS/CROSSNADERS_Lead_Pound_That_Low_02_E.wav,,,,,,,,,,Sounds of KSHMR Vol.3,KSHMR_VIP_Friends_of_KSHMR,Sounds of KSHMR Vol.3||KSHMR_VIP_Friends_of_KSHMR||crossnaders lead pound that low 02 e,20260910T171406,
428,Other/none,/Volumes/Jack_Gandy_1TB_SSD/Samples 2021 ->/Sample Packs/Sounds of KSHMR Vol.3/KSHMR_Song_Starters/KSHMR_Song_Starters_Hip_Hop/KSHMR_Song_Starter_Hip_Hop_Lord_Help_Me_170_G#m_A.wav,,,mixed/full music,,,,,,,Sounds of KSHMR Vol.3,KSHMR_Song_Starters,Sounds of KSHMR Vol.3||KSHMR_Song_Starters||kshmr song starter hip hop lord help me 170 g#m a,20260910T171406,
429,Synth Loop,/Volumes/Jack_Gandy_1TB_SSD/Samples 2021 ->/Sample Packs/Origin Sound - Vintage Vibes 3 (2025)/loops/electric_piano_loops/OS_VV3_80_electric_piano_chords_faces_Am.wav,,,,,,,,,,Origin Sound - Vintage Vibes 3 (2025),loops,Origin Sound - Vintage Vibes 3 (2025)||loops||os vv3 80 electric piano chords faces am,20260910T171406,
430,Hi-Hat,/Volumes/Jack_Gandy_1TB_SSD/Samples 2021 ->/2021/Resamples/2021/Hi-Hat/openHatStereo1.wav,,,,,,,,,,personal:2021,personal:2021/Resamples,personal:2021||personal:2021/Resamples||openhatstereo1,20260910T171406,
431,Impact,"/Volumes/Jack_Gandy_1TB_SSD/Samples 2021 ->/Impluse Responce/Samplicity M7 Main - 02 - Wave, 32 bit, 48 Khz, v1.1/M7 - 6 Spaces 09 Arena/6 Spaces 09 Arena L.wav",,,,,,,,,,personal:Impluse Responce,"personal:Impluse Responce/Samplicity M7 Main - 02 - Wave, 32 bit, 48 Khz, v1.1","personal:Impluse Responce||personal:Impluse Responce/Samplicity M7 Main - 02 - Wave, 32 bit, 48 Khz, v1.1||6 spaces 09 arena l",20260910T171406,
432,Bass Reese,/Volumes/Jack_Gandy_1TB_SSD/Samples 2021 ->/2026/Reese_Bass_(F)/Bounce 1-simple nip [2026-03-24 011435]-1.wav,,,,,,,,,,personal:2026,personal:2026/Reese_Bass_(F),personal:2026||personal:2026/Reese_Bass_(F)||bounce 1 simple nip,20260910T171406,
433,Kick,/Volumes/Jack_Gandy_1TB_SSD/Samples 2021 ->/Impluse Responce/OwnHammer - Impulse Response Libraries - Classic Rock Essentials/44100 Hz/Classic Rock/Mic Pair Mixes/57+/OH Classic-Rock 57+58.wav,,,,,,,,,,personal:Impluse Responce,personal:Impluse Responce/OwnHammer - Impulse Response Libraries - Classic Rock Essentials,personal:Impluse Responce||personal:Impluse Responce/OwnHammer - Impulse Response Libraries - Classic Rock Essentials||oh classic rock 57+58,20260910T171406,
434,Foley,/Volumes/Jack_Gandy_1TB_SSD/Samples 2021 ->/2024/Vocoded Kitchen Foley/KF 112-foley_hit_thump_kick12.wav,,,,,,,,,,personal:2024,personal:2024/Vocoded Kitchen Foley,personal:2024||personal:2024/Vocoded Kitchen Foley||kf 112 foley hit thump kick12,20260910T171406,
435,Foley,/Volumes/Jack_Gandy_1TB_SSD/Samples 2021 ->/Impluse Responce/EchoThiefImpulseResponseLibrary/Recreation/HaleHolisticYogaStudio.wav,,,,,,,,,,personal:Impluse Responce,personal:Impluse Responce/EchoThiefImpulseResponseLibrary,personal:Impluse Responce||personal:Impluse Responce/EchoThiefImpulseResponseLibrary||haleholisticyogastudio,20260910T171406,
436,Kick,/Volumes/Jack_Gandy_1TB_SSD/Samples 2021 ->/Sample Packs/Flume Ultimate Community Kit/Melodics/Basses/jarodpanda_Box_808.wav,,,,,,,,,,Flume Ultimate Community Kit,Melodics,Flume Ultimate Community Kit||Melodics||jarodpanda box,20260910T171406,
437,Snare,/Volumes/Jack_Gandy_1TB_SSD/Samples 2021 ->/Sample Packs/Flume Ultimate Community Kit/Drums/Snares + Claps/myrmax_snare_30.wav,,,,,,,,,,Flume Ultimate Community Kit,Drums,Flume Ultimate Community Kit||Drums||myrmax snare,20260910T171406,
438,Foley Loop,/Volumes/Jack_Gandy_1TB_SSD/Samples 2021 ->/2024/Burial Samples/BURIED_130_Atmos2_4bars-130BPM-BANDLAB.wav,,,,,,,,,,personal:2024,personal:2024/Burial Samples,personal:2024||personal:2024/Burial Samples||buried 130 atmos2 4bars bandlab,20260910T171406,
439,Bass Reese,/Volumes/Jack_Gandy_1TB_SSD/Samples 2021 ->/2023/Reese Resamples (F)/Freeze 2-me [2023-12-31 042649].wav,,,,,,,,,,personal:2023,personal:2023/Reese Resamples (F),personal:2023||personal:2023/Reese Resamples (F)||freeze 2 me,20260910T171406,
440,Bass Reese,/Volumes/Jack_Gandy_1TB_SSD/Samples 2021 ->/2025/Reese_Bass_(F)/Bounce 28-hype [2026-01-07 171801]-2.wav,,,,,,,,,,personal:2025,personal:2025/Reese_Bass_(F),personal:2025||personal:2025/Reese_Bass_(F)||bounce 28 hype,20260910T171406,
441,Bass Reese,/Volumes/Jack_Gandy_1TB_SSD/Samples 2021 ->/2024/Reese Bass (F)/Freeze 2-squaresaw [2025-01-07 184748]-2.wav,,,,,,,,,,personal:2024,personal:2024/Reese Bass (F),personal:2024||personal:2024/Reese Bass (F)||freeze 2 squaresaw,20260910T171406,
442,Synth One-Shot,/Volumes/Jack_Gandy_1TB_SSD/Samples 2021 ->/2024/Virtual Riot/VR Color-Bass Tools (100% Ableton Stock)/Samples/Imported/B4-1.wav,,,,,,,,,,personal:2024,personal:2024/Virtual Riot,personal:2024||personal:2024/Virtual Riot||b4,20260910T171406,
443,Crash,/Volumes/Jack_Gandy_1TB_SSD/Samples 2021 ->/Sample Packs/Production Music Live - Ben Böhmer - Sound Pack/Ableton Templates/PML - Blue Circle - Melodic Deep Template (Ben Style) Project/Samples/Imported/DPV4_RIDE_02.wav,,,,,,,,,,Production Music Live - Ben Böhmer - Sound Pack,Ableton Templates,Production Music Live - Ben Böhmer - Sound Pack||Ableton Templates||dpv4 ride,20260910T171406,
444,SFX,/Volumes/Jack_Gandy_1TB_SSD/Samples 2021 ->/Sample Packs/Flume Ultimate Community Kit/SFX/Glitches_and_stutters/ZAXCY_-_FX_Fill_-_Lathe.wav,,,,,,,,,,Flume Ultimate Community Kit,SFX,Flume Ultimate Community Kit||SFX||zaxcy fx fill lathe,20260910T171406,
445,Weather/Nature Atmos,/Volumes/Jack_Gandy_1TB_SSD/Samples 2021 ->/Sound For Games/Audio/Packs/PB - Footstep SFX/Footstep SFX/Puddle_Walking.wav,,,,,,,,,,personal:Sound For Games,personal:Sound For Games/Audio,personal:Sound For Games||personal:Sound For Games/Audio||puddle walking,20260910T171406,
446,Bass Reese,/Volumes/Jack_Gandy_1TB_SSD/Samples 2021 ->/2024/808s (F)/Freeze 2-808 newer [2024-04-17 132930].wav,,,,,,,,,,personal:2024,personal:2024/808s (F),personal:2024||personal:2024/808s (F)||freeze 2 808 newer,20260910T171406,
447,Vocal Loop,/Volumes/Jack_Gandy_1TB_SSD/Samples 2021 ->/Sample Packs/Black Lotus Audio x Dianna Artist Pack/Sung Phrases/BLA - Think About Their Feelings 1 - C Major.wav,,,,,,,,,,Black Lotus Audio x Dianna Artist Pack,Sung Phrases,Black Lotus Audio x Dianna Artist Pack||Sung Phrases||bla think about their feelings,20260910T171406,
448,Drum Loop,/Volumes/Jack_Gandy_1TB_SSD/Samples 2021 ->/2023/Drums/IMANU Beat.wav,,,,,,,,,,personal:2023,personal:2023/Drums,personal:2023||personal:2023/Drums||imanu beat,20260910T171406,
449,Foley,/Volumes/Jack_Gandy_1TB_SSD/Samples 2021 ->/2025/Drums/Snare/Snare Wood Combo Hoosier.wav,,,,,,,,,,personal:2025,personal:2025/Drums,personal:2025||personal:2025/Drums||snare wood combo hoosier,20260910T171406,
450,Pad,/Volumes/Jack_Gandy_1TB_SSD/Samples 2021 ->/2023/Pads/Guitar pad.wav,,,,,,,,,,personal:2023,personal:2023/Pads,personal:2023||personal:2023/Pads||guitar pad,20260910T171406,
451,Hi-Hat,/Volumes/Jack_Gandy_1TB_SSD/Samples 2021 ->/Sample Packs/Rosentricks - Essentials/Drums & Aux Percussion/Hi-Hats/RT_High_Hat_Bit.wav,,,,,,,,,,Rosentricks - Essentials,Drums & Aux Percussion,Rosentricks - Essentials||Drums & Aux Percussion||rt high hat bit,20260910T171406,
452,Drum Loop,/Volumes/Jack_Gandy_1TB_SSD/Samples 2021 ->/2024/Amen_Break_Processed.wav,,,,,,,,,,personal:2024,personal:2024/_loose,personal:2024||personal:2024/_loose||amen break processed,20260910T171406,
453,Synth One-Shot,/Volumes/Jack_Gandy_1TB_SSD/Samples 2021 ->/2025/Bounce 22-Operator [2025-06-24 144636]-2.wav,,,,,,,,,,personal:2025,personal:2025/_loose,personal:2025||personal:2025/_loose||bounce 22 operator,20260910T171406,
454,Foley,/Volumes/Jack_Gandy_1TB_SSD/Samples 2021 ->/Sample Packs/Fishing Beat Sample Pack/Fishing Beat Sample Pack Fishing Bells.wav,,,,,,,,,,Fishing Beat Sample Pack,Fishing Beat Sample Pack,Fishing Beat Sample Pack||Fishing Beat Sample Pack||fishing beat sample pack fishing bells,20260910T171406,
455,Synth One-Shot,/Volumes/Jack_Gandy_1TB_SSD/Samples 2021 ->/Sample Packs/Rosentricks - Essentials/Melodic Oneshots/RT_One_Shot_Squeak_80s_Synth_C.wav,,,,,,,,,,Rosentricks - Essentials,Melodic Oneshots,Rosentricks - Essentials||Melodic Oneshots||rt one shot squeak 80s synth c,20260910T171406,
456,Synth One-Shot,/Volumes/Jack_Gandy_1TB_SSD/Samples 2021 ->/2023/Leads/Freeze 10-Operator [2023-03-13 182531].wav,,,,,,,,,,personal:2023,personal:2023/Leads,personal:2023||personal:2023/Leads||freeze 10 operator,20260910T171406,
457,Vocal Loop,/Volumes/Jack_Gandy_1TB_SSD/Samples 2021 ->/Sample Packs/Black Lotus Audio x Dianna Artist Pack/Spoken Phrases/BLA - Do You Like It 1.wav,,,,,,,,,,Black Lotus Audio x Dianna Artist Pack,Spoken Phrases,Black Lotus Audio x Dianna Artist Pack||Spoken Phrases||bla do you like it,20260910T171406,
458,Synth One-Shot,/Volumes/Jack_Gandy_1TB_SSD/Samples 2021 ->/2024/Leads/Freeze 3-Labs Piano [2024-04-14 183331].wav,,,,,,,,,,personal:2024,personal:2024/Leads,personal:2024||personal:2024/Leads||freeze 3 labs piano,20260910T171406,
459,Rimshot,/Volumes/Jack_Gandy_1TB_SSD/Samples 2021 ->/Ableton Sampler/Hammond L102 Ableton Edition/HornR.wav,,,,,,,,,,personal:Ableton Sampler,personal:Ableton Sampler/Hammond L102 Ableton Edition,personal:Ableton Sampler||personal:Ableton Sampler/Hammond L102 Ableton Edition||hornr,20260910T171406,
460,Foley Loop,/Volumes/Jack_Gandy_1TB_SSD/Samples 2021 ->/Sample Packs/Foley Pack 02/Crunching Eggshells.wav,,,,,,,,,,Foley Pack 02,Foley Pack 02,Foley Pack 02||Foley Pack 02||crunching eggshells,20260910T171406,
461,Drum Loop,/Volumes/Jack_Gandy_1TB_SSD/Samples 2021 ->/2024/Drums/Loops/Rock Break.wav,,,,,,,,,,personal:2024,personal:2024/Drums,personal:2024||personal:2024/Drums||rock break,20260910T173709,
462,Bass Reese,/Volumes/Jack_Gandy_1TB_SSD/Samples 2021 ->/2025/808_Reese_(F)/Freeze 2-guiltyasplz [2025-02-20 225400]-2.wav,,,,,,,,,,personal:2025,personal:2025/808_Reese_(F),personal:2025||personal:2025/808_Reese_(F)||freeze 2 guiltyasplz,20260910T173709,
463,Percussion,/Volumes/Jack_Gandy_1TB_SSD/Samples 2021 ->/Sample Packs/Analog Percussion Vol.3 by Donit/Drumbrute Impact FM Drum - Medium 23.wav,,Other Percussive Hit,,,,,,,,Analog Percussion Vol.3 by Donit,Analog Percussion Vol.3 by Donit,Analog Percussion Vol.3 by Donit||Analog Percussion Vol.3 by Donit||drumbrute impact fm drum medium,20260910T173709,
464,Foley,/Volumes/Jack_Gandy_1TB_SSD/Samples 2021 ->/Sample Packs/Production Music Live - Ben Böhmer - Sound Pack/Sample Pack V1.0/One Shots/Snaps/PML_BOEHMER_SNAP_001.wav,,,,,,,,,,Production Music Live - Ben Böhmer - Sound Pack,Sample Pack V1.0,Production Music Live - Ben Böhmer - Sound Pack||Sample Pack V1.0||pml boehmer snap,20260910T173709,
465,Bass Reese,/Volumes/Jack_Gandy_1TB_SSD/Samples 2021 ->/2023/Cello Bass (F)/Freeze 1-Complex Ceello [2023-07-29 014303].wav,,,,,,,,,,personal:2023,personal:2023/Cello Bass (F),personal:2023||personal:2023/Cello Bass (F)||freeze 1 complex ceello,20260910T173709,
466,SFX,/Volumes/Jack_Gandy_1TB_SSD/Samples 2021 ->/Sound For Games/SampleScience_Modern_Scifi_Sfx_Sample_Pack/Landing.wav,,,,,,,,,,personal:Sound For Games,personal:Sound For Games/SampleScience_Modern_Scifi_Sfx_Sample_Pack,personal:Sound For Games||personal:Sound For Games/SampleScience_Modern_Scifi_Sfx_Sample_Pack||landing,20260910T173709,
467,Foley,/Volumes/Jack_Gandy_1TB_SSD/Samples 2021 ->/Sound For Games/Grenade_Collision 28 [2025-05-28 134454].wav,,,,,,,,,,personal:Sound For Games,personal:Sound For Games/_loose,personal:Sound For Games||personal:Sound For Games/_loose||grenade collision,20260910T173709,
468,SFX,/Volumes/Jack_Gandy_1TB_SSD/Samples 2021 ->/Sample Packs/Teddy Killerz/Producer Pack (1)/Samples/FX 174 BPM  - 1.wav,,,,,,,,,,Teddy Killerz,Producer Pack (1),Teddy Killerz||Producer Pack (1)||fx,20260910T173709,
469,Percussion Loop,/Volumes/Jack_Gandy_1TB_SSD/Samples 2021 ->/Sample Packs/Daniel Sadownick - Percussion/splice-export__daniel-sadownick-percussion-session_edited/loop/Percussion/RT_Percussion_Session_Conga_Loop_11_Percussion_Daniel_Sadownick_137__loop.wav,,,,,,,,,,Daniel Sadownick - Percussion,splice-export__daniel-sadownick-percussion-session_edited,Daniel Sadownick - Percussion||splice-export__daniel-sadownick-percussion-session_edited||rt percussion session conga loop 11 percussion daniel sadownick 137 loop,20260910T173709,
470,Drum Loop,/Volumes/Jack_Gandy_1TB_SSD/Samples 2021 ->/Sample Packs/KORE - Grooves/splice-export__kore-london-grooves/one_shot/Drums/RT_Kore_Players_Drum_Fill_11_Drums_Sarah_Jones_one_shot.wav,,,,,,,,,,KORE - Grooves,splice-export__kore-london-grooves,KORE - Grooves||splice-export__kore-london-grooves||rt kore players drum fill 11 drums sarah jones one shot,20260910T173709,
471,Percussion,/Volumes/Jack_Gandy_1TB_SSD/Samples 2021 ->/Sample Packs/Daniel Sadownick - Creative Percussion/RT_Daniel_Sadownick_Degraw_Session/one_shot/Percussion/RT_Daniel_Sadownick_Degraw_Creative_Percussion_Flexitone_One_Shots_2.wav,,Other Percussive Hit,,,,,,,,Daniel Sadownick - Creative Percussion,RT_Daniel_Sadownick_Degraw_Session,Daniel Sadownick - Creative Percussion||RT_Daniel_Sadownick_Degraw_Session||rt daniel sadownick degraw creative percussion flexitone one shots,20260910T173709,
472,Synth One-Shot,/Volumes/Jack_Gandy_1TB_SSD/Samples 2021 ->/2023/Chord Stabs/Freeze 24-Freeze 24-Operator [2023-07-27 143207].wav,,,,,,,,,,personal:2023,personal:2023/Chord Stabs,personal:2023||personal:2023/Chord Stabs||freeze 24 freeze 24 operator,20260910T173709,
473,Bass Hit,/Volumes/Jack_Gandy_1TB_SSD/Samples 2021 ->/Ableton Sampler/BL+Palm+Muted+Upright+3.1+ABLETON/BL Palm Muted Upright 3.1 Project/Samples/Imported/BL_PALMMUTEDUPRIGHT_P_C0.wav,,,,,,,,,,personal:Ableton Sampler,personal:Ableton Sampler/BL+Palm+Muted+Upright+3.1+ABLETON,personal:Ableton Sampler||personal:Ableton Sampler/BL+Palm+Muted+Upright+3.1+ABLETON||bl palmmutedupright p,20260910T173709,
474,Synth One-Shot,/Volumes/Jack_Gandy_1TB_SSD/Samples 2021 ->/Sample Packs/Rosentricks - Essentials/Chords/RT_Chord_Brass_Nostalgia_C_maj_seven_105.wav,,,,,,,,,,Rosentricks - Essentials,Chords,Rosentricks - Essentials||Chords||rt chord brass nostalgia seven,20260910T173709,
475,Synth One-Shot,/Volumes/Jack_Gandy_1TB_SSD/Samples 2021 ->/2025/Melodic/Vocoder_Saw.wav,,,,,,,,,,personal:2025,personal:2025/Melodic,personal:2025||personal:2025/Melodic||vocoder saw,20260910T173709,
476,Foley,/Volumes/Jack_Gandy_1TB_SSD/Samples 2021 ->/Sample Packs/Andreas Klein - Jazz Drums/splice-export__andreas-klein-jazz-drums_edited/one_shot/Drums/Snare/RT_Jazz_Drums_Jazz_Kit_Snare_Rim_Click_Double_Flam_2_Drums_Andreas_Klein_one_shot.wav,,,,,,,,,,Andreas Klein - Jazz Drums,splice-export__andreas-klein-jazz-drums_edited,Andreas Klein - Jazz Drums||splice-export__andreas-klein-jazz-drums_edited||rt jazz drums jazz kit snare rim click double flam 2 drums andreas klein one shot,20260910T173709,
477,Percussion Loop,/Volumes/Jack_Gandy_1TB_SSD/Samples 2021 ->/Sample Packs/Bendji Allonce - Percussion/splice-export__bendji-allonce-percussion-pack_edited/loop/Percussion/RT_Bendji_Allonce_Shaker_Loop_1_Percussion_Bendji_Allonce_120_loop.wav,,,,,,,,,,Bendji Allonce - Percussion,splice-export__bendji-allonce-percussion-pack_edited,Bendji Allonce - Percussion||splice-export__bendji-allonce-percussion-pack_edited||rt bendji allonce shaker loop 1 percussion bendji allonce 120 loop,20260910T173709,
478,Vocal Loop,/Volumes/Jack_Gandy_1TB_SSD/Samples 2021 ->/Sample Packs/Black Lotus Audio x Dianna Artist Pack/Misc Sounds/BLA - Ooh 1.wav,,,,,,,,,,Black Lotus Audio x Dianna Artist Pack,Misc Sounds,Black Lotus Audio x Dianna Artist Pack||Misc Sounds||bla ooh,20260910T173709,
479,Synth Loop,/Volumes/Jack_Gandy_1TB_SSD/Samples 2021 ->/Sample Packs/Teddy Killerz/Producer Pack/Samples/Bass D#m 174 BPM - 6.wav,,,,,,,,,,Teddy Killerz,Producer Pack,Teddy Killerz||Producer Pack||bass d#m,20260910T173709,
480,SFX,/Volumes/Jack_Gandy_1TB_SSD/Samples 2021 ->/2024/Drones/Noise in Comb Filter (c).wav,,,,,,,,,,personal:2024,personal:2024/Drones,personal:2024||personal:2024/Drones||noise in comb filter (c),20260910T173709,
481,Bass Hit,/Volumes/Jack_Gandy_1TB_SSD/Samples 2021 ->/2024/Instruments (C1)/Bass Guitar C1.wav,,,,,,,,,,personal:2024,personal:2024/Instruments (C1),personal:2024||personal:2024/Instruments (C1)||bass guitar,20260910T173709,
482,Bass Reese,/Volumes/Jack_Gandy_1TB_SSD/Samples 2021 ->/2023/Long Bass Resamples (F)/Freeze 2-derr [2023-07-25 031952].wav,,,,,,,,,,personal:2023,personal:2023/Long Bass Resamples (F),personal:2023||personal:2023/Long Bass Resamples (F)||freeze 2 derr,20260910T173709,
483,Other/none,/Volumes/Jack_Gandy_1TB_SSD/Samples 2021 ->/2024/Cello/cello-sustained-dark-single-note_147bpm_C_major.wav,,,unsupported instrument,,,,,,,personal:2024,personal:2024/Cello,personal:2024||personal:2024/Cello||cello sustained dark single note,20260910T173709,
484,Snare,/Volumes/Jack_Gandy_1TB_SSD/Samples 2021 ->/2026/(Bounce) [2026-01-26 003025].wav,,,,,,,,,,personal:2026,personal:2026/_loose,personal:2026||personal:2026/_loose||(bounce),20260910T173709,
485,Foley,/Volumes/Jack_Gandy_1TB_SSD/Samples 2021 ->/Ableton Sampler/Breitler Switzerland Musicbox - Anne Obel/Samples/Breitler Wind Spring 1.wav,,,,,,,,,,personal:Ableton Sampler,personal:Ableton Sampler/Breitler Switzerland Musicbox - Anne Obel,personal:Ableton Sampler||personal:Ableton Sampler/Breitler Switzerland Musicbox - Anne Obel||breitler wind spring,20260910T173709,
486,Vocal Loop,/Volumes/Jack_Gandy_1TB_SSD/Samples 2021 ->/Sample Packs/Bright Lights Vocal Sample Pack/Bright_Lights_Vocal_Sample_Pack/Backing_Vocals/BL_C#m_120_BVs_loop_GirlGroup_HighHarm.wav,,,,,,,,,,Bright Lights Vocal Sample Pack,Bright_Lights_Vocal_Sample_Pack,Bright Lights Vocal Sample Pack||Bright_Lights_Vocal_Sample_Pack||bl c#m 120 bvs loop girlgroup highharm,20260910T173709,
487,Vocal One-Shot,/Volumes/Jack_Gandy_1TB_SSD/Samples 2021 ->/Sample Packs/KRANE Samples/KRNE_SpliceSamplePack/Vox/KRNE_Movin_Chant_Hi_Pitch.wav,,,,,,,,,,KRANE Samples,KRNE_SpliceSamplePack,KRANE Samples||KRNE_SpliceSamplePack||krne movin chant hi pitch,20260910T173709,
488,Impact,/Volumes/Jack_Gandy_1TB_SSD/Samples 2021 ->/Sample Packs/Soundbox - Maximum FX (2019)/SB_MFX_124_LOOPS/SB_MFX_124_IMPACTS/SB_MFX_124_IMPACT_001.wav,,,,,,,,,,Soundbox - Maximum FX (2019),SB_MFX_124_LOOPS,Soundbox - Maximum FX (2019)||SB_MFX_124_LOOPS||sb mfx 124 impact,20260910T173709,
489,Riser,/Volumes/Jack_Gandy_1TB_SSD/Samples 2021 ->/Sample Packs/Soundbox - Maximum FX (2019)/SB_MFX_128_LOOPS/SB_MFX_128_RISES/SB_MFX_128_RISE_001.wav,,,,,,,,,,Soundbox - Maximum FX (2019),SB_MFX_128_LOOPS,Soundbox - Maximum FX (2019)||SB_MFX_128_LOOPS||sb mfx 128 rise,20260910T173709,
490,Riser,/Volumes/Jack_Gandy_1TB_SSD/Samples 2021 ->/Sample Packs/Soundbox - Maximum FX (2019)/SB_MFX_140_LOOPS/SB_MFX_140_RISES/SB_MFX_140_RISE_001.wav,,,,,,,,,,Soundbox - Maximum FX (2019),SB_MFX_140_LOOPS,Soundbox - Maximum FX (2019)||SB_MFX_140_LOOPS||sb mfx 140 rise,20260910T173709,
491,Percussion Loop,/Volumes/Jack_Gandy_1TB_SSD/Samples 2021 ->/Sample Packs/Sounds by MdL V1/Sounds_by_MdL_Volume_1/Drum_Loops/Percussion_Loops/MdL_82_percussion_loop_paperhearts.wav,,,,,,,,,,Sounds by MdL V1,Sounds_by_MdL_Volume_1,Sounds by MdL V1||Sounds_by_MdL_Volume_1||mdl 82 percussion loop paperhearts,20260910T173709,
492,Bass Reese,/Volumes/Jack_Gandy_1TB_SSD/Samples 2021 ->/2023/808/Freeze 808 [2023-07-27 182310].wav,,,,,,,,,,personal:2023,personal:2023/808,personal:2023||personal:2023/808||freeze,20260910T173709,
493,Kick,/Volumes/Jack_Gandy_1TB_SSD/Samples 2021 ->/Sample Packs/Origin Sound - Vintage Vibes 3 (2025)/one_shots/drum_hits/kicks/OS_VV3_kick_brooklyn.wav,,,,,,,,,,Origin Sound - Vintage Vibes 3 (2025),one_shots,Origin Sound - Vintage Vibes 3 (2025)||one_shots||os vv3 kick brooklyn,20260910T173709,
494,Drum Loop,/Volumes/Jack_Gandy_1TB_SSD/Samples 2021 ->/Sample Packs/Drum Breaks/Afrique - House Of Rising Funk (part2).wav,,,,,,,,,,Drum Breaks,Drum Breaks,Drum Breaks||Drum Breaks||afrique house of rising funk (part2),20260910T173709,
495,Drum Loop,/Volumes/Jack_Gandy_1TB_SSD/Samples 2021 ->/Sample Packs/ZO2-THAI BREAKBEAT KIT VOL.1/Drum Loops/ZO2-THBK-DRUMLOOP-015-A.wav,,,,,,,,,,ZO2-THAI BREAKBEAT KIT VOL.1,Drum Loops,ZO2-THAI BREAKBEAT KIT VOL.1||Drum Loops||zo2 thbk drumloop 015 a,20260910T173709,
496,Foley,/Volumes/Jack_Gandy_1TB_SSD/Samples 2021 ->/Vocalist_Samples/Richard Devine/Switch RD Modular.wav,,,,,,,,,,personal:Vocalist_Samples,personal:Vocalist_Samples/Richard Devine,personal:Vocalist_Samples||personal:Vocalist_Samples/Richard Devine||switch rd modular,20260910T173709,
497,Snare,/Volumes/Jack_Gandy_1TB_SSD/Samples 2021 ->/Vocalist_Samples/Philomene Tsongui/Snare PT Acoustic 1.wav,,,,,,,,,,personal:Vocalist_Samples,personal:Vocalist_Samples/Philomene Tsongui,personal:Vocalist_Samples||personal:Vocalist_Samples/Philomene Tsongui||snare pt acoustic,20260910T173709,
498,Synth Loop,/Volumes/Jack_Gandy_1TB_SSD/Samples 2021 ->/Vocalist_Samples/Georgia/Loops/Combo[91] Georgia GeeMoneyMagic 1.wav,,,,,,,,,,personal:Vocalist_Samples,personal:Vocalist_Samples/Georgia,personal:Vocalist_Samples||personal:Vocalist_Samples/Georgia||combo georgia geemoneymagic,20260910T173709,
499,Synth Loop,/Volumes/Jack_Gandy_1TB_SSD/Samples 2021 ->/Vocalist_Samples/Laurel Halo/Loops/Chord[120] LH EPianoFilter.wav,,,,,,,,,,personal:Vocalist_Samples,personal:Vocalist_Samples/Laurel Halo,personal:Vocalist_Samples||personal:Vocalist_Samples/Laurel Halo||chord lh epianofilter,20260910T173709,
