bucket,path,filename,collection,pack,current_label,current_subtype,model_prediction,model_confidence,token_evidence,token_risk,token_candidates,token_families,action_state,reason_selected,options,label,subtype,form,not_in_list_label,not_enough_info,taxonomy_gap,reviewer_confidence,note,taxonomy_version,dataset_version
top_hihat_loop,/Volumes/Jack_Gandy_1TB_SSD/Samples 2021 ->/Sample Packs/Just Jared - OP1 Drums/Hihats/Just Jared - OP1 Drums Hihat 3.wav,Just Jared - OP1 Drums Hihat 3.wav,Just Jared - OP1 Drums,Hihats,,,,,Hihat,medium,Hi-Hat,Hi-Hat,review,"top/hat token: Top Loop has 6 labels, the Top-vs-Hi-Hat-Loop overlap is unevidenced",Top Loop / Hi-Hat Loop / Percussion Loop / Drum Loop / Hi-Hat / Other/none / Unknown (write a note) / Not in this list (write it) / Not enough information / Corrupt / unusable / Taxonomy gap,,,,,,,,,1.1.0,1.0.0
top_hihat_loop,/Volumes/Jack_Gandy_1TB_SSD/Samples 2021 ->/Sample Packs/Drum Recollection/New Wave Drum Kit Vol. 1/New Wave Drum Kit/Hi-Hats/Uzi Hi-Hat .wav,Uzi Hi-Hat .wav,Drum Recollection,New Wave Drum Kit Vol. 1,,,,,Hi Hat|Hat,medium,Hi-Hat,Hi-Hat,review,"top/hat token: Top Loop has 6 labels, the Top-vs-Hi-Hat-Loop overlap is unevidenced",Top Loop / Hi-Hat Loop / Percussion Loop / Drum Loop / Hi-Hat / Other/none / Unknown (write a note) / Not in this list (write it) / Not enough information / Corrupt / unusable / Taxonomy gap,,,,,,,,,1.1.0,1.0.0
top_hihat_loop,/Volumes/Jack_Gandy_1TB_SSD/Samples 2021 ->/Sample Packs/Sounds of KSHMR Vol.3/KSHMR_Drums_Loops/KSHMR_Drum_Loops_Full/KSHMR_Hip_Hop_Drum_Loops/KSHMR_Hip_Hop_Top_Loops/KSHMR_Hip_Hop_Top_Loop_15_128.wav,KSHMR_Hip_Hop_Top_Loop_15_128.wav,Sounds of KSHMR Vol.3,KSHMR_Drums_Loops,,,,,Top|Loop,high,,Loop,review,"top/hat token: Top Loop has 6 labels, the Top-vs-Hi-Hat-Loop overlap is unevidenced",Top Loop / Hi-Hat Loop / Percussion Loop / Drum Loop / Hi-Hat / Other/none / Unknown (write a note) / Not in this list (write it) / Not enough information / Corrupt / unusable / Taxonomy gap,,,,,,,,,1.1.0,1.0.0
top_hihat_loop,/Volumes/Jack_Gandy_1TB_SSD/Samples 2021 ->/Sample Packs/Drum Recollection/Essentials Drumkit Vol. 002/Hi-Hats/Smoke OBS Hi-Hat.wav,Smoke OBS Hi-Hat.wav,Drum Recollection,Essentials Drumkit Vol. 002,,,,,Hi Hat|Hat,medium,Hi-Hat,Hi-Hat,review,"top/hat token: Top Loop has 6 labels, the Top-vs-Hi-Hat-Loop overlap is unevidenced",Top Loop / Hi-Hat Loop / Percussion Loop / Drum Loop / Hi-Hat / Other/none / Unknown (write a note) / Not in this list (write it) / Not enough information / Corrupt / unusable / Taxonomy gap,,,,,,,,,1.1.0,1.0.0
top_hihat_loop,/Volumes/Jack_Gandy_1TB_SSD/Samples 2021 ->/Sample Packs/Sounds of KSHMR Vol.3/KSHMR_Drums_Loops/KSHMR_Drum_Loops_Full/KSHMR_Hip_Hop_Drum_Loops/KSHMR_Hip_Hop_Top_Loops/KSHMR_Hip_Hop_Top_Loop_09_110.wav,KSHMR_Hip_Hop_Top_Loop_09_110.wav,Sounds of KSHMR Vol.3,KSHMR_Drums_Loops,,,,,Top|Loop,high,,Loop,review,"top/hat token: Top Loop has 6 labels, the Top-vs-Hi-Hat-Loop overlap is unevidenced",Top Loop / Hi-Hat Loop / Percussion Loop / Drum Loop / Hi-Hat / Other/none / Unknown (write a note) / Not in this list (write it) / Not enough information / Corrupt / unusable / Taxonomy gap,,,,,,,,,1.1.0,1.0.0
top_hihat_loop,/Volumes/Jack_Gandy_1TB_SSD/Samples 2021 ->/Sample Packs/Drum Recollection/Essentials Drum Kit Vol. 001/Open Hats/Slingshot Open Hat.wav,Slingshot Open Hat.wav,Drum Recollection,Essentials Drum Kit Vol. 001,,,,,Hat|Open Hat,medium,Hi-Hat,Hi-Hat,review,"top/hat token: Top Loop has 6 labels, the Top-vs-Hi-Hat-Loop overlap is unevidenced",Top Loop / Hi-Hat Loop / Percussion Loop / Drum Loop / Hi-Hat / Other/none / Unknown (write a note) / Not in this list (write it) / Not enough information / Corrupt / unusable / Taxonomy gap,,,,,,,,,1.1.0,1.0.0
top_hihat_loop,/Volumes/Jack_Gandy_1TB_SSD/Samples 2021 ->/Sample Packs/Origin Sound - Adore - RNB Soul (2025)/one_shots/drum_hits/hihats/OS_AD_hihat_woody.wav,OS_AD_hihat_woody.wav,Origin Sound - Adore - RNB Soul (2025),one_shots,,,,,hihat,medium,Hi-Hat,Hi-Hat,review,"top/hat token: Top Loop has 6 labels, the Top-vs-Hi-Hat-Loop overlap is unevidenced",Top Loop / Hi-Hat Loop / Percussion Loop / Drum Loop / Hi-Hat / Other/none / Unknown (write a note) / Not in this list (write it) / Not enough information / Corrupt / unusable / Taxonomy gap,,,,,,,,,1.1.0,1.0.0
top_hihat_loop,/Volumes/Jack_Gandy_1TB_SSD/Samples 2021 ->/Sample Packs/Sounds of KSHMR Vol.3/KSHMR_Drums_Loops/KSHMR_Drum_Loops_Full/KSHMR_Top_Loops/KSHMR_Top_Loops_120-128/KSHMR_Top_Loop_20_128.wav,KSHMR_Top_Loop_20_128.wav,Sounds of KSHMR Vol.3,KSHMR_Drums_Loops,,,,,Top|Loop,high,,Loop,review,"top/hat token: Top Loop has 6 labels, the Top-vs-Hi-Hat-Loop overlap is unevidenced",Top Loop / Hi-Hat Loop / Percussion Loop / Drum Loop / Hi-Hat / Other/none / Unknown (write a note) / Not in this list (write it) / Not enough information / Corrupt / unusable / Taxonomy gap,,,,,,,,,1.1.0,1.0.0
top_hihat_loop,/Volumes/Jack_Gandy_1TB_SSD/Samples 2021 ->/Sample Packs/Sounds of KSHMR Vol.3/KSHMR_VIP_Friends_of_KSHMR/SHAUN_FRANK/SHAUN_FRANK_Top_Loop_1_119_.wav,SHAUN_FRANK_Top_Loop_1_119_.wav,Sounds of KSHMR Vol.3,KSHMR_VIP_Friends_of_KSHMR,,,,,Top|Loop,high,,Loop,review,"top/hat token: Top Loop has 6 labels, the Top-vs-Hi-Hat-Loop overlap is unevidenced",Top Loop / Hi-Hat Loop / Percussion Loop / Drum Loop / Hi-Hat / Other/none / Unknown (write a note) / Not in this list (write it) / Not enough information / Corrupt / unusable / Taxonomy gap,,,,,,,,,1.1.0,1.0.0
top_hihat_loop,/Volumes/Jack_Gandy_1TB_SSD/Samples 2021 ->/Sample Packs/Mike Shinoda Drums/MPC 1000 Backup/NEPTUNES SAMPLES/KIK_HAT get.wav,KIK_HAT get.wav,Mike Shinoda Drums,MPC 1000 Backup,,,,,KIK|HAT,medium,Hi-Hat|Kick,Hi-Hat|Kick,review,"top/hat token: Top Loop has 6 labels, the Top-vs-Hi-Hat-Loop overlap is unevidenced",Top Loop / Hi-Hat Loop / Percussion Loop / Drum Loop / Hi-Hat / Other/none / Unknown (write a note) / Not in this list (write it) / Not enough information / Corrupt / unusable / Taxonomy gap,,,,,,,,,1.1.0,1.0.0
top_hihat_loop,/Volumes/Jack_Gandy_1TB_SSD/Samples 2021 ->/Sample Packs/Koan Sound/Koan Sound Samples/Raw Drums/Raw/Raw Hat 01.wav,Raw Hat 01.wav,Koan Sound,Koan Sound Samples,,,,,Hat,medium,Hi-Hat,Hi-Hat,review,"top/hat token: Top Loop has 6 labels, the Top-vs-Hi-Hat-Loop overlap is unevidenced",Top Loop / Hi-Hat Loop / Percussion Loop / Drum Loop / Hi-Hat / Other/none / Unknown (write a note) / Not in this list (write it) / Not enough information / Corrupt / unusable / Taxonomy gap,,,,,,,,,1.1.0,1.0.0
top_hihat_loop,/Volumes/Jack_Gandy_1TB_SSD/Samples 2021 ->/Sample Packs/Production Music Live - Ben Böhmer - Sound Pack/Sample Pack V1.0/One Shots/Hats/PML_BOEHMER_HAT_013.wav,PML_BOEHMER_HAT_013.wav,Production Music Live - Ben Böhmer - Sound Pack,Sample Pack V1.0,,,,,HAT,medium,Hi-Hat,Hi-Hat,review,"top/hat token: Top Loop has 6 labels, the Top-vs-Hi-Hat-Loop overlap is unevidenced",Top Loop / Hi-Hat Loop / Percussion Loop / Drum Loop / Hi-Hat / Other/none / Unknown (write a note) / Not in this list (write it) / Not enough information / Corrupt / unusable / Taxonomy gap,,,,,,,,,1.1.0,1.0.0
top_hihat_loop,/Volumes/Jack_Gandy_1TB_SSD/Samples 2021 ->/Sample Packs/Sounds of KSHMR Vol.3/KSHMR_Drums_Loops/KSHMR_Drum_Loops_Full/KSHMR_Top_Loops/KSHMR_Top_Loops_120-128/KSHMR_Top_Loop_13_128.wav,KSHMR_Top_Loop_13_128.wav,Sounds of KSHMR Vol.3,KSHMR_Drums_Loops,,,,,Top|Loop,high,,Loop,review,"top/hat token: Top Loop has 6 labels, the Top-vs-Hi-Hat-Loop overlap is unevidenced",Top Loop / Hi-Hat Loop / Percussion Loop / Drum Loop / Hi-Hat / Other/none / Unknown (write a note) / Not in this list (write it) / Not enough information / Corrupt / unusable / Taxonomy gap,,,,,,,,,1.1.0,1.0.0
top_hihat_loop,/Volumes/Jack_Gandy_1TB_SSD/Samples 2021 ->/Sample Packs/Organic Drum Kit/Maschine Kits/New Age Kit 2 Samples/Organic - O.HiHat_(10).wav,Organic - O.HiHat_(10).wav,Organic Drum Kit,Maschine Kits,,,,,HiHat,medium,Hi-Hat,Hi-Hat,review,"top/hat token: Top Loop has 6 labels, the Top-vs-Hi-Hat-Loop overlap is unevidenced",Top Loop / Hi-Hat Loop / Percussion Loop / Drum Loop / Hi-Hat / Other/none / Unknown (write a note) / Not in this list (write it) / Not enough information / Corrupt / unusable / Taxonomy gap,,,,,,,,,1.1.0,1.0.0
top_hihat_loop,/Volumes/Jack_Gandy_1TB_SSD/Samples 2021 ->/Sample Packs/Drum Recollection/New Wave Drum Kit Vol. 1/New Wave Drum Kit/Hi-Hats/Machine Gun Hi-Hat .wav,Machine Gun Hi-Hat .wav,Drum Recollection,New Wave Drum Kit Vol. 1,,,,,Hi Hat|Hat,medium,Hi-Hat,Hi-Hat,review,"top/hat token: Top Loop has 6 labels, the Top-vs-Hi-Hat-Loop overlap is unevidenced",Top Loop / Hi-Hat Loop / Percussion Loop / Drum Loop / Hi-Hat / Other/none / Unknown (write a note) / Not in this list (write it) / Not enough information / Corrupt / unusable / Taxonomy gap,,,,,,,,,1.1.0,1.0.0
top_hihat_loop,/Volumes/Jack_Gandy_1TB_SSD/Samples 2021 ->/Sample Packs/Production Music Live - Ben Böhmer - Sound Pack/Ableton Templates/PML - Blue Circle - Melodic Deep Template (Ben Style) Project/Samples/Imported/DPV1_CHH_DRY_004.wav,DPV1_CHH_DRY_004.wav,Production Music Live - Ben Böhmer - Sound Pack,Ableton Templates,,,,,CHH,medium,Hi-Hat,Hi-Hat,review,"top/hat token: Top Loop has 6 labels, the Top-vs-Hi-Hat-Loop overlap is unevidenced",Top Loop / Hi-Hat Loop / Percussion Loop / Drum Loop / Hi-Hat / Other/none / Unknown (write a note) / Not in this list (write it) / Not enough information / Corrupt / unusable / Taxonomy gap,,,,,,,,,1.1.0,1.0.0
top_hihat_loop,/Volumes/Jack_Gandy_1TB_SSD/Samples 2021 ->/Sample Packs/Koan_Sound_Acoustic_Design/Test Press KOAN Sound Acoustic Design/one-shots/drums/kicks/processed/TSP_KOAN_kick_boom_hat.wav,TSP_KOAN_kick_boom_hat.wav,Koan_Sound_Acoustic_Design,Test Press KOAN Sound Acoustic Design,,,,,kick|hat,low,Hi-Hat|Kick,Hi-Hat|Kick,review,"top/hat token: Top Loop has 6 labels, the Top-vs-Hi-Hat-Loop overlap is unevidenced",Top Loop / Hi-Hat Loop / Percussion Loop / Drum Loop / Hi-Hat / Other/none / Unknown (write a note) / Not in this list (write it) / Not enough information / Corrupt / unusable / Taxonomy gap,,,,,,,,,1.1.0,1.0.0
top_hihat_loop,/Volumes/Jack_Gandy_1TB_SSD/Samples 2021 ->/Sample Packs/Virtual Riot/Studio Time S2 EP2 - Drums And More Episode Files/Drum One Shots/VR_Operator_Hat_Open7.wav,VR_Operator_Hat_Open7.wav,Virtual Riot,Studio Time S2 EP2 - Drums And More Episode Files,,,,,Hat,medium,Hi-Hat,Hi-Hat,review,"top/hat token: Top Loop has 6 labels, the Top-vs-Hi-Hat-Loop overlap is unevidenced",Top Loop / Hi-Hat Loop / Percussion Loop / Drum Loop / Hi-Hat / Other/none / Unknown (write a note) / Not in this list (write it) / Not enough information / Corrupt / unusable / Taxonomy gap,,,,,,,,,1.1.0,1.0.0
top_hihat_loop,/Volumes/Jack_Gandy_1TB_SSD/Samples 2021 ->/Sample Packs/Drum Recollection/Official Drum Kit Vol. 1/Open Hats/Military Open Hat .wav,Military Open Hat .wav,Drum Recollection,Official Drum Kit Vol. 1,,,,,Hat|Open Hat,medium,Hi-Hat,Hi-Hat,review,"top/hat token: Top Loop has 6 labels, the Top-vs-Hi-Hat-Loop overlap is unevidenced",Top Loop / Hi-Hat Loop / Percussion Loop / Drum Loop / Hi-Hat / Other/none / Unknown (write a note) / Not in this list (write it) / Not enough information / Corrupt / unusable / Taxonomy gap,,,,,,,,,1.1.0,1.0.0
top_hihat_loop,/Volumes/Jack_Gandy_1TB_SSD/Samples 2021 ->/Sample Packs/Drum Recollection/2023 Drums (Demo)/(Open Hat) Seem 2 Be.wav,(Open Hat) Seem 2 Be.wav,Drum Recollection,2023 Drums (Demo),,,,,Hat|Open Hat,medium,Hi-Hat,Hi-Hat,review,"top/hat token: Top Loop has 6 labels, the Top-vs-Hi-Hat-Loop overlap is unevidenced",Top Loop / Hi-Hat Loop / Percussion Loop / Drum Loop / Hi-Hat / Other/none / Unknown (write a note) / Not in this list (write it) / Not enough information / Corrupt / unusable / Taxonomy gap,,,,,,,,,1.1.0,1.0.0
top_hihat_loop,/Volumes/Jack_Gandy_1TB_SSD/Samples 2021 ->/Sample Packs/Loaded Samples - Lo-Fi Memphis 2/DRUMS/Hats/LFM2_Layer CHH.wav,LFM2_Layer CHH.wav,Loaded Samples - Lo-Fi Memphis 2,DRUMS,,,,,CHH,medium,Hi-Hat,Hi-Hat,review,"top/hat token: Top Loop has 6 labels, the Top-vs-Hi-Hat-Loop overlap is unevidenced",Top Loop / Hi-Hat Loop / Percussion Loop / Drum Loop / Hi-Hat / Other/none / Unknown (write a note) / Not in this list (write it) / Not enough information / Corrupt / unusable / Taxonomy gap,,,,,,,,,1.1.0,1.0.0
top_hihat_loop,/Volumes/Jack_Gandy_1TB_SSD/Samples 2021 ->/Sample Packs/Old Movies 1 - Vintage Collection (Drum Kit)/Hats/Hat 8.wav,Hat 8.wav,Old Movies 1 - Vintage Collection (Drum Kit),Hats,,,,,Hat,medium,Hi-Hat,Hi-Hat,review,"top/hat token: Top Loop has 6 labels, the Top-vs-Hi-Hat-Loop overlap is unevidenced",Top Loop / Hi-Hat Loop / Percussion Loop / Drum Loop / Hi-Hat / Other/none / Unknown (write a note) / Not in this list (write it) / Not enough information / Corrupt / unusable / Taxonomy gap,,,,,,,,,1.1.0,1.0.0
top_hihat_loop,/Volumes/Jack_Gandy_1TB_SSD/Samples 2021 ->/Sample Packs/Origin Sound - Adore - RNB Soul (2025)/one_shots/drum_hits/hihats/OS_AD_hihat_wavy.wav,OS_AD_hihat_wavy.wav,Origin Sound - Adore - RNB Soul (2025),one_shots,,,,,hihat,medium,Hi-Hat,Hi-Hat,review,"top/hat token: Top Loop has 6 labels, the Top-vs-Hi-Hat-Loop overlap is unevidenced",Top Loop / Hi-Hat Loop / Percussion Loop / Drum Loop / Hi-Hat / Other/none / Unknown (write a note) / Not in this list (write it) / Not enough information / Corrupt / unusable / Taxonomy gap,,,,,,,,,1.1.0,1.0.0
top_hihat_loop,/Volumes/Jack_Gandy_1TB_SSD/Samples 2021 ->/Sample Packs/Minimal Audio/MICROTECH/2 - One Shots/4 - Hi Hat/Hi Hat - Spec Metal 1.wav,Hi Hat - Spec Metal 1.wav,Minimal Audio,MICROTECH,,,,,Hi Hat|Hat,medium,Hi-Hat,Hi-Hat,review,"top/hat token: Top Loop has 6 labels, the Top-vs-Hi-Hat-Loop overlap is unevidenced",Top Loop / Hi-Hat Loop / Percussion Loop / Drum Loop / Hi-Hat / Other/none / Unknown (write a note) / Not in this list (write it) / Not enough information / Corrupt / unusable / Taxonomy gap,,,,,,,,,1.1.0,1.0.0
top_hihat_loop,/Volumes/Jack_Gandy_1TB_SSD/Samples 2021 ->/Sample Packs/Sounds of KSHMR Vol.3/KSHMR_Drums/KSHMR_Cymbals/KSHMR_Hi_Hats_Closed/KSHMR_Closed_Hat_13_Dirty.wav,KSHMR_Closed_Hat_13_Dirty.wav,Sounds of KSHMR Vol.3,KSHMR_Drums,,,,,Hat|Closed Hat,medium,Hi-Hat,Hi-Hat,review,"top/hat token: Top Loop has 6 labels, the Top-vs-Hi-Hat-Loop overlap is unevidenced",Top Loop / Hi-Hat Loop / Percussion Loop / Drum Loop / Hi-Hat / Other/none / Unknown (write a note) / Not in this list (write it) / Not enough information / Corrupt / unusable / Taxonomy gap,,,,,,,,,1.1.0,1.0.0
top_hihat_loop,/Volumes/Jack_Gandy_1TB_SSD/Samples 2021 ->/Sample Packs/Sounds of KSHMR Vol.3/KSHMR_Drums/KSHMR_Cymbals/KSHMR_Hi_Hats_Closed/KSHMR_Closed_Hat_04_Clean.wav,KSHMR_Closed_Hat_04_Clean.wav,Sounds of KSHMR Vol.3,KSHMR_Drums,,,,,Hat|Closed Hat,medium,Hi-Hat,Hi-Hat,review,"top/hat token: Top Loop has 6 labels, the Top-vs-Hi-Hat-Loop overlap is unevidenced",Top Loop / Hi-Hat Loop / Percussion Loop / Drum Loop / Hi-Hat / Other/none / Unknown (write a note) / Not in this list (write it) / Not enough information / Corrupt / unusable / Taxonomy gap,,,,,,,,,1.1.0,1.0.0
top_hihat_loop,/Volumes/Jack_Gandy_1TB_SSD/Samples 2021 ->/Sample Packs/Drum Recollection/New Wave Drum Kit Vol. 1/New Wave Drum Kit/Hi-Hats/Supreme Hi-Hat .wav,Supreme Hi-Hat .wav,Drum Recollection,New Wave Drum Kit Vol. 1,,,,,Hi Hat|Hat,medium,Hi-Hat,Hi-Hat,review,"top/hat token: Top Loop has 6 labels, the Top-vs-Hi-Hat-Loop overlap is unevidenced",Top Loop / Hi-Hat Loop / Percussion Loop / Drum Loop / Hi-Hat / Other/none / Unknown (write a note) / Not in this list (write it) / Not enough information / Corrupt / unusable / Taxonomy gap,,,,,,,,,1.1.0,1.0.0
top_hihat_loop,/Volumes/Jack_Gandy_1TB_SSD/Samples 2021 ->/Sample Packs/Minimal Audio/MICROTECH/2 - One Shots/4 - Hi Hat/Hi Hat - Click Support.wav,Hi Hat - Click Support.wav,Minimal Audio,MICROTECH,,,,,Hi Hat|Hat,medium,Hi-Hat,Hi-Hat,review,"top/hat token: Top Loop has 6 labels, the Top-vs-Hi-Hat-Loop overlap is unevidenced",Top Loop / Hi-Hat Loop / Percussion Loop / Drum Loop / Hi-Hat / Other/none / Unknown (write a note) / Not in this list (write it) / Not enough information / Corrupt / unusable / Taxonomy gap,,,,,,,,,1.1.0,1.0.0
top_hihat_loop,/Volumes/Jack_Gandy_1TB_SSD/Samples 2021 ->/Sample Packs/Organic Drum Kit/Maschine Kits/Motivation Kit Samples/Organic - O.HiHat_H (1).wav,Organic - O.HiHat_H (1).wav,Organic Drum Kit,Maschine Kits,,,,,HiHat,medium,Hi-Hat,Hi-Hat,review,"top/hat token: Top Loop has 6 labels, the Top-vs-Hi-Hat-Loop overlap is unevidenced",Top Loop / Hi-Hat Loop / Percussion Loop / Drum Loop / Hi-Hat / Other/none / Unknown (write a note) / Not in this list (write it) / Not enough information / Corrupt / unusable / Taxonomy gap,,,,,,,,,1.1.0,1.0.0
top_hihat_loop,/Volumes/Jack_Gandy_1TB_SSD/Samples 2021 ->/Sample Packs/Organic Drum Kit/4 Hi-Hats/1 Closed Hats/Organic - HiHat (12).wav,Organic - HiHat (12).wav,Organic Drum Kit,4 Hi-Hats,,,,,HiHat,medium,Hi-Hat,Hi-Hat,review,"top/hat token: Top Loop has 6 labels, the Top-vs-Hi-Hat-Loop overlap is unevidenced",Top Loop / Hi-Hat Loop / Percussion Loop / Drum Loop / Hi-Hat / Other/none / Unknown (write a note) / Not in this list (write it) / Not enough information / Corrupt / unusable / Taxonomy gap,,,,,,,,,1.1.0,1.0.0
top_hihat_loop,/Volumes/Jack_Gandy_1TB_SSD/Samples 2021 ->/Sample Packs/Sounds of KSHMR Vol.3/KSHMR_Drums/KSHMR_Kicks/KSHMR_Top_Kicks/KSHMR_Top_Kick_14.wav,KSHMR_Top_Kick_14.wav,Sounds of KSHMR Vol.3,KSHMR_Drums,,,,,Kick|Top,low,Kick,Kick|Loop,review,"top/hat token: Top Loop has 6 labels, the Top-vs-Hi-Hat-Loop overlap is unevidenced",Top Loop / Hi-Hat Loop / Percussion Loop / Drum Loop / Hi-Hat / Other/none / Unknown (write a note) / Not in this list (write it) / Not enough information / Corrupt / unusable / Taxonomy gap,,,,,,,,,1.1.0,1.0.0
top_hihat_loop,/Volumes/Jack_Gandy_1TB_SSD/Samples 2021 ->/Sample Packs/Koan_Sound_Acoustic_Design/Test Press KOAN Sound Acoustic Design/loops/drums/top_loops/dnb/TSP_KOAN_172_top_hats_restrained.wav,TSP_KOAN_172_top_hats_restrained.wav,Koan_Sound_Acoustic_Design,Test Press KOAN Sound Acoustic Design,,,,,hats|top,high,,Hi-Hat|Loop,review,"top/hat token: Top Loop has 6 labels, the Top-vs-Hi-Hat-Loop overlap is unevidenced",Top Loop / Hi-Hat Loop / Percussion Loop / Drum Loop / Hi-Hat / Other/none / Unknown (write a note) / Not in this list (write it) / Not enough information / Corrupt / unusable / Taxonomy gap,,,,,,,,,1.1.0,1.0.0
top_hihat_loop,/Volumes/Jack_Gandy_1TB_SSD/Samples 2021 ->/Sample Packs/Drum Recollection/Official Drum Kit Vol. 2/Hi-Hats/Alienz Hi-Hat.wav,Alienz Hi-Hat.wav,Drum Recollection,Official Drum Kit Vol. 2,,,,,Hi Hat|Hat,medium,Hi-Hat,Hi-Hat,review,"top/hat token: Top Loop has 6 labels, the Top-vs-Hi-Hat-Loop overlap is unevidenced",Top Loop / Hi-Hat Loop / Percussion Loop / Drum Loop / Hi-Hat / Other/none / Unknown (write a note) / Not in this list (write it) / Not enough information / Corrupt / unusable / Taxonomy gap,,,,,,,,,1.1.0,1.0.0
top_hihat_loop,/Volumes/Jack_Gandy_1TB_SSD/Samples 2021 ->/Sample Packs/Old Movies 1 - Vintage Collection (Drum Kit)/Hats/Hat 18.wav,Hat 18.wav,Old Movies 1 - Vintage Collection (Drum Kit),Hats,,,,,Hat,medium,Hi-Hat,Hi-Hat,review,"top/hat token: Top Loop has 6 labels, the Top-vs-Hi-Hat-Loop overlap is unevidenced",Top Loop / Hi-Hat Loop / Percussion Loop / Drum Loop / Hi-Hat / Other/none / Unknown (write a note) / Not in this list (write it) / Not enough information / Corrupt / unusable / Taxonomy gap,,,,,,,,,1.1.0,1.0.0
top_hihat_loop,/Volumes/Jack_Gandy_1TB_SSD/Samples 2021 ->/Sample Packs/Origin Sound - Adore - RNB Soul (2025)/one_shots/drum_hits/hihats/OS_AD_hihat_slack.wav,OS_AD_hihat_slack.wav,Origin Sound - Adore - RNB Soul (2025),one_shots,,,,,hihat,medium,Hi-Hat,Hi-Hat,review,"top/hat token: Top Loop has 6 labels, the Top-vs-Hi-Hat-Loop overlap is unevidenced",Top Loop / Hi-Hat Loop / Percussion Loop / Drum Loop / Hi-Hat / Other/none / Unknown (write a note) / Not in this list (write it) / Not enough information / Corrupt / unusable / Taxonomy gap,,,,,,,,,1.1.0,1.0.0
top_hihat_loop,/Volumes/Jack_Gandy_1TB_SSD/Samples 2021 ->/Sample Packs/Drum Recollection/Official Drum Kit Vol. 1/Hi Hats/Sounds Weird Hi Hat .wav,Sounds Weird Hi Hat .wav,Drum Recollection,Official Drum Kit Vol. 1,,,,,Hi Hat|Hat,medium,Hi-Hat,Hi-Hat,review,"top/hat token: Top Loop has 6 labels, the Top-vs-Hi-Hat-Loop overlap is unevidenced",Top Loop / Hi-Hat Loop / Percussion Loop / Drum Loop / Hi-Hat / Other/none / Unknown (write a note) / Not in this list (write it) / Not enough information / Corrupt / unusable / Taxonomy gap,,,,,,,,,1.1.0,1.0.0
top_hihat_loop,/Volumes/Jack_Gandy_1TB_SSD/Samples 2021 ->/Sample Packs/Drum Recollection/Essentials Drum Kit Vol. 001/Open Hats/Dissed Open Hat.wav,Dissed Open Hat.wav,Drum Recollection,Essentials Drum Kit Vol. 001,,,,,Hat|Open Hat,medium,Hi-Hat,Hi-Hat,review,"top/hat token: Top Loop has 6 labels, the Top-vs-Hi-Hat-Loop overlap is unevidenced",Top Loop / Hi-Hat Loop / Percussion Loop / Drum Loop / Hi-Hat / Other/none / Unknown (write a note) / Not in this list (write it) / Not enough information / Corrupt / unusable / Taxonomy gap,,,,,,,,,1.1.0,1.0.0
top_hihat_loop,/Volumes/Jack_Gandy_1TB_SSD/Samples 2021 ->/Sample Packs/Koan_Sound_Acoustic_Design/Test Press KOAN Sound Acoustic Design/loops/drums/top_loops/breaks/TSP_KOAN_140_top_half_hats.wav,TSP_KOAN_140_top_half_hats.wav,Koan_Sound_Acoustic_Design,Test Press KOAN Sound Acoustic Design,,,,,hats|top,high,,Hi-Hat|Loop,review,"top/hat token: Top Loop has 6 labels, the Top-vs-Hi-Hat-Loop overlap is unevidenced",Top Loop / Hi-Hat Loop / Percussion Loop / Drum Loop / Hi-Hat / Other/none / Unknown (write a note) / Not in this list (write it) / Not enough information / Corrupt / unusable / Taxonomy gap,,,,,,,,,1.1.0,1.0.0
top_hihat_loop,/Volumes/Jack_Gandy_1TB_SSD/Samples 2021 ->/Sample Packs/Koan_Sound_Acoustic_Design/Test Press KOAN Sound Acoustic Design/loops/drums/top_loops/dnb/TSP_KOAN_172_top_fragmented_hats.wav,TSP_KOAN_172_top_fragmented_hats.wav,Koan_Sound_Acoustic_Design,Test Press KOAN Sound Acoustic Design,,,,,hats|top,high,,Hi-Hat|Loop,review,"top/hat token: Top Loop has 6 labels, the Top-vs-Hi-Hat-Loop overlap is unevidenced",Top Loop / Hi-Hat Loop / Percussion Loop / Drum Loop / Hi-Hat / Other/none / Unknown (write a note) / Not in this list (write it) / Not enough information / Corrupt / unusable / Taxonomy gap,,,,,,,,,1.1.0,1.0.0
top_hihat_loop,/Volumes/Jack_Gandy_1TB_SSD/Samples 2021 ->/Sample Packs/Breaks/The Drum Broker - International Breaks & Essential Kicks/The Drum Broker - International Breaks 1/CHOPS/WHITE HAT & KICK 2.wav,WHITE HAT & KICK 2.wav,Breaks,The Drum Broker - International Breaks & Essential Kicks,,,,,KICK|HAT,low,Hi-Hat|Kick,Hi-Hat|Kick,review,"top/hat token: Top Loop has 6 labels, the Top-vs-Hi-Hat-Loop overlap is unevidenced",Top Loop / Hi-Hat Loop / Percussion Loop / Drum Loop / Hi-Hat / Other/none / Unknown (write a note) / Not in this list (write it) / Not enough information / Corrupt / unusable / Taxonomy gap,,,,,,,,,1.1.0,1.0.0
top_hihat_loop,/Volumes/Jack_Gandy_1TB_SSD/Samples 2021 ->/Sample Packs/Old Movies 1 - Vintage Collection (Drum Kit)/Hats/Hat 21.wav,Hat 21.wav,Old Movies 1 - Vintage Collection (Drum Kit),Hats,,,,,Hat,medium,Hi-Hat,Hi-Hat,review,"top/hat token: Top Loop has 6 labels, the Top-vs-Hi-Hat-Loop overlap is unevidenced",Top Loop / Hi-Hat Loop / Percussion Loop / Drum Loop / Hi-Hat / Other/none / Unknown (write a note) / Not in this list (write it) / Not enough information / Corrupt / unusable / Taxonomy gap,,,,,,,,,1.1.0,1.0.0
top_hihat_loop,/Volumes/Jack_Gandy_1TB_SSD/Samples 2021 ->/Sample Packs/Drum Recollection/Official Drum Kit Vol. 2/Open Hats/Speed Dial Open Hat.wav,Speed Dial Open Hat.wav,Drum Recollection,Official Drum Kit Vol. 2,,,,,Hat|Open Hat,medium,Hi-Hat,Hi-Hat,review,"top/hat token: Top Loop has 6 labels, the Top-vs-Hi-Hat-Loop overlap is unevidenced",Top Loop / Hi-Hat Loop / Percussion Loop / Drum Loop / Hi-Hat / Other/none / Unknown (write a note) / Not in this list (write it) / Not enough information / Corrupt / unusable / Taxonomy gap,,,,,,,,,1.1.0,1.0.0
top_hihat_loop,/Volumes/Jack_Gandy_1TB_SSD/Samples 2021 ->/Sample Packs/Organic Drum Kit/4 Hi-Hats/2 Open Hats/Organic - O.HiHat_(10).wav,Organic - O.HiHat_(10).wav,Organic Drum Kit,4 Hi-Hats,,,,,HiHat,medium,Hi-Hat,Hi-Hat,review,"top/hat token: Top Loop has 6 labels, the Top-vs-Hi-Hat-Loop overlap is unevidenced",Top Loop / Hi-Hat Loop / Percussion Loop / Drum Loop / Hi-Hat / Other/none / Unknown (write a note) / Not in this list (write it) / Not enough information / Corrupt / unusable / Taxonomy gap,,,,,,,,,1.1.0,1.0.0
top_hihat_loop,/Volumes/Jack_Gandy_1TB_SSD/Samples 2021 ->/Sample Packs/Sounds of KSHMR Vol.3/KSHMR_Drums/KSHMR_Acoustic_Drums/KSHMR_Acoustic_Hats/KSHMR_Acoustic_Hats_Closed/KSHMR_Acoustic_Closed_Hat_12_Hard.wav,KSHMR_Acoustic_Closed_Hat_12_Hard.wav,Sounds of KSHMR Vol.3,KSHMR_Drums,,,,,Hat|Closed Hat,medium,Hi-Hat,Hi-Hat,review,"top/hat token: Top Loop has 6 labels, the Top-vs-Hi-Hat-Loop overlap is unevidenced",Top Loop / Hi-Hat Loop / Percussion Loop / Drum Loop / Hi-Hat / Other/none / Unknown (write a note) / Not in this list (write it) / Not enough information / Corrupt / unusable / Taxonomy gap,,,,,,,,,1.1.0,1.0.0
top_hihat_loop,/Volumes/Jack_Gandy_1TB_SSD/Samples 2021 ->/Sample Packs/Koan_Sound_Acoustic_Design/Test Press KOAN Sound Acoustic Design/loops/drums/top_loops/garage/TSP_KOAN_126_top_shuffle_hits.wav,TSP_KOAN_126_top_shuffle_hits.wav,Koan_Sound_Acoustic_Design,Test Press KOAN Sound Acoustic Design,,,,,top,high,,Loop,review,"top/hat token: Top Loop has 6 labels, the Top-vs-Hi-Hat-Loop overlap is unevidenced",Top Loop / Hi-Hat Loop / Percussion Loop / Drum Loop / Hi-Hat / Other/none / Unknown (write a note) / Not in this list (write it) / Not enough information / Corrupt / unusable / Taxonomy gap,,,,,,,,,1.1.0,1.0.0
top_hihat_loop,/Volumes/Jack_Gandy_1TB_SSD/Samples 2021 ->/Sample Packs/Mike Shinoda Drums/MS BEATS/808er Samples/HH_808booty_02.wav,HH_808booty_02.wav,Mike Shinoda Drums,MS BEATS,,,,,HH,medium,Hi-Hat,Hi-Hat,review,"top/hat token: Top Loop has 6 labels, the Top-vs-Hi-Hat-Loop overlap is unevidenced",Top Loop / Hi-Hat Loop / Percussion Loop / Drum Loop / Hi-Hat / Other/none / Unknown (write a note) / Not in this list (write it) / Not enough information / Corrupt / unusable / Taxonomy gap,,,,,,,,,1.1.0,1.0.0
top_hihat_loop,/Volumes/Jack_Gandy_1TB_SSD/Samples 2021 ->/Sample Packs/Koan_Sound_Acoustic_Design/Test Press KOAN Sound Acoustic Design/loops/drums/top_loops/dnb/TSP_KOAN_172_top_shuffle_zest.wav,TSP_KOAN_172_top_shuffle_zest.wav,Koan_Sound_Acoustic_Design,Test Press KOAN Sound Acoustic Design,,,,,top,high,,Loop,review,"top/hat token: Top Loop has 6 labels, the Top-vs-Hi-Hat-Loop overlap is unevidenced",Top Loop / Hi-Hat Loop / Percussion Loop / Drum Loop / Hi-Hat / Other/none / Unknown (write a note) / Not in this list (write it) / Not enough information / Corrupt / unusable / Taxonomy gap,,,,,,,,,1.1.0,1.0.0
top_hihat_loop,/Volumes/Jack_Gandy_1TB_SSD/Samples 2021 ->/Sample Packs/Organic Drum Kit/Maschine Kits/Imagination Kit Samples/Organic - HiHat_M (2).wav,Organic - HiHat_M (2).wav,Organic Drum Kit,Maschine Kits,,,,,HiHat,medium,Hi-Hat,Hi-Hat,review,"top/hat token: Top Loop has 6 labels, the Top-vs-Hi-Hat-Loop overlap is unevidenced",Top Loop / Hi-Hat Loop / Percussion Loop / Drum Loop / Hi-Hat / Other/none / Unknown (write a note) / Not in this list (write it) / Not enough information / Corrupt / unusable / Taxonomy gap,,,,,,,,,1.1.0,1.0.0
top_hihat_loop,/Volumes/Jack_Gandy_1TB_SSD/Samples 2021 ->/Sample Packs/Old Movies 1 - Vintage Collection (Drum Kit)/Hats/Hat Roll 5.wav,Hat Roll 5.wav,Old Movies 1 - Vintage Collection (Drum Kit),Hats,,,,,Hat,medium,Hi-Hat,Hi-Hat,review,"top/hat token: Top Loop has 6 labels, the Top-vs-Hi-Hat-Loop overlap is unevidenced",Top Loop / Hi-Hat Loop / Percussion Loop / Drum Loop / Hi-Hat / Other/none / Unknown (write a note) / Not in this list (write it) / Not enough information / Corrupt / unusable / Taxonomy gap,,,,,,,,,1.1.0,1.0.0
top_hihat_loop,/Volumes/Jack_Gandy_1TB_SSD/Samples 2021 ->/Sample Packs/MGF Mega Pack/Misc + Found Sound/Casiotone 501/Drums/Casiotone 501 Hat 2.wav,Casiotone 501 Hat 2.wav,MGF Mega Pack,Misc + Found Sound,,,,,Hat,medium,Hi-Hat,Hi-Hat,review,"top/hat token: Top Loop has 6 labels, the Top-vs-Hi-Hat-Loop overlap is unevidenced",Top Loop / Hi-Hat Loop / Percussion Loop / Drum Loop / Hi-Hat / Other/none / Unknown (write a note) / Not in this list (write it) / Not enough information / Corrupt / unusable / Taxonomy gap,,,,,,,,,1.1.0,1.0.0
top_hihat_loop,/Volumes/Jack_Gandy_1TB_SSD/Samples 2021 ->/Sample Packs/Drum Recollection/Official Drum Kit Vol. 1/Open Hats/Anime Open Hat .wav,Anime Open Hat .wav,Drum Recollection,Official Drum Kit Vol. 1,,,,,Hat|Open Hat,medium,Hi-Hat,Hi-Hat,review,"top/hat token: Top Loop has 6 labels, the Top-vs-Hi-Hat-Loop overlap is unevidenced",Top Loop / Hi-Hat Loop / Percussion Loop / Drum Loop / Hi-Hat / Other/none / Unknown (write a note) / Not in this list (write it) / Not enough information / Corrupt / unusable / Taxonomy gap,,,,,,,,,1.1.0,1.0.0
top_hihat_loop,/Volumes/Jack_Gandy_1TB_SSD/Samples 2021 ->/Sample Packs/Just Jared - OP1 Drums/Hihats/Just Jared - OP1 Drums Hihat 9.wav,Just Jared - OP1 Drums Hihat 9.wav,Just Jared - OP1 Drums,Hihats,,,,,Hihat,medium,Hi-Hat,Hi-Hat,review,"top/hat token: Top Loop has 6 labels, the Top-vs-Hi-Hat-Loop overlap is unevidenced",Top Loop / Hi-Hat Loop / Percussion Loop / Drum Loop / Hi-Hat / Other/none / Unknown (write a note) / Not in this list (write it) / Not enough information / Corrupt / unusable / Taxonomy gap,,,,,,,,,1.1.0,1.0.0
top_hihat_loop,/Volumes/Jack_Gandy_1TB_SSD/Samples 2021 ->/Sample Packs/Drum Recollection/Essentials Drumkit Vol. 002/Open Hats/Sandman Open Hat.wav,Sandman Open Hat.wav,Drum Recollection,Essentials Drumkit Vol. 002,,,,,Hat|Open Hat,medium,Hi-Hat,Hi-Hat,review,"top/hat token: Top Loop has 6 labels, the Top-vs-Hi-Hat-Loop overlap is unevidenced",Top Loop / Hi-Hat Loop / Percussion Loop / Drum Loop / Hi-Hat / Other/none / Unknown (write a note) / Not in this list (write it) / Not enough information / Corrupt / unusable / Taxonomy gap,,,,,,,,,1.1.0,1.0.0
top_hihat_loop,/Volumes/Jack_Gandy_1TB_SSD/Samples 2021 ->/Sample Packs/Koan_Sound_Acoustic_Design/Test Press KOAN Sound Acoustic Design/loops/drums/top_loops/garage/TSP_KOAN_126_top_submerged_perc.wav,TSP_KOAN_126_top_submerged_perc.wav,Koan_Sound_Acoustic_Design,Test Press KOAN Sound Acoustic Design,,,,,perc|top,high,,Loop|Percussion,review,"top/hat token: Top Loop has 6 labels, the Top-vs-Hi-Hat-Loop overlap is unevidenced",Top Loop / Hi-Hat Loop / Percussion Loop / Drum Loop / Hi-Hat / Other/none / Unknown (write a note) / Not in this list (write it) / Not enough information / Corrupt / unusable / Taxonomy gap,,,,,,,,,1.1.0,1.0.0
top_hihat_loop,/Volumes/Jack_Gandy_1TB_SSD/Samples 2021 ->/Sample Packs/Just Jared - OP1 Drums/Hihats/Just Jared - OP1 Drums Hihat 12.wav,Just Jared - OP1 Drums Hihat 12.wav,Just Jared - OP1 Drums,Hihats,,,,,Hihat,medium,Hi-Hat,Hi-Hat,review,"top/hat token: Top Loop has 6 labels, the Top-vs-Hi-Hat-Loop overlap is unevidenced",Top Loop / Hi-Hat Loop / Percussion Loop / Drum Loop / Hi-Hat / Other/none / Unknown (write a note) / Not in this list (write it) / Not enough information / Corrupt / unusable / Taxonomy gap,,,,,,,,,1.1.0,1.0.0
top_hihat_loop,/Volumes/Jack_Gandy_1TB_SSD/Samples 2021 ->/Sample Packs/Koan Sound/Koan Sound Samples/Raw Drums/Processed/Hi Hat V3 Stereo.wav,Hi Hat V3 Stereo.wav,Koan Sound,Koan Sound Samples,,,,,Hi Hat|Hat,medium,Hi-Hat,Hi-Hat,review,"top/hat token: Top Loop has 6 labels, the Top-vs-Hi-Hat-Loop overlap is unevidenced",Top Loop / Hi-Hat Loop / Percussion Loop / Drum Loop / Hi-Hat / Other/none / Unknown (write a note) / Not in this list (write it) / Not enough information / Corrupt / unusable / Taxonomy gap,,,,,,,,,1.1.0,1.0.0
top_hihat_loop,/Volumes/Jack_Gandy_1TB_SSD/Samples 2021 ->/Sample Packs/Sounds of KSHMR Vol.3/KSHMR_Drums/KSHMR_Cymbals/KSHMR_Hi_Hats_Closed/KSHMR_Closed_Hat_05_Clean.wav,KSHMR_Closed_Hat_05_Clean.wav,Sounds of KSHMR Vol.3,KSHMR_Drums,,,,,Hat|Closed Hat,medium,Hi-Hat,Hi-Hat,review,"top/hat token: Top Loop has 6 labels, the Top-vs-Hi-Hat-Loop overlap is unevidenced",Top Loop / Hi-Hat Loop / Percussion Loop / Drum Loop / Hi-Hat / Other/none / Unknown (write a note) / Not in this list (write it) / Not enough information / Corrupt / unusable / Taxonomy gap,,,,,,,,,1.1.0,1.0.0
top_hihat_loop,/Volumes/Jack_Gandy_1TB_SSD/Samples 2021 ->/Sample Packs/Minimal Audio/ELEMENT/1 - Drums/4 - Hats/Hi-Hat - Brighter Short.wav,Hi-Hat - Brighter Short.wav,Minimal Audio,ELEMENT,,,,,Hi Hat|Hat,medium,Hi-Hat,Hi-Hat,review,"top/hat token: Top Loop has 6 labels, the Top-vs-Hi-Hat-Loop overlap is unevidenced",Top Loop / Hi-Hat Loop / Percussion Loop / Drum Loop / Hi-Hat / Other/none / Unknown (write a note) / Not in this list (write it) / Not enough information / Corrupt / unusable / Taxonomy gap,,,,,,,,,1.1.0,1.0.0
top_hihat_loop,/Volumes/Jack_Gandy_1TB_SSD/Samples 2021 ->/Sample Packs/Organic Drum Kit/4 Hi-Hats/2 Open Hats/Organic - O.HiHat_J (1).wav,Organic - O.HiHat_J (1).wav,Organic Drum Kit,4 Hi-Hats,,,,,HiHat,medium,Hi-Hat,Hi-Hat,review,"top/hat token: Top Loop has 6 labels, the Top-vs-Hi-Hat-Loop overlap is unevidenced",Top Loop / Hi-Hat Loop / Percussion Loop / Drum Loop / Hi-Hat / Other/none / Unknown (write a note) / Not in this list (write it) / Not enough information / Corrupt / unusable / Taxonomy gap,,,,,,,,,1.1.0,1.0.0
top_hihat_loop,/Volumes/Jack_Gandy_1TB_SSD/Samples 2021 ->/Sample Packs/Minimal Audio/REFLECT/1 - Drums/5 - Hats & Cymbals/Hi Hat - Creek.wav,Hi Hat - Creek.wav,Minimal Audio,REFLECT,,,,,Hi Hat|Hat,medium,Hi-Hat,Hi-Hat,review,"top/hat token: Top Loop has 6 labels, the Top-vs-Hi-Hat-Loop overlap is unevidenced",Top Loop / Hi-Hat Loop / Percussion Loop / Drum Loop / Hi-Hat / Other/none / Unknown (write a note) / Not in this list (write it) / Not enough information / Corrupt / unusable / Taxonomy gap,,,,,,,,,1.1.0,1.0.0
bass_family,/Volumes/Jack_Gandy_1TB_SSD/Samples 2021 ->/Sample Packs/Sounds of KSHMR Vol.3/KSHMR_Synths/KSHMR_Bass_PsyTrance/KSHMR_Psy_Bass_One_Shots/KSHMR_Psy_Bass_39_F.wav,KSHMR_Psy_Bass_39_F.wav,Sounds of KSHMR Vol.3,KSHMR_Synths,,,,,Bass,high,,Bass,review,"bass token: Sub Bass has 2 labels, 'sub' measures 11% and 'bass' 0%",Sub Bass / 808 / Reese Bass / Bass Hit / Bass Loop / Synth Bass Sustained / Not Bass / Other/none / Unknown (write a note) / Not in this list (write it) / Not enough information / Corrupt / unusable / Taxonomy gap,,,,,,,,,1.1.0,1.0.0
bass_family,/Volumes/Jack_Gandy_1TB_SSD/Samples 2021 ->/Sample Packs/MGF Mega Pack/Multisamples/Alpha Juno Jungle Bass Multis 1/Jungle Bass 3/AJ Jungle Bass 3 - B1.wav,AJ Jungle Bass 3 - B1.wav,MGF Mega Pack,Multisamples,,,,,Bass,high,,Bass,review,"bass token: Sub Bass has 2 labels, 'sub' measures 11% and 'bass' 0%",Sub Bass / 808 / Reese Bass / Bass Hit / Bass Loop / Synth Bass Sustained / Not Bass / Other/none / Unknown (write a note) / Not in this list (write it) / Not enough information / Corrupt / unusable / Taxonomy gap,,,,,,,,,1.1.0,1.0.0
bass_family,/Volumes/Jack_Gandy_1TB_SSD/Samples 2021 ->/2025/Reese_Bass_(F)/Bounce 2-Basic_Split_Reese [2025-12-13 021502]-2.wav,Bounce 2-Basic_Split_Reese [2025-12-13 021502]-2.wav,personal:2025,personal:2025/Reese_Bass_(F),,,,,Reese,medium,Reese Bass,Bass,review,"bass token: Sub Bass has 2 labels, 'sub' measures 11% and 'bass' 0%",Sub Bass / 808 / Reese Bass / Bass Hit / Bass Loop / Synth Bass Sustained / Not Bass / Other/none / Unknown (write a note) / Not in this list (write it) / Not enough information / Corrupt / unusable / Taxonomy gap,,,,,,,,,1.1.0,1.0.0
bass_family,/Volumes/Jack_Gandy_1TB_SSD/Samples 2021 ->/Sample Packs/Test Press Modestep Presents Bass and Breaks Vol 1/loops/bass_loops/TSP_MODESTEP_V1_145_bass_guns_crunch_F#.wav,TSP_MODESTEP_V1_145_bass_guns_crunch_F#.wav,Test Press Modestep Presents Bass and Breaks Vol 1,loops,,,,,bass,high,,Bass,review,"bass token: Sub Bass has 2 labels, 'sub' measures 11% and 'bass' 0%",Sub Bass / 808 / Reese Bass / Bass Hit / Bass Loop / Synth Bass Sustained / Not Bass / Other/none / Unknown (write a note) / Not in this list (write it) / Not enough information / Corrupt / unusable / Taxonomy gap,,,,,,,,,1.1.0,1.0.0
bass_family,/Volumes/Jack_Gandy_1TB_SSD/Samples 2021 ->/Sample Packs/Loaded Samples - Lo-Fi Memphis 2/DRUMS/Kicks & 808s/LFM2_Kick 909 Punch (1) (G).wav,LFM2_Kick 909 Punch (1) (G).wav,Loaded Samples - Lo-Fi Memphis 2,DRUMS,,,,,Kick,low,Kick,Kick,review,"bass token: Sub Bass has 2 labels, 'sub' measures 11% and 'bass' 0%",Sub Bass / 808 / Reese Bass / Bass Hit / Bass Loop / Synth Bass Sustained / Not Bass / Other/none / Unknown (write a note) / Not in this list (write it) / Not enough information / Corrupt / unusable / Taxonomy gap,,,,,,,,,1.1.0,1.0.0
bass_family,/Volumes/Jack_Gandy_1TB_SSD/Samples 2021 ->/Sample Packs/MGF Mega Pack/Analogue Collection/Bass/JX3P1_BASS_24 A0.wav,JX3P1_BASS_24 A0.wav,MGF Mega Pack,Analogue Collection,,,,,BASS,high,,Bass,review,"bass token: Sub Bass has 2 labels, 'sub' measures 11% and 'bass' 0%",Sub Bass / 808 / Reese Bass / Bass Hit / Bass Loop / Synth Bass Sustained / Not Bass / Other/none / Unknown (write a note) / Not in this list (write it) / Not enough information / Corrupt / unusable / Taxonomy gap,,,,,,,,,1.1.0,1.0.0
bass_family,/Volumes/Jack_Gandy_1TB_SSD/Samples 2021 ->/Sample Packs/Drum Recollection/Essentials Drumkit Vol. 002/808s/Crazy Ideas 808.wav,Crazy Ideas 808.wav,Drum Recollection,Essentials Drumkit Vol. 002,,,,,808,medium,808,Bass,review,"bass token: Sub Bass has 2 labels, 'sub' measures 11% and 'bass' 0%",Sub Bass / 808 / Reese Bass / Bass Hit / Bass Loop / Synth Bass Sustained / Not Bass / Other/none / Unknown (write a note) / Not in this list (write it) / Not enough information / Corrupt / unusable / Taxonomy gap,,,,,,,,,1.1.0,1.0.0
bass_family,/Volumes/Jack_Gandy_1TB_SSD/Samples 2021 ->/Sample Packs/MGF Mega Pack/Analogue Collection/Bass/EURO1_BASS_28 F0.wav,EURO1_BASS_28 F0.wav,MGF Mega Pack,Analogue Collection,,,,,BASS,high,,Bass,review,"bass token: Sub Bass has 2 labels, 'sub' measures 11% and 'bass' 0%",Sub Bass / 808 / Reese Bass / Bass Hit / Bass Loop / Synth Bass Sustained / Not Bass / Other/none / Unknown (write a note) / Not in this list (write it) / Not enough information / Corrupt / unusable / Taxonomy gap,,,,,,,,,1.1.0,1.0.0
bass_family,/Volumes/Jack_Gandy_1TB_SSD/Samples 2021 ->/Sample Packs/MGF Mega Pack/Multisamples/Alpha Juno Jungle Bass Multis 1/Jungle Bass 4/AJ Jungle Bass 4 - D1.wav,AJ Jungle Bass 4 - D1.wav,MGF Mega Pack,Multisamples,,,,,Bass,high,,Bass,review,"bass token: Sub Bass has 2 labels, 'sub' measures 11% and 'bass' 0%",Sub Bass / 808 / Reese Bass / Bass Hit / Bass Loop / Synth Bass Sustained / Not Bass / Other/none / Unknown (write a note) / Not in this list (write it) / Not enough information / Corrupt / unusable / Taxonomy gap,,,,,,,,,1.1.0,1.0.0
bass_family,/Volumes/Jack_Gandy_1TB_SSD/Samples 2021 ->/Sample Packs/Origin Sound - Soul Soundscapes (2025)/loops/electric_bass_guitar_loops/OS_SS_93_electric_bass_guitar_fight_song_A#m.wav,OS_SS_93_electric_bass_guitar_fight_song_A#m.wav,Origin Sound - Soul Soundscapes (2025),loops,,,,,bass,high,,Bass,review,"bass token: Sub Bass has 2 labels, 'sub' measures 11% and 'bass' 0%",Sub Bass / 808 / Reese Bass / Bass Hit / Bass Loop / Synth Bass Sustained / Not Bass / Other/none / Unknown (write a note) / Not in this list (write it) / Not enough information / Corrupt / unusable / Taxonomy gap,,,,,,,,,1.1.0,1.0.0
bass_family,/Volumes/Jack_Gandy_1TB_SSD/Samples 2021 ->/Sample Packs/SIIK Sounds - Eclipse (Full Pack)/SIIK Sounds Eclipse (WAV Samples)/Synth Shots/Bass Shots/ECLIPSE Bass Shot 08 F#.wav,ECLIPSE Bass Shot 08 F#.wav,SIIK Sounds - Eclipse (Full Pack),SIIK Sounds Eclipse (WAV Samples),,,,,Bass,high,,Bass,review,"bass token: Sub Bass has 2 labels, 'sub' measures 11% and 'bass' 0%",Sub Bass / 808 / Reese Bass / Bass Hit / Bass Loop / Synth Bass Sustained / Not Bass / Other/none / Unknown (write a note) / Not in this list (write it) / Not enough information / Corrupt / unusable / Taxonomy gap,,,,,,,,,1.1.0,1.0.0
bass_family,/Volumes/Jack_Gandy_1TB_SSD/Samples 2021 ->/Sample Packs/Test Press Modestep Presents Bass and Breaks Vol 1/loops/bass_loops/TSP_MODESTEP_V1_140_bass_soundsofthe_alt2_Dmin.wav,TSP_MODESTEP_V1_140_bass_soundsofthe_alt2_Dmin.wav,Test Press Modestep Presents Bass and Breaks Vol 1,loops,,,,,bass,high,,Bass,review,"bass token: Sub Bass has 2 labels, 'sub' measures 11% and 'bass' 0%",Sub Bass / 808 / Reese Bass / Bass Hit / Bass Loop / Synth Bass Sustained / Not Bass / Other/none / Unknown (write a note) / Not in this list (write it) / Not enough information / Corrupt / unusable / Taxonomy gap,,,,,,,,,1.1.0,1.0.0
bass_family,/Volumes/Jack_Gandy_1TB_SSD/Samples 2021 ->/Sample Packs/MGF Mega Pack/Analogue Collection/Bass/EURO1_BASS_09 A0.wav,EURO1_BASS_09 A0.wav,MGF Mega Pack,Analogue Collection,,,,,BASS,high,,Bass,review,"bass token: Sub Bass has 2 labels, 'sub' measures 11% and 'bass' 0%",Sub Bass / 808 / Reese Bass / Bass Hit / Bass Loop / Synth Bass Sustained / Not Bass / Other/none / Unknown (write a note) / Not in this list (write it) / Not enough information / Corrupt / unusable / Taxonomy gap,,,,,,,,,1.1.0,1.0.0
bass_family,/Volumes/Jack_Gandy_1TB_SSD/Samples 2021 ->/Sample Packs/Sounds of KSHMR Vol.3/KSHMR_Synths/KSHMR_Bass_PsyTrance/KSHMR_Psy_Bass_One_Shots/KSHMR_Psy_Bass_15_D#.wav,KSHMR_Psy_Bass_15_D#.wav,Sounds of KSHMR Vol.3,KSHMR_Synths,,,,,Bass,high,,Bass,review,"bass token: Sub Bass has 2 labels, 'sub' measures 11% and 'bass' 0%",Sub Bass / 808 / Reese Bass / Bass Hit / Bass Loop / Synth Bass Sustained / Not Bass / Other/none / Unknown (write a note) / Not in this list (write it) / Not enough information / Corrupt / unusable / Taxonomy gap,,,,,,,,,1.1.0,1.0.0
bass_family,/Volumes/Jack_Gandy_1TB_SSD/Samples 2021 ->/Sample Packs/MGF Mega Pack/Analogue Collection/Bass/JX3P1_BASS_35 C0.wav,JX3P1_BASS_35 C0.wav,MGF Mega Pack,Analogue Collection,,,,,BASS,high,,Bass,review,"bass token: Sub Bass has 2 labels, 'sub' measures 11% and 'bass' 0%",Sub Bass / 808 / Reese Bass / Bass Hit / Bass Loop / Synth Bass Sustained / Not Bass / Other/none / Unknown (write a note) / Not in this list (write it) / Not enough information / Corrupt / unusable / Taxonomy gap,,,,,,,,,1.1.0,1.0.0
bass_family,/Volumes/Jack_Gandy_1TB_SSD/Samples 2021 ->/Sample Packs/MGF Mega Pack/Analogue Collection/Bass/EURO1_BASS_06 F0.wav,EURO1_BASS_06 F0.wav,MGF Mega Pack,Analogue Collection,,,,,BASS,high,,Bass,review,"bass token: Sub Bass has 2 labels, 'sub' measures 11% and 'bass' 0%",Sub Bass / 808 / Reese Bass / Bass Hit / Bass Loop / Synth Bass Sustained / Not Bass / Other/none / Unknown (write a note) / Not in this list (write it) / Not enough information / Corrupt / unusable / Taxonomy gap,,,,,,,,,1.1.0,1.0.0
bass_family,/Volumes/Jack_Gandy_1TB_SSD/Samples 2021 ->/Sample Packs/Loaded Samples - Lo-Fi Memphis 2/DRUMS & PERC LOOPS/808 Clave Loop #12 [65BPM] (A).wav,808 Clave Loop #12 [65BPM] (A).wav,Loaded Samples - Lo-Fi Memphis 2,DRUMS & PERC LOOPS,,,,,808|Clave|Loop,medium,808,Bass|Loop|Percussion,review,"bass token: Sub Bass has 2 labels, 'sub' measures 11% and 'bass' 0%",Sub Bass / 808 / Reese Bass / Bass Hit / Bass Loop / Synth Bass Sustained / Not Bass / Other/none / Unknown (write a note) / Not in this list (write it) / Not enough information / Corrupt / unusable / Taxonomy gap,,,,,,,,,1.1.0,1.0.0
bass_family,/Volumes/Jack_Gandy_1TB_SSD/Samples 2021 ->/Sample Packs/Test Press Modestep Presents Bass and Breaks Vol 1/loops/bass_loops/TSP_MODESTEP_V1_150_bass_sludgeloop_Dmin.wav,TSP_MODESTEP_V1_150_bass_sludgeloop_Dmin.wav,Test Press Modestep Presents Bass and Breaks Vol 1,loops,,,,,bass,high,,Bass,review,"bass token: Sub Bass has 2 labels, 'sub' measures 11% and 'bass' 0%",Sub Bass / 808 / Reese Bass / Bass Hit / Bass Loop / Synth Bass Sustained / Not Bass / Other/none / Unknown (write a note) / Not in this list (write it) / Not enough information / Corrupt / unusable / Taxonomy gap,,,,,,,,,1.1.0,1.0.0
bass_family,/Volumes/Jack_Gandy_1TB_SSD/Samples 2021 ->/Sample Packs/Breaks/The Drum Broker - International Breaks & Essential Kicks/The Drum Broker - International Breaks 1/JW Bass Response LP Snips.1.wav,JW Bass Response LP Snips.1.wav,Breaks,The Drum Broker - International Breaks & Essential Kicks,,,,,Bass|LP,high,,Bass|Loop,review,"bass token: Sub Bass has 2 labels, 'sub' measures 11% and 'bass' 0%",Sub Bass / 808 / Reese Bass / Bass Hit / Bass Loop / Synth Bass Sustained / Not Bass / Other/none / Unknown (write a note) / Not in this list (write it) / Not enough information / Corrupt / unusable / Taxonomy gap,,,,,,,,,1.1.0,1.0.0
bass_family,/Volumes/Jack_Gandy_1TB_SSD/Samples 2021 ->/Sample Packs/Sounds of KSHMR Vol.3/KSHMR_Synths/KSHMR_Bass_Shots/KSHMR_Bass_FX/KSHMR_Bass_FX_07_G#.wav,KSHMR_Bass_FX_07_G#.wav,Sounds of KSHMR Vol.3,KSHMR_Synths,,,,,Bass|FX,medium,SFX,Bass|FX,review,"bass token: Sub Bass has 2 labels, 'sub' measures 11% and 'bass' 0%",Sub Bass / 808 / Reese Bass / Bass Hit / Bass Loop / Synth Bass Sustained / Not Bass / Other/none / Unknown (write a note) / Not in this list (write it) / Not enough information / Corrupt / unusable / Taxonomy gap,,,,,,,,,1.1.0,1.0.0
bass_family,/Volumes/Jack_Gandy_1TB_SSD/Samples 2021 ->/Sample Packs/Sounds of KSHMR Vol.3/KSHMR_Vocals/KSHMR_Vocals_Words_And_Phrases/KSHMR_Hype_Vocals/KSHMR_Hype_Vocal_46_They_Love_It_When_I_Turn_Up_The_Bass.wav,KSHMR_Hype_Vocal_46_They_Love_It_When_I_Turn_Up_The_Bass.wav,Sounds of KSHMR Vol.3,KSHMR_Vocals,,,,,Bass|Vocal,high,,Bass|Vocal,review,"bass token: Sub Bass has 2 labels, 'sub' measures 11% and 'bass' 0%",Sub Bass / 808 / Reese Bass / Bass Hit / Bass Loop / Synth Bass Sustained / Not Bass / Other/none / Unknown (write a note) / Not in this list (write it) / Not enough information / Corrupt / unusable / Taxonomy gap,,,,,,,,,1.1.0,1.0.0
bass_family,/Volumes/Jack_Gandy_1TB_SSD/Samples 2021 ->/Sample Packs/MGF Mega Pack/Multisamples/MGF Sub Phatty 1/RGB Bass/RGB Bass A4.wav,RGB Bass A4.wav,MGF Mega Pack,Multisamples,,,,,Bass,high,,Bass,review,"bass token: Sub Bass has 2 labels, 'sub' measures 11% and 'bass' 0%",Sub Bass / 808 / Reese Bass / Bass Hit / Bass Loop / Synth Bass Sustained / Not Bass / Other/none / Unknown (write a note) / Not in this list (write it) / Not enough information / Corrupt / unusable / Taxonomy gap,,,,,,,,,1.1.0,1.0.0
bass_family,/Volumes/Jack_Gandy_1TB_SSD/Samples 2021 ->/Sample Packs/MGF Mega Pack/Multisamples/MGF Minilogue Vol 1/Traxx Bass/Trax Bass - C2.wav,Trax Bass - C2.wav,MGF Mega Pack,Multisamples,,,,,Bass,high,,Bass,review,"bass token: Sub Bass has 2 labels, 'sub' measures 11% and 'bass' 0%",Sub Bass / 808 / Reese Bass / Bass Hit / Bass Loop / Synth Bass Sustained / Not Bass / Other/none / Unknown (write a note) / Not in this list (write it) / Not enough information / Corrupt / unusable / Taxonomy gap,,,,,,,,,1.1.0,1.0.0
bass_family,/Volumes/Jack_Gandy_1TB_SSD/Samples 2021 ->/Sample Packs/Sounds of KSHMR Vol.3/KSHMR_Synths/KSHMR_Bass_PsyTrance/KSHMR_Psy_Bass_One_Shots/KSHMR_Psy_Bass_43_F.wav,KSHMR_Psy_Bass_43_F.wav,Sounds of KSHMR Vol.3,KSHMR_Synths,,,,,Bass,high,,Bass,review,"bass token: Sub Bass has 2 labels, 'sub' measures 11% and 'bass' 0%",Sub Bass / 808 / Reese Bass / Bass Hit / Bass Loop / Synth Bass Sustained / Not Bass / Other/none / Unknown (write a note) / Not in this list (write it) / Not enough information / Corrupt / unusable / Taxonomy gap,,,,,,,,,1.1.0,1.0.0
bass_family,/Volumes/Jack_Gandy_1TB_SSD/Samples 2021 ->/2025/Reese_Bass_(F)/Bounce 1-splitreese [2025-12-11 102953]-2.wav,Bounce 1-splitreese [2025-12-11 102953]-2.wav,personal:2025,personal:2025/Reese_Bass_(F),,,,,,none,,,review,"bass token: Sub Bass has 2 labels, 'sub' measures 11% and 'bass' 0%",Sub Bass / 808 / Reese Bass / Bass Hit / Bass Loop / Synth Bass Sustained / Not Bass / Other/none / Unknown (write a note) / Not in this list (write it) / Not enough information / Corrupt / unusable / Taxonomy gap,,,,,,,,,1.1.0,1.0.0
bass_family,/Volumes/Jack_Gandy_1TB_SSD/Samples 2021 ->/Sample Packs/Sounds of KSHMR Vol.3/KSHMR_FX_Elements/KSHMR_Sub_Drops/KSHMR_Sub_Drop_04_C.wav,KSHMR_Sub_Drop_04_C.wav,Sounds of KSHMR Vol.3,KSHMR_FX_Elements,,,,,Sub,high,,Bass,review,"bass token: Sub Bass has 2 labels, 'sub' measures 11% and 'bass' 0%",Sub Bass / 808 / Reese Bass / Bass Hit / Bass Loop / Synth Bass Sustained / Not Bass / Other/none / Unknown (write a note) / Not in this list (write it) / Not enough information / Corrupt / unusable / Taxonomy gap,,,,,,,,,1.1.0,1.0.0
bass_family,/Volumes/Jack_Gandy_1TB_SSD/Samples 2021 ->/Sample Packs/Rosentricks - Essentials/Melodic Oneshots/RT_One_Shot_Bass_Synth_Upright_C.wav,RT_One_Shot_Bass_Synth_Upright_C.wav,Rosentricks - Essentials,Melodic Oneshots,,,,,Bass,high,,Bass,review,"bass token: Sub Bass has 2 labels, 'sub' measures 11% and 'bass' 0%",Sub Bass / 808 / Reese Bass / Bass Hit / Bass Loop / Synth Bass Sustained / Not Bass / Other/none / Unknown (write a note) / Not in this list (write it) / Not enough information / Corrupt / unusable / Taxonomy gap,,,,,,,,,1.1.0,1.0.0
bass_family,/Volumes/Jack_Gandy_1TB_SSD/Samples 2021 ->/Sample Packs/Loaded Samples - Lo-Fi Memphis 2/DRUMS/Snares/LFM2_Snare 808 Hi_REV.wav,LFM2_Snare 808 Hi_REV.wav,Loaded Samples - Lo-Fi Memphis 2,DRUMS,,,,,Snare|808,low,808|Snare,Bass|Snare,review,"bass token: Sub Bass has 2 labels, 'sub' measures 11% and 'bass' 0%",Sub Bass / 808 / Reese Bass / Bass Hit / Bass Loop / Synth Bass Sustained / Not Bass / Other/none / Unknown (write a note) / Not in this list (write it) / Not enough information / Corrupt / unusable / Taxonomy gap,,,,,,,,,1.1.0,1.0.0
bass_family,/Volumes/Jack_Gandy_1TB_SSD/Samples 2021 ->/Sample Packs/MGF Mega Pack/Multisamples/MGF JX3P Vol 1/Gabba Bass/Gabba Bass - D#1.wav,Gabba Bass - D#1.wav,MGF Mega Pack,Multisamples,,,,,Bass,high,,Bass,review,"bass token: Sub Bass has 2 labels, 'sub' measures 11% and 'bass' 0%",Sub Bass / 808 / Reese Bass / Bass Hit / Bass Loop / Synth Bass Sustained / Not Bass / Other/none / Unknown (write a note) / Not in this list (write it) / Not enough information / Corrupt / unusable / Taxonomy gap,,,,,,,,,1.1.0,1.0.0
bass_family,/Volumes/Jack_Gandy_1TB_SSD/Samples 2021 ->/Sample Packs/Sounds of KSHMR Vol.3/KSHMR_Synths/KSHMR_Bass_PsyTrance/KSHMR_Psy_Bass_One_Shots/KSHMR_Psy_Bass_02_A.wav,KSHMR_Psy_Bass_02_A.wav,Sounds of KSHMR Vol.3,KSHMR_Synths,,,,,Bass,high,,Bass,review,"bass token: Sub Bass has 2 labels, 'sub' measures 11% and 'bass' 0%",Sub Bass / 808 / Reese Bass / Bass Hit / Bass Loop / Synth Bass Sustained / Not Bass / Other/none / Unknown (write a note) / Not in this list (write it) / Not enough information / Corrupt / unusable / Taxonomy gap,,,,,,,,,1.1.0,1.0.0
bass_family,/Volumes/Jack_Gandy_1TB_SSD/Samples 2021 ->/Sample Packs/Sounds of KSHMR Vol.3/KSHMR_Synths/KSHMR_Bass_Shots/KSHMR_Bass_Stab/KSHMR_Bass_Shot_05_A.wav,KSHMR_Bass_Shot_05_A.wav,Sounds of KSHMR Vol.3,KSHMR_Synths,,,,,Bass,high,,Bass,review,"bass token: Sub Bass has 2 labels, 'sub' measures 11% and 'bass' 0%",Sub Bass / 808 / Reese Bass / Bass Hit / Bass Loop / Synth Bass Sustained / Not Bass / Other/none / Unknown (write a note) / Not in this list (write it) / Not enough information / Corrupt / unusable / Taxonomy gap,,,,,,,,,1.1.0,1.0.0
bass_family,/Volumes/Jack_Gandy_1TB_SSD/Samples 2021 ->/Sample Packs/MGF Mega Pack/Analogue Collection/Bass/MS20_NOV18_BASS_38 D-1.wav,MS20_NOV18_BASS_38 D-1.wav,MGF Mega Pack,Analogue Collection,,,,,BASS,high,,Bass,review,"bass token: Sub Bass has 2 labels, 'sub' measures 11% and 'bass' 0%",Sub Bass / 808 / Reese Bass / Bass Hit / Bass Loop / Synth Bass Sustained / Not Bass / Other/none / Unknown (write a note) / Not in this list (write it) / Not enough information / Corrupt / unusable / Taxonomy gap,,,,,,,,,1.1.0,1.0.0
bass_family,/Volumes/Jack_Gandy_1TB_SSD/Samples 2021 ->/Sample Packs/Drum Recollection/Essentials Drumkit Vol. 002/808s/Sage 808.wav,Sage 808.wav,Drum Recollection,Essentials Drumkit Vol. 002,,,,,808,medium,808,Bass,review,"bass token: Sub Bass has 2 labels, 'sub' measures 11% and 'bass' 0%",Sub Bass / 808 / Reese Bass / Bass Hit / Bass Loop / Synth Bass Sustained / Not Bass / Other/none / Unknown (write a note) / Not in this list (write it) / Not enough information / Corrupt / unusable / Taxonomy gap,,,,,,,,,1.1.0,1.0.0
bass_family,/Volumes/Jack_Gandy_1TB_SSD/Samples 2021 ->/Sample Packs/MGF Mega Pack/Multisamples/MGF Juno 106 1/Cool Bass/Cool Bass - G0.wav,Cool Bass - G0.wav,MGF Mega Pack,Multisamples,,,,,Bass,high,,Bass,review,"bass token: Sub Bass has 2 labels, 'sub' measures 11% and 'bass' 0%",Sub Bass / 808 / Reese Bass / Bass Hit / Bass Loop / Synth Bass Sustained / Not Bass / Other/none / Unknown (write a note) / Not in this list (write it) / Not enough information / Corrupt / unusable / Taxonomy gap,,,,,,,,,1.1.0,1.0.0
bass_family,/Volumes/Jack_Gandy_1TB_SSD/Samples 2021 ->/Sample Packs/MGF Mega Pack/Multisamples/MGF Eurorack Vol 2/PWM Bass 1/PWM Bass-9 A0.wav,PWM Bass-9 A0.wav,MGF Mega Pack,Multisamples,,,,,Bass,high,,Bass,review,"bass token: Sub Bass has 2 labels, 'sub' measures 11% and 'bass' 0%",Sub Bass / 808 / Reese Bass / Bass Hit / Bass Loop / Synth Bass Sustained / Not Bass / Other/none / Unknown (write a note) / Not in this list (write it) / Not enough information / Corrupt / unusable / Taxonomy gap,,,,,,,,,1.1.0,1.0.0
bass_family,/Volumes/Jack_Gandy_1TB_SSD/Samples 2021 ->/Sample Packs/MGF Mega Pack/Multisamples/MGF Eurorack Vol 2/PWM Bass 1/PWM Bass-1 C#0.wav,PWM Bass-1 C#0.wav,MGF Mega Pack,Multisamples,,,,,Bass,high,,Bass,review,"bass token: Sub Bass has 2 labels, 'sub' measures 11% and 'bass' 0%",Sub Bass / 808 / Reese Bass / Bass Hit / Bass Loop / Synth Bass Sustained / Not Bass / Other/none / Unknown (write a note) / Not in this list (write it) / Not enough information / Corrupt / unusable / Taxonomy gap,,,,,,,,,1.1.0,1.0.0
bass_family,/Volumes/Jack_Gandy_1TB_SSD/Samples 2021 ->/Sample Packs/Loaded Samples - Lo-Fi Memphis 2/DRUMS/Snares/LFM2_Snare 808 Medium (3).wav,LFM2_Snare 808 Medium (3).wav,Loaded Samples - Lo-Fi Memphis 2,DRUMS,,,,,Snare|808,low,808|Snare,Bass|Snare,review,"bass token: Sub Bass has 2 labels, 'sub' measures 11% and 'bass' 0%",Sub Bass / 808 / Reese Bass / Bass Hit / Bass Loop / Synth Bass Sustained / Not Bass / Other/none / Unknown (write a note) / Not in this list (write it) / Not enough information / Corrupt / unusable / Taxonomy gap,,,,,,,,,1.1.0,1.0.0
bass_family,/Volumes/Jack_Gandy_1TB_SSD/Samples 2021 ->/Sample Packs/Organic Drum Kit/5 Percussion/2 Cajon Box/1 Cajon Box/1 Bass Slap/Organic - Cajon Bass_A (3).wav,Organic - Cajon Bass_A (3).wav,Organic Drum Kit,5 Percussion,,,,,Bass|Cajon,high,,Bass|Percussion,review,"bass token: Sub Bass has 2 labels, 'sub' measures 11% and 'bass' 0%",Sub Bass / 808 / Reese Bass / Bass Hit / Bass Loop / Synth Bass Sustained / Not Bass / Other/none / Unknown (write a note) / Not in this list (write it) / Not enough information / Corrupt / unusable / Taxonomy gap,,,,,,,,,1.1.0,1.0.0
bass_family,/Volumes/Jack_Gandy_1TB_SSD/Samples 2021 ->/Sample Packs/Sounds of KSHMR Vol.3/KSHMR_Synths/KSHMR_Bass_Shots/KSHMR_Bass_Pluck/KSHMR_Bass_Pluck_05_C.wav,KSHMR_Bass_Pluck_05_C.wav,Sounds of KSHMR Vol.3,KSHMR_Synths,,,,,Bass,high,,Bass,review,"bass token: Sub Bass has 2 labels, 'sub' measures 11% and 'bass' 0%",Sub Bass / 808 / Reese Bass / Bass Hit / Bass Loop / Synth Bass Sustained / Not Bass / Other/none / Unknown (write a note) / Not in this list (write it) / Not enough information / Corrupt / unusable / Taxonomy gap,,,,,,,,,1.1.0,1.0.0
bass_family,/Volumes/Jack_Gandy_1TB_SSD/Samples 2021 ->/Sample Packs/Sounds of KSHMR Vol.3/KSHMR_Synths/KSHMR_Bass_PsyTrance/KSHMR_Psy_Bass_Loops/KSHMR_Psy_Bass_Loop_03_138_E_Triplet.wav,KSHMR_Psy_Bass_Loop_03_138_E_Triplet.wav,Sounds of KSHMR Vol.3,KSHMR_Synths,,,,,Bass|Loop,high,,Bass|Loop,review,"bass token: Sub Bass has 2 labels, 'sub' measures 11% and 'bass' 0%",Sub Bass / 808 / Reese Bass / Bass Hit / Bass Loop / Synth Bass Sustained / Not Bass / Other/none / Unknown (write a note) / Not in this list (write it) / Not enough information / Corrupt / unusable / Taxonomy gap,,,,,,,,,1.1.0,1.0.0
bass_family,/Volumes/Jack_Gandy_1TB_SSD/Samples 2021 ->/2025/Reese_Bass_(F)/Bounce 1-basic reese [2026-01-13 100329]-2.wav,Bounce 1-basic reese [2026-01-13 100329]-2.wav,personal:2025,personal:2025/Reese_Bass_(F),,,,,reese,medium,Reese Bass,Bass,review,"bass token: Sub Bass has 2 labels, 'sub' measures 11% and 'bass' 0%",Sub Bass / 808 / Reese Bass / Bass Hit / Bass Loop / Synth Bass Sustained / Not Bass / Other/none / Unknown (write a note) / Not in this list (write it) / Not enough information / Corrupt / unusable / Taxonomy gap,,,,,,,,,1.1.0,1.0.0
bass_family,/Volumes/Jack_Gandy_1TB_SSD/Samples 2021 ->/Sample Packs/Senegal Sessions/Loops/Bass/SS_SS_105_bass_synth_touba_Am.wav,SS_SS_105_bass_synth_touba_Am.wav,Senegal Sessions,Loops,,,,,bass,high,,Bass,review,"bass token: Sub Bass has 2 labels, 'sub' measures 11% and 'bass' 0%",Sub Bass / 808 / Reese Bass / Bass Hit / Bass Loop / Synth Bass Sustained / Not Bass / Other/none / Unknown (write a note) / Not in this list (write it) / Not enough information / Corrupt / unusable / Taxonomy gap,,,,,,,,,1.1.0,1.0.0
bass_family,/Volumes/Jack_Gandy_1TB_SSD/Samples 2021 ->/Sample Packs/Origin Sound - Soul Soundscapes (2025)/loops/electric_bass_guitar_loops/OS_SS_128_electric_bass_guitar_western_G#.wav,OS_SS_128_electric_bass_guitar_western_G#.wav,Origin Sound - Soul Soundscapes (2025),loops,,,,,bass,high,,Bass,review,"bass token: Sub Bass has 2 labels, 'sub' measures 11% and 'bass' 0%",Sub Bass / 808 / Reese Bass / Bass Hit / Bass Loop / Synth Bass Sustained / Not Bass / Other/none / Unknown (write a note) / Not in this list (write it) / Not enough information / Corrupt / unusable / Taxonomy gap,,,,,,,,,1.1.0,1.0.0
bass_family,/Volumes/Jack_Gandy_1TB_SSD/Samples 2021 ->/Sample Packs/Test Press Modestep Presents Bass and Breaks Vol 1/loops/bass_loops/TSP_MODESTEP_V1_145_bass_gunner_alt_Dmin.wav,TSP_MODESTEP_V1_145_bass_gunner_alt_Dmin.wav,Test Press Modestep Presents Bass and Breaks Vol 1,loops,,,,,bass,high,,Bass,review,"bass token: Sub Bass has 2 labels, 'sub' measures 11% and 'bass' 0%",Sub Bass / 808 / Reese Bass / Bass Hit / Bass Loop / Synth Bass Sustained / Not Bass / Other/none / Unknown (write a note) / Not in this list (write it) / Not enough information / Corrupt / unusable / Taxonomy gap,,,,,,,,,1.1.0,1.0.0
bass_family,/Volumes/Jack_Gandy_1TB_SSD/Samples 2021 ->/Sample Packs/SIIK Sounds - Eclipse (Full Pack)/SIIK Sounds Eclipse (WAV Samples)/Synth Shots/Bass Shots/ECLIPSE Bass Shot 20 F.wav,ECLIPSE Bass Shot 20 F.wav,SIIK Sounds - Eclipse (Full Pack),SIIK Sounds Eclipse (WAV Samples),,,,,Bass,high,,Bass,review,"bass token: Sub Bass has 2 labels, 'sub' measures 11% and 'bass' 0%",Sub Bass / 808 / Reese Bass / Bass Hit / Bass Loop / Synth Bass Sustained / Not Bass / Other/none / Unknown (write a note) / Not in this list (write it) / Not enough information / Corrupt / unusable / Taxonomy gap,,,,,,,,,1.1.0,1.0.0
bass_family,/Volumes/Jack_Gandy_1TB_SSD/Samples 2021 ->/Sample Packs/Origin Sound - Vintage Vibes 3 (2025)/loops/electric_bass_guitar_loops/OS_VV3_130_electric_bass_guitar_iris_Am.wav,OS_VV3_130_electric_bass_guitar_iris_Am.wav,Origin Sound - Vintage Vibes 3 (2025),loops,,,,,bass,high,,Bass,review,"bass token: Sub Bass has 2 labels, 'sub' measures 11% and 'bass' 0%",Sub Bass / 808 / Reese Bass / Bass Hit / Bass Loop / Synth Bass Sustained / Not Bass / Other/none / Unknown (write a note) / Not in this list (write it) / Not enough information / Corrupt / unusable / Taxonomy gap,,,,,,,,,1.1.0,1.0.0
bass_family,/Volumes/Jack_Gandy_1TB_SSD/Samples 2021 ->/2024/Reese Bass (F)/Freeze 13-808_sqsaw [2024-12-21 160311]-2.wav,Freeze 13-808_sqsaw [2024-12-21 160311]-2.wav,personal:2024,personal:2024/Reese Bass (F),,,,,808,medium,808,Bass,review,"bass token: Sub Bass has 2 labels, 'sub' measures 11% and 'bass' 0%",Sub Bass / 808 / Reese Bass / Bass Hit / Bass Loop / Synth Bass Sustained / Not Bass / Other/none / Unknown (write a note) / Not in this list (write it) / Not enough information / Corrupt / unusable / Taxonomy gap,,,,,,,,,1.1.0,1.0.0
bass_family,/Volumes/Jack_Gandy_1TB_SSD/Samples 2021 ->/Sample Packs/Origin Sound - Adore - RNB Soul (2025)/loops/electric_bass_guitar_loops/OS_AD_95_electric_bass_guitar_galaxy_one_Cm.wav,OS_AD_95_electric_bass_guitar_galaxy_one_Cm.wav,Origin Sound - Adore - RNB Soul (2025),loops,,,,,bass,high,,Bass,review,"bass token: Sub Bass has 2 labels, 'sub' measures 11% and 'bass' 0%",Sub Bass / 808 / Reese Bass / Bass Hit / Bass Loop / Synth Bass Sustained / Not Bass / Other/none / Unknown (write a note) / Not in this list (write it) / Not enough information / Corrupt / unusable / Taxonomy gap,,,,,,,,,1.1.0,1.0.0
bass_family,/Volumes/Jack_Gandy_1TB_SSD/Samples 2021 ->/Sample Packs/Loaded Samples - Lo-Fi Memphis 2/DRUMS/Snares/LFM2_Snare 808_REV (3).wav,LFM2_Snare 808_REV (3).wav,Loaded Samples - Lo-Fi Memphis 2,DRUMS,,,,,Snare|808,low,808|Snare,Bass|Snare,review,"bass token: Sub Bass has 2 labels, 'sub' measures 11% and 'bass' 0%",Sub Bass / 808 / Reese Bass / Bass Hit / Bass Loop / Synth Bass Sustained / Not Bass / Other/none / Unknown (write a note) / Not in this list (write it) / Not enough information / Corrupt / unusable / Taxonomy gap,,,,,,,,,1.1.0,1.0.0
bass_family,/Volumes/Jack_Gandy_1TB_SSD/Samples 2021 ->/Sample Packs/Origin Sound - Adore - RNB Soul (2025)/loops/songstarters/OS_AD_95_songstarter_bass_memories_Dm.wav,OS_AD_95_songstarter_bass_memories_Dm.wav,Origin Sound - Adore - RNB Soul (2025),loops,,,,,bass,high,,Bass,review,"bass token: Sub Bass has 2 labels, 'sub' measures 11% and 'bass' 0%",Sub Bass / 808 / Reese Bass / Bass Hit / Bass Loop / Synth Bass Sustained / Not Bass / Other/none / Unknown (write a note) / Not in this list (write it) / Not enough information / Corrupt / unusable / Taxonomy gap,,,,,,,,,1.1.0,1.0.0
bass_family,/Volumes/Jack_Gandy_1TB_SSD/Samples 2021 ->/Sample Packs/MGF Mega Pack/Multisamples/MGF Minilogue Vol 1/Traxx Bass/Trax Bass - A3.wav,Trax Bass - A3.wav,MGF Mega Pack,Multisamples,,,,,Bass,high,,Bass,review,"bass token: Sub Bass has 2 labels, 'sub' measures 11% and 'bass' 0%",Sub Bass / 808 / Reese Bass / Bass Hit / Bass Loop / Synth Bass Sustained / Not Bass / Other/none / Unknown (write a note) / Not in this list (write it) / Not enough information / Corrupt / unusable / Taxonomy gap,,,,,,,,,1.1.0,1.0.0
bass_family,/Volumes/Jack_Gandy_1TB_SSD/Samples 2021 ->/Sample Packs/Sounds of KSHMR Vol.3/KSHMR_VIP_Friends_of_KSHMR/MRBLACK/MRBLACK_Bass_D#.wav,MRBLACK_Bass_D#.wav,Sounds of KSHMR Vol.3,KSHMR_VIP_Friends_of_KSHMR,,,,,Bass,high,,Bass,review,"bass token: Sub Bass has 2 labels, 'sub' measures 11% and 'bass' 0%",Sub Bass / 808 / Reese Bass / Bass Hit / Bass Loop / Synth Bass Sustained / Not Bass / Other/none / Unknown (write a note) / Not in this list (write it) / Not enough information / Corrupt / unusable / Taxonomy gap,,,,,,,,,1.1.0,1.0.0
bass_family,/Volumes/Jack_Gandy_1TB_SSD/Samples 2021 ->/Sample Packs/MGF Mega Pack/Multisamples/MGF Eurorack Vol 2/PWM Bass 1/PWM Bass-8 G#0.wav,PWM Bass-8 G#0.wav,MGF Mega Pack,Multisamples,,,,,Bass,high,,Bass,review,"bass token: Sub Bass has 2 labels, 'sub' measures 11% and 'bass' 0%",Sub Bass / 808 / Reese Bass / Bass Hit / Bass Loop / Synth Bass Sustained / Not Bass / Other/none / Unknown (write a note) / Not in this list (write it) / Not enough information / Corrupt / unusable / Taxonomy gap,,,,,,,,,1.1.0,1.0.0
bass_family,/Volumes/Jack_Gandy_1TB_SSD/Samples 2021 ->/2026/Reese_Bass_(F)/Bounce 16-simple reese [2026-05-30 012934]-1.wav,Bounce 16-simple reese [2026-05-30 012934]-1.wav,personal:2026,personal:2026/Reese_Bass_(F),,,,,reese,medium,Reese Bass,Bass,review,"bass token: Sub Bass has 2 labels, 'sub' measures 11% and 'bass' 0%",Sub Bass / 808 / Reese Bass / Bass Hit / Bass Loop / Synth Bass Sustained / Not Bass / Other/none / Unknown (write a note) / Not in this list (write it) / Not enough information / Corrupt / unusable / Taxonomy gap,,,,,,,,,1.1.0,1.0.0
bass_family,/Volumes/Jack_Gandy_1TB_SSD/Samples 2021 ->/Sample Packs/MGF Mega Pack/Analogue Collection/Bass/P08_BASS_24 C1.wav,P08_BASS_24 C1.wav,MGF Mega Pack,Analogue Collection,,,,,BASS,high,,Bass,review,"bass token: Sub Bass has 2 labels, 'sub' measures 11% and 'bass' 0%",Sub Bass / 808 / Reese Bass / Bass Hit / Bass Loop / Synth Bass Sustained / Not Bass / Other/none / Unknown (write a note) / Not in this list (write it) / Not enough information / Corrupt / unusable / Taxonomy gap,,,,,,,,,1.1.0,1.0.0
bass_family,/Volumes/Jack_Gandy_1TB_SSD/Samples 2021 ->/2024/Reese Bass (F)/Freeze 2-noise 808 reese [2024-12-22 152717]-2.wav,Freeze 2-noise 808 reese [2024-12-22 152717]-2.wav,personal:2024,personal:2024/Reese Bass (F),,,,,808|reese,medium,808|Reese Bass,Bass,review,"bass token: Sub Bass has 2 labels, 'sub' measures 11% and 'bass' 0%",Sub Bass / 808 / Reese Bass / Bass Hit / Bass Loop / Synth Bass Sustained / Not Bass / Other/none / Unknown (write a note) / Not in this list (write it) / Not enough information / Corrupt / unusable / Taxonomy gap,,,,,,,,,1.1.0,1.0.0
bass_family,/Volumes/Jack_Gandy_1TB_SSD/Samples 2021 ->/Sample Packs/Test Press Modestep Presents Bass and Breaks Vol 1/loops/bass_loops/TSP_MODESTEP_V1_140_bass_riddim_alt5_Dmin.wav,TSP_MODESTEP_V1_140_bass_riddim_alt5_Dmin.wav,Test Press Modestep Presents Bass and Breaks Vol 1,loops,,,,,bass,high,,Bass,review,"bass token: Sub Bass has 2 labels, 'sub' measures 11% and 'bass' 0%",Sub Bass / 808 / Reese Bass / Bass Hit / Bass Loop / Synth Bass Sustained / Not Bass / Other/none / Unknown (write a note) / Not in this list (write it) / Not enough information / Corrupt / unusable / Taxonomy gap,,,,,,,,,1.1.0,1.0.0
bass_family,/Volumes/Jack_Gandy_1TB_SSD/Samples 2021 ->/Sample Packs/Loaded Samples - Lo-Fi Memphis 2/DRUMS & PERC LOOPS/808 Clave Loop #6 [65BPM] (F#).wav,808 Clave Loop #6 [65BPM] (F#).wav,Loaded Samples - Lo-Fi Memphis 2,DRUMS & PERC LOOPS,,,,,808|Clave|Loop,medium,808,Bass|Loop|Percussion,review,"bass token: Sub Bass has 2 labels, 'sub' measures 11% and 'bass' 0%",Sub Bass / 808 / Reese Bass / Bass Hit / Bass Loop / Synth Bass Sustained / Not Bass / Other/none / Unknown (write a note) / Not in this list (write it) / Not enough information / Corrupt / unusable / Taxonomy gap,,,,,,,,,1.1.0,1.0.0
bass_family,/Volumes/Jack_Gandy_1TB_SSD/Samples 2021 ->/Sample Packs/Sounds of KSHMR Vol.3/KSHMR_VIP_Friends_of_KSHMR/CROSSNADERS/CROSSNADERS_Bass_Shot_Damn_1_E.wav,CROSSNADERS_Bass_Shot_Damn_1_E.wav,Sounds of KSHMR Vol.3,KSHMR_VIP_Friends_of_KSHMR,,,,,Bass,high,,Bass,review,"bass token: Sub Bass has 2 labels, 'sub' measures 11% and 'bass' 0%",Sub Bass / 808 / Reese Bass / Bass Hit / Bass Loop / Synth Bass Sustained / Not Bass / Other/none / Unknown (write a note) / Not in this list (write it) / Not enough information / Corrupt / unusable / Taxonomy gap,,,,,,,,,1.1.0,1.0.0
bass_family,/Volumes/Jack_Gandy_1TB_SSD/Samples 2021 ->/Sample Packs/Test Press Modestep Presents Bass and Breaks Vol 1/loops/bass_loops/TSP_MODESTEP_V1_140_bass_sustain_moon_D#.wav,TSP_MODESTEP_V1_140_bass_sustain_moon_D#.wav,Test Press Modestep Presents Bass and Breaks Vol 1,loops,,,,,bass,high,,Bass,review,"bass token: Sub Bass has 2 labels, 'sub' measures 11% and 'bass' 0%",Sub Bass / 808 / Reese Bass / Bass Hit / Bass Loop / Synth Bass Sustained / Not Bass / Other/none / Unknown (write a note) / Not in this list (write it) / Not enough information / Corrupt / unusable / Taxonomy gap,,,,,,,,,1.1.0,1.0.0
percussion_family,/Volumes/Jack_Gandy_1TB_SSD/Samples 2021 ->/Sample Packs/Sounds of KSHMR Vol.3/KSHMR_Drums/KSHMR_Toms/KSHMR_Tom_Kits/KSHMR_Tom_Kit_10_02_Mid.wav,KSHMR_Tom_Kit_10_02_Mid.wav,Sounds of KSHMR Vol.3,KSHMR_Drums,,,,,Tom,low,Percussion,Percussion,review,perc/shaker/tom token: 'perc' measures 29% and usually means Percussion Loop,Tom / Shaker/Tambourine / Hand Drum / Metallic / Other Percussive Hit / Percussion Loop / Rimshot / Other/none / Unknown (write a note) / Not in this list (write it) / Not enough information / Corrupt / unusable / Taxonomy gap,,,,,,,,,1.1.0,1.0.0
percussion_family,/Volumes/Jack_Gandy_1TB_SSD/Samples 2021 ->/Sample Packs/MGF Mega Pack/Analogue Collection/Perc/MS20_OCT20_PERC_15.wav,MS20_OCT20_PERC_15.wav,MGF Mega Pack,Analogue Collection,,,,,PERC,high,,Percussion,review,perc/shaker/tom token: 'perc' measures 29% and usually means Percussion Loop,Tom / Shaker/Tambourine / Hand Drum / Metallic / Other Percussive Hit / Percussion Loop / Rimshot / Other/none / Unknown (write a note) / Not in this list (write it) / Not enough information / Corrupt / unusable / Taxonomy gap,,,,,,,,,1.1.0,1.0.0
percussion_family,/Volumes/Jack_Gandy_1TB_SSD/Samples 2021 ->/Sample Packs/IMANU/es tu reel stems/etr_00_11 chord pitchbend experiments_3_drop chords.wav,etr_00_11 chord pitchbend experiments_3_drop chords.wav,IMANU,es tu reel stems,,,,,chord,high,,,review,perc/shaker/tom token: 'perc' measures 29% and usually means Percussion Loop,Tom / Shaker/Tambourine / Hand Drum / Metallic / Other Percussive Hit / Percussion Loop / Rimshot / Other/none / Unknown (write a note) / Not in this list (write it) / Not enough information / Corrupt / unusable / Taxonomy gap,,,,,,,,,1.1.0,1.0.0
percussion_family,/Volumes/Jack_Gandy_1TB_SSD/Samples 2021 ->/Sample Packs/Mike Shinoda Drums/MS BEATS/Recharged Samples/Shaker BeautifulDirt 1.wav,Shaker BeautifulDirt 1.wav,Mike Shinoda Drums,MS BEATS,,,,,Shaker,high,,Percussion,review,perc/shaker/tom token: 'perc' measures 29% and usually means Percussion Loop,Tom / Shaker/Tambourine / Hand Drum / Metallic / Other Percussive Hit / Percussion Loop / Rimshot / Other/none / Unknown (write a note) / Not in this list (write it) / Not enough information / Corrupt / unusable / Taxonomy gap,,,,,,,,,1.1.0,1.0.0
percussion_family,/Volumes/Jack_Gandy_1TB_SSD/Samples 2021 ->/2021/Resamples/2021/Percussion/rim01.wav,rim01.wav,personal:2021,personal:2021/Resamples,,,,,,none,,,review,perc/shaker/tom token: 'perc' measures 29% and usually means Percussion Loop,Tom / Shaker/Tambourine / Hand Drum / Metallic / Other Percussive Hit / Percussion Loop / Rimshot / Other/none / Unknown (write a note) / Not in this list (write it) / Not enough information / Corrupt / unusable / Taxonomy gap,,,,,,,,,1.1.0,1.0.0
percussion_family,/Volumes/Jack_Gandy_1TB_SSD/Samples 2021 ->/Sample Packs/Organic Drum Kit/5 Percussion/1 Hand Drums/1 Conga Drum/Conga Drum B/Organic - Conga (1).wav,Organic - Conga (1).wav,Organic Drum Kit,5 Percussion,,,,,Conga,medium,,Percussion,review,perc/shaker/tom token: 'perc' measures 29% and usually means Percussion Loop,Tom / Shaker/Tambourine / Hand Drum / Metallic / Other Percussive Hit / Percussion Loop / Rimshot / Other/none / Unknown (write a note) / Not in this list (write it) / Not enough information / Corrupt / unusable / Taxonomy gap,,,,,,,,,1.1.0,1.0.0
percussion_family,/Volumes/Jack_Gandy_1TB_SSD/Samples 2021 ->/Sample Packs/Sounds of KSHMR Vol.3/KSHMR_Drums/KSHMR_Percussion/KSHMR_Percussion_High/KSHMR_Percussion_High_Slap_05_E.wav,KSHMR_Percussion_High_Slap_05_E.wav,Sounds of KSHMR Vol.3,KSHMR_Drums,,,,,Percussion,high,,Percussion,review,perc/shaker/tom token: 'perc' measures 29% and usually means Percussion Loop,Tom / Shaker/Tambourine / Hand Drum / Metallic / Other Percussive Hit / Percussion Loop / Rimshot / Other/none / Unknown (write a note) / Not in this list (write it) / Not enough information / Corrupt / unusable / Taxonomy gap,,,,,,,,,1.1.0,1.0.0
percussion_family,/Volumes/Jack_Gandy_1TB_SSD/Samples 2021 ->/Sample Packs/Organic Drum Kit/Maschine Kits/Imperial Kit Samples/Organic - Conga A (16).wav,Organic - Conga A (16).wav,Organic Drum Kit,Maschine Kits,,,,,Conga,medium,,Percussion,review,perc/shaker/tom token: 'perc' measures 29% and usually means Percussion Loop,Tom / Shaker/Tambourine / Hand Drum / Metallic / Other Percussive Hit / Percussion Loop / Rimshot / Other/none / Unknown (write a note) / Not in this list (write it) / Not enough information / Corrupt / unusable / Taxonomy gap,,,,,,,,,1.1.0,1.0.0
percussion_family,/Volumes/Jack_Gandy_1TB_SSD/Samples 2021 ->/Sample Packs/Minimal Audio/ELEMENT/1 - Drums/1 - Drum Loops/4 - Top Loops/Perc - Time Breaks - 78 BPM.wav,Perc - Time Breaks - 78 BPM.wav,Minimal Audio,ELEMENT,,,,,Perc,high,,Percussion,review,perc/shaker/tom token: 'perc' measures 29% and usually means Percussion Loop,Tom / Shaker/Tambourine / Hand Drum / Metallic / Other Percussive Hit / Percussion Loop / Rimshot / Other/none / Unknown (write a note) / Not in this list (write it) / Not enough information / Corrupt / unusable / Taxonomy gap,,,,,,,,,1.1.0,1.0.0
percussion_family,/Volumes/Jack_Gandy_1TB_SSD/Samples 2021 ->/Sample Packs/Loaded Samples - Lo-Fi Memphis 2/DRUMS/Perc/LFM2_Shaker (3).wav,LFM2_Shaker (3).wav,Loaded Samples - Lo-Fi Memphis 2,DRUMS,,,,,Shaker,high,,Percussion,review,perc/shaker/tom token: 'perc' measures 29% and usually means Percussion Loop,Tom / Shaker/Tambourine / Hand Drum / Metallic / Other Percussive Hit / Percussion Loop / Rimshot / Other/none / Unknown (write a note) / Not in this list (write it) / Not enough information / Corrupt / unusable / Taxonomy gap,,,,,,,,,1.1.0,1.0.0
percussion_family,/Volumes/Jack_Gandy_1TB_SSD/Samples 2021 ->/Sample Packs/MGF Mega Pack/Misc + Found Sound/Button Bash/Percussive/MGF_BB2_PERC_42.wav,MGF_BB2_PERC_42.wav,MGF Mega Pack,Misc + Found Sound,,,,,PERC,high,,Percussion,review,perc/shaker/tom token: 'perc' measures 29% and usually means Percussion Loop,Tom / Shaker/Tambourine / Hand Drum / Metallic / Other Percussive Hit / Percussion Loop / Rimshot / Other/none / Unknown (write a note) / Not in this list (write it) / Not enough information / Corrupt / unusable / Taxonomy gap,,,,,,,,,1.1.0,1.0.0
percussion_family,/Volumes/Jack_Gandy_1TB_SSD/Samples 2021 ->/Sample Packs/Origin Sound - Adore - RNB Soul (2025)/one_shots/percussion/OS_AD_perc_water.wav,OS_AD_perc_water.wav,Origin Sound - Adore - RNB Soul (2025),one_shots,,,,,perc,high,,Percussion,review,perc/shaker/tom token: 'perc' measures 29% and usually means Percussion Loop,Tom / Shaker/Tambourine / Hand Drum / Metallic / Other Percussive Hit / Percussion Loop / Rimshot / Other/none / Unknown (write a note) / Not in this list (write it) / Not enough information / Corrupt / unusable / Taxonomy gap,,,,,,,,,1.1.0,1.0.0
percussion_family,/Volumes/Jack_Gandy_1TB_SSD/Samples 2021 ->/Sample Packs/Sounds of KSHMR Vol.3/KSHMR_Drums/KSHMR_Percussion/KSHMR_Shakers/KSHMR_Shaker_03_A.wav,KSHMR_Shaker_03_A.wav,Sounds of KSHMR Vol.3,KSHMR_Drums,,,,,Shaker,high,,Percussion,review,perc/shaker/tom token: 'perc' measures 29% and usually means Percussion Loop,Tom / Shaker/Tambourine / Hand Drum / Metallic / Other Percussive Hit / Percussion Loop / Rimshot / Other/none / Unknown (write a note) / Not in this list (write it) / Not enough information / Corrupt / unusable / Taxonomy gap,,,,,,,,,1.1.0,1.0.0
percussion_family,/Volumes/Jack_Gandy_1TB_SSD/Samples 2021 ->/Sample Packs/Senegal Sessions/One_Shots/Drums/Snares__Rims/SS_SS_rim_goudomp.wav,SS_SS_rim_goudomp.wav,Senegal Sessions,One_Shots,,,,,rim,medium,Rimshot,Rimshot,review,perc/shaker/tom token: 'perc' measures 29% and usually means Percussion Loop,Tom / Shaker/Tambourine / Hand Drum / Metallic / Other Percussive Hit / Percussion Loop / Rimshot / Other/none / Unknown (write a note) / Not in this list (write it) / Not enough information / Corrupt / unusable / Taxonomy gap,,,,,,,,,1.1.0,1.0.0
percussion_family,/Volumes/Jack_Gandy_1TB_SSD/Samples 2021 ->/Sample Packs/MGF Mega Pack/Misc + Found Sound/Abstract Hits/MGF_ABS1_PERC_08.wav,MGF_ABS1_PERC_08.wav,MGF Mega Pack,Misc + Found Sound,,,,,PERC,high,,Percussion,review,perc/shaker/tom token: 'perc' measures 29% and usually means Percussion Loop,Tom / Shaker/Tambourine / Hand Drum / Metallic / Other Percussive Hit / Percussion Loop / Rimshot / Other/none / Unknown (write a note) / Not in this list (write it) / Not enough information / Corrupt / unusable / Taxonomy gap,,,,,,,,,1.1.0,1.0.0
percussion_family,/Volumes/Jack_Gandy_1TB_SSD/Samples 2021 ->/Sample Packs/Virtual Riot/Studio Time S2 EP2 - Drums And More Episode Files/Raw Kitchen Foley Recordings/VR_ST_Foley_softShaker2.wav,VR_ST_Foley_softShaker2.wav,Virtual Riot,Studio Time S2 EP2 - Drums And More Episode Files,,,,,Foley,medium,Foley,Foley,review,perc/shaker/tom token: 'perc' measures 29% and usually means Percussion Loop,Tom / Shaker/Tambourine / Hand Drum / Metallic / Other Percussive Hit / Percussion Loop / Rimshot / Other/none / Unknown (write a note) / Not in this list (write it) / Not enough information / Corrupt / unusable / Taxonomy gap,,,,,,,,,1.1.0,1.0.0
percussion_family,/Volumes/Jack_Gandy_1TB_SSD/Samples 2021 ->/Sample Packs/Drum Recollection/Essentials Drumkit Vol. 002/Rims/Verbal Rim.wav,Verbal Rim.wav,Drum Recollection,Essentials Drumkit Vol. 002,,,,,Rim,medium,Rimshot,Rimshot,review,perc/shaker/tom token: 'perc' measures 29% and usually means Percussion Loop,Tom / Shaker/Tambourine / Hand Drum / Metallic / Other Percussive Hit / Percussion Loop / Rimshot / Other/none / Unknown (write a note) / Not in this list (write it) / Not enough information / Corrupt / unusable / Taxonomy gap,,,,,,,,,1.1.0,1.0.0
percussion_family,/Volumes/Jack_Gandy_1TB_SSD/Samples 2021 ->/Sample Packs/Organic Drum Kit/5 Percussion/1 Hand Drums/2 Bongo Drum/1 Bongo A/Organic - Bongo A (7).wav,Organic - Bongo A (7).wav,Organic Drum Kit,5 Percussion,,,,,Bongo,medium,,Percussion,review,perc/shaker/tom token: 'perc' measures 29% and usually means Percussion Loop,Tom / Shaker/Tambourine / Hand Drum / Metallic / Other Percussive Hit / Percussion Loop / Rimshot / Other/none / Unknown (write a note) / Not in this list (write it) / Not enough information / Corrupt / unusable / Taxonomy gap,,,,,,,,,1.1.0,1.0.0
percussion_family,/Volumes/Jack_Gandy_1TB_SSD/Samples 2021 ->/Sample Packs/Organic Drum Kit/Maschine Kits/Earthquake Kit Samples/Organic - Conga (23).wav,Organic - Conga (23).wav,Organic Drum Kit,Maschine Kits,,,,,Conga,medium,,Percussion,review,perc/shaker/tom token: 'perc' measures 29% and usually means Percussion Loop,Tom / Shaker/Tambourine / Hand Drum / Metallic / Other Percussive Hit / Percussion Loop / Rimshot / Other/none / Unknown (write a note) / Not in this list (write it) / Not enough information / Corrupt / unusable / Taxonomy gap,,,,,,,,,1.1.0,1.0.0
percussion_family,/Volumes/Jack_Gandy_1TB_SSD/Samples 2021 ->/Sample Packs/Organic Drum Kit/6 Cymbals & Toms/2 Toms/Organic - Tom_C (5).wav,Organic - Tom_C (5).wav,Organic Drum Kit,6 Cymbals & Toms,,,,,Tom,low,Percussion,Percussion,review,perc/shaker/tom token: 'perc' measures 29% and usually means Percussion Loop,Tom / Shaker/Tambourine / Hand Drum / Metallic / Other Percussive Hit / Percussion Loop / Rimshot / Other/none / Unknown (write a note) / Not in this list (write it) / Not enough information / Corrupt / unusable / Taxonomy gap,,,,,,,,,1.1.0,1.0.0
percussion_family,/Volumes/Jack_Gandy_1TB_SSD/Samples 2021 ->/Sample Packs/Production Music Live - Acoustic - Melodic House 4/Tonal Percussion Loops/PMLxOT4_SOL_Tonal_Percussion_Loop_009_122BPM_Amin.wav,PMLxOT4_SOL_Tonal_Percussion_Loop_009_122BPM_Amin.wav,Production Music Live - Acoustic - Melodic House 4,Tonal Percussion Loops,,,,,Percussion|Loop,high,,Loop|Percussion,review,perc/shaker/tom token: 'perc' measures 29% and usually means Percussion Loop,Tom / Shaker/Tambourine / Hand Drum / Metallic / Other Percussive Hit / Percussion Loop / Rimshot / Other/none / Unknown (write a note) / Not in this list (write it) / Not enough information / Corrupt / unusable / Taxonomy gap,,,,,,,,,1.1.0,1.0.0
percussion_family,/Volumes/Jack_Gandy_1TB_SSD/Samples 2021 ->/Sample Packs/MGF Mega Pack/Misc + Found Sound/Chromaphone/Percussion/MGF_PHYS1_PERC_31.wav,MGF_PHYS1_PERC_31.wav,MGF Mega Pack,Misc + Found Sound,,,,,PERC,high,,Percussion,review,perc/shaker/tom token: 'perc' measures 29% and usually means Percussion Loop,Tom / Shaker/Tambourine / Hand Drum / Metallic / Other Percussive Hit / Percussion Loop / Rimshot / Other/none / Unknown (write a note) / Not in this list (write it) / Not enough information / Corrupt / unusable / Taxonomy gap,,,,,,,,,1.1.0,1.0.0
percussion_family,/Volumes/Jack_Gandy_1TB_SSD/Samples 2021 ->/Sample Packs/Production Music Live - Acoustic - Melodic House 4/Tonal Percussion Loops/PMLxOT4_LAR_Tonal_Percussion_Loop_015_123BPM.wav,PMLxOT4_LAR_Tonal_Percussion_Loop_015_123BPM.wav,Production Music Live - Acoustic - Melodic House 4,Tonal Percussion Loops,,,,,Percussion|Loop,high,,Loop|Percussion,review,perc/shaker/tom token: 'perc' measures 29% and usually means Percussion Loop,Tom / Shaker/Tambourine / Hand Drum / Metallic / Other Percussive Hit / Percussion Loop / Rimshot / Other/none / Unknown (write a note) / Not in this list (write it) / Not enough information / Corrupt / unusable / Taxonomy gap,,,,,,,,,1.1.0,1.0.0
percussion_family,/Volumes/Jack_Gandy_1TB_SSD/Samples 2021 ->/Sample Packs/Organic Drum Kit/Maschine Kits/New Age Kit 2 Samples/Organic - Various Perc (22).wav,Organic - Various Perc (22).wav,Organic Drum Kit,Maschine Kits,,,,,Perc,high,,Percussion,review,perc/shaker/tom token: 'perc' measures 29% and usually means Percussion Loop,Tom / Shaker/Tambourine / Hand Drum / Metallic / Other Percussive Hit / Percussion Loop / Rimshot / Other/none / Unknown (write a note) / Not in this list (write it) / Not enough information / Corrupt / unusable / Taxonomy gap,,,,,,,,,1.1.0,1.0.0
percussion_family,/Volumes/Jack_Gandy_1TB_SSD/Samples 2021 ->/Sample Packs/Sounds of KSHMR Vol.3/KSHMR_World_Sounds/KSHMR_India/KSHMR_India_PL_Sitar_and_Percussion_Loop_80_C#.wav,KSHMR_India_PL_Sitar_and_Percussion_Loop_80_C#.wav,Sounds of KSHMR Vol.3,KSHMR_World_Sounds,,,,,Percussion|Loop,high,,Loop|Percussion,review,perc/shaker/tom token: 'perc' measures 29% and usually means Percussion Loop,Tom / Shaker/Tambourine / Hand Drum / Metallic / Other Percussive Hit / Percussion Loop / Rimshot / Other/none / Unknown (write a note) / Not in this list (write it) / Not enough information / Corrupt / unusable / Taxonomy gap,,,,,,,,,1.1.0,1.0.0
percussion_family,/Volumes/Jack_Gandy_1TB_SSD/Samples 2021 ->/Sample Packs/Origin Sound - Adore - RNB Soul (2025)/one_shots/percussion/OS_AD_perc_hand_roll.wav,OS_AD_perc_hand_roll.wav,Origin Sound - Adore - RNB Soul (2025),one_shots,,,,,perc,high,,Percussion,review,perc/shaker/tom token: 'perc' measures 29% and usually means Percussion Loop,Tom / Shaker/Tambourine / Hand Drum / Metallic / Other Percussive Hit / Percussion Loop / Rimshot / Other/none / Unknown (write a note) / Not in this list (write it) / Not enough information / Corrupt / unusable / Taxonomy gap,,,,,,,,,1.1.0,1.0.0
percussion_family,/Volumes/Jack_Gandy_1TB_SSD/Samples 2021 ->/Sample Packs/Virtual Riot/Studio Time S2 EP2 - Drums And More Episode Files/Raw Kitchen Foley Recordings/VR_ST_Foley_spiceShaker5.wav,VR_ST_Foley_spiceShaker5.wav,Virtual Riot,Studio Time S2 EP2 - Drums And More Episode Files,,,,,Foley,medium,Foley,Foley,review,perc/shaker/tom token: 'perc' measures 29% and usually means Percussion Loop,Tom / Shaker/Tambourine / Hand Drum / Metallic / Other Percussive Hit / Percussion Loop / Rimshot / Other/none / Unknown (write a note) / Not in this list (write it) / Not enough information / Corrupt / unusable / Taxonomy gap,,,,,,,,,1.1.0,1.0.0
percussion_family,/Volumes/Jack_Gandy_1TB_SSD/Samples 2021 ->/Sample Packs/Virtual Riot/Studio Time S2 EP2 - Drums And More Episode Files/Raw Kitchen Foley Recordings/VR_ST_Foley_rimHit3.wav,VR_ST_Foley_rimHit3.wav,Virtual Riot,Studio Time S2 EP2 - Drums And More Episode Files,,,,,Foley,medium,Foley,Foley,review,perc/shaker/tom token: 'perc' measures 29% and usually means Percussion Loop,Tom / Shaker/Tambourine / Hand Drum / Metallic / Other Percussive Hit / Percussion Loop / Rimshot / Other/none / Unknown (write a note) / Not in this list (write it) / Not enough information / Corrupt / unusable / Taxonomy gap,,,,,,,,,1.1.0,1.0.0
percussion_family,/Volumes/Jack_Gandy_1TB_SSD/Samples 2021 ->/Sample Packs/Organic Drum Kit/5 Percussion/5 Shakers/5 Various Shakers/Organic - Shaker_Var (12).wav,Organic - Shaker_Var (12).wav,Organic Drum Kit,5 Percussion,,,,,Shaker,high,,Percussion,review,perc/shaker/tom token: 'perc' measures 29% and usually means Percussion Loop,Tom / Shaker/Tambourine / Hand Drum / Metallic / Other Percussive Hit / Percussion Loop / Rimshot / Other/none / Unknown (write a note) / Not in this list (write it) / Not enough information / Corrupt / unusable / Taxonomy gap,,,,,,,,,1.1.0,1.0.0
percussion_family,/Volumes/Jack_Gandy_1TB_SSD/Samples 2021 ->/Sample Packs/Organic Drum Kit/5 Percussion/1 Hand Drums/2 Bongo Drum/1 Bongo A/Organic - Bongo A (21).wav,Organic - Bongo A (21).wav,Organic Drum Kit,5 Percussion,,,,,Bongo,medium,,Percussion,review,perc/shaker/tom token: 'perc' measures 29% and usually means Percussion Loop,Tom / Shaker/Tambourine / Hand Drum / Metallic / Other Percussive Hit / Percussion Loop / Rimshot / Other/none / Unknown (write a note) / Not in this list (write it) / Not enough information / Corrupt / unusable / Taxonomy gap,,,,,,,,,1.1.0,1.0.0
percussion_family,/Volumes/Jack_Gandy_1TB_SSD/Samples 2021 ->/Sample Packs/Production Music Live - Acoustic - Melodic House 4/Tonal Percussion Loops/PMLxOT4_TE_Tonal_Percussion_Loop_022_124BPM_Cmin.wav,PMLxOT4_TE_Tonal_Percussion_Loop_022_124BPM_Cmin.wav,Production Music Live - Acoustic - Melodic House 4,Tonal Percussion Loops,,,,,Percussion|Loop,high,,Loop|Percussion,review,perc/shaker/tom token: 'perc' measures 29% and usually means Percussion Loop,Tom / Shaker/Tambourine / Hand Drum / Metallic / Other Percussive Hit / Percussion Loop / Rimshot / Other/none / Unknown (write a note) / Not in this list (write it) / Not enough information / Corrupt / unusable / Taxonomy gap,,,,,,,,,1.1.0,1.0.0
percussion_family,/Volumes/Jack_Gandy_1TB_SSD/Samples 2021 ->/Sample Packs/Organic Drum Kit/8 Drum Loops/Percussion Loops/Perc LP- 95 BPM (1)A.wav,Perc LP- 95 BPM (1)A.wav,Organic Drum Kit,8 Drum Loops,,,,,Perc|LP,high,,Loop|Percussion,review,perc/shaker/tom token: 'perc' measures 29% and usually means Percussion Loop,Tom / Shaker/Tambourine / Hand Drum / Metallic / Other Percussive Hit / Percussion Loop / Rimshot / Other/none / Unknown (write a note) / Not in this list (write it) / Not enough information / Corrupt / unusable / Taxonomy gap,,,,,,,,,1.1.0,1.0.0
percussion_family,/Volumes/Jack_Gandy_1TB_SSD/Samples 2021 ->/Sample Packs/Organic Drum Kit/5 Percussion/3 Various Percussion/Organic - Various Perc (38).wav,Organic - Various Perc (38).wav,Organic Drum Kit,5 Percussion,,,,,Perc,high,,Percussion,review,perc/shaker/tom token: 'perc' measures 29% and usually means Percussion Loop,Tom / Shaker/Tambourine / Hand Drum / Metallic / Other Percussive Hit / Percussion Loop / Rimshot / Other/none / Unknown (write a note) / Not in this list (write it) / Not enough information / Corrupt / unusable / Taxonomy gap,,,,,,,,,1.1.0,1.0.0
percussion_family,/Volumes/Jack_Gandy_1TB_SSD/Samples 2021 ->/Sample Packs/Production Music Live - Acoustic - Melodic House 4/Percussion Loops/PMLxOT4_POL_Percussion_Loop_Muye Toms_001_120BPM.wav,PMLxOT4_POL_Percussion_Loop_Muye Toms_001_120BPM.wav,Production Music Live - Acoustic - Melodic House 4,Percussion Loops,,,,,Percussion|Loop,high,,Loop|Percussion,review,perc/shaker/tom token: 'perc' measures 29% and usually means Percussion Loop,Tom / Shaker/Tambourine / Hand Drum / Metallic / Other Percussive Hit / Percussion Loop / Rimshot / Other/none / Unknown (write a note) / Not in this list (write it) / Not enough information / Corrupt / unusable / Taxonomy gap,,,,,,,,,1.1.0,1.0.0
percussion_family,/Volumes/Jack_Gandy_1TB_SSD/Samples 2021 ->/Sample Packs/Organic Drum Kit/Maschine Kits/Earthquake Kit Samples/Organic - Tom_B (5).wav,Organic - Tom_B (5).wav,Organic Drum Kit,Maschine Kits,,,,,Tom,low,Percussion,Percussion,review,perc/shaker/tom token: 'perc' measures 29% and usually means Percussion Loop,Tom / Shaker/Tambourine / Hand Drum / Metallic / Other Percussive Hit / Percussion Loop / Rimshot / Other/none / Unknown (write a note) / Not in this list (write it) / Not enough information / Corrupt / unusable / Taxonomy gap,,,,,,,,,1.1.0,1.0.0
percussion_family,/Volumes/Jack_Gandy_1TB_SSD/Samples 2021 ->/Sample Packs/Origin Sound - Vintage Vibes 3 (2025)/one_shots/drum_hits/rims/OS_VV3_rim_august.wav,OS_VV3_rim_august.wav,Origin Sound - Vintage Vibes 3 (2025),one_shots,,,,,rim,medium,Rimshot,Rimshot,review,perc/shaker/tom token: 'perc' measures 29% and usually means Percussion Loop,Tom / Shaker/Tambourine / Hand Drum / Metallic / Other Percussive Hit / Percussion Loop / Rimshot / Other/none / Unknown (write a note) / Not in this list (write it) / Not enough information / Corrupt / unusable / Taxonomy gap,,,,,,,,,1.1.0,1.0.0
percussion_family,/Volumes/Jack_Gandy_1TB_SSD/Samples 2021 ->/Sample Packs/Organic Drum Kit/5 Percussion/4 Metalic/2 Headless Tambourines/Organic - Tambourine (1).wav,Organic - Tambourine (1).wav,Organic Drum Kit,5 Percussion,,,,,Tambourine,medium,,Percussion,review,perc/shaker/tom token: 'perc' measures 29% and usually means Percussion Loop,Tom / Shaker/Tambourine / Hand Drum / Metallic / Other Percussive Hit / Percussion Loop / Rimshot / Other/none / Unknown (write a note) / Not in this list (write it) / Not enough information / Corrupt / unusable / Taxonomy gap,,,,,,,,,1.1.0,1.0.0
percussion_family,/Volumes/Jack_Gandy_1TB_SSD/Samples 2021 ->/Sample Packs/Sounds of KSHMR Vol.3/KSHMR_Fills/KSHMR_Tom_Fills/KSHMR3_Tom_Fill_11_110_Cinematic.wav,KSHMR3_Tom_Fill_11_110_Cinematic.wav,Sounds of KSHMR Vol.3,KSHMR_Fills,,,,,Tom,low,Percussion,Percussion,review,perc/shaker/tom token: 'perc' measures 29% and usually means Percussion Loop,Tom / Shaker/Tambourine / Hand Drum / Metallic / Other Percussive Hit / Percussion Loop / Rimshot / Other/none / Unknown (write a note) / Not in this list (write it) / Not enough information / Corrupt / unusable / Taxonomy gap,,,,,,,,,1.1.0,1.0.0
percussion_family,/Volumes/Jack_Gandy_1TB_SSD/Samples 2021 ->/Sample Packs/Production Music Live - Acoustic - Melodic House 4/Percussion Loops/PMLxOT4_YU_Percussion_Loop_013_DrunkenCaveman_122BPM.wav,PMLxOT4_YU_Percussion_Loop_013_DrunkenCaveman_122BPM.wav,Production Music Live - Acoustic - Melodic House 4,Percussion Loops,,,,,Percussion|Loop,high,,Loop|Percussion,review,perc/shaker/tom token: 'perc' measures 29% and usually means Percussion Loop,Tom / Shaker/Tambourine / Hand Drum / Metallic / Other Percussive Hit / Percussion Loop / Rimshot / Other/none / Unknown (write a note) / Not in this list (write it) / Not enough information / Corrupt / unusable / Taxonomy gap,,,,,,,,,1.1.0,1.0.0
percussion_family,/Volumes/Jack_Gandy_1TB_SSD/Samples 2021 ->/Sample Packs/Sounds of KSHMR Vol.3/KSHMR_FX_Elements/KSHMR_Glitches_and_Industrial/KSHMR_Industrial_Grime/KSHMR_Industrial_Grime_11_130_F.wav,KSHMR_Industrial_Grime_11_130_F.wav,Sounds of KSHMR Vol.3,KSHMR_FX_Elements,,,,,,none,,,review,perc/shaker/tom token: 'perc' measures 29% and usually means Percussion Loop,Tom / Shaker/Tambourine / Hand Drum / Metallic / Other Percussive Hit / Percussion Loop / Rimshot / Other/none / Unknown (write a note) / Not in this list (write it) / Not enough information / Corrupt / unusable / Taxonomy gap,,,,,,,,,1.1.0,1.0.0
percussion_family,/Volumes/Jack_Gandy_1TB_SSD/Samples 2021 ->/Sample Packs/MGF Mega Pack/Analogue Collection/Perc/MS20_OCT20_PERC_17.wav,MS20_OCT20_PERC_17.wav,MGF Mega Pack,Analogue Collection,,,,,PERC,high,,Percussion,review,perc/shaker/tom token: 'perc' measures 29% and usually means Percussion Loop,Tom / Shaker/Tambourine / Hand Drum / Metallic / Other Percussive Hit / Percussion Loop / Rimshot / Other/none / Unknown (write a note) / Not in this list (write it) / Not enough information / Corrupt / unusable / Taxonomy gap,,,,,,,,,1.1.0,1.0.0
percussion_family,/Volumes/Jack_Gandy_1TB_SSD/Samples 2021 ->/Sample Packs/Analog Percussion Vol.3 by Donit/Microfreak Percussion - Long_23.wav,Microfreak Percussion - Long_23.wav,Analog Percussion Vol.3 by Donit,Analog Percussion Vol.3 by Donit,,,,,Percussion,high,,Percussion,review,perc/shaker/tom token: 'perc' measures 29% and usually means Percussion Loop,Tom / Shaker/Tambourine / Hand Drum / Metallic / Other Percussive Hit / Percussion Loop / Rimshot / Other/none / Unknown (write a note) / Not in this list (write it) / Not enough information / Corrupt / unusable / Taxonomy gap,,,,,,,,,1.1.0,1.0.0
percussion_family,/Volumes/Jack_Gandy_1TB_SSD/Samples 2021 ->/Sample Packs/Organic Drum Kit/5 Percussion/5 Shakers/5 Various Shakers/Organic - Shaker_Var (46).wav,Organic - Shaker_Var (46).wav,Organic Drum Kit,5 Percussion,,,,,Shaker,high,,Percussion,review,perc/shaker/tom token: 'perc' measures 29% and usually means Percussion Loop,Tom / Shaker/Tambourine / Hand Drum / Metallic / Other Percussive Hit / Percussion Loop / Rimshot / Other/none / Unknown (write a note) / Not in this list (write it) / Not enough information / Corrupt / unusable / Taxonomy gap,,,,,,,,,1.1.0,1.0.0
percussion_family,/Volumes/Jack_Gandy_1TB_SSD/Samples 2021 ->/Sample Packs/Production Music Live - Acoustic - Melodic House 4/Percussion Loops/PMLxOT4_SV_Percussion_Loop_009a_123BPM.wav,PMLxOT4_SV_Percussion_Loop_009a_123BPM.wav,Production Music Live - Acoustic - Melodic House 4,Percussion Loops,,,,,Percussion|Loop,high,,Loop|Percussion,review,perc/shaker/tom token: 'perc' measures 29% and usually means Percussion Loop,Tom / Shaker/Tambourine / Hand Drum / Metallic / Other Percussive Hit / Percussion Loop / Rimshot / Other/none / Unknown (write a note) / Not in this list (write it) / Not enough information / Corrupt / unusable / Taxonomy gap,,,,,,,,,1.1.0,1.0.0
percussion_family,/Volumes/Jack_Gandy_1TB_SSD/Samples 2021 ->/Sample Packs/Drum Recollection/Official Drum Kit Vol. 2/Percs/Macshoboomin Perc.wav,Macshoboomin Perc.wav,Drum Recollection,Official Drum Kit Vol. 2,,,,,Perc,high,,Percussion,review,perc/shaker/tom token: 'perc' measures 29% and usually means Percussion Loop,Tom / Shaker/Tambourine / Hand Drum / Metallic / Other Percussive Hit / Percussion Loop / Rimshot / Other/none / Unknown (write a note) / Not in this list (write it) / Not enough information / Corrupt / unusable / Taxonomy gap,,,,,,,,,1.1.0,1.0.0
percussion_family,/Volumes/Jack_Gandy_1TB_SSD/Samples 2021 ->/Sample Packs/Analog Percussion Vol.3 by Donit/Microfreak Percussion - Medium_65.wav,Microfreak Percussion - Medium_65.wav,Analog Percussion Vol.3 by Donit,Analog Percussion Vol.3 by Donit,,,,,Percussion,high,,Percussion,review,perc/shaker/tom token: 'perc' measures 29% and usually means Percussion Loop,Tom / Shaker/Tambourine / Hand Drum / Metallic / Other Percussive Hit / Percussion Loop / Rimshot / Other/none / Unknown (write a note) / Not in this list (write it) / Not enough information / Corrupt / unusable / Taxonomy gap,,,,,,,,,1.1.0,1.0.0
percussion_family,/Volumes/Jack_Gandy_1TB_SSD/Samples 2021 ->/Sample Packs/Drum Recollection/Official Drum Kit Vol. 2/Rims/Doubles Rim.wav,Doubles Rim.wav,Drum Recollection,Official Drum Kit Vol. 2,,,,,Rim,medium,Rimshot,Rimshot,review,perc/shaker/tom token: 'perc' measures 29% and usually means Percussion Loop,Tom / Shaker/Tambourine / Hand Drum / Metallic / Other Percussive Hit / Percussion Loop / Rimshot / Other/none / Unknown (write a note) / Not in this list (write it) / Not enough information / Corrupt / unusable / Taxonomy gap,,,,,,,,,1.1.0,1.0.0
percussion_family,/Volumes/Jack_Gandy_1TB_SSD/Samples 2021 ->/Sample Packs/Drum Recollection/Essentials Drum Kit Vol. 001/Rim Shots/Very Secret Rimshot.wav,Very Secret Rimshot.wav,Drum Recollection,Essentials Drum Kit Vol. 001,,,,,Rimshot,medium,Rimshot,Rimshot,review,perc/shaker/tom token: 'perc' measures 29% and usually means Percussion Loop,Tom / Shaker/Tambourine / Hand Drum / Metallic / Other Percussive Hit / Percussion Loop / Rimshot / Other/none / Unknown (write a note) / Not in this list (write it) / Not enough information / Corrupt / unusable / Taxonomy gap,,,,,,,,,1.1.0,1.0.0
percussion_family,/Volumes/Jack_Gandy_1TB_SSD/Samples 2021 ->/Sample Packs/Organic Drum Kit/6 Cymbals & Toms/2 Toms/Organic - Tom_B (4).wav,Organic - Tom_B (4).wav,Organic Drum Kit,6 Cymbals & Toms,,,,,Tom,low,Percussion,Percussion,review,perc/shaker/tom token: 'perc' measures 29% and usually means Percussion Loop,Tom / Shaker/Tambourine / Hand Drum / Metallic / Other Percussive Hit / Percussion Loop / Rimshot / Other/none / Unknown (write a note) / Not in this list (write it) / Not enough information / Corrupt / unusable / Taxonomy gap,,,,,,,,,1.1.0,1.0.0
percussion_family,/Volumes/Jack_Gandy_1TB_SSD/Samples 2021 ->/Sample Packs/Organic Electronics 2 J.Views/JVIEWS_desert/JVIEWS_desert_loops/JVIEWS_percussion_tambourine_tops_122.wav,JVIEWS_percussion_tambourine_tops_122.wav,Organic Electronics 2 J.Views,JVIEWS_desert,,,,,percussion|tambourine|tops,high,,Loop|Percussion,review,perc/shaker/tom token: 'perc' measures 29% and usually means Percussion Loop,Tom / Shaker/Tambourine / Hand Drum / Metallic / Other Percussive Hit / Percussion Loop / Rimshot / Other/none / Unknown (write a note) / Not in this list (write it) / Not enough information / Corrupt / unusable / Taxonomy gap,,,,,,,,,1.1.0,1.0.0
percussion_family,/Volumes/Jack_Gandy_1TB_SSD/Samples 2021 ->/Sample Packs/Koan Sound/Koan Sound Samples/Chronos Stems/Chronos_01/Funky Perc Drums.wav,Funky Perc Drums.wav,Koan Sound,Koan Sound Samples,,,,,Perc,high,,Percussion,review,perc/shaker/tom token: 'perc' measures 29% and usually means Percussion Loop,Tom / Shaker/Tambourine / Hand Drum / Metallic / Other Percussive Hit / Percussion Loop / Rimshot / Other/none / Unknown (write a note) / Not in this list (write it) / Not enough information / Corrupt / unusable / Taxonomy gap,,,,,,,,,1.1.0,1.0.0
percussion_family,/Volumes/Jack_Gandy_1TB_SSD/Samples 2021 ->/Sample Packs/Senegal Sessions/One_Shots/Drums/Percussion/SS_SS_perc_kongoma_hit_mboro.wav,SS_SS_perc_kongoma_hit_mboro.wav,Senegal Sessions,One_Shots,,,,,perc|hit,high,,Percussion,review,perc/shaker/tom token: 'perc' measures 29% and usually means Percussion Loop,Tom / Shaker/Tambourine / Hand Drum / Metallic / Other Percussive Hit / Percussion Loop / Rimshot / Other/none / Unknown (write a note) / Not in this list (write it) / Not enough information / Corrupt / unusable / Taxonomy gap,,,,,,,,,1.1.0,1.0.0
percussion_family,/Volumes/Jack_Gandy_1TB_SSD/Samples 2021 ->/Sample Packs/Analog Percussion Vol.3 by Donit/System 1 Percussion - Short 43.wav,System 1 Percussion - Short 43.wav,Analog Percussion Vol.3 by Donit,Analog Percussion Vol.3 by Donit,,,,,Percussion,high,,Percussion,review,perc/shaker/tom token: 'perc' measures 29% and usually means Percussion Loop,Tom / Shaker/Tambourine / Hand Drum / Metallic / Other Percussive Hit / Percussion Loop / Rimshot / Other/none / Unknown (write a note) / Not in this list (write it) / Not enough information / Corrupt / unusable / Taxonomy gap,,,,,,,,,1.1.0,1.0.0
percussion_family,/Volumes/Jack_Gandy_1TB_SSD/Samples 2021 ->/Sample Packs/Production Music Live - Ben Böhmer - Sound Pack/Ableton Templates/PML - Balloon - Melodic Deep Template (Ben Style) Project/Samples/Imported/PML_DPV3_PERC_TAMBOURINE_001.wav,PML_DPV3_PERC_TAMBOURINE_001.wav,Production Music Live - Ben Böhmer - Sound Pack,Ableton Templates,,,,,PERC|TAMBOURINE,high,,Percussion,review,perc/shaker/tom token: 'perc' measures 29% and usually means Percussion Loop,Tom / Shaker/Tambourine / Hand Drum / Metallic / Other Percussive Hit / Percussion Loop / Rimshot / Other/none / Unknown (write a note) / Not in this list (write it) / Not enough information / Corrupt / unusable / Taxonomy gap,,,,,,,,,1.1.0,1.0.0
percussion_family,/Volumes/Jack_Gandy_1TB_SSD/Samples 2021 ->/Sample Packs/Sounds of KSHMR Vol.3/KSHMR_Drums/KSHMR_Acoustic_Drums/KSHMR_Acoustic_Toms/KSHMR_Acoustic_Tom_04_Low_D.wav,KSHMR_Acoustic_Tom_04_Low_D.wav,Sounds of KSHMR Vol.3,KSHMR_Drums,,,,,Tom,low,Percussion,Percussion,review,perc/shaker/tom token: 'perc' measures 29% and usually means Percussion Loop,Tom / Shaker/Tambourine / Hand Drum / Metallic / Other Percussive Hit / Percussion Loop / Rimshot / Other/none / Unknown (write a note) / Not in this list (write it) / Not enough information / Corrupt / unusable / Taxonomy gap,,,,,,,,,1.1.0,1.0.0
percussion_family,/Volumes/Jack_Gandy_1TB_SSD/Samples 2021 ->/Sample Packs/SIIK Sounds - Eclipse (Full Pack)/SIIK Sounds Eclipse (Construction Kits & FLPs)/Kit 03 - F#min (172BPM)/ECLIPSE Kit 03 - F#min 172BPM (FLP)/ECLIPSE Drum Loop 15 172BPM - Percussion 02.wav,ECLIPSE Drum Loop 15 172BPM - Percussion 02.wav,SIIK Sounds - Eclipse (Full Pack),SIIK Sounds Eclipse (Construction Kits & FLPs),,,,,Percussion|Drum Loop|Loop,high,,Loop|Percussion,review,perc/shaker/tom token: 'perc' measures 29% and usually means Percussion Loop,Tom / Shaker/Tambourine / Hand Drum / Metallic / Other Percussive Hit / Percussion Loop / Rimshot / Other/none / Unknown (write a note) / Not in this list (write it) / Not enough information / Corrupt / unusable / Taxonomy gap,,,,,,,,,1.1.0,1.0.0
percussion_family,/Volumes/Jack_Gandy_1TB_SSD/Samples 2021 ->/2021/Resamples/2021/Percussion/granularMudpieCriminal.wav,granularMudpieCriminal.wav,personal:2021,personal:2021/Resamples,,,,,,none,,,review,perc/shaker/tom token: 'perc' measures 29% and usually means Percussion Loop,Tom / Shaker/Tambourine / Hand Drum / Metallic / Other Percussive Hit / Percussion Loop / Rimshot / Other/none / Unknown (write a note) / Not in this list (write it) / Not enough information / Corrupt / unusable / Taxonomy gap,,,,,,,,,1.1.0,1.0.0
percussion_family,/Volumes/Jack_Gandy_1TB_SSD/Samples 2021 ->/Sample Packs/Minimal Audio/ELEMENT/1 - Drums/5 - Perc/Perc - Junk Echo.wav,Perc - Junk Echo.wav,Minimal Audio,ELEMENT,,,,,Perc,high,,Percussion,review,perc/shaker/tom token: 'perc' measures 29% and usually means Percussion Loop,Tom / Shaker/Tambourine / Hand Drum / Metallic / Other Percussive Hit / Percussion Loop / Rimshot / Other/none / Unknown (write a note) / Not in this list (write it) / Not enough information / Corrupt / unusable / Taxonomy gap,,,,,,,,,1.1.0,1.0.0
percussion_family,/Volumes/Jack_Gandy_1TB_SSD/Samples 2021 ->/Sample Packs/Production Music Live - Ben Böhmer - Sound Pack/Ableton Templates/PML - Balloon - Melodic Deep Template (Ben Style) Project/Samples/Imported/PML_DPV2_SHAKER_015.wav,PML_DPV2_SHAKER_015.wav,Production Music Live - Ben Böhmer - Sound Pack,Ableton Templates,,,,,SHAKER,high,,Percussion,review,perc/shaker/tom token: 'perc' measures 29% and usually means Percussion Loop,Tom / Shaker/Tambourine / Hand Drum / Metallic / Other Percussive Hit / Percussion Loop / Rimshot / Other/none / Unknown (write a note) / Not in this list (write it) / Not enough information / Corrupt / unusable / Taxonomy gap,,,,,,,,,1.1.0,1.0.0
percussion_family,/Volumes/Jack_Gandy_1TB_SSD/Samples 2021 ->/Sample Packs/Sounds of KSHMR Vol.3/KSHMR_Drums_Loops/KSHMR_Drum_Loops_Full/KSHMR_Acoustic_Drum_Loops/KSHMR_Acoustic_Drum_Loop_09_115_Tom.wav,KSHMR_Acoustic_Drum_Loop_09_115_Tom.wav,Sounds of KSHMR Vol.3,KSHMR_Drums_Loops,,,,,Tom|Drum Loop|Loop,low,Drum Loop|Percussion,Loop|Percussion,review,perc/shaker/tom token: 'perc' measures 29% and usually means Percussion Loop,Tom / Shaker/Tambourine / Hand Drum / Metallic / Other Percussive Hit / Percussion Loop / Rimshot / Other/none / Unknown (write a note) / Not in this list (write it) / Not enough information / Corrupt / unusable / Taxonomy gap,,,,,,,,,1.1.0,1.0.0
foley_sfx_impact,/Volumes/Jack_Gandy_1TB_SSD/Samples 2021 ->/Sample Packs/Analog Percussion Vol.3 by Donit/Drumbrute Impact FM Drum - Short 84.wav,Drumbrute Impact FM Drum - Short 84.wav,Analog Percussion Vol.3 by Donit,Analog Percussion Vol.3 by Donit,,,,,Impact,medium,Impact,FX,review,"fx/foley/texture token: 'texture' measures 0%, Atmosphere has 3 labels",Foley / Foley Loop / SFX / Impact / Riser / Atmosphere / Weather/Nature Atmos / Other/none / Unknown (write a note) / Not in this list (write it) / Not enough information / Corrupt / unusable / Taxonomy gap,,,,,,,,,1.1.0,1.0.0
foley_sfx_impact,"/Volumes/Jack_Gandy_1TB_SSD/Samples 2021 ->/Sample Packs/Soundbox - Impacts, Risers & Drops 7 (2021)/SB_IR&D_7_128_IMPACTS/SB_IR&D_7_128_IMPACT_091.wav",SB_IR&D_7_128_IMPACT_091.wav,"Soundbox - Impacts, Risers & Drops 7 (2021)",SB_IR&D_7_128_IMPACTS,,,,,IMPACT,medium,Impact,FX,review,"fx/foley/texture token: 'texture' measures 0%, Atmosphere has 3 labels",Foley / Foley Loop / SFX / Impact / Riser / Atmosphere / Weather/Nature Atmos / Other/none / Unknown (write a note) / Not in this list (write it) / Not enough information / Corrupt / unusable / Taxonomy gap,,,,,,,,,1.1.0,1.0.0
foley_sfx_impact,/Volumes/Jack_Gandy_1TB_SSD/Samples 2021 ->/Sample Packs/MGF Mega Pack/Retro Digital Collection/Singles/DX21 JUL17_SFX_MISC_17 C5.wav,DX21 JUL17_SFX_MISC_17 C5.wav,MGF Mega Pack,Retro Digital Collection,,,,,SFX,medium,SFX,FX,review,"fx/foley/texture token: 'texture' measures 0%, Atmosphere has 3 labels",Foley / Foley Loop / SFX / Impact / Riser / Atmosphere / Weather/Nature Atmos / Other/none / Unknown (write a note) / Not in this list (write it) / Not enough information / Corrupt / unusable / Taxonomy gap,,,,,,,,,1.1.0,1.0.0
foley_sfx_impact,"/Volumes/Jack_Gandy_1TB_SSD/Samples 2021 ->/Sample Packs/Soundbox - Impacts, Risers & Drops 7 (2021)/SB_IR&D_7_120_RISERS/SB_IR&D_7_120_RISER_014.wav",SB_IR&D_7_120_RISER_014.wav,"Soundbox - Impacts, Risers & Drops 7 (2021)",SB_IR&D_7_120_RISERS,,,,,RISER,medium,Riser,FX,review,"fx/foley/texture token: 'texture' measures 0%, Atmosphere has 3 labels",Foley / Foley Loop / SFX / Impact / Riser / Atmosphere / Weather/Nature Atmos / Other/none / Unknown (write a note) / Not in this list (write it) / Not enough information / Corrupt / unusable / Taxonomy gap,,,,,,,,,1.1.0,1.0.0
foley_sfx_impact,/Volumes/Jack_Gandy_1TB_SSD/Samples 2021 ->/Sample Packs/Virtual Riot/Studio Time S2 EP2 - Drums And More Episode Files/BONUS Kitchen Foley Recordings from Old House/foley_hit_rim_click5.wav,foley_hit_rim_click5.wav,Virtual Riot,Studio Time S2 EP2 - Drums And More Episode Files,,,,,rim|foley|hit,high,Foley|Rimshot,Foley|Rimshot,review,"fx/foley/texture token: 'texture' measures 0%, Atmosphere has 3 labels",Foley / Foley Loop / SFX / Impact / Riser / Atmosphere / Weather/Nature Atmos / Other/none / Unknown (write a note) / Not in this list (write it) / Not enough information / Corrupt / unusable / Taxonomy gap,,,,,,,,,1.1.0,1.0.0
foley_sfx_impact,/Volumes/Jack_Gandy_1TB_SSD/Samples 2021 ->/Sample Packs/Soundbox - Maximum FX (2019)/SB_MFX_140_LOOPS/SB_MFX_140_IMPACTS/SB_MFX_140_IMPACT_094.wav,SB_MFX_140_IMPACT_094.wav,Soundbox - Maximum FX (2019),SB_MFX_140_LOOPS,,,,,IMPACT,medium,Impact,FX,review,"fx/foley/texture token: 'texture' measures 0%, Atmosphere has 3 labels",Foley / Foley Loop / SFX / Impact / Riser / Atmosphere / Weather/Nature Atmos / Other/none / Unknown (write a note) / Not in this list (write it) / Not enough information / Corrupt / unusable / Taxonomy gap,,,,,,,,,1.1.0,1.0.0
foley_sfx_impact,/Volumes/Jack_Gandy_1TB_SSD/Samples 2021 ->/Sample Packs/Black Octopus Sound - Pure Analog Sweeps IV (2021)/A/Diamaudix_Audio_PAS_IV_Sweep_FX_A_14.wav,Diamaudix_Audio_PAS_IV_Sweep_FX_A_14.wav,Black Octopus Sound - Pure Analog Sweeps IV (2021),A,,,,,FX,medium,SFX,FX,review,"fx/foley/texture token: 'texture' measures 0%, Atmosphere has 3 labels",Foley / Foley Loop / SFX / Impact / Riser / Atmosphere / Weather/Nature Atmos / Other/none / Unknown (write a note) / Not in this list (write it) / Not enough information / Corrupt / unusable / Taxonomy gap,,,,,,,,,1.1.0,1.0.0
foley_sfx_impact,"/Volumes/Jack_Gandy_1TB_SSD/Samples 2021 ->/Sample Packs/Soundbox - Impacts, Risers & Drops 7 (2021)/SB_IR&D_7_124_RISERS/SB_IR&D_7_124_RISER_094.wav",SB_IR&D_7_124_RISER_094.wav,"Soundbox - Impacts, Risers & Drops 7 (2021)",SB_IR&D_7_124_RISERS,,,,,RISER,medium,Riser,FX,review,"fx/foley/texture token: 'texture' measures 0%, Atmosphere has 3 labels",Foley / Foley Loop / SFX / Impact / Riser / Atmosphere / Weather/Nature Atmos / Other/none / Unknown (write a note) / Not in this list (write it) / Not enough information / Corrupt / unusable / Taxonomy gap,,,,,,,,,1.1.0,1.0.0
foley_sfx_impact,"/Volumes/Jack_Gandy_1TB_SSD/Samples 2021 ->/Sample Packs/Soundbox - Impacts, Risers & Drops 7 (2021)/SB_IR&D_7_124_RISERS/SB_IR&D_7_124_RISER_059.wav",SB_IR&D_7_124_RISER_059.wav,"Soundbox - Impacts, Risers & Drops 7 (2021)",SB_IR&D_7_124_RISERS,,,,,RISER,medium,Riser,FX,review,"fx/foley/texture token: 'texture' measures 0%, Atmosphere has 3 labels",Foley / Foley Loop / SFX / Impact / Riser / Atmosphere / Weather/Nature Atmos / Other/none / Unknown (write a note) / Not in this list (write it) / Not enough information / Corrupt / unusable / Taxonomy gap,,,,,,,,,1.1.0,1.0.0
foley_sfx_impact,"/Volumes/Jack_Gandy_1TB_SSD/Samples 2021 ->/Sample Packs/Soundbox - Impacts, Risers & Drops 7 (2021)/SB_IR&D_7_124_IMPACTS/SB_IR&D_7_124_IMPACT_068.wav",SB_IR&D_7_124_IMPACT_068.wav,"Soundbox - Impacts, Risers & Drops 7 (2021)",SB_IR&D_7_124_IMPACTS,,,,,IMPACT,medium,Impact,FX,review,"fx/foley/texture token: 'texture' measures 0%, Atmosphere has 3 labels",Foley / Foley Loop / SFX / Impact / Riser / Atmosphere / Weather/Nature Atmos / Other/none / Unknown (write a note) / Not in this list (write it) / Not enough information / Corrupt / unusable / Taxonomy gap,,,,,,,,,1.1.0,1.0.0
foley_sfx_impact,/Volumes/Jack_Gandy_1TB_SSD/Samples 2021 ->/2022/Foley/CATAWAKE SAMPLE PACK 1.0/Sustained/Nature/Indoor/Dry Textures/CTWK_sustained_nature_indoor_drytexture_pinecone_1.wav,CTWK_sustained_nature_indoor_drytexture_pinecone_1.wav,personal:2022,personal:2022/Foley,,,,,,none,,,review,"fx/foley/texture token: 'texture' measures 0%, Atmosphere has 3 labels",Foley / Foley Loop / SFX / Impact / Riser / Atmosphere / Weather/Nature Atmos / Other/none / Unknown (write a note) / Not in this list (write it) / Not enough information / Corrupt / unusable / Taxonomy gap,,,,,,,,,1.1.0,1.0.0
foley_sfx_impact,/Volumes/Jack_Gandy_1TB_SSD/Samples 2021 ->/Sample Packs/Virtual Riot/Studio Time S2 EP2 - Drums And More Episode Files/ENDING SONG PROJECT FILE/freezes (for ableton to find if missing samples message appears)/Freeze 15-VR_ST_Foley_glassNote [2023-01-16 210802].wav,Freeze 15-VR_ST_Foley_glassNote [2023-01-16 210802].wav,Virtual Riot,Studio Time S2 EP2 - Drums And More Episode Files,,,,,Foley,medium,Foley,Foley,review,"fx/foley/texture token: 'texture' measures 0%, Atmosphere has 3 labels",Foley / Foley Loop / SFX / Impact / Riser / Atmosphere / Weather/Nature Atmos / Other/none / Unknown (write a note) / Not in this list (write it) / Not enough information / Corrupt / unusable / Taxonomy gap,,,,,,,,,1.1.0,1.0.0
foley_sfx_impact,"/Volumes/Jack_Gandy_1TB_SSD/Samples 2021 ->/Sample Packs/Soundbox - Impacts, Risers & Drops 7 (2021)/SB_IR&D_7_120_RISERS/SB_IR&D_7_120_RISER_035.wav",SB_IR&D_7_120_RISER_035.wav,"Soundbox - Impacts, Risers & Drops 7 (2021)",SB_IR&D_7_120_RISERS,,,,,RISER,medium,Riser,FX,review,"fx/foley/texture token: 'texture' measures 0%, Atmosphere has 3 labels",Foley / Foley Loop / SFX / Impact / Riser / Atmosphere / Weather/Nature Atmos / Other/none / Unknown (write a note) / Not in this list (write it) / Not enough information / Corrupt / unusable / Taxonomy gap,,,,,,,,,1.1.0,1.0.0
foley_sfx_impact,/Volumes/Jack_Gandy_1TB_SSD/Samples 2021 ->/Sample Packs/MGF Mega Pack/Misc + Found Sound/Cassette Noise/MGF_CNOISE_ATMOS_21.wav,MGF_CNOISE_ATMOS_21.wav,MGF Mega Pack,Misc + Found Sound,,,,,,none,,,review,"fx/foley/texture token: 'texture' measures 0%, Atmosphere has 3 labels",Foley / Foley Loop / SFX / Impact / Riser / Atmosphere / Weather/Nature Atmos / Other/none / Unknown (write a note) / Not in this list (write it) / Not enough information / Corrupt / unusable / Taxonomy gap,,,,,,,,,1.1.0,1.0.0
foley_sfx_impact,/Volumes/Jack_Gandy_1TB_SSD/Samples 2021 ->/2024/Vocoded Kitchen Foley/KF 9-foley_hit_crunch2.wav,KF 9-foley_hit_crunch2.wav,personal:2024,personal:2024/Vocoded Kitchen Foley,,,,,foley|hit,high,Foley,Foley,review,"fx/foley/texture token: 'texture' measures 0%, Atmosphere has 3 labels",Foley / Foley Loop / SFX / Impact / Riser / Atmosphere / Weather/Nature Atmos / Other/none / Unknown (write a note) / Not in this list (write it) / Not enough information / Corrupt / unusable / Taxonomy gap,,,,,,,,,1.1.0,1.0.0
foley_sfx_impact,/Volumes/Jack_Gandy_1TB_SSD/Samples 2021 ->/Sample Packs/Virtual Riot/Studio Time S2 EP2 - Drums And More Episode Files/Raw Kitchen Foley Recordings/VR_ST_Foley_hitThump8.wav,VR_ST_Foley_hitThump8.wav,Virtual Riot,Studio Time S2 EP2 - Drums And More Episode Files,,,,,Foley,medium,Foley,Foley,review,"fx/foley/texture token: 'texture' measures 0%, Atmosphere has 3 labels",Foley / Foley Loop / SFX / Impact / Riser / Atmosphere / Weather/Nature Atmos / Other/none / Unknown (write a note) / Not in this list (write it) / Not enough information / Corrupt / unusable / Taxonomy gap,,,,,,,,,1.1.0,1.0.0
foley_sfx_impact,/Volumes/Jack_Gandy_1TB_SSD/Samples 2021 ->/Sample Packs/MGF Mega Pack/Retro Digital Collection/SFX + Hits/DX21 JUL17_SFX_MISC_22.wav,DX21 JUL17_SFX_MISC_22.wav,MGF Mega Pack,Retro Digital Collection,,,,,SFX,medium,SFX,FX,review,"fx/foley/texture token: 'texture' measures 0%, Atmosphere has 3 labels",Foley / Foley Loop / SFX / Impact / Riser / Atmosphere / Weather/Nature Atmos / Other/none / Unknown (write a note) / Not in this list (write it) / Not enough information / Corrupt / unusable / Taxonomy gap,,,,,,,,,1.1.0,1.0.0
foley_sfx_impact,/Volumes/Jack_Gandy_1TB_SSD/Samples 2021 ->/Sample Packs/MGF Mega Pack/Misc + Found Sound/Cassette Noise/MGF_CNOISE_ATMOS_18.wav,MGF_CNOISE_ATMOS_18.wav,MGF Mega Pack,Misc + Found Sound,,,,,,none,,,review,"fx/foley/texture token: 'texture' measures 0%, Atmosphere has 3 labels",Foley / Foley Loop / SFX / Impact / Riser / Atmosphere / Weather/Nature Atmos / Other/none / Unknown (write a note) / Not in this list (write it) / Not enough information / Corrupt / unusable / Taxonomy gap,,,,,,,,,1.1.0,1.0.0
foley_sfx_impact,"/Volumes/Jack_Gandy_1TB_SSD/Samples 2021 ->/Sample Packs/Soundbox - Impacts, Risers & Drops 7 (2021)/SB_IR&D_7_128_IMPACTS/SB_IR&D_7_128_IMPACT_074.wav",SB_IR&D_7_128_IMPACT_074.wav,"Soundbox - Impacts, Risers & Drops 7 (2021)",SB_IR&D_7_128_IMPACTS,,,,,IMPACT,medium,Impact,FX,review,"fx/foley/texture token: 'texture' measures 0%, Atmosphere has 3 labels",Foley / Foley Loop / SFX / Impact / Riser / Atmosphere / Weather/Nature Atmos / Other/none / Unknown (write a note) / Not in this list (write it) / Not enough information / Corrupt / unusable / Taxonomy gap,,,,,,,,,1.1.0,1.0.0
foley_sfx_impact,/Volumes/Jack_Gandy_1TB_SSD/Samples 2021 ->/Sample Packs/Old Movies 1 - Vintage Collection (Drum Kit)/Foley & Percussion (Old Movies)/Foley Noise 4.wav,Foley Noise 4.wav,Old Movies 1 - Vintage Collection (Drum Kit),Foley & Percussion (Old Movies),,,,,Foley,medium,Foley,Foley,review,"fx/foley/texture token: 'texture' measures 0%, Atmosphere has 3 labels",Foley / Foley Loop / SFX / Impact / Riser / Atmosphere / Weather/Nature Atmos / Other/none / Unknown (write a note) / Not in this list (write it) / Not enough information / Corrupt / unusable / Taxonomy gap,,,,,,,,,1.1.0,1.0.0
foley_sfx_impact,/Volumes/Jack_Gandy_1TB_SSD/Samples 2021 ->/Sample Packs/Soundbox - Maximum FX (2019)/SB_MFX_140_LOOPS/SB_MFX_140_IMPACTS/SB_MFX_140_IMPACT_053.wav,SB_MFX_140_IMPACT_053.wav,Soundbox - Maximum FX (2019),SB_MFX_140_LOOPS,,,,,IMPACT,medium,Impact,FX,review,"fx/foley/texture token: 'texture' measures 0%, Atmosphere has 3 labels",Foley / Foley Loop / SFX / Impact / Riser / Atmosphere / Weather/Nature Atmos / Other/none / Unknown (write a note) / Not in this list (write it) / Not enough information / Corrupt / unusable / Taxonomy gap,,,,,,,,,1.1.0,1.0.0
foley_sfx_impact,/Volumes/Jack_Gandy_1TB_SSD/Samples 2021 ->/Sample Packs/Soundbox - Maximum FX (2019)/SB_MFX_124_LOOPS/SB_MFX_124_IMPACTS/SB_MFX_124_IMPACT_082.wav,SB_MFX_124_IMPACT_082.wav,Soundbox - Maximum FX (2019),SB_MFX_124_LOOPS,,,,,IMPACT,medium,Impact,FX,review,"fx/foley/texture token: 'texture' measures 0%, Atmosphere has 3 labels",Foley / Foley Loop / SFX / Impact / Riser / Atmosphere / Weather/Nature Atmos / Other/none / Unknown (write a note) / Not in this list (write it) / Not enough information / Corrupt / unusable / Taxonomy gap,,,,,,,,,1.1.0,1.0.0
foley_sfx_impact,/Volumes/Jack_Gandy_1TB_SSD/Samples 2021 ->/Sample Packs/Foley 2023/KNOIR FOLEY PACK 2023 (1A)/KNOIR_patreon_foley_GLASS63.wav,KNOIR_patreon_foley_GLASS63.wav,Foley 2023,KNOIR FOLEY PACK 2023 (1A),,,,,foley,medium,Foley,Foley,review,"fx/foley/texture token: 'texture' measures 0%, Atmosphere has 3 labels",Foley / Foley Loop / SFX / Impact / Riser / Atmosphere / Weather/Nature Atmos / Other/none / Unknown (write a note) / Not in this list (write it) / Not enough information / Corrupt / unusable / Taxonomy gap,,,,,,,,,1.1.0,1.0.0
foley_sfx_impact,/Volumes/Jack_Gandy_1TB_SSD/Samples 2021 ->/Sample Packs/Soundbox - Maximum FX (2019)/SB_MFX_128_LOOPS/SB_MFX_128_IMPACTS/SB_MFX_128_IMPACT_006.wav,SB_MFX_128_IMPACT_006.wav,Soundbox - Maximum FX (2019),SB_MFX_128_LOOPS,,,,,IMPACT,medium,Impact,FX,review,"fx/foley/texture token: 'texture' measures 0%, Atmosphere has 3 labels",Foley / Foley Loop / SFX / Impact / Riser / Atmosphere / Weather/Nature Atmos / Other/none / Unknown (write a note) / Not in this list (write it) / Not enough information / Corrupt / unusable / Taxonomy gap,,,,,,,,,1.1.0,1.0.0
foley_sfx_impact,/Volumes/Jack_Gandy_1TB_SSD/Samples 2021 ->/Sample Packs/Sounds of KSHMR Vol.3/KSHMR_Live_Instruments/KSHMR_Main_Instruments/KSHMR_Violin/KSHMR_Violin_FX_04_Scary_C.wav,KSHMR_Violin_FX_04_Scary_C.wav,Sounds of KSHMR Vol.3,KSHMR_Live_Instruments,,,,,FX,medium,SFX,FX,review,"fx/foley/texture token: 'texture' measures 0%, Atmosphere has 3 labels",Foley / Foley Loop / SFX / Impact / Riser / Atmosphere / Weather/Nature Atmos / Other/none / Unknown (write a note) / Not in this list (write it) / Not enough information / Corrupt / unusable / Taxonomy gap,,,,,,,,,1.1.0,1.0.0
foley_sfx_impact,/Volumes/Jack_Gandy_1TB_SSD/Samples 2021 ->/Sample Packs/Foley 2023/KNOIR FOLEY PACK 2023 (1B)/KNOIR_patreon_foley_longdong1.wav,KNOIR_patreon_foley_longdong1.wav,Foley 2023,KNOIR FOLEY PACK 2023 (1B),,,,,foley,medium,Foley,Foley,review,"fx/foley/texture token: 'texture' measures 0%, Atmosphere has 3 labels",Foley / Foley Loop / SFX / Impact / Riser / Atmosphere / Weather/Nature Atmos / Other/none / Unknown (write a note) / Not in this list (write it) / Not enough information / Corrupt / unusable / Taxonomy gap,,,,,,,,,1.1.0,1.0.0
foley_sfx_impact,/Volumes/Jack_Gandy_1TB_SSD/Samples 2021 ->/Sound For Games/SampleScience_Modern_Scifi_Sfx_Sample_Pack/Sfx 20.wav,Sfx 20.wav,personal:Sound For Games,personal:Sound For Games/SampleScience_Modern_Scifi_Sfx_Sample_Pack,,,,,Sfx,medium,SFX,FX,review,"fx/foley/texture token: 'texture' measures 0%, Atmosphere has 3 labels",Foley / Foley Loop / SFX / Impact / Riser / Atmosphere / Weather/Nature Atmos / Other/none / Unknown (write a note) / Not in this list (write it) / Not enough information / Corrupt / unusable / Taxonomy gap,,,,,,,,,1.1.0,1.0.0
foley_sfx_impact,/Volumes/Jack_Gandy_1TB_SSD/Samples 2021 ->/Sample Packs/MGF Mega Pack/Retro Digital Collection/Chords - Pads/JV Chords+SFX_081.wav,JV Chords+SFX_081.wav,MGF Mega Pack,Retro Digital Collection,,,,,SFX,medium,SFX,FX,review,"fx/foley/texture token: 'texture' measures 0%, Atmosphere has 3 labels",Foley / Foley Loop / SFX / Impact / Riser / Atmosphere / Weather/Nature Atmos / Other/none / Unknown (write a note) / Not in this list (write it) / Not enough information / Corrupt / unusable / Taxonomy gap,,,,,,,,,1.1.0,1.0.0
foley_sfx_impact,"/Volumes/Jack_Gandy_1TB_SSD/Samples 2021 ->/Sample Packs/Soundbox - Impacts, Risers & Drops 7 (2021)/SB_IR&D_7_120_RISERS/SB_IR&D_7_120_RISER_002.wav",SB_IR&D_7_120_RISER_002.wav,"Soundbox - Impacts, Risers & Drops 7 (2021)",SB_IR&D_7_120_RISERS,,,,,RISER,medium,Riser,FX,review,"fx/foley/texture token: 'texture' measures 0%, Atmosphere has 3 labels",Foley / Foley Loop / SFX / Impact / Riser / Atmosphere / Weather/Nature Atmos / Other/none / Unknown (write a note) / Not in this list (write it) / Not enough information / Corrupt / unusable / Taxonomy gap,,,,,,,,,1.1.0,1.0.0
foley_sfx_impact,/Volumes/Jack_Gandy_1TB_SSD/Samples 2021 ->/Sample Packs/Virtual Riot/Studio Time S2 EP2 - Drums And More Episode Files/Raw Kitchen Foley Recordings/VR_ST_Foley_spiceShaker6.wav,VR_ST_Foley_spiceShaker6.wav,Virtual Riot,Studio Time S2 EP2 - Drums And More Episode Files,,,,,Foley,medium,Foley,Foley,review,"fx/foley/texture token: 'texture' measures 0%, Atmosphere has 3 labels",Foley / Foley Loop / SFX / Impact / Riser / Atmosphere / Weather/Nature Atmos / Other/none / Unknown (write a note) / Not in this list (write it) / Not enough information / Corrupt / unusable / Taxonomy gap,,,,,,,,,1.1.0,1.0.0
foley_sfx_impact,/Volumes/Jack_Gandy_1TB_SSD/Samples 2021 ->/Sample Packs/Soundbox - Maximum FX (2019)/SB_MFX_124_LOOPS/SB_MFX_124_IMPACTS/SB_MFX_124_IMPACT_075.wav,SB_MFX_124_IMPACT_075.wav,Soundbox - Maximum FX (2019),SB_MFX_124_LOOPS,,,,,IMPACT,medium,Impact,FX,review,"fx/foley/texture token: 'texture' measures 0%, Atmosphere has 3 labels",Foley / Foley Loop / SFX / Impact / Riser / Atmosphere / Weather/Nature Atmos / Other/none / Unknown (write a note) / Not in this list (write it) / Not enough information / Corrupt / unusable / Taxonomy gap,,,,,,,,,1.1.0,1.0.0
foley_sfx_impact,/Volumes/Jack_Gandy_1TB_SSD/Samples 2021 ->/Sample Packs/Virtual Riot/Studio Time S2 EP2 - Drums And More Episode Files/Raw Kitchen Foley Recordings/VR_ST_Foley_shaker4.wav,VR_ST_Foley_shaker4.wav,Virtual Riot,Studio Time S2 EP2 - Drums And More Episode Files,,,,,Foley,medium,Foley,Foley,review,"fx/foley/texture token: 'texture' measures 0%, Atmosphere has 3 labels",Foley / Foley Loop / SFX / Impact / Riser / Atmosphere / Weather/Nature Atmos / Other/none / Unknown (write a note) / Not in this list (write it) / Not enough information / Corrupt / unusable / Taxonomy gap,,,,,,,,,1.1.0,1.0.0
foley_sfx_impact,/Volumes/Jack_Gandy_1TB_SSD/Samples 2021 ->/Sample Packs/Virtual Riot/Studio Time S2 EP2 - Drums And More Episode Files/Raw Kitchen Foley Recordings/VR_ST_Foley_bagTap3.wav,VR_ST_Foley_bagTap3.wav,Virtual Riot,Studio Time S2 EP2 - Drums And More Episode Files,,,,,Foley,medium,Foley,Foley,review,"fx/foley/texture token: 'texture' measures 0%, Atmosphere has 3 labels",Foley / Foley Loop / SFX / Impact / Riser / Atmosphere / Weather/Nature Atmos / Other/none / Unknown (write a note) / Not in this list (write it) / Not enough information / Corrupt / unusable / Taxonomy gap,,,,,,,,,1.1.0,1.0.0
foley_sfx_impact,/Volumes/Jack_Gandy_1TB_SSD/Samples 2021 ->/Sample Packs/MGF Mega Pack/Retro Digital Collection/Chords - Stab + Short/JV Chords+SFX_079.wav,JV Chords+SFX_079.wav,MGF Mega Pack,Retro Digital Collection,,,,,SFX,medium,SFX,FX,review,"fx/foley/texture token: 'texture' measures 0%, Atmosphere has 3 labels",Foley / Foley Loop / SFX / Impact / Riser / Atmosphere / Weather/Nature Atmos / Other/none / Unknown (write a note) / Not in this list (write it) / Not enough information / Corrupt / unusable / Taxonomy gap,,,,,,,,,1.1.0,1.0.0
foley_sfx_impact,/Volumes/Jack_Gandy_1TB_SSD/Samples 2021 ->/Sample Packs/Rosentricks - Essentials/Melodic Oneshots/RT_One_Shot_Ambient_Chiptune_C.wav,RT_One_Shot_Ambient_Chiptune_C.wav,Rosentricks - Essentials,Melodic Oneshots,,,,,,none,,,review,"fx/foley/texture token: 'texture' measures 0%, Atmosphere has 3 labels",Foley / Foley Loop / SFX / Impact / Riser / Atmosphere / Weather/Nature Atmos / Other/none / Unknown (write a note) / Not in this list (write it) / Not enough information / Corrupt / unusable / Taxonomy gap,,,,,,,,,1.1.0,1.0.0
foley_sfx_impact,/Volumes/Jack_Gandy_1TB_SSD/Samples 2021 ->/Sound For Games/SampleScience_Modern_Scifi_Sfx_Sample_Pack/Impact 30.wav,Impact 30.wav,personal:Sound For Games,personal:Sound For Games/SampleScience_Modern_Scifi_Sfx_Sample_Pack,,,,,Impact,medium,Impact,FX,review,"fx/foley/texture token: 'texture' measures 0%, Atmosphere has 3 labels",Foley / Foley Loop / SFX / Impact / Riser / Atmosphere / Weather/Nature Atmos / Other/none / Unknown (write a note) / Not in this list (write it) / Not enough information / Corrupt / unusable / Taxonomy gap,,,,,,,,,1.1.0,1.0.0
foley_sfx_impact,/Volumes/Jack_Gandy_1TB_SSD/Samples 2021 ->/Sample Packs/Virtual Riot/Studio Time S2 EP2 - Drums And More Episode Files/Raw Kitchen Foley Recordings/VR_ST_Foley_spiceShaker4.wav,VR_ST_Foley_spiceShaker4.wav,Virtual Riot,Studio Time S2 EP2 - Drums And More Episode Files,,,,,Foley,medium,Foley,Foley,review,"fx/foley/texture token: 'texture' measures 0%, Atmosphere has 3 labels",Foley / Foley Loop / SFX / Impact / Riser / Atmosphere / Weather/Nature Atmos / Other/none / Unknown (write a note) / Not in this list (write it) / Not enough information / Corrupt / unusable / Taxonomy gap,,,,,,,,,1.1.0,1.0.0
foley_sfx_impact,/Volumes/Jack_Gandy_1TB_SSD/Samples 2021 ->/Sample Packs/Foley 2023/KNOIR FOLEY PACK 2023 (1A)/KNOIR_patreon_foley_bottleding7.wav,KNOIR_patreon_foley_bottleding7.wav,Foley 2023,KNOIR FOLEY PACK 2023 (1A),,,,,foley,medium,Foley,Foley,review,"fx/foley/texture token: 'texture' measures 0%, Atmosphere has 3 labels",Foley / Foley Loop / SFX / Impact / Riser / Atmosphere / Weather/Nature Atmos / Other/none / Unknown (write a note) / Not in this list (write it) / Not enough information / Corrupt / unusable / Taxonomy gap,,,,,,,,,1.1.0,1.0.0
foley_sfx_impact,/Volumes/Jack_Gandy_1TB_SSD/Samples 2021 ->/2024/Vocoded Kitchen Foley/KF 98-foley_hit_snarelayer2.wav,KF 98-foley_hit_snarelayer2.wav,personal:2024,personal:2024/Vocoded Kitchen Foley,,,,,foley|hit,high,Foley,Foley,review,"fx/foley/texture token: 'texture' measures 0%, Atmosphere has 3 labels",Foley / Foley Loop / SFX / Impact / Riser / Atmosphere / Weather/Nature Atmos / Other/none / Unknown (write a note) / Not in this list (write it) / Not enough information / Corrupt / unusable / Taxonomy gap,,,,,,,,,1.1.0,1.0.0
foley_sfx_impact,/Volumes/Jack_Gandy_1TB_SSD/Samples 2021 ->/Sample Packs/Soundbox - Maximum FX (2019)/SB_MFX_124_LOOPS/SB_MFX_124_IMPACTS/SB_MFX_124_IMPACT_015.wav,SB_MFX_124_IMPACT_015.wav,Soundbox - Maximum FX (2019),SB_MFX_124_LOOPS,,,,,IMPACT,medium,Impact,FX,review,"fx/foley/texture token: 'texture' measures 0%, Atmosphere has 3 labels",Foley / Foley Loop / SFX / Impact / Riser / Atmosphere / Weather/Nature Atmos / Other/none / Unknown (write a note) / Not in this list (write it) / Not enough information / Corrupt / unusable / Taxonomy gap,,,,,,,,,1.1.0,1.0.0
foley_sfx_impact,/Volumes/Jack_Gandy_1TB_SSD/Samples 2021 ->/Sample Packs/Sounds of KSHMR Vol.3/KSHMR_Drums/KSHMR_Claps/KSHMR_Clap_FX/KSHMR_Clap_FX_14_Sub_Clap.wav,KSHMR_Clap_FX_14_Sub_Clap.wav,Sounds of KSHMR Vol.3,KSHMR_Drums,,,,,Clap|Sub|FX,high,Clap|SFX,Bass|Clap|FX,review,"fx/foley/texture token: 'texture' measures 0%, Atmosphere has 3 labels",Foley / Foley Loop / SFX / Impact / Riser / Atmosphere / Weather/Nature Atmos / Other/none / Unknown (write a note) / Not in this list (write it) / Not enough information / Corrupt / unusable / Taxonomy gap,,,,,,,,,1.1.0,1.0.0
foley_sfx_impact,/Volumes/Jack_Gandy_1TB_SSD/Samples 2021 ->/2024/Vocoded Kitchen Foley/KF 107-foley_hit_thump_kick7.wav,KF 107-foley_hit_thump_kick7.wav,personal:2024,personal:2024/Vocoded Kitchen Foley,,,,,foley|hit,high,Foley,Foley,review,"fx/foley/texture token: 'texture' measures 0%, Atmosphere has 3 labels",Foley / Foley Loop / SFX / Impact / Riser / Atmosphere / Weather/Nature Atmos / Other/none / Unknown (write a note) / Not in this list (write it) / Not enough information / Corrupt / unusable / Taxonomy gap,,,,,,,,,1.1.0,1.0.0
foley_sfx_impact,/Volumes/Jack_Gandy_1TB_SSD/Samples 2021 ->/Sample Packs/Virtual Riot/Studio Time S2 EP2 - Drums And More Episode Files/Raw Kitchen Foley Recordings/VR_ST_Foley_dishesHit3.wav,VR_ST_Foley_dishesHit3.wav,Virtual Riot,Studio Time S2 EP2 - Drums And More Episode Files,,,,,Foley,medium,Foley,Foley,review,"fx/foley/texture token: 'texture' measures 0%, Atmosphere has 3 labels",Foley / Foley Loop / SFX / Impact / Riser / Atmosphere / Weather/Nature Atmos / Other/none / Unknown (write a note) / Not in this list (write it) / Not enough information / Corrupt / unusable / Taxonomy gap,,,,,,,,,1.1.0,1.0.0
foley_sfx_impact,/Volumes/Jack_Gandy_1TB_SSD/Samples 2021 ->/Sample Packs/Soundbox - Maximum FX (2019)/SB_MFX_128_LOOPS/SB_MFX_128_IMPACTS/SB_MFX_128_IMPACT_030.wav,SB_MFX_128_IMPACT_030.wav,Soundbox - Maximum FX (2019),SB_MFX_128_LOOPS,,,,,IMPACT,medium,Impact,FX,review,"fx/foley/texture token: 'texture' measures 0%, Atmosphere has 3 labels",Foley / Foley Loop / SFX / Impact / Riser / Atmosphere / Weather/Nature Atmos / Other/none / Unknown (write a note) / Not in this list (write it) / Not enough information / Corrupt / unusable / Taxonomy gap,,,,,,,,,1.1.0,1.0.0
foley_sfx_impact,/Volumes/Jack_Gandy_1TB_SSD/Samples 2021 ->/Sample Packs/Foley 2023/KNOIR FOLEY PACK 2023 (1A)/KNOIR_patreon_foley_door4.wav,KNOIR_patreon_foley_door4.wav,Foley 2023,KNOIR FOLEY PACK 2023 (1A),,,,,foley,medium,Foley,Foley,review,"fx/foley/texture token: 'texture' measures 0%, Atmosphere has 3 labels",Foley / Foley Loop / SFX / Impact / Riser / Atmosphere / Weather/Nature Atmos / Other/none / Unknown (write a note) / Not in this list (write it) / Not enough information / Corrupt / unusable / Taxonomy gap,,,,,,,,,1.1.0,1.0.0
foley_sfx_impact,/Volumes/Jack_Gandy_1TB_SSD/Samples 2021 ->/Sample Packs/Virtual Riot/Studio Time S2 EP2 - Drums And More Episode Files/Raw Kitchen Foley Recordings/VR_ST_Foley_hollowPlonk4.wav,VR_ST_Foley_hollowPlonk4.wav,Virtual Riot,Studio Time S2 EP2 - Drums And More Episode Files,,,,,Foley,medium,Foley,Foley,review,"fx/foley/texture token: 'texture' measures 0%, Atmosphere has 3 labels",Foley / Foley Loop / SFX / Impact / Riser / Atmosphere / Weather/Nature Atmos / Other/none / Unknown (write a note) / Not in this list (write it) / Not enough information / Corrupt / unusable / Taxonomy gap,,,,,,,,,1.1.0,1.0.0
foley_sfx_impact,/Volumes/Jack_Gandy_1TB_SSD/Samples 2021 ->/Sample Packs/Virtual Riot/Studio Time S2 EP2 - Drums And More Episode Files/Raw Kitchen Foley Recordings/VR_ST_Foley_dishesRustle3.wav,VR_ST_Foley_dishesRustle3.wav,Virtual Riot,Studio Time S2 EP2 - Drums And More Episode Files,,,,,Foley,medium,Foley,Foley,review,"fx/foley/texture token: 'texture' measures 0%, Atmosphere has 3 labels",Foley / Foley Loop / SFX / Impact / Riser / Atmosphere / Weather/Nature Atmos / Other/none / Unknown (write a note) / Not in this list (write it) / Not enough information / Corrupt / unusable / Taxonomy gap,,,,,,,,,1.1.0,1.0.0
foley_sfx_impact,"/Volumes/Jack_Gandy_1TB_SSD/Samples 2021 ->/Sample Packs/Soundbox - Impacts, Risers & Drops 7 (2021)/SB_IR&D_7_128_IMPACTS/SB_IR&D_7_128_IMPACT_038.wav",SB_IR&D_7_128_IMPACT_038.wav,"Soundbox - Impacts, Risers & Drops 7 (2021)",SB_IR&D_7_128_IMPACTS,,,,,IMPACT,medium,Impact,FX,review,"fx/foley/texture token: 'texture' measures 0%, Atmosphere has 3 labels",Foley / Foley Loop / SFX / Impact / Riser / Atmosphere / Weather/Nature Atmos / Other/none / Unknown (write a note) / Not in this list (write it) / Not enough information / Corrupt / unusable / Taxonomy gap,,,,,,,,,1.1.0,1.0.0
foley_sfx_impact,/Volumes/Jack_Gandy_1TB_SSD/Samples 2021 ->/Sample Packs/Mike Shinoda Drums/MS BEATS/Recharged Samples/Impact JumpRope.wav,Impact JumpRope.wav,Mike Shinoda Drums,MS BEATS,,,,,Impact,medium,Impact,FX,review,"fx/foley/texture token: 'texture' measures 0%, Atmosphere has 3 labels",Foley / Foley Loop / SFX / Impact / Riser / Atmosphere / Weather/Nature Atmos / Other/none / Unknown (write a note) / Not in this list (write it) / Not enough information / Corrupt / unusable / Taxonomy gap,,,,,,,,,1.1.0,1.0.0
foley_sfx_impact,/Volumes/Jack_Gandy_1TB_SSD/Samples 2021 ->/Sample Packs/MGF Mega Pack/Analogue Collection/SFX/S37 NOV18_SFX_037.wav,S37 NOV18_SFX_037.wav,MGF Mega Pack,Analogue Collection,,,,,SFX,medium,SFX,FX,review,"fx/foley/texture token: 'texture' measures 0%, Atmosphere has 3 labels",Foley / Foley Loop / SFX / Impact / Riser / Atmosphere / Weather/Nature Atmos / Other/none / Unknown (write a note) / Not in this list (write it) / Not enough information / Corrupt / unusable / Taxonomy gap,,,,,,,,,1.1.0,1.0.0
foley_sfx_impact,/Volumes/Jack_Gandy_1TB_SSD/Samples 2021 ->/Sample Packs/SIIK Sounds - Eclipse (Full Pack)/SIIK Sounds Eclipse (WAV Samples)/FX/Impacts/ECLIPSE Impact 03.wav,ECLIPSE Impact 03.wav,SIIK Sounds - Eclipse (Full Pack),SIIK Sounds Eclipse (WAV Samples),,,,,Impact,medium,Impact,FX,review,"fx/foley/texture token: 'texture' measures 0%, Atmosphere has 3 labels",Foley / Foley Loop / SFX / Impact / Riser / Atmosphere / Weather/Nature Atmos / Other/none / Unknown (write a note) / Not in this list (write it) / Not enough information / Corrupt / unusable / Taxonomy gap,,,,,,,,,1.1.0,1.0.0
foley_sfx_impact,/Volumes/Jack_Gandy_1TB_SSD/Samples 2021 ->/Sample Packs/Soundbox - Maximum FX (2019)/SB_MFX_140_LOOPS/SB_MFX_140_IMPACTS/SB_MFX_140_IMPACT_065.wav,SB_MFX_140_IMPACT_065.wav,Soundbox - Maximum FX (2019),SB_MFX_140_LOOPS,,,,,IMPACT,medium,Impact,FX,review,"fx/foley/texture token: 'texture' measures 0%, Atmosphere has 3 labels",Foley / Foley Loop / SFX / Impact / Riser / Atmosphere / Weather/Nature Atmos / Other/none / Unknown (write a note) / Not in this list (write it) / Not enough information / Corrupt / unusable / Taxonomy gap,,,,,,,,,1.1.0,1.0.0
foley_sfx_impact,/Volumes/Jack_Gandy_1TB_SSD/Samples 2021 ->/Sample Packs/MGF Mega Pack/Analogue Collection/Perc/S37 NOV18_SFX_128.wav,S37 NOV18_SFX_128.wav,MGF Mega Pack,Analogue Collection,,,,,SFX,medium,SFX,FX,review,"fx/foley/texture token: 'texture' measures 0%, Atmosphere has 3 labels",Foley / Foley Loop / SFX / Impact / Riser / Atmosphere / Weather/Nature Atmos / Other/none / Unknown (write a note) / Not in this list (write it) / Not enough information / Corrupt / unusable / Taxonomy gap,,,,,,,,,1.1.0,1.0.0
foley_sfx_impact,/Volumes/Jack_Gandy_1TB_SSD/Samples 2021 ->/Sample Packs/Analog Percussion Vol.3 by Donit/Drumbrute Impact FM Drum - Short 100.wav,Drumbrute Impact FM Drum - Short 100.wav,Analog Percussion Vol.3 by Donit,Analog Percussion Vol.3 by Donit,,,,,Impact,medium,Impact,FX,review,"fx/foley/texture token: 'texture' measures 0%, Atmosphere has 3 labels",Foley / Foley Loop / SFX / Impact / Riser / Atmosphere / Weather/Nature Atmos / Other/none / Unknown (write a note) / Not in this list (write it) / Not enough information / Corrupt / unusable / Taxonomy gap,,,,,,,,,1.1.0,1.0.0
foley_sfx_impact,"/Volumes/Jack_Gandy_1TB_SSD/Samples 2021 ->/Impluse Responce/Samplicity M7 Main - 02 - Wave, 32 bit, 48 Khz, v1.1/M7 - 5 Ambiences 06 Small & Dark/5 Ambiences 06 Small & Dark  M-to-S.wav",5 Ambiences 06 Small & Dark  M-to-S.wav,personal:Impluse Responce,"personal:Impluse Responce/Samplicity M7 Main - 02 - Wave, 32 bit, 48 Khz, v1.1",,,,,,none,,,review,"fx/foley/texture token: 'texture' measures 0%, Atmosphere has 3 labels",Foley / Foley Loop / SFX / Impact / Riser / Atmosphere / Weather/Nature Atmos / Other/none / Unknown (write a note) / Not in this list (write it) / Not enough information / Corrupt / unusable / Taxonomy gap,,,,,,,,,1.1.0,1.0.0
foley_sfx_impact,/Volumes/Jack_Gandy_1TB_SSD/Samples 2021 ->/Sample Packs/Old Movies 1 - Vintage Collection (Drum Kit)/Foley & Percussion (Old Movies)/HHH_Foley 9.wav,HHH_Foley 9.wav,Old Movies 1 - Vintage Collection (Drum Kit),Foley & Percussion (Old Movies),,,,,Foley,medium,Foley,Foley,review,"fx/foley/texture token: 'texture' measures 0%, Atmosphere has 3 labels",Foley / Foley Loop / SFX / Impact / Riser / Atmosphere / Weather/Nature Atmos / Other/none / Unknown (write a note) / Not in this list (write it) / Not enough information / Corrupt / unusable / Taxonomy gap,,,,,,,,,1.1.0,1.0.0
foley_sfx_impact,/Volumes/Jack_Gandy_1TB_SSD/Samples 2021 ->/Sample Packs/Foley 2023/KNOIR FOLEY PACK 2023 (1A)/KNOIR_patreon_foley_bottledingtwice.wav,KNOIR_patreon_foley_bottledingtwice.wav,Foley 2023,KNOIR FOLEY PACK 2023 (1A),,,,,foley,medium,Foley,Foley,review,"fx/foley/texture token: 'texture' measures 0%, Atmosphere has 3 labels",Foley / Foley Loop / SFX / Impact / Riser / Atmosphere / Weather/Nature Atmos / Other/none / Unknown (write a note) / Not in this list (write it) / Not enough information / Corrupt / unusable / Taxonomy gap,,,,,,,,,1.1.0,1.0.0
foley_sfx_impact,/Volumes/Jack_Gandy_1TB_SSD/Samples 2021 ->/Sample Packs/Foley 2023/KNOIR FOLEY PACK 2023 (1A)/KNOIR_patreon_foley_GLASS50.wav,KNOIR_patreon_foley_GLASS50.wav,Foley 2023,KNOIR FOLEY PACK 2023 (1A),,,,,foley,medium,Foley,Foley,review,"fx/foley/texture token: 'texture' measures 0%, Atmosphere has 3 labels",Foley / Foley Loop / SFX / Impact / Riser / Atmosphere / Weather/Nature Atmos / Other/none / Unknown (write a note) / Not in this list (write it) / Not enough information / Corrupt / unusable / Taxonomy gap,,,,,,,,,1.1.0,1.0.0
foley_sfx_impact,/Volumes/Jack_Gandy_1TB_SSD/Samples 2021 ->/Sample Packs/Analog Percussion Vol.3 by Donit/Drumbrute Impact FM Drum - Very Long 38.wav,Drumbrute Impact FM Drum - Very Long 38.wav,Analog Percussion Vol.3 by Donit,Analog Percussion Vol.3 by Donit,,,,,Impact,medium,Impact,FX,review,"fx/foley/texture token: 'texture' measures 0%, Atmosphere has 3 labels",Foley / Foley Loop / SFX / Impact / Riser / Atmosphere / Weather/Nature Atmos / Other/none / Unknown (write a note) / Not in this list (write it) / Not enough information / Corrupt / unusable / Taxonomy gap,,,,,,,,,1.1.0,1.0.0
foley_sfx_impact,/Volumes/Jack_Gandy_1TB_SSD/Samples 2021 ->/Sample Packs/Loaded Samples - Lo-Fi Memphis 2/MELODY CHOPS/CHOP_Impact Pt2 #1 (D).wav,CHOP_Impact Pt2 #1 (D).wav,Loaded Samples - Lo-Fi Memphis 2,MELODY CHOPS,,,,,Impact,medium,Impact,FX,review,"fx/foley/texture token: 'texture' measures 0%, Atmosphere has 3 labels",Foley / Foley Loop / SFX / Impact / Riser / Atmosphere / Weather/Nature Atmos / Other/none / Unknown (write a note) / Not in this list (write it) / Not enough information / Corrupt / unusable / Taxonomy gap,,,,,,,,,1.1.0,1.0.0
rejection_boundary,/Volumes/Jack_Gandy_1TB_SSD/testing-for-NITE-DSP/sample_pack_testing/Breaks/Dirty Arse Drum Breaks/Dirty Arse Drum Breaks 1/90 BPM/monosole_90bpm_snare 3.wav,monosole_90bpm_snare 3.wav,Breaks,Dirty Arse Drum Breaks,Other/none,,Snare,0.375,snare,low,Snare,Snare,review,junk given a confident real class -- the binding product risk,Other/none / Foley / SFX / Percussion Loop / Drum Loop / Synth Loop / Not a sample / Unknown (write a note) / Not in this list (write it) / Not enough information / Corrupt / unusable / Taxonomy gap,,,,,,,,,1.1.0,1.0.0
rejection_boundary,/Volumes/Jack_Gandy_1TB_SSD/testing-for-NITE-DSP/sample_pack_testing/Breaks/The Drum Broker - International Breaks & Essential Kicks/The Drum Broker - International Breaks 5/PRIVATE PRESS.wav,PRIVATE PRESS.wav,Breaks,The Drum Broker - International Breaks & Essential Kicks,Other/none,,Drum Loop,0.449,,none,,,review,junk given a confident real class -- the binding product risk,Other/none / Foley / SFX / Percussion Loop / Drum Loop / Synth Loop / Not a sample / Unknown (write a note) / Not in this list (write it) / Not enough information / Corrupt / unusable / Taxonomy gap,,,,,,,,,1.1.0,1.0.0
rejection_boundary,/Volumes/Jack_Gandy_1TB_SSD/testing-for-NITE-DSP/sample_pack_testing/Breaks/The Drum Broker - International Breaks & Essential Kicks/The Drum Broker - International Breaks 3/RAPTASTIC.wav,RAPTASTIC.wav,Breaks,The Drum Broker - International Breaks & Essential Kicks,Other/none,,Drum Loop,0.848,,none,,,suggest,junk given a confident real class -- the binding product risk,Other/none / Foley / SFX / Percussion Loop / Drum Loop / Synth Loop / Not a sample / Unknown (write a note) / Not in this list (write it) / Not enough information / Corrupt / unusable / Taxonomy gap,,,,,,,,,1.1.0,1.0.0
rejection_boundary,/Volumes/Jack_Gandy_1TB_SSD/testing-for-NITE-DSP/sample_pack_testing/Breaks/The Drum Broker - International Breaks & Essential Kicks/The Drum Broker - International Breaks 4/MAPLE.wav,MAPLE.wav,Breaks,The Drum Broker - International Breaks & Essential Kicks,Other/none,,Drum Loop,0.727,,none,,,suggest,junk given a confident real class -- the binding product risk,Other/none / Foley / SFX / Percussion Loop / Drum Loop / Synth Loop / Not a sample / Unknown (write a note) / Not in this list (write it) / Not enough information / Corrupt / unusable / Taxonomy gap,,,,,,,,,1.1.0,1.0.0
rejection_boundary,/Volumes/Jack_Gandy_1TB_SSD/testing-for-NITE-DSP/sample_pack_testing/Old Movies 1 - Vintage Collection (Drum Kit)/Foley & Percussion (Old Movies)/HHH_Knocks 1.wav,HHH_Knocks 1.wav,Old Movies 1 - Vintage Collection (Drum Kit),Foley & Percussion (Old Movies),Other/none,,Foley,0.225,,none,,,review,junk given a confident real class -- the binding product risk,Other/none / Foley / SFX / Percussion Loop / Drum Loop / Synth Loop / Not a sample / Unknown (write a note) / Not in this list (write it) / Not enough information / Corrupt / unusable / Taxonomy gap,,,,,,,,,1.1.0,1.0.0
rejection_boundary,/Volumes/Jack_Gandy_1TB_SSD/testing-for-NITE-DSP/sample_pack_testing/Old Movies 1 - Vintage Collection (Drum Kit)/Noise & Texture (Old Movies)/HHH_Texture 4.wav,HHH_Texture 4.wav,Old Movies 1 - Vintage Collection (Drum Kit),Noise & Texture (Old Movies),Other/none,,Foley Loop,0.435,Texture,high,,FX,review,junk given a confident real class -- the binding product risk,Other/none / Foley / SFX / Percussion Loop / Drum Loop / Synth Loop / Not a sample / Unknown (write a note) / Not in this list (write it) / Not enough information / Corrupt / unusable / Taxonomy gap,,,,,,,,,1.1.0,1.0.0
rejection_boundary,/Volumes/Jack_Gandy_1TB_SSD/testing-for-NITE-DSP/sample_pack_testing/Sounds of KSHMR Vol.3/KSHMR_FX_Elements/KSHMR_Glitches_and_Industrial/KSHMR_Industrial_Grime/KSHMR_Industrial_Grime_18_152_G#m.wav,KSHMR_Industrial_Grime_18_152_G#m.wav,Sounds of KSHMR Vol.3,KSHMR_FX_Elements,Other/none,,Vocal Loop,0.179,,none,,,review,junk given a confident real class -- the binding product risk,Other/none / Foley / SFX / Percussion Loop / Drum Loop / Synth Loop / Not a sample / Unknown (write a note) / Not in this list (write it) / Not enough information / Corrupt / unusable / Taxonomy gap,,,,,,,,,1.1.0,1.0.0
rejection_boundary,/Volumes/Jack_Gandy_1TB_SSD/testing-for-NITE-DSP/sample_pack_testing/Mike Shinoda Drums/MPC 1000 Backup/WHATYOUHAVE/RECTNGL34.WAV,RECTNGL34.WAV,Mike Shinoda Drums,MPC 1000 Backup,Other/none,,Clap,0.778,,none,,,suggest,junk given a confident real class -- the binding product risk,Other/none / Foley / SFX / Percussion Loop / Drum Loop / Synth Loop / Not a sample / Unknown (write a note) / Not in this list (write it) / Not enough information / Corrupt / unusable / Taxonomy gap,,,,,,,,,1.1.0,1.0.0
rejection_boundary,/Volumes/Jack_Gandy_1TB_SSD/testing-for-NITE-DSP/sample_pack_testing/IMANU/es tu reel stems/etr_00_11 chord pitchbend experiments_3_IMANU 130 garage fukt_4.wav,etr_00_11 chord pitchbend experiments_3_IMANU 130 garage fukt_4.wav,IMANU,es tu reel stems,Other/none,,SFX,0.169,chord,high,,,review,junk given a confident real class -- the binding product risk,Other/none / Foley / SFX / Percussion Loop / Drum Loop / Synth Loop / Not a sample / Unknown (write a note) / Not in this list (write it) / Not enough information / Corrupt / unusable / Taxonomy gap,,,,,,,,,1.1.0,1.0.0
rejection_boundary,/Volumes/Jack_Gandy_1TB_SSD/testing-for-NITE-DSP/sample_pack_testing/Mike Shinoda Drums/MPC 1000 Backup/WHATYOUHAVE/PROCK3.WAV,PROCK3.WAV,Mike Shinoda Drums,MPC 1000 Backup,Other/none,,Rimshot,0.143,,none,,,review,junk given a confident real class -- the binding product risk,Other/none / Foley / SFX / Percussion Loop / Drum Loop / Synth Loop / Not a sample / Unknown (write a note) / Not in this list (write it) / Not enough information / Corrupt / unusable / Taxonomy gap,,,,,,,,,1.1.0,1.0.0
rejection_boundary,/Volumes/Jack_Gandy_1TB_SSD/testing-for-NITE-DSP/sample_pack_testing/Breaks/The Drum Broker - International Breaks & Essential Kicks/The Drum Broker - International Breaks 2/Venice.wav,Venice.wav,Breaks,The Drum Broker - International Breaks & Essential Kicks,Other/none,,Drum Loop,0.676,,none,,,suggest,junk given a confident real class -- the binding product risk,Other/none / Foley / SFX / Percussion Loop / Drum Loop / Synth Loop / Not a sample / Unknown (write a note) / Not in this list (write it) / Not enough information / Corrupt / unusable / Taxonomy gap,,,,,,,,,1.1.0,1.0.0
rejection_boundary,/Volumes/Jack_Gandy_1TB_SSD/testing-for-NITE-DSP/sample_pack_testing/Sounds of KSHMR Vol.3/KSHMR_FX_Elements/KSHMR_Glitches_and_Industrial/KSHMR_Industrial_Grime/KSHMR_Industrial_Grime_12_140_G.wav,KSHMR_Industrial_Grime_12_140_G.wav,Sounds of KSHMR Vol.3,KSHMR_FX_Elements,Other/none,,Vocal Loop,0.404,,none,,,review,junk given a confident real class -- the binding product risk,Other/none / Foley / SFX / Percussion Loop / Drum Loop / Synth Loop / Not a sample / Unknown (write a note) / Not in this list (write it) / Not enough information / Corrupt / unusable / Taxonomy gap,,,,,,,,,1.1.0,1.0.0
rejection_boundary,/Volumes/Jack_Gandy_1TB_SSD/testing-for-NITE-DSP/sample_pack_testing/Breaks/The Drum Broker - International Breaks & Essential Kicks/The Drum Broker - International Breaks 1/FOCUS .wav,FOCUS .wav,Breaks,The Drum Broker - International Breaks & Essential Kicks,Other/none,,Drum Loop,0.852,,none,,,suggest,junk given a confident real class -- the binding product risk,Other/none / Foley / SFX / Percussion Loop / Drum Loop / Synth Loop / Not a sample / Unknown (write a note) / Not in this list (write it) / Not enough information / Corrupt / unusable / Taxonomy gap,,,,,,,,,1.1.0,1.0.0
rejection_boundary,/Volumes/Jack_Gandy_1TB_SSD/testing-for-NITE-DSP/sample_pack_testing/Breaks/The Drum Broker - International Breaks & Essential Kicks/The Drum Broker - International Breaks 3/FRANCAIS.wav,FRANCAIS.wav,Breaks,The Drum Broker - International Breaks & Essential Kicks,Other/none,,Drum Loop,0.869,,none,,,suggest,junk given a confident real class -- the binding product risk,Other/none / Foley / SFX / Percussion Loop / Drum Loop / Synth Loop / Not a sample / Unknown (write a note) / Not in this list (write it) / Not enough information / Corrupt / unusable / Taxonomy gap,,,,,,,,,1.1.0,1.0.0
rejection_boundary,/Volumes/Jack_Gandy_1TB_SSD/testing-for-NITE-DSP/sample_pack_testing/Sounds of KSHMR Vol.3/KSHMR_Drums/KSHMR_Drum_Enhancers/KSHMR_Snare_Enhancer_13_Crunch.wav,KSHMR_Snare_Enhancer_13_Crunch.wav,Sounds of KSHMR Vol.3,KSHMR_Drums,Other/none,,Foley,0.513,Snare,low,Snare,Snare,suggest,junk given a confident real class -- the binding product risk,Other/none / Foley / SFX / Percussion Loop / Drum Loop / Synth Loop / Not a sample / Unknown (write a note) / Not in this list (write it) / Not enough information / Corrupt / unusable / Taxonomy gap,,,,,,,,,1.1.0,1.0.0
rejection_boundary,/Volumes/Jack_Gandy_1TB_SSD/testing-for-NITE-DSP/sample_pack_testing/Mike Shinoda Drums/MS BEATS/Amethyst Samples/OpenHH AR60sLate V88 1.wav,OpenHH AR60sLate V88 1.wav,Mike Shinoda Drums,MS BEATS,Other/none,,Crash,0.642,,none,,,suggest,junk given a confident real class -- the binding product risk,Other/none / Foley / SFX / Percussion Loop / Drum Loop / Synth Loop / Not a sample / Unknown (write a note) / Not in this list (write it) / Not enough information / Corrupt / unusable / Taxonomy gap,,,,,,,,,1.1.0,1.0.0
rejection_boundary,/Volumes/Jack_Gandy_1TB_SSD/testing-for-NITE-DSP/sample_pack_testing/Mike Shinoda Drums/MPC 1000 Backup/WHATYOUHAVE/SQRATCH48.WAV,SQRATCH48.WAV,Mike Shinoda Drums,MPC 1000 Backup,Other/none,,Rimshot,0.283,,none,,,review,junk given a confident real class -- the binding product risk,Other/none / Foley / SFX / Percussion Loop / Drum Loop / Synth Loop / Not a sample / Unknown (write a note) / Not in this list (write it) / Not enough information / Corrupt / unusable / Taxonomy gap,,,,,,,,,1.1.0,1.0.0
rejection_boundary,/Volumes/Jack_Gandy_1TB_SSD/testing-for-NITE-DSP/sample_pack_testing/Breaks/The Drum Broker - International Breaks & Essential Kicks/The Drum Broker - International Breaks 3/BAGUETTE .wav,BAGUETTE .wav,Breaks,The Drum Broker - International Breaks & Essential Kicks,Other/none,,Percussion Loop,0.464,,none,,,review,junk given a confident real class -- the binding product risk,Other/none / Foley / SFX / Percussion Loop / Drum Loop / Synth Loop / Not a sample / Unknown (write a note) / Not in this list (write it) / Not enough information / Corrupt / unusable / Taxonomy gap,,,,,,,,,1.1.0,1.0.0
rejection_boundary,/Volumes/Jack_Gandy_1TB_SSD/testing-for-NITE-DSP/sample_pack_testing/Breaks/The Drum Broker - International Breaks & Essential Kicks/The Drum Broker - International Breaks 2/frogs_3.wav,frogs_3.wav,Breaks,The Drum Broker - International Breaks & Essential Kicks,Other/none,,Kick,0.312,,none,,,review,junk given a confident real class -- the binding product risk,Other/none / Foley / SFX / Percussion Loop / Drum Loop / Synth Loop / Not a sample / Unknown (write a note) / Not in this list (write it) / Not enough information / Corrupt / unusable / Taxonomy gap,,,,,,,,,1.1.0,1.0.0
rejection_boundary,/Volumes/Jack_Gandy_1TB_SSD/testing-for-NITE-DSP/sample_pack_testing/Sounds of KSHMR Vol.3/KSHMR_World_Sounds/KSHMR_Latin_America/KSHMR_Latin_PL_Brazillian_Berimbau_02_D.wav,KSHMR_Latin_PL_Brazillian_Berimbau_02_D.wav,Sounds of KSHMR Vol.3,KSHMR_World_Sounds,Other/none,,Foley,0.24,,none,,,review,junk given a confident real class -- the binding product risk,Other/none / Foley / SFX / Percussion Loop / Drum Loop / Synth Loop / Not a sample / Unknown (write a note) / Not in this list (write it) / Not enough information / Corrupt / unusable / Taxonomy gap,,,,,,,,,1.1.0,1.0.0
rejection_boundary,/Volumes/Jack_Gandy_1TB_SSD/testing-for-NITE-DSP/sample_pack_testing/Mike Shinoda Drums/MS BEATS/Lil Swing Samples/RZ1_SD_Tattoo1_Fat.wav,RZ1_SD_Tattoo1_Fat.wav,Mike Shinoda Drums,MS BEATS,Other/none,,Snare,0.596,,none,,,suggest,junk given a confident real class -- the binding product risk,Other/none / Foley / SFX / Percussion Loop / Drum Loop / Synth Loop / Not a sample / Unknown (write a note) / Not in this list (write it) / Not enough information / Corrupt / unusable / Taxonomy gap,,,,,,,,,1.1.0,1.0.0
rejection_boundary,/Volumes/Jack_Gandy_1TB_SSD/testing-for-NITE-DSP/sample_pack_testing/MGF Mega Pack/Misc + Found Sound/Casiotone 501/Drums/Casiotone 501 KickHat 1.wav,Casiotone 501 KickHat 1.wav,MGF Mega Pack,Misc + Found Sound,Other/none,,Snare,0.469,,none,,,review,junk given a confident real class -- the binding product risk,Other/none / Foley / SFX / Percussion Loop / Drum Loop / Synth Loop / Not a sample / Unknown (write a note) / Not in this list (write it) / Not enough information / Corrupt / unusable / Taxonomy gap,,,,,,,,,1.1.0,1.0.0
rejection_boundary,/Volumes/Jack_Gandy_1TB_SSD/testing-for-NITE-DSP/sample_pack_testing/Breaks/The Drum Broker - International Breaks & Essential Kicks/The Drum Broker - International Breaks 1/AMSTERDAM_2.wav,AMSTERDAM_2.wav,Breaks,The Drum Broker - International Breaks & Essential Kicks,Other/none,,Percussion Loop,0.358,,none,,,review,junk given a confident real class -- the binding product risk,Other/none / Foley / SFX / Percussion Loop / Drum Loop / Synth Loop / Not a sample / Unknown (write a note) / Not in this list (write it) / Not enough information / Corrupt / unusable / Taxonomy gap,,,,,,,,,1.1.0,1.0.0
rejection_boundary,/Volumes/Jack_Gandy_1TB_SSD/testing-for-NITE-DSP/sample_pack_testing/Organic Drum Kit/5 Percussion/4 Metalic/3 Zill Finger Cymbals/Organic - Zill Finger Cymbal (15).wav,Organic - Zill Finger Cymbal (15).wav,Organic Drum Kit,5 Percussion,Other/none,,Hi-Hat,0.41,Cymbal,low,Crash,Crash,review,junk given a confident real class -- the binding product risk,Other/none / Foley / SFX / Percussion Loop / Drum Loop / Synth Loop / Not a sample / Unknown (write a note) / Not in this list (write it) / Not enough information / Corrupt / unusable / Taxonomy gap,,,,,,,,,1.1.0,1.0.0
rejection_boundary,/Volumes/Jack_Gandy_1TB_SSD/testing-for-NITE-DSP/sample_pack_testing/Sounds of KSHMR Vol.3/KSHMR_FX_Elements/KSHMR_Glitches_and_Industrial/KSHMR_Industrial_Grime/KSHMR_Industrial_Grime_01_F.wav,KSHMR_Industrial_Grime_01_F.wav,Sounds of KSHMR Vol.3,KSHMR_FX_Elements,Other/none,,SFX,0.199,,none,,,review,junk given a confident real class -- the binding product risk,Other/none / Foley / SFX / Percussion Loop / Drum Loop / Synth Loop / Not a sample / Unknown (write a note) / Not in this list (write it) / Not enough information / Corrupt / unusable / Taxonomy gap,,,,,,,,,1.1.0,1.0.0
rejection_boundary,/Volumes/Jack_Gandy_1TB_SSD/testing-for-NITE-DSP/sample_pack_testing/Mike Shinoda Drums/MS BEATS/Victory March Samples/GB snd 11.WAV,GB snd 11.WAV,Mike Shinoda Drums,MS BEATS,Other/none,,Kick,0.326,,none,,,review,junk given a confident real class -- the binding product risk,Other/none / Foley / SFX / Percussion Loop / Drum Loop / Synth Loop / Not a sample / Unknown (write a note) / Not in this list (write it) / Not enough information / Corrupt / unusable / Taxonomy gap,,,,,,,,,1.1.0,1.0.0
rejection_boundary,/Volumes/Jack_Gandy_1TB_SSD/testing-for-NITE-DSP/sample_pack_testing/Breaks/The Drum Broker - International Breaks & Essential Kicks/The Drum Broker - International Breaks 2/Guarana.wav,Guarana.wav,Breaks,The Drum Broker - International Breaks & Essential Kicks,Other/none,,Vocal Loop,0.243,,none,,,review,junk given a confident real class -- the binding product risk,Other/none / Foley / SFX / Percussion Loop / Drum Loop / Synth Loop / Not a sample / Unknown (write a note) / Not in this list (write it) / Not enough information / Corrupt / unusable / Taxonomy gap,,,,,,,,,1.1.0,1.0.0
rejection_boundary,/Volumes/Jack_Gandy_1TB_SSD/testing-for-NITE-DSP/sample_pack_testing/Breaks/The Drum Broker - International Breaks & Essential Kicks/The Drum Broker - International Breaks 1/VSAK BREAK.wav,VSAK BREAK.wav,Breaks,The Drum Broker - International Breaks & Essential Kicks,Other/none,,Drum Loop,0.666,BREAK,medium,Drum Loop,Loop,suggest,junk given a confident real class -- the binding product risk,Other/none / Foley / SFX / Percussion Loop / Drum Loop / Synth Loop / Not a sample / Unknown (write a note) / Not in this list (write it) / Not enough information / Corrupt / unusable / Taxonomy gap,,,,,,,,,1.1.0,1.0.0
rejection_boundary,/Volumes/Jack_Gandy_1TB_SSD/testing-for-NITE-DSP/sample_pack_testing/Loaded Samples - Lo-Fi Memphis 2/DRUMS & PERC LOOPS/Hi-Hat Loop #4 [65BPM].wav,Hi-Hat Loop #4 [65BPM].wav,Loaded Samples - Lo-Fi Memphis 2,DRUMS & PERC LOOPS,Other/none,,Percussion Loop,0.25,Hi Hat|Hat|Loop,medium,Hi-Hat,Hi-Hat|Loop,review,junk given a confident real class -- the binding product risk,Other/none / Foley / SFX / Percussion Loop / Drum Loop / Synth Loop / Not a sample / Unknown (write a note) / Not in this list (write it) / Not enough information / Corrupt / unusable / Taxonomy gap,,,,,,,,,1.1.0,1.0.0
rejection_boundary,/Volumes/Jack_Gandy_1TB_SSD/testing-for-NITE-DSP/sample_pack_testing/Sounds of KSHMR Vol.3/KSHMR_FX_Elements/KSHMR_Glitches_and_Industrial/KSHMR_Industrial_Grime/KSHMR_Industrial_Grime_03_90_G#.wav,KSHMR_Industrial_Grime_03_90_G#.wav,Sounds of KSHMR Vol.3,KSHMR_FX_Elements,Other/none,,Synth Loop,0.195,,none,,,review,junk given a confident real class -- the binding product risk,Other/none / Foley / SFX / Percussion Loop / Drum Loop / Synth Loop / Not a sample / Unknown (write a note) / Not in this list (write it) / Not enough information / Corrupt / unusable / Taxonomy gap,,,,,,,,,1.1.0,1.0.0
rejection_boundary,/Volumes/Jack_Gandy_1TB_SSD/testing-for-NITE-DSP/sample_pack_testing/Sounds of KSHMR Vol.3/KSHMR_Drums_Loops/KSHMR_Drum_Loops_Solo/KSHMR_Hand_Clap_Loops/KSHMR_Hand_Clap_Loop_08_128.wav,KSHMR_Hand_Clap_Loop_08_128.wav,Sounds of KSHMR Vol.3,KSHMR_Drums_Loops,Other/none,,Percussion Loop,0.281,Clap|Loop,low,Clap,Clap|Loop,review,junk given a confident real class -- the binding product risk,Other/none / Foley / SFX / Percussion Loop / Drum Loop / Synth Loop / Not a sample / Unknown (write a note) / Not in this list (write it) / Not enough information / Corrupt / unusable / Taxonomy gap,,,,,,,,,1.1.0,1.0.0
rejection_boundary,/Volumes/Jack_Gandy_1TB_SSD/testing-for-NITE-DSP/sample_pack_testing/Sounds of KSHMR Vol.3/KSHMR_Drums_Loops/KSHMR_Drum_Loops_Solo/KSHMR_Hihat_and_Cymbal_Loops/KSHMR_Trap_Hat_Loops/KSHMR_Trap_Hat_Loop_10_150.wav,KSHMR_Trap_Hat_Loop_10_150.wav,Sounds of KSHMR Vol.3,KSHMR_Drums_Loops,Other/none,,Drum Loop,0.286,Hat|Loop,medium,Hi-Hat,Hi-Hat|Loop,review,junk given a confident real class -- the binding product risk,Other/none / Foley / SFX / Percussion Loop / Drum Loop / Synth Loop / Not a sample / Unknown (write a note) / Not in this list (write it) / Not enough information / Corrupt / unusable / Taxonomy gap,,,,,,,,,1.1.0,1.0.0
rejection_boundary,/Volumes/Jack_Gandy_1TB_SSD/testing-for-NITE-DSP/sample_pack_testing/Lex Luger Drumkit/Lex_Luger_Drumkit/LL_one_shots/LL_kick_pink_2.wav,LL_kick_pink_2.wav,Lex Luger Drumkit,Lex_Luger_Drumkit,Other/none,,Kick,0.932,kick,low,Kick,Kick,suggest,junk given a confident real class -- the binding product risk,Other/none / Foley / SFX / Percussion Loop / Drum Loop / Synth Loop / Not a sample / Unknown (write a note) / Not in this list (write it) / Not enough information / Corrupt / unusable / Taxonomy gap,,,,,,,,,1.1.0,1.0.0
rejection_boundary,/Volumes/Jack_Gandy_1TB_SSD/testing-for-NITE-DSP/sample_pack_testing/Breaks/The Drum Broker - International Breaks & Essential Kicks/The Drum Broker - International Breaks 4/HAGGIS.wav,HAGGIS.wav,Breaks,The Drum Broker - International Breaks & Essential Kicks,Other/none,,Drum Loop,0.87,,none,,,suggest,junk given a confident real class -- the binding product risk,Other/none / Foley / SFX / Percussion Loop / Drum Loop / Synth Loop / Not a sample / Unknown (write a note) / Not in this list (write it) / Not enough information / Corrupt / unusable / Taxonomy gap,,,,,,,,,1.1.0,1.0.0
rejection_boundary,/Volumes/Jack_Gandy_1TB_SSD/testing-for-NITE-DSP/sample_pack_testing/Loaded Samples - Lo-Fi Memphis 2/MELODIES (X3 & DR5)/Stems (OG Versions)/OGSTEM_Kickin' In Doors #2 [72 BPM] (E).wav,OGSTEM_Kickin' In Doors #2 [72 BPM] (E).wav,Loaded Samples - Lo-Fi Memphis 2,MELODIES (X3 & DR5),Other/none,,Synth Loop,0.321,,none,,,review,junk given a confident real class -- the binding product risk,Other/none / Foley / SFX / Percussion Loop / Drum Loop / Synth Loop / Not a sample / Unknown (write a note) / Not in this list (write it) / Not enough information / Corrupt / unusable / Taxonomy gap,,,,,,,,,1.1.0,1.0.0
rejection_boundary,/Volumes/Jack_Gandy_1TB_SSD/testing-for-NITE-DSP/sample_pack_testing/Breaks/The Drum Broker - International Breaks & Essential Kicks/The Drum Broker - International Breaks 5/ROCKPOW.wav,ROCKPOW.wav,Breaks,The Drum Broker - International Breaks & Essential Kicks,Other/none,,Drum Loop,0.761,,none,,,suggest,junk given a confident real class -- the binding product risk,Other/none / Foley / SFX / Percussion Loop / Drum Loop / Synth Loop / Not a sample / Unknown (write a note) / Not in this list (write it) / Not enough information / Corrupt / unusable / Taxonomy gap,,,,,,,,,1.1.0,1.0.0
rejection_boundary,/Volumes/Jack_Gandy_1TB_SSD/testing-for-NITE-DSP/sample_pack_testing/Breaks/The Drum Broker - International Breaks & Essential Kicks/The Drum Broker - International Breaks 2/RollKtown.wav,RollKtown.wav,Breaks,The Drum Broker - International Breaks & Essential Kicks,Other/none,,Percussion Loop,0.392,,none,,,review,junk given a confident real class -- the binding product risk,Other/none / Foley / SFX / Percussion Loop / Drum Loop / Synth Loop / Not a sample / Unknown (write a note) / Not in this list (write it) / Not enough information / Corrupt / unusable / Taxonomy gap,,,,,,,,,1.1.0,1.0.0
rejection_boundary,/Volumes/Jack_Gandy_1TB_SSD/testing-for-NITE-DSP/sample_pack_testing/Mike Shinoda Drums/MPC 1000 Backup/IRIDESCENT/GB snd 61.WAV,GB snd 61.WAV,Mike Shinoda Drums,MPC 1000 Backup,Other/none,,Foley,0.187,,none,,,review,junk given a confident real class -- the binding product risk,Other/none / Foley / SFX / Percussion Loop / Drum Loop / Synth Loop / Not a sample / Unknown (write a note) / Not in this list (write it) / Not enough information / Corrupt / unusable / Taxonomy gap,,,,,,,,,1.1.0,1.0.0
rejection_boundary,/Volumes/Jack_Gandy_1TB_SSD/testing-for-NITE-DSP/sample_pack_testing/Breaks/The Drum Broker - International Breaks & Essential Kicks/The Drum Broker - International Breaks 3/SAWASDEE_7.wav,SAWASDEE_7.wav,Breaks,The Drum Broker - International Breaks & Essential Kicks,Other/none,,Drum Loop,0.465,,none,,,review,junk given a confident real class -- the binding product risk,Other/none / Foley / SFX / Percussion Loop / Drum Loop / Synth Loop / Not a sample / Unknown (write a note) / Not in this list (write it) / Not enough information / Corrupt / unusable / Taxonomy gap,,,,,,,,,1.1.0,1.0.0
rejection_boundary,/Volumes/Jack_Gandy_1TB_SSD/testing-for-NITE-DSP/sample_pack_testing/Breaks/The Drum Broker - International Breaks & Essential Kicks/The Drum Broker - International Breaks 5/CHOPS/SUCHA HATS 2.wav,SUCHA HATS 2.wav,Breaks,The Drum Broker - International Breaks & Essential Kicks,Other/none,,Drum Loop,0.272,HATS,medium,Hi-Hat,Hi-Hat,review,junk given a confident real class -- the binding product risk,Other/none / Foley / SFX / Percussion Loop / Drum Loop / Synth Loop / Not a sample / Unknown (write a note) / Not in this list (write it) / Not enough information / Corrupt / unusable / Taxonomy gap,,,,,,,,,1.1.0,1.0.0
rejection_boundary,/Volumes/Jack_Gandy_1TB_SSD/testing-for-NITE-DSP/sample_pack_testing/Breaks/The Drum Broker - International Breaks & Essential Kicks/The Drum Broker - International Breaks 2/DITCJ_2 - 4.wav,DITCJ_2 - 4.wav,Breaks,The Drum Broker - International Breaks & Essential Kicks,Other/none,,Drum Loop,0.517,,none,,,suggest,junk given a confident real class -- the binding product risk,Other/none / Foley / SFX / Percussion Loop / Drum Loop / Synth Loop / Not a sample / Unknown (write a note) / Not in this list (write it) / Not enough information / Corrupt / unusable / Taxonomy gap,,,,,,,,,1.1.0,1.0.0
rejection_boundary,/Volumes/Jack_Gandy_1TB_SSD/testing-for-NITE-DSP/sample_pack_testing/Breaks/The Drum Broker - International Breaks & Essential Kicks/The Drum Broker - International Breaks 4/GOLD RUSH_4.wav,GOLD RUSH_4.wav,Breaks,The Drum Broker - International Breaks & Essential Kicks,Other/none,,Kick,0.483,,none,,,review,junk given a confident real class -- the binding product risk,Other/none / Foley / SFX / Percussion Loop / Drum Loop / Synth Loop / Not a sample / Unknown (write a note) / Not in this list (write it) / Not enough information / Corrupt / unusable / Taxonomy gap,,,,,,,,,1.1.0,1.0.0
rejection_boundary,/Volumes/Jack_Gandy_1TB_SSD/testing-for-NITE-DSP/sample_pack_testing/Mike Shinoda Drums/MS BEATS/Castle Of Glass Remix2 Samples/KEYZ15.WAV,KEYZ15.WAV,Mike Shinoda Drums,MS BEATS,Other/none,,Synth One-Shot,0.193,,none,,,review,junk given a confident real class -- the binding product risk,Other/none / Foley / SFX / Percussion Loop / Drum Loop / Synth Loop / Not a sample / Unknown (write a note) / Not in this list (write it) / Not enough information / Corrupt / unusable / Taxonomy gap,,,,,,,,,1.1.0,1.0.0
rejection_boundary,/Volumes/Jack_Gandy_1TB_SSD/testing-for-NITE-DSP/sample_pack_testing/Old Movies 1 - Vintage Collection (Drum Kit)/Noise & Texture (Old Movies)/HHH_Texture 5.wav,HHH_Texture 5.wav,Old Movies 1 - Vintage Collection (Drum Kit),Noise & Texture (Old Movies),Other/none,,Foley Loop,0.218,Texture,high,,FX,review,junk given a confident real class -- the binding product risk,Other/none / Foley / SFX / Percussion Loop / Drum Loop / Synth Loop / Not a sample / Unknown (write a note) / Not in this list (write it) / Not enough information / Corrupt / unusable / Taxonomy gap,,,,,,,,,1.1.0,1.0.0
rejection_boundary,/Volumes/Jack_Gandy_1TB_SSD/testing-for-NITE-DSP/sample_pack_testing/Mike Shinoda Drums/MS BEATS/Amethyst Samples/Ride AR60sLate V54 1.wav,Ride AR60sLate V54 1.wav,Mike Shinoda Drums,MS BEATS,Other/none,,Crash,0.372,,none,,,review,junk given a confident real class -- the binding product risk,Other/none / Foley / SFX / Percussion Loop / Drum Loop / Synth Loop / Not a sample / Unknown (write a note) / Not in this list (write it) / Not enough information / Corrupt / unusable / Taxonomy gap,,,,,,,,,1.1.0,1.0.0
rejection_boundary,/Volumes/Jack_Gandy_1TB_SSD/testing-for-NITE-DSP/sample_pack_testing/Breaks/The Drum Broker - International Breaks & Essential Kicks/The Drum Broker - International Breaks 3/HAIDEE_5.wav,HAIDEE_5.wav,Breaks,The Drum Broker - International Breaks & Essential Kicks,Other/none,,Snare,0.163,,none,,,review,junk given a confident real class -- the binding product risk,Other/none / Foley / SFX / Percussion Loop / Drum Loop / Synth Loop / Not a sample / Unknown (write a note) / Not in this list (write it) / Not enough information / Corrupt / unusable / Taxonomy gap,,,,,,,,,1.1.0,1.0.0
rejection_boundary,/Volumes/Jack_Gandy_1TB_SSD/testing-for-NITE-DSP/sample_pack_testing/Mike Shinoda Drums/MS BEATS/Victory March Samples/SD_Slowwww2_H3500Fat.wav,SD_Slowwww2_H3500Fat.wav,Mike Shinoda Drums,MS BEATS,Other/none,,Snare,0.571,,none,,,suggest,junk given a confident real class -- the binding product risk,Other/none / Foley / SFX / Percussion Loop / Drum Loop / Synth Loop / Not a sample / Unknown (write a note) / Not in this list (write it) / Not enough information / Corrupt / unusable / Taxonomy gap,,,,,,,,,1.1.0,1.0.0
rejection_boundary,/Volumes/Jack_Gandy_1TB_SSD/testing-for-NITE-DSP/sample_pack_testing/Drum Breaks/James Brown - Soul Pride (part1).wav,James Brown - Soul Pride (part1).wav,Drum Breaks,Drum Breaks,Other/none,,Drum Loop,0.566,,none,,,suggest,junk given a confident real class -- the binding product risk,Other/none / Foley / SFX / Percussion Loop / Drum Loop / Synth Loop / Not a sample / Unknown (write a note) / Not in this list (write it) / Not enough information / Corrupt / unusable / Taxonomy gap,,,,,,,,,1.1.0,1.0.0
rejection_boundary,/Volumes/Jack_Gandy_1TB_SSD/testing-for-NITE-DSP/sample_pack_testing/Breaks/The Drum Broker - International Breaks & Essential Kicks/The Drum Broker - International Breaks 3/CLOVER 2.wav,CLOVER 2.wav,Breaks,The Drum Broker - International Breaks & Essential Kicks,Other/none,,Drum Loop,0.535,,none,,,suggest,junk given a confident real class -- the binding product risk,Other/none / Foley / SFX / Percussion Loop / Drum Loop / Synth Loop / Not a sample / Unknown (write a note) / Not in this list (write it) / Not enough information / Corrupt / unusable / Taxonomy gap,,,,,,,,,1.1.0,1.0.0
rejection_boundary,/Volumes/Jack_Gandy_1TB_SSD/testing-for-NITE-DSP/sample_pack_testing/Loaded Samples - Lo-Fi Memphis 2/MELODIES (X3 & DR5)/Stems (OG Versions)/OGSTEM_Bell Will Toll #1 [72BPM] (G).wav,OGSTEM_Bell Will Toll #1 [72BPM] (G).wav,Loaded Samples - Lo-Fi Memphis 2,MELODIES (X3 & DR5),Other/none,,Synth One-Shot,0.368,,none,,,review,junk given a confident real class -- the binding product risk,Other/none / Foley / SFX / Percussion Loop / Drum Loop / Synth Loop / Not a sample / Unknown (write a note) / Not in this list (write it) / Not enough information / Corrupt / unusable / Taxonomy gap,,,,,,,,,1.1.0,1.0.0
rejection_boundary,/Volumes/Jack_Gandy_1TB_SSD/Samples 2021 ->/Sample Packs/Senegal Sessions/Loops/Melodic_Loops/SS_SS_90_melodic_loop_dakar_kora_C.wav,SS_SS_90_melodic_loop_dakar_kora_C.wav,Senegal Sessions,Loops,Other/none,,Vocal Loop,0.361,loop,high,,Loop,review,junk given a confident real class -- the binding product risk,Other/none / Foley / SFX / Percussion Loop / Drum Loop / Synth Loop / Not a sample / Unknown (write a note) / Not in this list (write it) / Not enough information / Corrupt / unusable / Taxonomy gap,,,,,,,,,1.1.0,1.0.0
rejection_boundary,/Volumes/Jack_Gandy_1TB_SSD/testing-for-NITE-DSP/sample_pack_testing/Drum Recollection/2023 Drums/(Perc) Three United.wav,(Perc) Three United.wav,Drum Recollection,2023 Drums,Other/none,,Foley,0.141,Perc,high,,Percussion,review,junk given a confident real class -- the binding product risk,Other/none / Foley / SFX / Percussion Loop / Drum Loop / Synth Loop / Not a sample / Unknown (write a note) / Not in this list (write it) / Not enough information / Corrupt / unusable / Taxonomy gap,,,,,,,,,1.1.0,1.0.0
rejection_boundary,/Volumes/Jack_Gandy_1TB_SSD/Samples 2021 ->/2023/Leads/Freeze PIANO [2023-03-03 122138].wav,Freeze PIANO [2023-03-03 122138].wav,personal:2023,personal:2023/Leads,Other/none,,Synth One-Shot,0.645,,none,,,suggest,junk given a confident real class -- the binding product risk,Other/none / Foley / SFX / Percussion Loop / Drum Loop / Synth Loop / Not a sample / Unknown (write a note) / Not in this list (write it) / Not enough information / Corrupt / unusable / Taxonomy gap,,,,,,,,,1.1.0,1.0.0
rejection_boundary,/Volumes/Jack_Gandy_1TB_SSD/Samples 2021 ->/Sample Packs/Teddy Killerz/Producer Pack (1)/Samples/Bass 174 BPM Fm - 12.wav,Bass 174 BPM Fm - 12.wav,Teddy Killerz,Producer Pack (1),Other/none,,Bass Reese,0.557,Bass,high,,Bass,suggest,junk given a confident real class -- the binding product risk,Other/none / Foley / SFX / Percussion Loop / Drum Loop / Synth Loop / Not a sample / Unknown (write a note) / Not in this list (write it) / Not enough information / Corrupt / unusable / Taxonomy gap,,,,,,,,,1.1.0,1.0.0
rejection_boundary,/Volumes/Jack_Gandy_1TB_SSD/Samples 2021 ->/Sample Packs/Rosentricks - Essentials/Chords/RT_Chord_Piano_Moonwake_C_Major_Open.wav,RT_Chord_Piano_Moonwake_C_Major_Open.wav,Rosentricks - Essentials,Chords,Other/none,,Synth One-Shot,0.383,Chord,high,,,review,junk given a confident real class -- the binding product risk,Other/none / Foley / SFX / Percussion Loop / Drum Loop / Synth Loop / Not a sample / Unknown (write a note) / Not in this list (write it) / Not enough information / Corrupt / unusable / Taxonomy gap,,,,,,,,,1.1.0,1.0.0
rejection_boundary,/Volumes/Jack_Gandy_1TB_SSD/Samples 2021 ->/Sample Packs/Teddy Killerz/Producer Pack/Samples/Bass Dm 174 BPM - 10.wav,Bass Dm 174 BPM - 10.wav,Teddy Killerz,Producer Pack,Other/none,,Bass Reese,0.215,Bass,high,,Bass,review,junk given a confident real class -- the binding product risk,Other/none / Foley / SFX / Percussion Loop / Drum Loop / Synth Loop / Not a sample / Unknown (write a note) / Not in this list (write it) / Not enough information / Corrupt / unusable / Taxonomy gap,,,,,,,,,1.1.0,1.0.0
rejection_boundary,/Volumes/Jack_Gandy_1TB_SSD/Samples 2021 ->/2024/Instruments (C1)/Upright Piano (C1).wav,Upright Piano (C1).wav,personal:2024,personal:2024/Instruments (C1),Other/none,,Synth One-Shot,0.406,,none,,,review,junk given a confident real class -- the binding product risk,Other/none / Foley / SFX / Percussion Loop / Drum Loop / Synth Loop / Not a sample / Unknown (write a note) / Not in this list (write it) / Not enough information / Corrupt / unusable / Taxonomy gap,,,,,,,,,1.1.0,1.0.0
rejection_boundary,/Volumes/Jack_Gandy_1TB_SSD/Samples 2021 ->/Sample Packs/Tropical House By Singular Sounds/SS_tropical_house_pack/SS_melody_loops/SS_100_Bbm_i_see_thunder_plucks.wav,SS_100_Bbm_i_see_thunder_plucks.wav,Tropical House By Singular Sounds,SS_tropical_house_pack,Other/none,,Synth Loop,0.401,,none,,,review,junk given a confident real class -- the binding product risk,Other/none / Foley / SFX / Percussion Loop / Drum Loop / Synth Loop / Not a sample / Unknown (write a note) / Not in this list (write it) / Not enough information / Corrupt / unusable / Taxonomy gap,,,,,,,,,1.1.0,1.0.0
rejection_boundary,/Volumes/Jack_Gandy_1TB_SSD/Samples 2021 ->/Sample Packs/Rooftop Afterhours/Splice_Sounds_-_Rooftop_Afterhours/RA_KIT_5_119_Dm/16_RA_KIT_05_PAD_119_Dm.wav,16_RA_KIT_05_PAD_119_Dm.wav,Rooftop Afterhours,Splice_Sounds_-_Rooftop_Afterhours,Other/none,,Synth Loop,0.359,,none,,,review,junk given a confident real class -- the binding product risk,Other/none / Foley / SFX / Percussion Loop / Drum Loop / Synth Loop / Not a sample / Unknown (write a note) / Not in this list (write it) / Not enough information / Corrupt / unusable / Taxonomy gap,,,,,,,,,1.1.0,1.0.0
rejection_boundary,/Volumes/Jack_Gandy_1TB_SSD/Samples 2021 ->/2023/Cello Inputs (C1)/Cello BBC.wav,Cello BBC.wav,personal:2023,personal:2023/Cello Inputs (C1),Other/none,,Synth Loop,0.296,,none,,,review,junk given a confident real class -- the binding product risk,Other/none / Foley / SFX / Percussion Loop / Drum Loop / Synth Loop / Not a sample / Unknown (write a note) / Not in this list (write it) / Not enough information / Corrupt / unusable / Taxonomy gap,,,,,,,,,1.1.0,1.0.0
rejection_boundary,/Volumes/Jack_Gandy_1TB_SSD/Samples 2021 ->/Sample Packs/Gazzo Essentials Vol. 1/Gazzo_Essentials_Vol._1/Construction_Kit/Prog_House_Kit/GE_A#_128_Prog_House_SynthsPiano_Loop.wav,GE_A#_128_Prog_House_SynthsPiano_Loop.wav,Gazzo Essentials Vol. 1,Gazzo_Essentials_Vol._1,Other/none,,Synth Loop,0.396,Loop,high,,Loop,review,junk given a confident real class -- the binding product risk,Other/none / Foley / SFX / Percussion Loop / Drum Loop / Synth Loop / Not a sample / Unknown (write a note) / Not in this list (write it) / Not enough information / Corrupt / unusable / Taxonomy gap,,,,,,,,,1.1.0,1.0.0
rejection_boundary,/Volumes/Jack_Gandy_1TB_SSD/Samples 2021 ->/Sample Packs/Chill Synths/PL00402_ACID_WAV_Chill_Synths/Prime_Loops_-_Chill_Synths/Chill_Synths/Bpm90_em_Sirena.wav,Bpm90_em_Sirena.wav,Chill Synths,PL00402_ACID_WAV_Chill_Synths,Other/none,,Synth Loop,0.638,,none,,,suggest,junk given a confident real class -- the binding product risk,Other/none / Foley / SFX / Percussion Loop / Drum Loop / Synth Loop / Not a sample / Unknown (write a note) / Not in this list (write it) / Not enough information / Corrupt / unusable / Taxonomy gap,,,,,,,,,1.1.0,1.0.0
rejection_boundary,/Volumes/Jack_Gandy_1TB_SSD/Samples 2021 ->/Sample Packs/Planet Pop/PL0332_ACID_WAV_Planet_Pop/Prime_Loops_-_Planet_Pop/Synth_Chords/Bpm122_F#_StarStruck.wav,Bpm122_F#_StarStruck.wav,Planet Pop,PL0332_ACID_WAV_Planet_Pop,Other/none,,Synth Loop,0.242,,none,,,review,junk given a confident real class -- the binding product risk,Other/none / Foley / SFX / Percussion Loop / Drum Loop / Synth Loop / Not a sample / Unknown (write a note) / Not in this list (write it) / Not enough information / Corrupt / unusable / Taxonomy gap,,,,,,,,,1.1.0,1.0.0
rejection_boundary,/Volumes/Jack_Gandy_1TB_SSD/Samples 2021 ->/2024/Random/808_vocalLayer.wav,808_vocalLayer.wav,personal:2024,personal:2024/Random,Other/none,,Kick,0.352,808,medium,808,Bass,review,junk given a confident real class -- the binding product risk,Other/none / Foley / SFX / Percussion Loop / Drum Loop / Synth Loop / Not a sample / Unknown (write a note) / Not in this list (write it) / Not enough information / Corrupt / unusable / Taxonomy gap,,,,,,,,,1.1.0,1.0.0
rejection_boundary,/Volumes/Jack_Gandy_1TB_SSD/Samples 2021 ->/2024/Sub/Freeze 43-bIG sUB nOISE [2024-04-02 113135].wav,Freeze 43-bIG sUB nOISE [2024-04-02 113135].wav,personal:2024,personal:2024/Sub,Other/none,,Bass Reese,0.797,sUB,high,,Bass,suggest,junk given a confident real class -- the binding product risk,Other/none / Foley / SFX / Percussion Loop / Drum Loop / Synth Loop / Not a sample / Unknown (write a note) / Not in this list (write it) / Not enough information / Corrupt / unusable / Taxonomy gap,,,,,,,,,1.1.0,1.0.0
rejection_boundary,/Volumes/Jack_Gandy_1TB_SSD/Samples 2021 ->/Vocalist_Samples/Georgia/Loops/Keytar[89] Georgia Trademark.wav,Keytar[89] Georgia Trademark.wav,personal:Vocalist_Samples,personal:Vocalist_Samples/Georgia,Other/none,,Synth Loop,0.343,,none,,,review,junk given a confident real class -- the binding product risk,Other/none / Foley / SFX / Percussion Loop / Drum Loop / Synth Loop / Not a sample / Unknown (write a note) / Not in this list (write it) / Not enough information / Corrupt / unusable / Taxonomy gap,,,,,,,,,1.1.0,1.0.0
rejection_boundary,/Volumes/Jack_Gandy_1TB_SSD/Samples 2021 ->/Vocalist_Samples/Laurel Halo/Loops/Mallet[120] LH FourthyVibes.wav,Mallet[120] LH FourthyVibes.wav,personal:Vocalist_Samples,personal:Vocalist_Samples/Laurel Halo,Other/none,,Synth One-Shot,0.28,,none,,,review,junk given a confident real class -- the binding product risk,Other/none / Foley / SFX / Percussion Loop / Drum Loop / Synth Loop / Not a sample / Unknown (write a note) / Not in this list (write it) / Not enough information / Corrupt / unusable / Taxonomy gap,,,,,,,,,1.1.0,1.0.0
rejection_boundary,/Volumes/Jack_Gandy_1TB_SSD/Samples 2021 ->/Sample Packs/ZO2-THAI BREAKBEAT KIT VOL.1/Lead Loops/ZO2-THBK-LEAD-004.wav,ZO2-THBK-LEAD-004.wav,ZO2-THAI BREAKBEAT KIT VOL.1,Lead Loops,Other/none,,Vocal Loop,0.44,,none,,,review,junk given a confident real class -- the binding product risk,Other/none / Foley / SFX / Percussion Loop / Drum Loop / Synth Loop / Not a sample / Unknown (write a note) / Not in this list (write it) / Not enough information / Corrupt / unusable / Taxonomy gap,,,,,,,,,1.1.0,1.0.0
rejection_boundary,/Volumes/Jack_Gandy_1TB_SSD/Samples 2021 ->/Sample Packs/Production Music Live - Acoustic - Melodic House 4/Combo Loops/PMLxOT4_SV_Comboloop_006a_126BPM_Cmin.wav,PMLxOT4_SV_Comboloop_006a_126BPM_Cmin.wav,Production Music Live - Acoustic - Melodic House 4,Combo Loops,Other/none,,Synth Loop,0.37,,none,,,review,junk given a confident real class -- the binding product risk,Other/none / Foley / SFX / Percussion Loop / Drum Loop / Synth Loop / Not a sample / Unknown (write a note) / Not in this list (write it) / Not enough information / Corrupt / unusable / Taxonomy gap,,,,,,,,,1.1.0,1.0.0
rejection_boundary,/Volumes/Jack_Gandy_1TB_SSD/Samples 2021 ->/Sample Packs/IMANU/IMANU May 2024 Patreon Samples/Halo hook Aharmm.wav,Halo hook Aharmm.wav,IMANU,IMANU May 2024 Patreon Samples,Other/none,,Synth Loop,0.446,,none,,,review,junk given a confident real class -- the binding product risk,Other/none / Foley / SFX / Percussion Loop / Drum Loop / Synth Loop / Not a sample / Unknown (write a note) / Not in this list (write it) / Not enough information / Corrupt / unusable / Taxonomy gap,,,,,,,,,1.1.0,1.0.0
rejection_boundary,/Volumes/Jack_Gandy_1TB_SSD/Samples 2021 ->/Sample Packs/IMANU/IMANU Patreon August 2022 Samples/odd saw F#m.wav,odd saw F#m.wav,IMANU,IMANU Patreon August 2022 Samples,Other/none,,Synth Loop,0.306,,none,,,review,junk given a confident real class -- the binding product risk,Other/none / Foley / SFX / Percussion Loop / Drum Loop / Synth Loop / Not a sample / Unknown (write a note) / Not in this list (write it) / Not enough information / Corrupt / unusable / Taxonomy gap,,,,,,,,,1.1.0,1.0.0
rejection_boundary,/Volumes/Jack_Gandy_1TB_SSD/Samples 2021 ->/Sample Packs/IMANU/IMANU Patreon January 2023 Samples/weird reese Dm.wav,weird reese Dm.wav,IMANU,IMANU Patreon January 2023 Samples,Other/none,,SFX,0.378,reese,medium,Reese Bass,Bass,review,junk given a confident real class -- the binding product risk,Other/none / Foley / SFX / Percussion Loop / Drum Loop / Synth Loop / Not a sample / Unknown (write a note) / Not in this list (write it) / Not enough information / Corrupt / unusable / Taxonomy gap,,,,,,,,,1.1.0,1.0.0
rejection_boundary,/Volumes/Jack_Gandy_1TB_SSD/Samples 2021 ->/Sample Packs/IMANU/IMANU Patreon June 2024 Samples /Epic electro melody G#m but its a piano.wav,Epic electro melody G#m but its a piano.wav,IMANU,IMANU Patreon June 2024 Samples ,Other/none,,Synth Loop,0.459,,none,,,review,junk given a confident real class -- the binding product risk,Other/none / Foley / SFX / Percussion Loop / Drum Loop / Synth Loop / Not a sample / Unknown (write a note) / Not in this list (write it) / Not enough information / Corrupt / unusable / Taxonomy gap,,,,,,,,,1.1.0,1.0.0
rejection_boundary,/Volumes/Jack_Gandy_1TB_SSD/Samples 2021 ->/Sample Packs/IMANU/IMANU Patreon February 2023 Samples/harm more C#m.wav,harm more C#m.wav,IMANU,IMANU Patreon February 2023 Samples,Other/none,,Synth Loop,0.414,,none,,,review,junk given a confident real class -- the binding product risk,Other/none / Foley / SFX / Percussion Loop / Drum Loop / Synth Loop / Not a sample / Unknown (write a note) / Not in this list (write it) / Not enough information / Corrupt / unusable / Taxonomy gap,,,,,,,,,1.1.0,1.0.0
rejection_boundary,/Volumes/Jack_Gandy_1TB_SSD/Samples 2021 ->/Sample Packs/IMANU/IMANU Patreon January 2022 Samples/Breakthrough Piano F harmonic minor.wav,Breakthrough Piano F harmonic minor.wav,IMANU,IMANU Patreon January 2022 Samples,Other/none,,Synth Loop,0.571,,none,,,suggest,junk given a confident real class -- the binding product risk,Other/none / Foley / SFX / Percussion Loop / Drum Loop / Synth Loop / Not a sample / Unknown (write a note) / Not in this list (write it) / Not enough information / Corrupt / unusable / Taxonomy gap,,,,,,,,,1.1.0,1.0.0
rejection_boundary,/Volumes/Jack_Gandy_1TB_SSD/Samples 2021 ->/Sample Packs/IMANU/IMANU April 2024 Patreon Samples/zjump zjup D#.wav,zjump zjup D#.wav,IMANU,IMANU April 2024 Patreon Samples,Other/none,,Bass Reese,0.214,,none,,,review,junk given a confident real class -- the binding product risk,Other/none / Foley / SFX / Percussion Loop / Drum Loop / Synth Loop / Not a sample / Unknown (write a note) / Not in this list (write it) / Not enough information / Corrupt / unusable / Taxonomy gap,,,,,,,,,1.1.0,1.0.0
rejection_boundary,/Volumes/Jack_Gandy_1TB_SSD/Samples 2021 ->/Sample Packs/IMANU/IMANU Patreon June 2022 Samples/Dist Arp Gm.wav,Dist Arp Gm.wav,IMANU,IMANU Patreon June 2022 Samples,Other/none,,Bass Reese,0.362,,none,,,review,junk given a confident real class -- the binding product risk,Other/none / Foley / SFX / Percussion Loop / Drum Loop / Synth Loop / Not a sample / Unknown (write a note) / Not in this list (write it) / Not enough information / Corrupt / unusable / Taxonomy gap,,,,,,,,,1.1.0,1.0.0
rejection_boundary,/Volumes/Jack_Gandy_1TB_SSD/Samples 2021 ->/Sample Packs/IMANU/IMANU Patreon March 2022 Samples/Glide Lead C#m.wav,Glide Lead C#m.wav,IMANU,IMANU Patreon March 2022 Samples,Other/none,,SFX,0.242,,none,,,review,junk given a confident real class -- the binding product risk,Other/none / Foley / SFX / Percussion Loop / Drum Loop / Synth Loop / Not a sample / Unknown (write a note) / Not in this list (write it) / Not enough information / Corrupt / unusable / Taxonomy gap,,,,,,,,,1.1.0,1.0.0
rejection_boundary,/Volumes/Jack_Gandy_1TB_SSD/Samples 2021 ->/Sample Packs/Production Music Live - Acoustic - Melodic House 4/Sequences/PMLxOT4_POL_Sequence_Poseidon_Harp_001_120BPM_Emin.wav,PMLxOT4_POL_Sequence_Poseidon_Harp_001_120BPM_Emin.wav,Production Music Live - Acoustic - Melodic House 4,Sequences,Other/none,,Synth Loop,0.374,,none,,,review,junk given a confident real class -- the binding product risk,Other/none / Foley / SFX / Percussion Loop / Drum Loop / Synth Loop / Not a sample / Unknown (write a note) / Not in this list (write it) / Not enough information / Corrupt / unusable / Taxonomy gap,,,,,,,,,1.1.0,1.0.0
rejection_boundary,/Volumes/Jack_Gandy_1TB_SSD/Samples 2021 ->/Sample Packs/Production Music Live - Acoustic - Melodic House 4/Arpeggiator Loops/PMLxOT4_TE_Arp_Loop_001_122BPM_Dmin.wav,PMLxOT4_TE_Arp_Loop_001_122BPM_Dmin.wav,Production Music Live - Acoustic - Melodic House 4,Arpeggiator Loops,Other/none,,Synth Loop,0.461,Loop,high,,Loop,review,junk given a confident real class -- the binding product risk,Other/none / Foley / SFX / Percussion Loop / Drum Loop / Synth Loop / Not a sample / Unknown (write a note) / Not in this list (write it) / Not enough information / Corrupt / unusable / Taxonomy gap,,,,,,,,,1.1.0,1.0.0
low_conf_or_disagreement,/Volumes/Jack_Gandy_1TB_SSD/Samples 2021 ->/Sample Packs/SIIK Sounds - Eclipse (Full Pack)/SIIK Sounds Eclipse (Construction Kits & FLPs)/Kit 05 - Fmin (175BPM)/ECLIPSE Construction Kit 05 - FX.wav,ECLIPSE Construction Kit 05 - FX.wav,SIIK Sounds - Eclipse (Full Pack),SIIK Sounds Eclipse (Construction Kits & FLPs),Percussion Loop,,Hi-Hat,0.076,FX,medium,SFX,FX,review,classifier abstained -- is the review queue right?,Kick / Snare / Clap / Hi-Hat / Crash / Percussion / Percussion Loop / Drum Loop / Foley / Other/none / Unknown (write a note) / Not in this list (write it) / Not enough information / Corrupt / unusable / Taxonomy gap,,,,,,,,,1.1.0,1.0.0
low_conf_or_disagreement,/Volumes/Jack_Gandy_1TB_SSD/Samples 2021 ->/Vocalist_Samples/Richard Devine/Switch RD Modular.wav,Switch RD Modular.wav,personal:Vocalist_Samples,personal:Vocalist_Samples/Richard Devine,Foley,,Percussion,0.099,,none,,,review,classifier abstained -- is the review queue right?,Kick / Snare / Clap / Hi-Hat / Crash / Percussion / Percussion Loop / Drum Loop / Foley / Other/none / Unknown (write a note) / Not in this list (write it) / Not enough information / Corrupt / unusable / Taxonomy gap,,,,,,,,,1.1.0,1.0.0
low_conf_or_disagreement,/Volumes/Jack_Gandy_1TB_SSD/Samples 2021 ->/Sample Packs/SIIK Sounds - Eclipse (Full Pack)/SIIK Sounds Eclipse (Construction Kits & FLPs)/Kit 06 - Fmin (175BPM)/ECLIPSE Construction Kit 06 - FX.wav,ECLIPSE Construction Kit 06 - FX.wav,SIIK Sounds - Eclipse (Full Pack),SIIK Sounds Eclipse (Construction Kits & FLPs),Percussion Loop,,Foley,0.126,FX,medium,SFX,FX,review,classifier abstained -- is the review queue right?,Kick / Snare / Clap / Hi-Hat / Crash / Percussion / Percussion Loop / Drum Loop / Foley / Other/none / Unknown (write a note) / Not in this list (write it) / Not enough information / Corrupt / unusable / Taxonomy gap,,,,,,,,,1.1.0,1.0.0
low_conf_or_disagreement,/Volumes/Jack_Gandy_1TB_SSD/Samples 2021 ->/Vocalist_Samples/Georgia/Loops/SFX[92] Georgia Alhambra Rock.wav,SFX[92] Georgia Alhambra Rock.wav,personal:Vocalist_Samples,personal:Vocalist_Samples/Georgia,SFX,,SFX,0.132,SFX,medium,SFX,FX,review,classifier abstained -- is the review queue right?,Kick / Snare / Clap / Hi-Hat / Crash / Percussion / Percussion Loop / Drum Loop / Foley / Other/none / Unknown (write a note) / Not in this list (write it) / Not enough information / Corrupt / unusable / Taxonomy gap,,,,,,,,,1.1.0,1.0.0
low_conf_or_disagreement,/Volumes/Jack_Gandy_1TB_SSD/Samples 2021 ->/Sample Packs/Virtual Riot/Studio Time EP4 - Serum Hacks Files/Studio Time EP4 Project File/Samples/Processed/Reverse/X_Bamboo8 R.wav,X_Bamboo8 R.wav,Virtual Riot,Studio Time EP4 - Serum Hacks Files,SFX,,Rimshot,0.147,,none,,,review,classifier abstained -- is the review queue right?,Kick / Snare / Clap / Hi-Hat / Crash / Percussion / Percussion Loop / Drum Loop / Foley / Other/none / Unknown (write a note) / Not in this list (write it) / Not enough information / Corrupt / unusable / Taxonomy gap,,,,,,,,,1.1.0,1.0.0
low_conf_or_disagreement,/Volumes/Jack_Gandy_1TB_SSD/testing-for-NITE-DSP/sample_pack_testing/Sounds of KSHMR Vol.3/KSHMR_Drums/KSHMR_Kicks/KSHMR_Hardstyle_Kicks/KSHMR_Sickdellz_Kick_Ragnar_All_Keys/KSHMR_x_SD_Ragnar_Kick_E.wav,KSHMR_x_SD_Ragnar_Kick_E.wav,Sounds of KSHMR Vol.3,KSHMR_Drums,Kick,,Clap,0.148,Kick,low,Kick,Kick,review,classifier abstained -- is the review queue right?,Kick / Snare / Clap / Hi-Hat / Crash / Percussion / Percussion Loop / Drum Loop / Foley / Other/none / Unknown (write a note) / Not in this list (write it) / Not enough information / Corrupt / unusable / Taxonomy gap,,,,,,,,,1.1.0,1.0.0
low_conf_or_disagreement,/Volumes/Jack_Gandy_1TB_SSD/testing-for-NITE-DSP/sample_pack_testing/Sounds of KSHMR Vol.3/KSHMR_Drums_Loops/KSHMR_Drum_Loops_Full/KSHMR_Stadium_Loops/KSHMR_Stadium_Loop_07_130.wav,KSHMR_Stadium_Loop_07_130.wav,Sounds of KSHMR Vol.3,KSHMR_Drums_Loops,Foley Loop,,Other/none,0.152,Loop,high,,Loop,review,classifier abstained -- is the review queue right?,Kick / Snare / Clap / Hi-Hat / Crash / Percussion / Percussion Loop / Drum Loop / Foley / Other/none / Unknown (write a note) / Not in this list (write it) / Not enough information / Corrupt / unusable / Taxonomy gap,,,,,,,,,1.1.0,1.0.0
low_conf_or_disagreement,/Volumes/Jack_Gandy_1TB_SSD/Samples 2021 ->/Vocalist_Samples/Richard Devine/Wittle RD Modular.wav,Wittle RD Modular.wav,personal:Vocalist_Samples,personal:Vocalist_Samples/Richard Devine,SFX,,Foley,0.159,,none,,,review,classifier abstained -- is the review queue right?,Kick / Snare / Clap / Hi-Hat / Crash / Percussion / Percussion Loop / Drum Loop / Foley / Other/none / Unknown (write a note) / Not in this list (write it) / Not enough information / Corrupt / unusable / Taxonomy gap,,,,,,,,,1.1.0,1.0.0
low_conf_or_disagreement,/Volumes/Jack_Gandy_1TB_SSD/Samples 2021 ->/Sample Packs/Mike Shinoda Drums/MS BEATS/Bruiser Samples/RYGAR33.WAV,RYGAR33.WAV,Mike Shinoda Drums,MS BEATS,Other/none,,Bass Reese,0.165,,none,,,review,classifier abstained -- is the review queue right?,Kick / Snare / Clap / Hi-Hat / Crash / Percussion / Percussion Loop / Drum Loop / Foley / Other/none / Unknown (write a note) / Not in this list (write it) / Not enough information / Corrupt / unusable / Taxonomy gap,,,,,,,,,1.1.0,1.0.0
low_conf_or_disagreement,/Volumes/Jack_Gandy_1TB_SSD/testing-for-NITE-DSP/sample_pack_testing/Old Movies 1 - Vintage Collection (Drum Kit)/Snares/Snare 4.wav,Snare 4.wav,Old Movies 1 - Vintage Collection (Drum Kit),Snares,Snare,,Percussion,0.168,Snare,low,Snare,Snare,review,classifier abstained -- is the review queue right?,Kick / Snare / Clap / Hi-Hat / Crash / Percussion / Percussion Loop / Drum Loop / Foley / Other/none / Unknown (write a note) / Not in this list (write it) / Not enough information / Corrupt / unusable / Taxonomy gap,,,,,,,,,1.1.0,1.0.0
low_conf_or_disagreement,/Volumes/Jack_Gandy_1TB_SSD/Samples 2021 ->/Sound For Games/Grenade_Collision 28 [2025-05-28 134454].wav,Grenade_Collision 28 [2025-05-28 134454].wav,personal:Sound For Games,personal:Sound For Games/_loose,Foley,,Foley,0.173,,none,,,review,classifier abstained -- is the review queue right?,Kick / Snare / Clap / Hi-Hat / Crash / Percussion / Percussion Loop / Drum Loop / Foley / Other/none / Unknown (write a note) / Not in this list (write it) / Not enough information / Corrupt / unusable / Taxonomy gap,,,,,,,,,1.1.0,1.0.0
low_conf_or_disagreement,/Volumes/Jack_Gandy_1TB_SSD/Samples 2021 ->/Sample Packs/Foley Pack 02/Gas Pipe.wav,Gas Pipe.wav,Foley Pack 02,Foley Pack 02,SFX,,Synth One-Shot,0.174,,none,,,review,classifier abstained -- is the review queue right?,Kick / Snare / Clap / Hi-Hat / Crash / Percussion / Percussion Loop / Drum Loop / Foley / Other/none / Unknown (write a note) / Not in this list (write it) / Not enough information / Corrupt / unusable / Taxonomy gap,,,,,,,,,1.1.0,1.0.0
low_conf_or_disagreement,/Volumes/Jack_Gandy_1TB_SSD/Samples 2021 ->/Sample Packs/Flume Ultimate Community Kit/SFX/Glitches_and_stutters/ZAXCY_-_FX_Fill_-_Lathe.wav,ZAXCY_-_FX_Fill_-_Lathe.wav,Flume Ultimate Community Kit,SFX,SFX,,Other/none,0.174,FX,medium,SFX,FX,review,classifier abstained -- is the review queue right?,Kick / Snare / Clap / Hi-Hat / Crash / Percussion / Percussion Loop / Drum Loop / Foley / Other/none / Unknown (write a note) / Not in this list (write it) / Not enough information / Corrupt / unusable / Taxonomy gap,,,,,,,,,1.1.0,1.0.0
low_conf_or_disagreement,/Volumes/Jack_Gandy_1TB_SSD/Samples 2021 ->/Sample Packs/KRANE Samples/KRNE_SpliceSamplePack/Drums/Loops/KRNE_126_Summer_Perc.wav,KRNE_126_Summer_Perc.wav,KRANE Samples,KRNE_SpliceSamplePack,Percussion Loop,,Foley Loop,0.177,Perc,high,,Percussion,review,classifier abstained -- is the review queue right?,Kick / Snare / Clap / Hi-Hat / Crash / Percussion / Percussion Loop / Drum Loop / Foley / Other/none / Unknown (write a note) / Not in this list (write it) / Not enough information / Corrupt / unusable / Taxonomy gap,,,,,,,,,1.1.0,1.0.0
low_conf_or_disagreement,/Volumes/Jack_Gandy_1TB_SSD/Samples 2021 ->/2024/Virtual Riot/VR Color-Bass Tools (100% Ableton Stock)/Samples/Imported/B4-1.wav,B4-1.wav,personal:2024,personal:2024/Virtual Riot,Synth One-Shot,,Synth One-Shot,0.18,,none,,,review,classifier abstained -- is the review queue right?,Kick / Snare / Clap / Hi-Hat / Crash / Percussion / Percussion Loop / Drum Loop / Foley / Other/none / Unknown (write a note) / Not in this list (write it) / Not enough information / Corrupt / unusable / Taxonomy gap,,,,,,,,,1.1.0,1.0.0
low_conf_or_disagreement,/Volumes/Jack_Gandy_1TB_SSD/Samples 2021 ->/Sound For Games/Audio/Packs/PB - Footstep SFX/Footstep SFX/Leaves_Rustling.wav,Leaves_Rustling.wav,personal:Sound For Games,personal:Sound For Games/Audio,Foley Loop,,Foley Loop,0.182,,none,,,review,classifier abstained -- is the review queue right?,Kick / Snare / Clap / Hi-Hat / Crash / Percussion / Percussion Loop / Drum Loop / Foley / Other/none / Unknown (write a note) / Not in this list (write it) / Not enough information / Corrupt / unusable / Taxonomy gap,,,,,,,,,1.1.0,1.0.0
low_conf_or_disagreement,/Volumes/Jack_Gandy_1TB_SSD/Samples 2021 ->/2024/Cello/cello-sustained-dark-single-note_147bpm_C_major.wav,cello-sustained-dark-single-note_147bpm_C_major.wav,personal:2024,personal:2024/Cello,Other/none,,Other/none,0.183,,none,,,review,classifier abstained -- is the review queue right?,Kick / Snare / Clap / Hi-Hat / Crash / Percussion / Percussion Loop / Drum Loop / Foley / Other/none / Unknown (write a note) / Not in this list (write it) / Not enough information / Corrupt / unusable / Taxonomy gap,,,,,,,,,1.1.0,1.0.0
low_conf_or_disagreement,/Volumes/Jack_Gandy_1TB_SSD/testing-for-NITE-DSP/sample_pack_testing/Old Movies 1 - Vintage Collection (Drum Kit)/Percs/HHH_Jingle Reverb 1.wav,HHH_Jingle Reverb 1.wav,Old Movies 1 - Vintage Collection (Drum Kit),Percs,Foley,,Foley,0.187,,none,,,review,classifier abstained -- is the review queue right?,Kick / Snare / Clap / Hi-Hat / Crash / Percussion / Percussion Loop / Drum Loop / Foley / Other/none / Unknown (write a note) / Not in this list (write it) / Not enough information / Corrupt / unusable / Taxonomy gap,,,,,,,,,1.1.0,1.0.0
low_conf_or_disagreement,/Volumes/Jack_Gandy_1TB_SSD/testing-for-NITE-DSP/sample_pack_testing/Sounds of KSHMR Vol.3/KSHMR_Drums/KSHMR_Kicks/KSHMR_Hardstyle_Kicks/KSHMR_Sickdellz_Kick_Valkiria_All_Keys/KSHMR_x_SD_Valkiria_Kick_F#.wav,KSHMR_x_SD_Valkiria_Kick_F#.wav,Sounds of KSHMR Vol.3,KSHMR_Drums,Kick,,Percussion,0.187,Kick,low,Kick,Kick,review,classifier abstained -- is the review queue right?,Kick / Snare / Clap / Hi-Hat / Crash / Percussion / Percussion Loop / Drum Loop / Foley / Other/none / Unknown (write a note) / Not in this list (write it) / Not enough information / Corrupt / unusable / Taxonomy gap,,,,,,,,,1.1.0,1.0.0
low_conf_or_disagreement,/Volumes/Jack_Gandy_1TB_SSD/testing-for-NITE-DSP/sample_pack_testing/Capsun ProAudio - City Pop/Loops/Drum_Loops/Hihat/TCP_110_hihat_loop_ladies_night.wav,TCP_110_hihat_loop_ladies_night.wav,Capsun ProAudio - City Pop,Loops,Hi-Hat,,Percussion Loop,0.191,hihat|loop,high,,Hi-Hat|Loop,review,classifier abstained -- is the review queue right?,Kick / Snare / Clap / Hi-Hat / Crash / Percussion / Percussion Loop / Drum Loop / Foley / Other/none / Unknown (write a note) / Not in this list (write it) / Not enough information / Corrupt / unusable / Taxonomy gap,,,,,,,,,1.1.0,1.0.0
low_conf_or_disagreement,/Volumes/Jack_Gandy_1TB_SSD/testing-for-NITE-DSP/sample_pack_testing/Sounds of KSHMR Vol.3/KSHMR_Drums/KSHMR_Kicks/KSHMR_Hardstyle_Kicks/KSHMR_Sickdellz_Kick_Valkiria_All_Keys/KSHMR_x_SD_Valkiria_Kick_F.wav,KSHMR_x_SD_Valkiria_Kick_F.wav,Sounds of KSHMR Vol.3,KSHMR_Drums,Kick,,Foley,0.192,Kick,low,Kick,Kick,review,classifier abstained -- is the review queue right?,Kick / Snare / Clap / Hi-Hat / Crash / Percussion / Percussion Loop / Drum Loop / Foley / Other/none / Unknown (write a note) / Not in this list (write it) / Not enough information / Corrupt / unusable / Taxonomy gap,,,,,,,,,1.1.0,1.0.0
low_conf_or_disagreement,/Volumes/Jack_Gandy_1TB_SSD/Samples 2021 ->/Sample Packs/Teddy Killerz/Producer Pack/Samples/Bass Em 174 BPM - 1.wav,Bass Em 174 BPM - 1.wav,Teddy Killerz,Producer Pack,Other/none,,Bass Reese,0.193,Bass,high,,Bass,review,classifier abstained -- is the review queue right?,Kick / Snare / Clap / Hi-Hat / Crash / Percussion / Percussion Loop / Drum Loop / Foley / Other/none / Unknown (write a note) / Not in this list (write it) / Not enough information / Corrupt / unusable / Taxonomy gap,,,,,,,,,1.1.0,1.0.0
low_conf_or_disagreement,/Volumes/Jack_Gandy_1TB_SSD/Samples 2021 ->/Sample Packs/SIIK Sounds - Eclipse (Full Pack)/SIIK Sounds Eclipse (WAV Samples)/Drum Loops/Drum Loop Kits/ECLIPSE Drum Loop 13 174BPM - Snare.wav,ECLIPSE Drum Loop 13 174BPM - Snare.wav,SIIK Sounds - Eclipse (Full Pack),SIIK Sounds Eclipse (WAV Samples),Percussion Loop,,Drum Loop,0.195,Snare|Drum Loop|Loop,low,Drum Loop|Snare,Loop|Snare,review,classifier abstained -- is the review queue right?,Kick / Snare / Clap / Hi-Hat / Crash / Percussion / Percussion Loop / Drum Loop / Foley / Other/none / Unknown (write a note) / Not in this list (write it) / Not enough information / Corrupt / unusable / Taxonomy gap,,,,,,,,,1.1.0,1.0.0
low_conf_or_disagreement,/Volumes/Jack_Gandy_1TB_SSD/Samples 2021 ->/Sample Packs/Sounds of KSHMR Vol.3/KSHMR_VIP_Friends_of_KSHMR/MRBLACK/MRBLACK_Pluck_F#.wav,MRBLACK_Pluck_F#.wav,Sounds of KSHMR Vol.3,KSHMR_VIP_Friends_of_KSHMR,Synth Loop,,Synth One-Shot,0.197,,none,,,review,classifier abstained -- is the review queue right?,Kick / Snare / Clap / Hi-Hat / Crash / Percussion / Percussion Loop / Drum Loop / Foley / Other/none / Unknown (write a note) / Not in this list (write it) / Not enough information / Corrupt / unusable / Taxonomy gap,,,,,,,,,1.1.0,1.0.0
low_conf_or_disagreement,/Volumes/Jack_Gandy_1TB_SSD/testing-for-NITE-DSP/sample_pack_testing/Sounds of KSHMR Vol.3/KSHMR_Drums/KSHMR_Claps/KSHMR_Clap_FX/KSHMR_Clap_FX_10_Reverb_Clap_w_Flutter.wav,KSHMR_Clap_FX_10_Reverb_Clap_w_Flutter.wav,Sounds of KSHMR Vol.3,KSHMR_Drums,Clap,,SFX,0.197,Clap|FX,low,Clap|SFX,Clap|FX,review,classifier abstained -- is the review queue right?,Kick / Snare / Clap / Hi-Hat / Crash / Percussion / Percussion Loop / Drum Loop / Foley / Other/none / Unknown (write a note) / Not in this list (write it) / Not enough information / Corrupt / unusable / Taxonomy gap,,,,,,,,,1.1.0,1.0.0
low_conf_or_disagreement,/Volumes/Jack_Gandy_1TB_SSD/Samples 2021 ->/Sample Packs/Black Octopus Sound - Pure Analog Sweeps IV (2021)/C/Diamaudix_Audio_PAS_IV_Sweep_FX_C_01.wav,Diamaudix_Audio_PAS_IV_Sweep_FX_C_01.wav,Black Octopus Sound - Pure Analog Sweeps IV (2021),C,SFX,,Other/none,0.197,FX,medium,SFX,FX,review,classifier abstained -- is the review queue right?,Kick / Snare / Clap / Hi-Hat / Crash / Percussion / Percussion Loop / Drum Loop / Foley / Other/none / Unknown (write a note) / Not in this list (write it) / Not enough information / Corrupt / unusable / Taxonomy gap,,,,,,,,,1.1.0,1.0.0
low_conf_or_disagreement,/Volumes/Jack_Gandy_1TB_SSD/Samples 2021 ->/Sample Packs/Teddy Killerz/Producer Pack/Samples/Bass D#m 174 BPM - 6.wav,Bass D#m 174 BPM - 6.wav,Teddy Killerz,Producer Pack,Synth Loop,,Other/none,0.198,Bass,high,,Bass,review,classifier abstained -- is the review queue right?,Kick / Snare / Clap / Hi-Hat / Crash / Percussion / Percussion Loop / Drum Loop / Foley / Other/none / Unknown (write a note) / Not in this list (write it) / Not enough information / Corrupt / unusable / Taxonomy gap,,,,,,,,,1.1.0,1.0.0
low_conf_or_disagreement,/Volumes/Jack_Gandy_1TB_SSD/testing-for-NITE-DSP/sample_pack_testing/Mike Shinoda Drums/MPC 1000 Backup/NewFinishesA/EPMDCLAP.wav,EPMDCLAP.wav,Mike Shinoda Drums,MPC 1000 Backup,Crash,,Snare,0.198,,none,,,review,classifier abstained -- is the review queue right?,Kick / Snare / Clap / Hi-Hat / Crash / Percussion / Percussion Loop / Drum Loop / Foley / Other/none / Unknown (write a note) / Not in this list (write it) / Not enough information / Corrupt / unusable / Taxonomy gap,,,,,,,,,1.1.0,1.0.0
low_conf_or_disagreement,/Volumes/Jack_Gandy_1TB_SSD/testing-for-NITE-DSP/sample_pack_testing/Organic Electronics 2 J.Views/JVIEWS_countryside/JVIEWS_countryside_loops/JVIEWS_hollow_tree_reflections_85.wav,JVIEWS_hollow_tree_reflections_85.wav,Organic Electronics 2 J.Views,JVIEWS_countryside,Foley Loop,,Other/none,0.2,,none,,,review,classifier abstained -- is the review queue right?,Kick / Snare / Clap / Hi-Hat / Crash / Percussion / Percussion Loop / Drum Loop / Foley / Other/none / Unknown (write a note) / Not in this list (write it) / Not enough information / Corrupt / unusable / Taxonomy gap,,,,,,,,,1.1.0,1.0.0
low_conf_or_disagreement,/Volumes/Jack_Gandy_1TB_SSD/Samples 2021 ->/Sample Packs/Virtual Riot/PATREON GOODIES/Virtual Riot Bass Hits 2/F_Sicko28.wav,F_Sicko28.wav,Virtual Riot,PATREON GOODIES,Other/none,,Snare,0.202,,none,,,review,classifier abstained -- is the review queue right?,Kick / Snare / Clap / Hi-Hat / Crash / Percussion / Percussion Loop / Drum Loop / Foley / Other/none / Unknown (write a note) / Not in this list (write it) / Not enough information / Corrupt / unusable / Taxonomy gap,,,,,,,,,1.1.0,1.0.0
low_conf_or_disagreement,/Volumes/Jack_Gandy_1TB_SSD/testing-for-NITE-DSP/sample_pack_testing/Sounds of KSHMR Vol.3/KSHMR_Drums/KSHMR_Kicks/KSHMR_Hardstyle_Kicks/KSHMR_Sickdellz_Kick_Ragnar_All_Keys/KSHMR_x_SD_Ragnar_Kick_G.wav,KSHMR_x_SD_Ragnar_Kick_G.wav,Sounds of KSHMR Vol.3,KSHMR_Drums,Kick,,Snare,0.202,Kick,low,Kick,Kick,review,classifier abstained -- is the review queue right?,Kick / Snare / Clap / Hi-Hat / Crash / Percussion / Percussion Loop / Drum Loop / Foley / Other/none / Unknown (write a note) / Not in this list (write it) / Not enough information / Corrupt / unusable / Taxonomy gap,,,,,,,,,1.1.0,1.0.0
low_conf_or_disagreement,/Volumes/Jack_Gandy_1TB_SSD/testing-for-NITE-DSP/sample_pack_testing/Sounds of KSHMR Vol.3/KSHMR_Drums/KSHMR_Kicks/KSHMR_Hardstyle_Kicks/KSHMR_Sickdellz_Kick_Valkiria_All_Keys/KSHMR_x_SD_Valkiria_Kick_G#.wav,KSHMR_x_SD_Valkiria_Kick_G#.wav,Sounds of KSHMR Vol.3,KSHMR_Drums,Kick,,Clap,0.202,Kick,low,Kick,Kick,review,classifier abstained -- is the review queue right?,Kick / Snare / Clap / Hi-Hat / Crash / Percussion / Percussion Loop / Drum Loop / Foley / Other/none / Unknown (write a note) / Not in this list (write it) / Not enough information / Corrupt / unusable / Taxonomy gap,,,,,,,,,1.1.0,1.0.0
low_conf_or_disagreement,/Volumes/Jack_Gandy_1TB_SSD/Samples 2021 ->/Sample Packs/IMANU/IMANU Patreon January 2023 Samples/prince of persia arp Fharmm.wav,prince of persia arp Fharmm.wav,IMANU,IMANU Patreon January 2023 Samples,Synth Loop,,Synth One-Shot,0.202,,none,,,review,classifier abstained -- is the review queue right?,Kick / Snare / Clap / Hi-Hat / Crash / Percussion / Percussion Loop / Drum Loop / Foley / Other/none / Unknown (write a note) / Not in this list (write it) / Not enough information / Corrupt / unusable / Taxonomy gap,,,,,,,,,1.1.0,1.0.0
low_conf_or_disagreement,/Volumes/Jack_Gandy_1TB_SSD/Samples 2021 ->/Sample Packs/MGF Mega Pack/Misc + Found Sound/Household Percussion April 2016/HOUSEHOLD_242.wav,HOUSEHOLD_242.wav,MGF Mega Pack,Misc + Found Sound,Foley,,Foley,0.203,,none,,,review,classifier abstained -- is the review queue right?,Kick / Snare / Clap / Hi-Hat / Crash / Percussion / Percussion Loop / Drum Loop / Foley / Other/none / Unknown (write a note) / Not in this list (write it) / Not enough information / Corrupt / unusable / Taxonomy gap,,,,,,,,,1.1.0,1.0.0
low_conf_or_disagreement,/Volumes/Jack_Gandy_1TB_SSD/testing-for-NITE-DSP/sample_pack_testing/Sounds of KSHMR Vol.3/KSHMR_Drums_Loops/KSHMR_Drum_Loops_Full/KSHMR_Break_Beat_Loops/KSHMR_Break_Beat_Loop_10_152.wav,KSHMR_Break_Beat_Loop_10_152.wav,Sounds of KSHMR Vol.3,KSHMR_Drums_Loops,Drum Loop,,Foley Loop,0.204,Break|Loop,high,,Loop,review,classifier abstained -- is the review queue right?,Kick / Snare / Clap / Hi-Hat / Crash / Percussion / Percussion Loop / Drum Loop / Foley / Other/none / Unknown (write a note) / Not in this list (write it) / Not enough information / Corrupt / unusable / Taxonomy gap,,,,,,,,,1.1.0,1.0.0
low_conf_or_disagreement,/Volumes/Jack_Gandy_1TB_SSD/Samples 2021 ->/2022/Neuro/Bassline bass.wav,Bassline bass.wav,personal:2022,personal:2022/Neuro,Other/none,,SFX,0.205,bass,high,,Bass,review,classifier abstained -- is the review queue right?,Kick / Snare / Clap / Hi-Hat / Crash / Percussion / Percussion Loop / Drum Loop / Foley / Other/none / Unknown (write a note) / Not in this list (write it) / Not enough information / Corrupt / unusable / Taxonomy gap,,,,,,,,,1.1.0,1.0.0
low_conf_or_disagreement,/Volumes/Jack_Gandy_1TB_SSD/Samples 2021 ->/Sample Packs/Sounds of KSHMR Vol.3/KSHMR_Drums_Loops/KSHMR_Drum_Loops_Full/KSHMR_Stadium_Loops/KSHMR_Stadium_Loop_03_128.wav,KSHMR_Stadium_Loop_03_128.wav,Sounds of KSHMR Vol.3,KSHMR_Drums_Loops,Vocal Loop,,Foley Loop,0.206,Loop,high,,Loop,review,classifier abstained -- is the review queue right?,Kick / Snare / Clap / Hi-Hat / Crash / Percussion / Percussion Loop / Drum Loop / Foley / Other/none / Unknown (write a note) / Not in this list (write it) / Not enough information / Corrupt / unusable / Taxonomy gap,,,,,,,,,1.1.0,1.0.0
low_conf_or_disagreement,/Volumes/Jack_Gandy_1TB_SSD/Samples 2021 ->/Sample Packs/SIIK Sounds - Eclipse (Full Pack)/SIIK Sounds Eclipse (Serum Presets)/Noises/User/SIIK Sounds Eclipse - Noises/Vinyl.wav,Vinyl.wav,SIIK Sounds - Eclipse (Full Pack),SIIK Sounds Eclipse (Serum Presets),SFX,,Bass Reese,0.208,,none,,,review,classifier abstained -- is the review queue right?,Kick / Snare / Clap / Hi-Hat / Crash / Percussion / Percussion Loop / Drum Loop / Foley / Other/none / Unknown (write a note) / Not in this list (write it) / Not enough information / Corrupt / unusable / Taxonomy gap,,,,,,,,,1.1.0,1.0.0
low_conf_or_disagreement,/Volumes/Jack_Gandy_1TB_SSD/testing-for-NITE-DSP/sample_pack_testing/Old Movies 1 - Vintage Collection (Drum Kit)/Noise & Texture (Old Movies)/ACR_Noise Foley.wav,ACR_Noise Foley.wav,Old Movies 1 - Vintage Collection (Drum Kit),Noise & Texture (Old Movies),Foley,,Foley Loop,0.208,Foley,medium,Foley,Foley,review,classifier abstained -- is the review queue right?,Kick / Snare / Clap / Hi-Hat / Crash / Percussion / Percussion Loop / Drum Loop / Foley / Other/none / Unknown (write a note) / Not in this list (write it) / Not enough information / Corrupt / unusable / Taxonomy gap,,,,,,,,,1.1.0,1.0.0
low_conf_or_disagreement,/Volumes/Jack_Gandy_1TB_SSD/Samples 2021 ->/Sample Packs/Black Octopus Sound - Pure Analog Sweeps IV (2021)/G#/Diamaudix_Audio_PAS_IV_Sweep_FX_Ab_01.wav,Diamaudix_Audio_PAS_IV_Sweep_FX_Ab_01.wav,Black Octopus Sound - Pure Analog Sweeps IV (2021),G#,SFX,,SFX,0.214,FX,medium,SFX,FX,review,classifier abstained -- is the review queue right?,Kick / Snare / Clap / Hi-Hat / Crash / Percussion / Percussion Loop / Drum Loop / Foley / Other/none / Unknown (write a note) / Not in this list (write it) / Not enough information / Corrupt / unusable / Taxonomy gap,,,,,,,,,1.1.0,1.0.0
low_conf_or_disagreement,/Volumes/Jack_Gandy_1TB_SSD/testing-for-NITE-DSP/sample_pack_testing/MGF Mega Pack/Misc + Found Sound/Button Bash/Percussive/MGF_BB2_PERC_12.wav,MGF_BB2_PERC_12.wav,MGF Mega Pack,Misc + Found Sound,Percussion,Other Percussive Hit,Rimshot,0.215,PERC,high,,Percussion,review,classifier abstained -- is the review queue right?,Kick / Snare / Clap / Hi-Hat / Crash / Percussion / Percussion Loop / Drum Loop / Foley / Other/none / Unknown (write a note) / Not in this list (write it) / Not enough information / Corrupt / unusable / Taxonomy gap,,,,,,,,,1.1.0,1.0.0
low_conf_or_disagreement,/Volumes/Jack_Gandy_1TB_SSD/Samples 2021 ->/Sample Packs/Black Octopus Sound - Pure Analog Sweeps IV (2021)/B/Diamaudix_Audio_PAS_IV_Sweep_FX_B16.wav,Diamaudix_Audio_PAS_IV_Sweep_FX_B16.wav,Black Octopus Sound - Pure Analog Sweeps IV (2021),B,SFX,,Synth One-Shot,0.217,FX,medium,SFX,FX,review,classifier abstained -- is the review queue right?,Kick / Snare / Clap / Hi-Hat / Crash / Percussion / Percussion Loop / Drum Loop / Foley / Other/none / Unknown (write a note) / Not in this list (write it) / Not enough information / Corrupt / unusable / Taxonomy gap,,,,,,,,,1.1.0,1.0.0
low_conf_or_disagreement,/Volumes/Jack_Gandy_1TB_SSD/testing-for-NITE-DSP/sample_pack_testing/Organic Electronics 2 J.Views/JVIEWS_city/JVIEWS_city_loops/JVIEWS_clock_shop_thick_110.wav,JVIEWS_clock_shop_thick_110.wav,Organic Electronics 2 J.Views,JVIEWS_city,Foley Loop,,Drum Loop,0.22,,none,,,review,classifier abstained -- is the review queue right?,Kick / Snare / Clap / Hi-Hat / Crash / Percussion / Percussion Loop / Drum Loop / Foley / Other/none / Unknown (write a note) / Not in this list (write it) / Not enough information / Corrupt / unusable / Taxonomy gap,,,,,,,,,1.1.0,1.0.0
low_conf_or_disagreement,/Volumes/Jack_Gandy_1TB_SSD/Samples 2021 ->/2023/Effects/Drum Crunch.wav,Drum Crunch.wav,personal:2023,personal:2023/Effects,SFX,,Foley Loop,0.22,,none,,,review,classifier abstained -- is the review queue right?,Kick / Snare / Clap / Hi-Hat / Crash / Percussion / Percussion Loop / Drum Loop / Foley / Other/none / Unknown (write a note) / Not in this list (write it) / Not enough information / Corrupt / unusable / Taxonomy gap,,,,,,,,,1.1.0,1.0.0
low_conf_or_disagreement,/Volumes/Jack_Gandy_1TB_SSD/testing-for-NITE-DSP/sample_pack_testing/Sounds of KSHMR Vol.3/KSHMR_Drums/KSHMR_Drum_Enhancers/KSHMR_Snare_Enhancer_20_Knock.wav,KSHMR_Snare_Enhancer_20_Knock.wav,Sounds of KSHMR Vol.3,KSHMR_Drums,Snare,,Rimshot,0.226,Snare,low,Snare,Snare,review,classifier abstained -- is the review queue right?,Kick / Snare / Clap / Hi-Hat / Crash / Percussion / Percussion Loop / Drum Loop / Foley / Other/none / Unknown (write a note) / Not in this list (write it) / Not enough information / Corrupt / unusable / Taxonomy gap,,,,,,,,,1.1.0,1.0.0
low_conf_or_disagreement,/Volumes/Jack_Gandy_1TB_SSD/Samples 2021 ->/Sample Packs/Organic Electronics 2 J.Views/JVIEWS_studio/JVIEWS_studio_one_shots/JVIEWS_tight_snare_tambourine.wav,JVIEWS_tight_snare_tambourine.wav,Organic Electronics 2 J.Views,JVIEWS_studio,Snare,,Percussion,0.227,snare|tambourine,low,Snare,Percussion|Snare,review,classifier abstained -- is the review queue right?,Kick / Snare / Clap / Hi-Hat / Crash / Percussion / Percussion Loop / Drum Loop / Foley / Other/none / Unknown (write a note) / Not in this list (write it) / Not enough information / Corrupt / unusable / Taxonomy gap,,,,,,,,,1.1.0,1.0.0
low_conf_or_disagreement,/Volumes/Jack_Gandy_1TB_SSD/Samples 2021 ->/Sample Packs/Sounds of KSHMR Vol.3/KSHMR_Drums/KSHMR_Kicks/KSHMR_Hardstyle_Kicks/KSHMR_Sickdellz_Kick_Valkiria_All_Keys/KSHMR_x_SD_Valkiria_Kick_D#.wav,KSHMR_x_SD_Valkiria_Kick_D#.wav,Sounds of KSHMR Vol.3,KSHMR_Drums,Kick,,Clap,0.229,Kick,low,Kick,Kick,review,classifier abstained -- is the review queue right?,Kick / Snare / Clap / Hi-Hat / Crash / Percussion / Percussion Loop / Drum Loop / Foley / Other/none / Unknown (write a note) / Not in this list (write it) / Not enough information / Corrupt / unusable / Taxonomy gap,,,,,,,,,1.1.0,1.0.0
low_conf_or_disagreement,/Volumes/Jack_Gandy_1TB_SSD/Samples 2021 ->/2024/Kieran/Kieran Cello C1.wav,Kieran Cello C1.wav,personal:2024,personal:2024/Kieran,Other/none,,Other/none,0.231,,none,,,review,classifier abstained -- is the review queue right?,Kick / Snare / Clap / Hi-Hat / Crash / Percussion / Percussion Loop / Drum Loop / Foley / Other/none / Unknown (write a note) / Not in this list (write it) / Not enough information / Corrupt / unusable / Taxonomy gap,,,,,,,,,1.1.0,1.0.0
low_conf_or_disagreement,/Volumes/Jack_Gandy_1TB_SSD/Samples 2021 ->/Sample Packs/Production Music Live - Ben Böhmer - Sound Pack/Ableton Templates/PML - Balloon - Melodic Deep Template (Ben Style) Project/Samples/Processed/Reverse/Intro Hit [2020-03-03 131102] R.wav,Intro Hit [2020-03-03 131102] R.wav,Production Music Live - Ben Böhmer - Sound Pack,Ableton Templates,SFX,,SFX,0.231,Hit,high,,,review,classifier abstained -- is the review queue right?,Kick / Snare / Clap / Hi-Hat / Crash / Percussion / Percussion Loop / Drum Loop / Foley / Other/none / Unknown (write a note) / Not in this list (write it) / Not enough information / Corrupt / unusable / Taxonomy gap,,,,,,,,,1.1.0,1.0.0
low_conf_or_disagreement,/Volumes/Jack_Gandy_1TB_SSD/testing-for-NITE-DSP/sample_pack_testing/Organic Electronics 2 J.Views/JVIEWS_desert/JVIEWS_desert_one_shots/JVIEWS_snare_thru_mountain_02.wav,JVIEWS_snare_thru_mountain_02.wav,Organic Electronics 2 J.Views,JVIEWS_desert,Snare,,Rimshot,0.232,snare,low,Snare,Snare,review,classifier abstained -- is the review queue right?,Kick / Snare / Clap / Hi-Hat / Crash / Percussion / Percussion Loop / Drum Loop / Foley / Other/none / Unknown (write a note) / Not in this list (write it) / Not enough information / Corrupt / unusable / Taxonomy gap,,,,,,,,,1.1.0,1.0.0
low_conf_or_disagreement,/Volumes/Jack_Gandy_1TB_SSD/Samples 2021 ->/2024/F1 Hard Rock.wav,F1 Hard Rock.wav,personal:2024,personal:2024/_loose,Other/none,,Other/none,0.239,,none,,,review,classifier abstained -- is the review queue right?,Kick / Snare / Clap / Hi-Hat / Crash / Percussion / Percussion Loop / Drum Loop / Foley / Other/none / Unknown (write a note) / Not in this list (write it) / Not enough information / Corrupt / unusable / Taxonomy gap,,,,,,,,,1.1.0,1.0.0
low_conf_or_disagreement,/Volumes/Jack_Gandy_1TB_SSD/Samples 2021 ->/Sample Packs/Sounds by MdL V1/Sounds_by_MdL_Volume_1/Drum_Loops/Percussion_Loops/MdL_82_percussion_loop_paperhearts.wav,MdL_82_percussion_loop_paperhearts.wav,Sounds by MdL V1,Sounds_by_MdL_Volume_1,Percussion Loop,,Vocal Loop,0.239,percussion|loop,high,,Loop|Percussion,review,classifier abstained -- is the review queue right?,Kick / Snare / Clap / Hi-Hat / Crash / Percussion / Percussion Loop / Drum Loop / Foley / Other/none / Unknown (write a note) / Not in this list (write it) / Not enough information / Corrupt / unusable / Taxonomy gap,,,,,,,,,1.1.0,1.0.0
low_conf_or_disagreement,/Volumes/Jack_Gandy_1TB_SSD/Samples 2021 ->/Sample Packs/Production Music Live - Acoustic - Melodic House 4/Sequences/PMLxOT4_POL_Sequence_5th_horny_Horns_120BPM_Emin.wav,PMLxOT4_POL_Sequence_5th_horny_Horns_120BPM_Emin.wav,Production Music Live - Acoustic - Melodic House 4,Sequences,Synth Loop,,Synth Loop,0.24,,none,,,review,classifier abstained -- is the review queue right?,Kick / Snare / Clap / Hi-Hat / Crash / Percussion / Percussion Loop / Drum Loop / Foley / Other/none / Unknown (write a note) / Not in this list (write it) / Not enough information / Corrupt / unusable / Taxonomy gap,,,,,,,,,1.1.0,1.0.0
low_conf_or_disagreement,/Volumes/Jack_Gandy_1TB_SSD/Samples 2021 ->/2022/Loops/Aminor Vocal Loop riff.wav,Aminor Vocal Loop riff.wav,personal:2022,personal:2022/Loops,Vocal Loop,,SFX,0.241,Loop|Vocal,high,,Loop|Vocal,review,classifier abstained -- is the review queue right?,Kick / Snare / Clap / Hi-Hat / Crash / Percussion / Percussion Loop / Drum Loop / Foley / Other/none / Unknown (write a note) / Not in this list (write it) / Not enough information / Corrupt / unusable / Taxonomy gap,,,,,,,,,1.1.0,1.0.0
low_conf_or_disagreement,/Volumes/Jack_Gandy_1TB_SSD/testing-for-NITE-DSP/sample_pack_testing/Organic Electronics 2 J.Views/JVIEWS_desert/JVIEWS_desert_one_shots/JVIEWS_crackle_snare.wav,JVIEWS_crackle_snare.wav,Organic Electronics 2 J.Views,JVIEWS_desert,Snare,,Snare,0.243,snare,low,Snare,Snare,review,classifier abstained -- is the review queue right?,Kick / Snare / Clap / Hi-Hat / Crash / Percussion / Percussion Loop / Drum Loop / Foley / Other/none / Unknown (write a note) / Not in this list (write it) / Not enough information / Corrupt / unusable / Taxonomy gap,,,,,,,,,1.1.0,1.0.0
low_conf_or_disagreement,/Volumes/Jack_Gandy_1TB_SSD/Samples 2021 ->/Sample Packs/Flume Ultimate Community Kit/Melodics/One Shots/NADRISK_SYNTH_G_2.wav,NADRISK_SYNTH_G_2.wav,Flume Ultimate Community Kit,Melodics,Synth One-Shot,,Synth One-Shot,0.243,,none,,,review,classifier abstained -- is the review queue right?,Kick / Snare / Clap / Hi-Hat / Crash / Percussion / Percussion Loop / Drum Loop / Foley / Other/none / Unknown (write a note) / Not in this list (write it) / Not enough information / Corrupt / unusable / Taxonomy gap,,,,,,,,,1.1.0,1.0.0
low_conf_or_disagreement,/Volumes/Jack_Gandy_1TB_SSD/Samples 2021 ->/Sample Packs/Future Trap/PL0414_ACID_WAV_Future_Trap/Prime_Loops_-_Future_Trap/Synth_Loops/Bpm140_C#_GhostShell02_Synth.wav,Bpm140_C#_GhostShell02_Synth.wav,Future Trap,PL0414_ACID_WAV_Future_Trap,Synth Loop,,Synth Loop,0.243,,none,,,review,classifier abstained -- is the review queue right?,Kick / Snare / Clap / Hi-Hat / Crash / Percussion / Percussion Loop / Drum Loop / Foley / Other/none / Unknown (write a note) / Not in this list (write it) / Not enough information / Corrupt / unusable / Taxonomy gap,,,,,,,,,1.1.0,1.0.0
low_conf_or_disagreement,/Volumes/Jack_Gandy_1TB_SSD/Samples 2021 ->/2022/Resample Phrases/G minor Shallou p2.wav,G minor Shallou p2.wav,personal:2022,personal:2022/Resample Phrases,Synth Loop,,Synth Loop,0.244,,none,,,review,classifier abstained -- is the review queue right?,Kick / Snare / Clap / Hi-Hat / Crash / Percussion / Percussion Loop / Drum Loop / Foley / Other/none / Unknown (write a note) / Not in this list (write it) / Not enough information / Corrupt / unusable / Taxonomy gap,,,,,,,,,1.1.0,1.0.0
low_conf_or_disagreement,/Volumes/Jack_Gandy_1TB_SSD/Samples 2021 ->/Sample Packs/Future Bass Elements/PL0420_ACID_WAV_Future_Bass_Elements/Prime_Loops_-_Future_Bass_Elements/Synth_Loops/Bpm150_C_VoxMelody01_Synth.wav,Bpm150_C_VoxMelody01_Synth.wav,Future Bass Elements,PL0420_ACID_WAV_Future_Bass_Elements,Vocal Loop,,Synth Loop,0.244,,none,,,review,classifier abstained -- is the review queue right?,Kick / Snare / Clap / Hi-Hat / Crash / Percussion / Percussion Loop / Drum Loop / Foley / Other/none / Unknown (write a note) / Not in this list (write it) / Not enough information / Corrupt / unusable / Taxonomy gap,,,,,,,,,1.1.0,1.0.0
low_conf_or_disagreement,/Volumes/Jack_Gandy_1TB_SSD/Samples 2021 ->/2023/Chord Stabs/Supermassive Sine (C).wav,Supermassive Sine (C).wav,personal:2023,personal:2023/Chord Stabs,Synth One-Shot,,Synth Loop,0.245,,none,,,review,classifier abstained -- is the review queue right?,Kick / Snare / Clap / Hi-Hat / Crash / Percussion / Percussion Loop / Drum Loop / Foley / Other/none / Unknown (write a note) / Not in this list (write it) / Not enough information / Corrupt / unusable / Taxonomy gap,,,,,,,,,1.1.0,1.0.0
low_conf_or_disagreement,/Volumes/Jack_Gandy_1TB_SSD/Samples 2021 ->/2024/Burial Samples/BURIED_130_Vocals3_4bars-130BPM-B minor-BANDLAB.wav,BURIED_130_Vocals3_4bars-130BPM-B minor-BANDLAB.wav,personal:2024,personal:2024/Burial Samples,Vocal Loop,,Synth One-Shot,0.246,,none,,,review,classifier abstained -- is the review queue right?,Kick / Snare / Clap / Hi-Hat / Crash / Percussion / Percussion Loop / Drum Loop / Foley / Other/none / Unknown (write a note) / Not in this list (write it) / Not enough information / Corrupt / unusable / Taxonomy gap,,,,,,,,,1.1.0,1.0.0
low_conf_or_disagreement,/Volumes/Jack_Gandy_1TB_SSD/Samples 2021 ->/Sample Packs/Old Movies 1 - Vintage Collection (Drum Kit)/Foley & Percussion (Old Movies)/Foley Noise 3.wav,Foley Noise 3.wav,Old Movies 1 - Vintage Collection (Drum Kit),Foley & Percussion (Old Movies),Foley,,Foley Loop,0.246,Foley,medium,Foley,Foley,review,classifier abstained -- is the review queue right?,Kick / Snare / Clap / Hi-Hat / Crash / Percussion / Percussion Loop / Drum Loop / Foley / Other/none / Unknown (write a note) / Not in this list (write it) / Not enough information / Corrupt / unusable / Taxonomy gap,,,,,,,,,1.1.0,1.0.0
low_conf_or_disagreement,/Volumes/Jack_Gandy_1TB_SSD/Samples 2021 ->/Sample Packs/Mike Shinoda Drums/MPC 1000 Backup/neptunes/shaker GDS.wav,shaker GDS.wav,Mike Shinoda Drums,MPC 1000 Backup,Hi-Hat,,Clap,0.247,shaker,high,,Percussion,review,classifier abstained -- is the review queue right?,Kick / Snare / Clap / Hi-Hat / Crash / Percussion / Percussion Loop / Drum Loop / Foley / Other/none / Unknown (write a note) / Not in this list (write it) / Not enough information / Corrupt / unusable / Taxonomy gap,,,,,,,,,1.1.0,1.0.0
low_conf_or_disagreement,/Volumes/Jack_Gandy_1TB_SSD/testing-for-NITE-DSP/sample_pack_testing/Sounds of KSHMR Vol.3/KSHMR_Drums_Loops/KSHMR_Drum_Loops_Solo/KSHMR_Shaker_Loops/KSHMR_Shaker_Loop_17_128.wav,KSHMR_Shaker_Loop_17_128.wav,Sounds of KSHMR Vol.3,KSHMR_Drums_Loops,Percussion Loop,,Percussion Loop,0.248,Shaker|Loop,high,,Loop|Percussion,review,classifier abstained -- is the review queue right?,Kick / Snare / Clap / Hi-Hat / Crash / Percussion / Percussion Loop / Drum Loop / Foley / Other/none / Unknown (write a note) / Not in this list (write it) / Not enough information / Corrupt / unusable / Taxonomy gap,,,,,,,,,1.1.0,1.0.0
low_conf_or_disagreement,/Volumes/Jack_Gandy_1TB_SSD/Samples 2021 ->/Ableton Sampler/Hammond L102 Ableton Edition/FenderDeVille_stereo.wav,FenderDeVille_stereo.wav,personal:Ableton Sampler,personal:Ableton Sampler/Hammond L102 Ableton Edition,Foley,,Foley,0.249,,none,,,review,classifier abstained -- is the review queue right?,Kick / Snare / Clap / Hi-Hat / Crash / Percussion / Percussion Loop / Drum Loop / Foley / Other/none / Unknown (write a note) / Not in this list (write it) / Not enough information / Corrupt / unusable / Taxonomy gap,,,,,,,,,1.1.0,1.0.0
low_conf_or_disagreement,/Volumes/Jack_Gandy_1TB_SSD/Samples 2021 ->/Sample Packs/MGF Mega Pack/Wavetables/Producer Hive Analog + Vintage Wavetables (demo)/VS01_J6_Squ_Filt1.wav,VS01_J6_Squ_Filt1.wav,MGF Mega Pack,Wavetables,Other/none,,SFX,0.25,,none,,,review,classifier abstained -- is the review queue right?,Kick / Snare / Clap / Hi-Hat / Crash / Percussion / Percussion Loop / Drum Loop / Foley / Other/none / Unknown (write a note) / Not in this list (write it) / Not enough information / Corrupt / unusable / Taxonomy gap,,,,,,,,,1.1.0,1.0.0
low_conf_or_disagreement,/Volumes/Jack_Gandy_1TB_SSD/Samples 2021 ->/Sample Packs/Black Octopus Sound - Pure Analog Sweeps IV (2021)/G/Diamaudix_Audio_PAS_IV_Sweep_FX_G_01.wav,Diamaudix_Audio_PAS_IV_Sweep_FX_G_01.wav,Black Octopus Sound - Pure Analog Sweeps IV (2021),G,SFX,,SFX,0.25,FX,medium,SFX,FX,review,classifier abstained -- is the review queue right?,Kick / Snare / Clap / Hi-Hat / Crash / Percussion / Percussion Loop / Drum Loop / Foley / Other/none / Unknown (write a note) / Not in this list (write it) / Not enough information / Corrupt / unusable / Taxonomy gap,,,,,,,,,1.1.0,1.0.0
low_conf_or_disagreement,/Volumes/Jack_Gandy_1TB_SSD/Samples 2021 ->/Sample Packs/Foley 2023/KNOIR FOLEY PACK 2023 (1A)/KNOIR_patreon_foley_GLASS9.wav,KNOIR_patreon_foley_GLASS9.wav,Foley 2023,KNOIR FOLEY PACK 2023 (1A),Foley,,Foley,0.25,foley,medium,Foley,Foley,review,classifier abstained -- is the review queue right?,Kick / Snare / Clap / Hi-Hat / Crash / Percussion / Percussion Loop / Drum Loop / Foley / Other/none / Unknown (write a note) / Not in this list (write it) / Not enough information / Corrupt / unusable / Taxonomy gap,,,,,,,,,1.1.0,1.0.0
low_conf_or_disagreement,/Volumes/Jack_Gandy_1TB_SSD/Samples 2021 ->/Sample Packs/MGF Mega Pack/Misc + Found Sound/Household Percussion April 2016/HOUSEHOLD_182.wav,HOUSEHOLD_182.wav,MGF Mega Pack,Misc + Found Sound,Foley,,Hi-Hat,0.251,,none,,,review,classifier abstained -- is the review queue right?,Kick / Snare / Clap / Hi-Hat / Crash / Percussion / Percussion Loop / Drum Loop / Foley / Other/none / Unknown (write a note) / Not in this list (write it) / Not enough information / Corrupt / unusable / Taxonomy gap,,,,,,,,,1.1.0,1.0.0
low_conf_or_disagreement,/Volumes/Jack_Gandy_1TB_SSD/Samples 2021 ->/Sample Packs/Virtual Riot/PATREON GOODIES/Virtual Riot Bass Hits 3/F_RiddimShot14.wav,F_RiddimShot14.wav,Virtual Riot,PATREON GOODIES,Percussion Loop,,Clap,0.252,,none,,,review,classifier abstained -- is the review queue right?,Kick / Snare / Clap / Hi-Hat / Crash / Percussion / Percussion Loop / Drum Loop / Foley / Other/none / Unknown (write a note) / Not in this list (write it) / Not enough information / Corrupt / unusable / Taxonomy gap,,,,,,,,,1.1.0,1.0.0
low_conf_or_disagreement,/Volumes/Jack_Gandy_1TB_SSD/testing-for-NITE-DSP/sample_pack_testing/Organic Drum Kit/Maschine Kits/Sun Tzu Kit Samples/Organic - Zill Finger Cymbal (17).wav,Organic - Zill Finger Cymbal (17).wav,Organic Drum Kit,Maschine Kits,Crash,,Crash,0.253,Cymbal,low,Crash,Crash,review,classifier abstained -- is the review queue right?,Kick / Snare / Clap / Hi-Hat / Crash / Percussion / Percussion Loop / Drum Loop / Foley / Other/none / Unknown (write a note) / Not in this list (write it) / Not enough information / Corrupt / unusable / Taxonomy gap,,,,,,,,,1.1.0,1.0.0
low_conf_or_disagreement,/Volumes/Jack_Gandy_1TB_SSD/testing-for-NITE-DSP/sample_pack_testing/Organic Drum Kit/5 Percussion/4 Metalic/1 Mazhar Tambourines/Organic - Mazhar Tambourine (19).wav,Organic - Mazhar Tambourine (19).wav,Organic Drum Kit,5 Percussion,Percussion,Other Percussive Hit,Foley,0.254,Tambourine,medium,,Percussion,review,classifier abstained -- is the review queue right?,Kick / Snare / Clap / Hi-Hat / Crash / Percussion / Percussion Loop / Drum Loop / Foley / Other/none / Unknown (write a note) / Not in this list (write it) / Not enough information / Corrupt / unusable / Taxonomy gap,,,,,,,,,1.1.0,1.0.0
low_conf_or_disagreement,/Volumes/Jack_Gandy_1TB_SSD/Samples 2021 ->/2023/Effects/Woosh Slap.wav,Woosh Slap.wav,personal:2023,personal:2023/Effects,SFX,,SFX,0.254,,none,,,review,classifier abstained -- is the review queue right?,Kick / Snare / Clap / Hi-Hat / Crash / Percussion / Percussion Loop / Drum Loop / Foley / Other/none / Unknown (write a note) / Not in this list (write it) / Not enough information / Corrupt / unusable / Taxonomy gap,,,,,,,,,1.1.0,1.0.0
low_conf_or_disagreement,/Volumes/Jack_Gandy_1TB_SSD/Samples 2021 ->/2022/Chord/Distorted Chord Sound.wav,Distorted Chord Sound.wav,personal:2022,personal:2022/Chord,Synth One-Shot,,Synth One-Shot,0.256,Chord,high,,,review,classifier abstained -- is the review queue right?,Kick / Snare / Clap / Hi-Hat / Crash / Percussion / Percussion Loop / Drum Loop / Foley / Other/none / Unknown (write a note) / Not in this list (write it) / Not enough information / Corrupt / unusable / Taxonomy gap,,,,,,,,,1.1.0,1.0.0
low_conf_or_disagreement,/Volumes/Jack_Gandy_1TB_SSD/Samples 2021 ->/Sample Packs/Organic Electronics 2 J.Views/JVIEWS_countryside/JVIEWS_countryside_tonal/JVIEWS_tape_echo_chord_stab_03_F.wav,JVIEWS_tape_echo_chord_stab_03_F.wav,Organic Electronics 2 J.Views,JVIEWS_countryside,Synth Loop,,Synth One-Shot,0.256,chord,high,,,review,classifier abstained -- is the review queue right?,Kick / Snare / Clap / Hi-Hat / Crash / Percussion / Percussion Loop / Drum Loop / Foley / Other/none / Unknown (write a note) / Not in this list (write it) / Not enough information / Corrupt / unusable / Taxonomy gap,,,,,,,,,1.1.0,1.0.0
low_conf_or_disagreement,/Volumes/Jack_Gandy_1TB_SSD/Samples 2021 ->/Sample Packs/Drum Breaks/Lyn Collins - Think (part2).wav,Lyn Collins - Think (part2).wav,Drum Breaks,Drum Breaks,Drum Loop,,Drum Loop,0.257,,none,,,review,classifier abstained -- is the review queue right?,Kick / Snare / Clap / Hi-Hat / Crash / Percussion / Percussion Loop / Drum Loop / Foley / Other/none / Unknown (write a note) / Not in this list (write it) / Not enough information / Corrupt / unusable / Taxonomy gap,,,,,,,,,1.1.0,1.0.0
low_conf_or_disagreement,/Volumes/Jack_Gandy_1TB_SSD/Samples 2021 ->/Sample Packs/Production Music Live - Ben Böhmer - Sound Pack/Ableton Templates/PML - Balloon - Melodic Deep Template (Ben Style) Project/Samples/Processed/Consolidate/EDM Pre Kick Zap.wav,EDM Pre Kick Zap.wav,Production Music Live - Ben Böhmer - Sound Pack,Ableton Templates,Foley Loop,,Foley,0.258,Kick,low,Kick,Kick,review,classifier abstained -- is the review queue right?,Kick / Snare / Clap / Hi-Hat / Crash / Percussion / Percussion Loop / Drum Loop / Foley / Other/none / Unknown (write a note) / Not in this list (write it) / Not enough information / Corrupt / unusable / Taxonomy gap,,,,,,,,,1.1.0,1.0.0
low_conf_or_disagreement,/Volumes/Jack_Gandy_1TB_SSD/Samples 2021 ->/Sample Packs/Koan Sound/Koan_Sound_2025/Shaper Table Track Project/Samples/Processed/Reverse/Banjo Arpeggio E Minor 100 bpm R.wav,Banjo Arpeggio E Minor 100 bpm R.wav,Koan Sound,Koan_Sound_2025,Synth Loop,,Synth Loop,0.258,,none,,,review,classifier abstained -- is the review queue right?,Kick / Snare / Clap / Hi-Hat / Crash / Percussion / Percussion Loop / Drum Loop / Foley / Other/none / Unknown (write a note) / Not in this list (write it) / Not enough information / Corrupt / unusable / Taxonomy gap,,,,,,,,,1.1.0,1.0.0
low_conf_or_disagreement,/Volumes/Jack_Gandy_1TB_SSD/Samples 2021 ->/Sample Packs/Black Octopus Sound - Pure Analog Sweeps IV (2021)/C#/Diamaudix_Audio_PAS_IV_Sweep_FX_C#_12.wav,Diamaudix_Audio_PAS_IV_Sweep_FX_C#_12.wav,Black Octopus Sound - Pure Analog Sweeps IV (2021),C#,SFX,,Synth Loop,0.259,FX,medium,SFX,FX,review,classifier abstained -- is the review queue right?,Kick / Snare / Clap / Hi-Hat / Crash / Percussion / Percussion Loop / Drum Loop / Foley / Other/none / Unknown (write a note) / Not in this list (write it) / Not enough information / Corrupt / unusable / Taxonomy gap,,,,,,,,,1.1.0,1.0.0
low_conf_or_disagreement,/Volumes/Jack_Gandy_1TB_SSD/testing-for-NITE-DSP/sample_pack_testing/Old Movies 1 - Vintage Collection (Drum Kit)/Foley & Percussion (Old Movies)/HHH_Cork 1.wav,HHH_Cork 1.wav,Old Movies 1 - Vintage Collection (Drum Kit),Foley & Percussion (Old Movies),Percussion,Other Percussive Hit,Percussion,0.261,,none,,,review,classifier abstained -- is the review queue right?,Kick / Snare / Clap / Hi-Hat / Crash / Percussion / Percussion Loop / Drum Loop / Foley / Other/none / Unknown (write a note) / Not in this list (write it) / Not enough information / Corrupt / unusable / Taxonomy gap,,,,,,,,,1.1.0,1.0.0
