path,relpath,label,percussion_subtype,rejection_reason,human_confidence,ambiguous,acceptable_secondary_label,function_family,temporal_form,source_attributes,collection,pack,sample_family_id,label_source,labelling_session,is_impulse_response,duration,samplerate,channels,content_sha256
/Volumes/Jack_Gandy_1TB_SSD/Samples 2021 ->/2021/Resamples/2021/Hi-Hat/openHatStereo1.wav,Samples 2021 ->/2021/Resamples/2021/Hi-Hat/openHatStereo1.wav,Hi-Hat,,,,,,Hi-Hat,One-Shot,,personal:2021,personal:2021/Resamples,personal:2021||personal:2021/Resamples||openhatstereo1,domain_coverage_v1,20260910T171406,false,5.5814,44100,2,
/Volumes/Jack_Gandy_1TB_SSD/Samples 2021 ->/2021/Resamples/2021/Other/rawRide04.wav,Samples 2021 ->/2021/Resamples/2021/Other/rawRide04.wav,Crash,,,,,,Crash,One-Shot,,personal:2021,personal:2021/Resamples,personal:2021||personal:2021/Resamples||rawride04,domain_coverage_v1,20260910T165043,false,8.0,48000,2,ff056bd9f0909bb285a7f76d56319731ab1907772ab9d65a9e43818979958c47
/Volumes/Jack_Gandy_1TB_SSD/Samples 2021 ->/2021/Resamples/2021/Other/sineBigReberb.wav,Samples 2021 ->/2021/Resamples/2021/Other/sineBigReberb.wav,Synth One-Shot,,,,,,Synth,One-Shot,,personal:2021,personal:2021/Resamples,personal:2021||personal:2021/Resamples||sinebigreberb,domain_coverage_v1,20260910T171406,false,44.6004,48000,2,
/Volumes/Jack_Gandy_1TB_SSD/Samples 2021 ->/2021/Resamples/2021/Percussion/granularMudpieCriminal.wav,Samples 2021 ->/2021/Resamples/2021/Percussion/granularMudpieCriminal.wav,Foley,,,,,,Foley,One-Shot,,personal:2021,personal:2021/Resamples,personal:2021||personal:2021/Resamples||granularmudpiecriminal,granularity_v1,20260911T111240,false,104.7303,48000,2,
/Volumes/Jack_Gandy_1TB_SSD/Samples 2021 ->/2021/Resamples/2021/Percussion/rim01.wav,Samples 2021 ->/2021/Resamples/2021/Percussion/rim01.wav,Rimshot,,,,,,Rimshot,One-Shot,,personal:2021,personal:2021/Resamples,personal:2021||personal:2021/Resamples||rim01,granularity_v1,20260911T104816,false,0.125,44100,2,56c40e1e81e0a1d5ff0f8ce3d5d0f5ed64e8c6091a39ecaf9caf739ec98031d7
/Volumes/Jack_Gandy_1TB_SSD/Samples 2021 ->/2022/808's/Fat 808.wav,Samples 2021 ->/2022/808's/Fat 808.wav,Other/none,,mixed/full music,,,,Rejection,Rejection,,personal:2022,personal:2022/808's,personal:2022||personal:2022/808's||fat,domain_coverage_v1,20260910T165711,false,4.8,44100,2,
/Volumes/Jack_Gandy_1TB_SSD/Samples 2021 ->/2022/Atmos/drum reverb.wav,Samples 2021 ->/2022/Atmos/drum reverb.wav,Percussion Loop,,,,,,Percussion,Loop,,personal:2022,personal:2022/Atmos,personal:2022||personal:2022/Atmos||drum reverb,domain_coverage_v1,20260910T165711,false,3.446,48000,2,
/Volumes/Jack_Gandy_1TB_SSD/Samples 2021 ->/2022/Bass/Granular Resamples (F)/Freeze 14-medicin2 [2023-01-31 000207].wav,Samples 2021 ->/2022/Bass/Granular Resamples (F)/Freeze 14-medicin2 [2023-01-31 000207].wav,Bass Reese,,,,,,Bass,One-Shot,,personal:2022,personal:2022/Bass,personal:2022||personal:2022/Bass||freeze 14 medicin2,domain_coverage_v1,20260910T171406,false,28.3406,48000,2,
/Volumes/Jack_Gandy_1TB_SSD/Samples 2021 ->/2022/Bass/Granular Resamples (F)/Freeze 30-sin ti [2023-02-10 195656].wav,Samples 2021 ->/2022/Bass/Granular Resamples (F)/Freeze 30-sin ti [2023-02-10 195656].wav,Bass Reese,,,,,,Bass,One-Shot,,personal:2022,personal:2022/Bass,personal:2022||personal:2022/Bass||freeze 30 sin ti,domain_coverage_v1,20260910T165711,false,22.0453,48000,2,
/Volumes/Jack_Gandy_1TB_SSD/Samples 2021 ->/2022/Chord/Distorted Chord Sound.wav,Samples 2021 ->/2022/Chord/Distorted Chord Sound.wav,Synth One-Shot,,,,,,Synth,One-Shot,,personal:2022,personal:2022/Chord,personal:2022||personal:2022/Chord||distorted chord sound,domain_coverage_v1,20260910T165711,false,18.5005,48000,2,
/Volumes/Jack_Gandy_1TB_SSD/Samples 2021 ->/2022/Chord/Freeze 8-Thin dis calm [2022-05-11 232618].wav,Samples 2021 ->/2022/Chord/Freeze 8-Thin dis calm [2022-05-11 232618].wav,Synth One-Shot,,,,,,Synth,One-Shot,,personal:2022,personal:2022/Chord,personal:2022||personal:2022/Chord||freeze 8 thin dis calm,domain_coverage_v1,20260910T171406,false,20.9032,48000,2,
/Volumes/Jack_Gandy_1TB_SSD/Samples 2021 ->/2022/Drums/Loops/Perc loop juan.wav,Samples 2021 ->/2022/Drums/Loops/Perc loop juan.wav,Foley Loop,,,,,,Foley,Loop,,personal:2022,personal:2022/Drums,personal:2022||personal:2022/Drums||perc loop juan,domain_coverage_v1,20260910T171406,false,9.1429,44100,2,
/Volumes/Jack_Gandy_1TB_SSD/Samples 2021 ->/2022/Drums/Loops/Wonky Hip hop.wav,Samples 2021 ->/2022/Drums/Loops/Wonky Hip hop.wav,Drum Loop,,,,,,Drum,Loop,,personal:2022,personal:2022/Drums,personal:2022||personal:2022/Drums||wonky hip hop,domain_coverage_v1,20260910T165711,false,8.2759,48000,2,
/Volumes/Jack_Gandy_1TB_SSD/Samples 2021 ->/2022/Foley/CATAWAKE SAMPLE PACK 1.0/Hits/Foil Roll/Foil/CTWK_hits_foilroll_foilhit_1.wav,Samples 2021 ->/2022/Foley/CATAWAKE SAMPLE PACK 1.0/Hits/Foil Roll/Foil/CTWK_hits_foilroll_foilhit_1.wav,Foley,,,,,,Foley,One-Shot,,personal:2022,personal:2022/Foley,personal:2022||personal:2022/Foley||ctwk hits foilroll foilhit,domain_coverage_v1,20260910T171406,false,0.3462,44100,2,
/Volumes/Jack_Gandy_1TB_SSD/Samples 2021 ->/2022/Foley/CATAWAKE SAMPLE PACK 1.0/Hits/Metals/Sheet/CTWK_hits_metals_sheet_hard_1.wav,Samples 2021 ->/2022/Foley/CATAWAKE SAMPLE PACK 1.0/Hits/Metals/Sheet/CTWK_hits_metals_sheet_hard_1.wav,Foley,,,,,,Foley,One-Shot,,personal:2022,personal:2022/Foley,personal:2022||personal:2022/Foley||ctwk hits metals sheet hard,domain_coverage_v1,20260910T165711,false,1.4231,44100,2,
/Volumes/Jack_Gandy_1TB_SSD/Samples 2021 ->/2022/Foley/CATAWAKE SAMPLE PACK 1.0/Sustained/Nature/Indoor/Dry Textures/CTWK_sustained_nature_indoor_drytexture_pinecone_1.wav,Samples 2021 ->/2022/Foley/CATAWAKE SAMPLE PACK 1.0/Sustained/Nature/Indoor/Dry Textures/CTWK_sustained_nature_indoor_drytexture_pinecone_1.wav,Foley,,,,,,Foley,One-Shot,,personal:2022,personal:2022/Foley,personal:2022||personal:2022/Foley||ctwk sustained nature indoor drytexture pinecone,granularity_v1,20260911T105134,false,6.1827,44100,2,
/Volumes/Jack_Gandy_1TB_SSD/Samples 2021 ->/2022/Foley/CATAWAKE SAMPLE PACK 1.0/Sustained/Wet/Water/Sloshing/CTWK_sustained_wet_water_sloshing_nobpm_4.wav,Samples 2021 ->/2022/Foley/CATAWAKE SAMPLE PACK 1.0/Sustained/Wet/Water/Sloshing/CTWK_sustained_wet_water_sloshing_nobpm_4.wav,Percussion Loop,,,,,,Percussion,Loop,,personal:2022,personal:2022/Foley,personal:2022||personal:2022/Foley||ctwk sustained wet water sloshing nobpm,drums_v1,,false,31.6635,44100,2,
/Volumes/Jack_Gandy_1TB_SSD/Samples 2021 ->/2022/Foley/Foley drums.wav,Samples 2021 ->/2022/Foley/Foley drums.wav,Foley Loop,,,,,,Foley,Loop,,personal:2022,personal:2022/Foley,personal:2022||personal:2022/Foley||foley drums,drums_v1,,false,16.0,48000,2,
/Volumes/Jack_Gandy_1TB_SSD/Samples 2021 ->/2022/Leads/Distorted sine pluck 2.wav,Samples 2021 ->/2022/Leads/Distorted sine pluck 2.wav,Synth One-Shot,,,,,,Synth,One-Shot,,personal:2022,personal:2022/Leads,personal:2022||personal:2022/Leads||distorted sine pluck,domain_coverage_v1,20260910T171406,false,15.0002,48000,2,
/Volumes/Jack_Gandy_1TB_SSD/Samples 2021 ->/2022/Leads/Noise Saw Distorted.wav,Samples 2021 ->/2022/Leads/Noise Saw Distorted.wav,Synth One-Shot,,,,,,Synth,One-Shot,,personal:2022,personal:2022/Leads,personal:2022||personal:2022/Leads||noise saw distorted,domain_coverage_v1,20260910T165711,false,13.6034,44100,2,
/Volumes/Jack_Gandy_1TB_SSD/Samples 2021 ->/2022/Loops/Aminor Vocal Loop riff.wav,Samples 2021 ->/2022/Loops/Aminor Vocal Loop riff.wav,Vocal Loop,,,,,,Vocal,Loop,,personal:2022,personal:2022/Loops,personal:2022||personal:2022/Loops||vocal loop riff,domain_coverage_v1,20260910T165711,false,38.6004,44100,2,
/Volumes/Jack_Gandy_1TB_SSD/Samples 2021 ->/2022/Neuro/Bassline bass.wav,Samples 2021 ->/2022/Neuro/Bassline bass.wav,Other/none,,unsupported instrument,,,,Rejection,Rejection,,personal:2022,personal:2022/Neuro,personal:2022||personal:2022/Neuro||bassline bass,domain_coverage_v1,20260910T165711,false,12.8571,44100,2,
/Volumes/Jack_Gandy_1TB_SSD/Samples 2021 ->/2022/Neuro/FsHIFT.wav,Samples 2021 ->/2022/Neuro/FsHIFT.wav,Other/none,,mixed/full music,,,,Rejection,Rejection,,personal:2022,personal:2022/Neuro,personal:2022||personal:2022/Neuro||fshift,domain_coverage_v1,20260910T171406,false,19.603,44100,2,
/Volumes/Jack_Gandy_1TB_SSD/Samples 2021 ->/2022/Olivia Rodrigo by Modern.fm [FREE]/Audio Files (.wav)/02 Cmaj 92.wav,Samples 2021 ->/2022/Olivia Rodrigo by Modern.fm [FREE]/Audio Files (.wav)/02 Cmaj 92.wav,Synth Loop,,,,,,Synth,Loop,,personal:2022,personal:2022/Olivia Rodrigo by Modern.fm [FREE],personal:2022||personal:2022/Olivia Rodrigo by Modern.fm [FREE]||02,domain_coverage_v1,20260910T171406,false,20.8696,44100,2,
/Volumes/Jack_Gandy_1TB_SSD/Samples 2021 ->/2022/Olivia Rodrigo by Modern.fm [FREE]/Audio Files (.wav)/04 Cmaj 6:8 86.wav,Samples 2021 ->/2022/Olivia Rodrigo by Modern.fm [FREE]/Audio Files (.wav)/04 Cmaj 6:8 86.wav,Other/none,,mixed/full music,,,,Rejection,Rejection,,personal:2022,personal:2022/Olivia Rodrigo by Modern.fm [FREE],personal:2022||personal:2022/Olivia Rodrigo by Modern.fm [FREE]||04 6:8,domain_coverage_v1,20260910T165711,false,16.7442,44100,2,
/Volumes/Jack_Gandy_1TB_SSD/Samples 2021 ->/2022/Pads/Guitar C3.wav,Samples 2021 ->/2022/Pads/Guitar C3.wav,Synth One-Shot,,,,,,Synth,One-Shot,,personal:2022,personal:2022/Pads,personal:2022||personal:2022/Pads||guitar,domain_coverage_v1,20260910T165711,false,9.7,48000,2,
/Volumes/Jack_Gandy_1TB_SSD/Samples 2021 ->/2022/Pads/Lp grains.wav,Samples 2021 ->/2022/Pads/Lp grains.wav,Synth One-Shot,,,,,,Synth,One-Shot,,personal:2022,personal:2022/Pads,personal:2022||personal:2022/Pads||lp grains,domain_coverage_v1,20260910T171406,false,25.5003,48000,2,
/Volumes/Jack_Gandy_1TB_SSD/Samples 2021 ->/2022/Resample Phrases/G minor Shallou p1.wav,Samples 2021 ->/2022/Resample Phrases/G minor Shallou p1.wav,Other/none,,mixed/full music,,,,Rejection,Rejection,,personal:2022,personal:2022/Resample Phrases,personal:2022||personal:2022/Resample Phrases||shallou p1,domain_coverage_v1,20260910T165711,false,36.6,44100,2,
/Volumes/Jack_Gandy_1TB_SSD/Samples 2021 ->/2022/Resample Phrases/G minor Shallou p2.wav,Samples 2021 ->/2022/Resample Phrases/G minor Shallou p2.wav,Synth Loop,,,,,,Synth,Loop,,personal:2022,personal:2022/Resample Phrases,personal:2022||personal:2022/Resample Phrases||shallou p2,domain_coverage_v1,20260910T171406,false,14.4,44100,2,
/Volumes/Jack_Gandy_1TB_SSD/Samples 2021 ->/2022/Stretches/D vocal atmos.wav,Samples 2021 ->/2022/Stretches/D vocal atmos.wav,Vocal One-Shot,,,,,,Vocal,One-Shot,,personal:2022,personal:2022/Stretches,personal:2022||personal:2022/Stretches||d vocal atmos,domain_coverage_v1,20260910T165711,false,38.6007,44100,2,
/Volumes/Jack_Gandy_1TB_SSD/Samples 2021 ->/2022/Vocal Leads/Billie eeyyaa.wav,Samples 2021 ->/2022/Vocal Leads/Billie eeyyaa.wav,Vocal One-Shot,,,,,,Vocal,One-Shot,,personal:2022,personal:2022/Vocal Leads,personal:2022||personal:2022/Vocal Leads||billie eeyyaa,domain_coverage_v1,20260910T165711,false,3.0736,44100,2,
/Volumes/Jack_Gandy_1TB_SSD/Samples 2021 ->/2023/808/Freeze 808 [2023-07-27 182310].wav,Samples 2021 ->/2023/808/Freeze 808 [2023-07-27 182310].wav,Bass Reese,,,,,,Bass,One-Shot,,personal:2023,personal:2023/808,personal:2023||personal:2023/808||freeze,domain_coverage_v1,20260910T173709,false,8.9433,48000,2,
/Volumes/Jack_Gandy_1TB_SSD/Samples 2021 ->/2023/808/Harmonic Bass Organ F.wav,Samples 2021 ->/2023/808/Harmonic Bass Organ F.wav,Percussion Loop,,,,,,Percussion,Loop,,personal:2023,personal:2023/808,personal:2023||personal:2023/808||harmonic bass organ f,domain_coverage_v1,20260910T165711,false,3.4343,48000,2,
/Volumes/Jack_Gandy_1TB_SSD/Samples 2021 ->/2023/808/Skrill bass.wav,Samples 2021 ->/2023/808/Skrill bass.wav,Bass Hit,,,,,,Bass,One-Shot,,personal:2023,personal:2023/808,personal:2023||personal:2023/808||skrill bass,domain_coverage_v1,20260910T171406,false,2.6267,44100,2,
/Volumes/Jack_Gandy_1TB_SSD/Samples 2021 ->/2023/Cello Bass (F)/Freeze 1-Complex Ceello [2023-07-29 014303].wav,Samples 2021 ->/2023/Cello Bass (F)/Freeze 1-Complex Ceello [2023-07-29 014303].wav,Bass Reese,,,,,,Bass,One-Shot,,personal:2023,personal:2023/Cello Bass (F),personal:2023||personal:2023/Cello Bass (F)||freeze 1 complex ceello,domain_coverage_v1,20260910T173709,false,20.4145,48000,2,
/Volumes/Jack_Gandy_1TB_SSD/Samples 2021 ->/2023/Cello Bass (F)/Freeze 2-Cello3 [2023-07-28 162722].wav,Samples 2021 ->/2023/Cello Bass (F)/Freeze 2-Cello3 [2023-07-28 162722].wav,Bass Reese,,,,,,Bass,One-Shot,,personal:2023,personal:2023/Cello Bass (F),personal:2023||personal:2023/Cello Bass (F)||freeze 2 cello3,domain_coverage_v1,20260910T171406,false,41.1159,48000,2,
/Volumes/Jack_Gandy_1TB_SSD/Samples 2021 ->/2023/Cello Bass (F)/Freeze 21-Cello6 [2023-07-28 171151].wav,Samples 2021 ->/2023/Cello Bass (F)/Freeze 21-Cello6 [2023-07-28 171151].wav,Bass Reese,,,,,,Bass,One-Shot,,personal:2023,personal:2023/Cello Bass (F),personal:2023||personal:2023/Cello Bass (F)||freeze 21 cello6,domain_coverage_v1,20260910T165711,false,34.1924,48000,2,
/Volumes/Jack_Gandy_1TB_SSD/Samples 2021 ->/2023/Cello Inputs (C1)/Cello BBC.wav,Samples 2021 ->/2023/Cello Inputs (C1)/Cello BBC.wav,Other/none,,unsupported instrument,,,,Rejection,Rejection,,personal:2023,personal:2023/Cello Inputs (C1),personal:2023||personal:2023/Cello Inputs (C1)||cello bbc,domain_coverage_v1,20260910T165711,false,21.5,48000,2,
/Volumes/Jack_Gandy_1TB_SSD/Samples 2021 ->/2023/Cello Inputs (C1)/Freeze 22-BBC Symphony Orchestra [2023-07-28 194830].wav,Samples 2021 ->/2023/Cello Inputs (C1)/Freeze 22-BBC Symphony Orchestra [2023-07-28 194830].wav,Other/none,,unsupported instrument,,,,Rejection,Rejection,,personal:2023,personal:2023/Cello Inputs (C1),personal:2023||personal:2023/Cello Inputs (C1)||freeze 22 bbc symphony orchestra,domain_coverage_v1,20260910T171406,false,33.7754,48000,2,
/Volumes/Jack_Gandy_1TB_SSD/Samples 2021 ->/2023/Chord Stabs/Freeze 12-Operator [2023-07-27 223644].wav,Samples 2021 ->/2023/Chord Stabs/Freeze 12-Operator [2023-07-27 223644].wav,Synth One-Shot,,,,,,Synth,One-Shot,,personal:2023,personal:2023/Chord Stabs,personal:2023||personal:2023/Chord Stabs||freeze 12 operator,domain_coverage_v1,20260910T171406,false,25.4607,48000,2,
/Volumes/Jack_Gandy_1TB_SSD/Samples 2021 ->/2023/Chord Stabs/Freeze 24-Freeze 24-Operator [2023-07-27 143207].wav,Samples 2021 ->/2023/Chord Stabs/Freeze 24-Freeze 24-Operator [2023-07-27 143207].wav,Synth One-Shot,,,,,,Synth,One-Shot,,personal:2023,personal:2023/Chord Stabs,personal:2023||personal:2023/Chord Stabs||freeze 24 freeze 24 operator,domain_coverage_v1,20260910T173709,false,9.3429,48000,2,
/Volumes/Jack_Gandy_1TB_SSD/Samples 2021 ->/2023/Chord Stabs/Supermassive Sine (C).wav,Samples 2021 ->/2023/Chord Stabs/Supermassive Sine (C).wav,Synth One-Shot,,,,,,Synth,One-Shot,,personal:2023,personal:2023/Chord Stabs,personal:2023||personal:2023/Chord Stabs||supermassive sine (c),domain_coverage_v1,20260910T165711,false,19.2,48000,2,
/Volumes/Jack_Gandy_1TB_SSD/Samples 2021 ->/2023/Drums/IMANU Beat.wav,Samples 2021 ->/2023/Drums/IMANU Beat.wav,Drum Loop,,,,,,Drum,Loop,,personal:2023,personal:2023/Drums,personal:2023||personal:2023/Drums||imanu beat,domain_coverage_v1,20260910T171406,false,4.0,48000,2,
/Volumes/Jack_Gandy_1TB_SSD/Samples 2021 ->/2023/Drums/Kick/G# Muffler.wav,Samples 2021 ->/2023/Drums/Kick/G# Muffler.wav,Kick,,,,,,Kick,One-Shot,,personal:2023,personal:2023/Drums,personal:2023||personal:2023/Drums||g# muffler,domain_coverage_v1,20260910T171406,false,0.8006,48000,2,
/Volumes/Jack_Gandy_1TB_SSD/Samples 2021 ->/2023/Drums/Kick/Kick1.wav,Samples 2021 ->/2023/Drums/Kick/Kick1.wav,Kick,,,,,,Kick,One-Shot,,personal:2023,personal:2023/Drums,personal:2023||personal:2023/Drums||kick1,domain_coverage_v1,20260910T165519,false,0.3436,48000,2,
/Volumes/Jack_Gandy_1TB_SSD/Samples 2021 ->/2023/Effects/Drum Crunch.wav,Samples 2021 ->/2023/Effects/Drum Crunch.wav,SFX,,,,,,FX,One-Shot,,personal:2023,personal:2023/Effects,personal:2023||personal:2023/Effects||drum crunch,domain_coverage_v1,20260910T165711,false,13.0909,48000,2,
/Volumes/Jack_Gandy_1TB_SSD/Samples 2021 ->/2023/Effects/Woosh Slap.wav,Samples 2021 ->/2023/Effects/Woosh Slap.wav,SFX,,,,,,FX,One-Shot,,personal:2023,personal:2023/Effects,personal:2023||personal:2023/Effects||woosh slap,domain_coverage_v1,20260910T171406,false,6.88,48000,2,
/Volumes/Jack_Gandy_1TB_SSD/Samples 2021 ->/2023/Foley/Freeze FOLEY [2023-03-11 130327].wav,Samples 2021 ->/2023/Foley/Freeze FOLEY [2023-03-11 130327].wav,Foley,,,,,,Foley,One-Shot,,personal:2023,personal:2023/Foley,personal:2023||personal:2023/Foley||freeze foley,domain_coverage_v1,20260910T165711,false,11.6354,48000,2,
/Volumes/Jack_Gandy_1TB_SSD/Samples 2021 ->/2023/Foley/Long Shffled at 120.wav,Samples 2021 ->/2023/Foley/Long Shffled at 120.wav,Foley Loop,,,,,,Foley,Loop,,personal:2023,personal:2023/Foley,personal:2023||personal:2023/Foley||long shffled at,domain_coverage_v1,20260910T171406,false,32.0,48000,2,
/Volumes/Jack_Gandy_1TB_SSD/Samples 2021 ->/2023/Generative/Granular Piano.wav,Samples 2021 ->/2023/Generative/Granular Piano.wav,Synth One-Shot,,,,,,Synth,One-Shot,,personal:2023,personal:2023/Generative,personal:2023||personal:2023/Generative||granular piano,domain_coverage_v1,20260910T165711,false,6.7753,44100,2,
/Volumes/Jack_Gandy_1TB_SSD/Samples 2021 ->/2023/INIT/Saw C3.wav,Samples 2021 ->/2023/INIT/Saw C3.wav,Synth One-Shot,,,,,,Synth,One-Shot,,personal:2023,personal:2023/INIT,personal:2023||personal:2023/INIT||saw,domain_coverage_v1,20260910T165711,false,7.88,44100,2,
/Volumes/Jack_Gandy_1TB_SSD/Samples 2021 ->/2023/INIT/Sine Wave Clean.wav,Samples 2021 ->/2023/INIT/Sine Wave Clean.wav,Synth One-Shot,,,,,,Synth,One-Shot,,personal:2023,personal:2023/INIT,personal:2023||personal:2023/INIT||sine wave clean,domain_coverage_v1,20260910T171406,false,16.2,48000,2,
/Volumes/Jack_Gandy_1TB_SSD/Samples 2021 ->/2023/Leads/Freeze 10-Operator [2023-03-13 182531].wav,Samples 2021 ->/2023/Leads/Freeze 10-Operator [2023-03-13 182531].wav,Synth One-Shot,,,,,,Synth,One-Shot,,personal:2023,personal:2023/Leads,personal:2023||personal:2023/Leads||freeze 10 operator,domain_coverage_v1,20260910T171406,false,1.2232,48000,2,
/Volumes/Jack_Gandy_1TB_SSD/Samples 2021 ->/2023/Leads/Freeze 18-Freeze 18-Freeze 18-BBC Symphony Orchestra [2023-07-21 120858].wav,Samples 2021 ->/2023/Leads/Freeze 18-Freeze 18-Freeze 18-BBC Symphony Orchestra [2023-07-21 120858].wav,Impact,,,,,,FX,One-Shot,,personal:2023,personal:2023/Leads,personal:2023||personal:2023/Leads||freeze 18 freeze 18 freeze 18 bbc symphony orchestra,domain_coverage_v1,20260910T171406,false,2.5035,48000,2,
/Volumes/Jack_Gandy_1TB_SSD/Samples 2021 ->/2023/Leads/Freeze PIANO [2023-03-03 122138].wav,Samples 2021 ->/2023/Leads/Freeze PIANO [2023-03-03 122138].wav,Other/none,,unsupported instrument,,,,Rejection,Rejection,,personal:2023,personal:2023/Leads,personal:2023||personal:2023/Leads||freeze piano,domain_coverage_v1,20260910T165711,false,7.2007,48000,2,
/Volumes/Jack_Gandy_1TB_SSD/Samples 2021 ->/2023/Long Bass Resamples (F)/Freeze 1-Megadistrots [2023-07-28 220341].wav,Samples 2021 ->/2023/Long Bass Resamples (F)/Freeze 1-Megadistrots [2023-07-28 220341].wav,Bass Reese,,,,,,Bass,One-Shot,,personal:2023,personal:2023/Long Bass Resamples (F),personal:2023||personal:2023/Long Bass Resamples (F)||freeze 1 megadistrots,domain_coverage_v1,20260910T165711,false,41.6168,48000,2,
/Volumes/Jack_Gandy_1TB_SSD/Samples 2021 ->/2023/Long Bass Resamples (F)/Freeze 2-Pedal [2023-07-25 023712].wav,Samples 2021 ->/2023/Long Bass Resamples (F)/Freeze 2-Pedal [2023-07-25 023712].wav,Bass Reese,,,,,,Bass,One-Shot,,personal:2023,personal:2023/Long Bass Resamples (F),personal:2023||personal:2023/Long Bass Resamples (F)||freeze 2 pedal,domain_coverage_v1,20260910T171406,false,39.1051,48000,2,
/Volumes/Jack_Gandy_1TB_SSD/Samples 2021 ->/2023/Long Bass Resamples (F)/Freeze 2-derr [2023-07-25 031952].wav,Samples 2021 ->/2023/Long Bass Resamples (F)/Freeze 2-derr [2023-07-25 031952].wav,Bass Reese,,,,,,Bass,One-Shot,,personal:2023,personal:2023/Long Bass Resamples (F),personal:2023||personal:2023/Long Bass Resamples (F)||freeze 2 derr,domain_coverage_v1,20260910T173709,false,39.4186,48000,2,
/Volumes/Jack_Gandy_1TB_SSD/Samples 2021 ->/2023/Pads/Freeze 14-DecentSampler [2023-03-05 115901].wav,Samples 2021 ->/2023/Pads/Freeze 14-DecentSampler [2023-03-05 115901].wav,Pad,,,,,,Synth,One-Shot,,personal:2023,personal:2023/Pads,personal:2023||personal:2023/Pads||freeze 14 decentsampler,domain_coverage_v1,20260910T165643,false,30.002,48000,2,
/Volumes/Jack_Gandy_1TB_SSD/Samples 2021 ->/2023/Pads/Guitar pad.wav,Samples 2021 ->/2023/Pads/Guitar pad.wav,Pad,,,,,,Synth,One-Shot,,personal:2023,personal:2023/Pads,personal:2023||personal:2023/Pads||guitar pad,domain_coverage_v1,20260910T171406,false,11.9314,48000,2,
/Volumes/Jack_Gandy_1TB_SSD/Samples 2021 ->/2023/Pads/Ooh Pad.wav,Samples 2021 ->/2023/Pads/Ooh Pad.wav,Synth One-Shot,,,,,,Synth,One-Shot,,personal:2023,personal:2023/Pads,personal:2023||personal:2023/Pads||ooh pad,domain_coverage_v1,20260910T171406,false,30.8,48000,2,
/Volumes/Jack_Gandy_1TB_SSD/Samples 2021 ->/2023/Reese Resamples (F)/Freeze 10-flange2 [2023-12-31 014035].wav,Samples 2021 ->/2023/Reese Resamples (F)/Freeze 10-flange2 [2023-12-31 014035].wav,Bass Reese,,,,,,Bass,One-Shot,,personal:2023,personal:2023/Reese Resamples (F),personal:2023||personal:2023/Reese Resamples (F)||freeze 10 flange2,domain_coverage_v1,20260910T165419,false,24.7173,48000,2,
/Volumes/Jack_Gandy_1TB_SSD/Samples 2021 ->/2023/Reese Resamples (F)/Freeze 16-5 rock [2023-12-15 020933].wav,Samples 2021 ->/2023/Reese Resamples (F)/Freeze 16-5 rock [2023-12-15 020933].wav,Bass Reese,,,,,,Bass,One-Shot,,personal:2023,personal:2023/Reese Resamples (F),personal:2023||personal:2023/Reese Resamples (F)||freeze 16 5 rock,domain_coverage_v1,20260910T171406,false,31.5398,48000,2,
/Volumes/Jack_Gandy_1TB_SSD/Samples 2021 ->/2023/Reese Resamples (F)/Freeze 2-me [2023-12-31 042649].wav,Samples 2021 ->/2023/Reese Resamples (F)/Freeze 2-me [2023-12-31 042649].wav,Bass Reese,,,,,,Bass,One-Shot,,personal:2023,personal:2023/Reese Resamples (F),personal:2023||personal:2023/Reese Resamples (F)||freeze 2 me,domain_coverage_v1,20260910T171406,false,29.4172,48000,2,
/Volumes/Jack_Gandy_1TB_SSD/Samples 2021 ->/2023/Sweeps/Noise Sweep.wav,Samples 2021 ->/2023/Sweeps/Noise Sweep.wav,Riser,,,,,,FX,One-Shot,,personal:2023,personal:2023/Sweeps,personal:2023||personal:2023/Sweeps||noise sweep,domain_coverage_v1,20260910T165711,false,17.9333,48000,2,
/Volumes/Jack_Gandy_1TB_SSD/Samples 2021 ->/2023/Vocal/Cmaj Felt so lonely.wav,Samples 2021 ->/2023/Vocal/Cmaj Felt so lonely.wav,Vocal Loop,,,,,,Vocal,Loop,,personal:2023,personal:2023/Vocal,personal:2023||personal:2023/Vocal||felt so lonely,domain_coverage_v1,20260910T165711,false,2.9853,44100,2,
/Volumes/Jack_Gandy_1TB_SSD/Samples 2021 ->/2024/808s (F)/Freeze 15-regenration [2024-04-24 152707].wav,Samples 2021 ->/2024/808s (F)/Freeze 15-regenration [2024-04-24 152707].wav,Bass Reese,,,,,,Bass,One-Shot,,personal:2024,personal:2024/808s (F),personal:2024||personal:2024/808s (F)||freeze 15 regenration,domain_coverage_v1,20260910T165519,false,21.4872,48000,2,
/Volumes/Jack_Gandy_1TB_SSD/Samples 2021 ->/2024/808s (F)/Freeze 2-808 newer [2024-04-17 132930].wav,Samples 2021 ->/2024/808s (F)/Freeze 2-808 newer [2024-04-17 132930].wav,Bass Reese,,,,,,Bass,One-Shot,,personal:2024,personal:2024/808s (F),personal:2024||personal:2024/808s (F)||freeze 2 808 newer,domain_coverage_v1,20260910T171406,false,20.7847,48000,2,
/Volumes/Jack_Gandy_1TB_SSD/Samples 2021 ->/2024/808s (F)/Freeze 2-toys 808 [2024-06-12 213722].wav,Samples 2021 ->/2024/808s (F)/Freeze 2-toys 808 [2024-06-12 213722].wav,Other/none,,noise or texture,,,,Rejection,Rejection,,personal:2024,personal:2024/808s (F),personal:2024||personal:2024/808s (F)||freeze 2 toys,domain_coverage_v1,20260910T171406,false,10.8225,48000,2,
/Volumes/Jack_Gandy_1TB_SSD/Samples 2021 ->/2024/Amen_Break_Processed.wav,Samples 2021 ->/2024/Amen_Break_Processed.wav,Drum Loop,,,,,,Drum,Loop,,personal:2024,personal:2024/_loose,personal:2024||personal:2024/_loose||amen break processed,domain_coverage_v1,20260910T171406,false,3.3117,48000,2,
/Volumes/Jack_Gandy_1TB_SSD/Samples 2021 ->/2024/Burial Samples/BURIED_130_Atmos2_4bars-130BPM-BANDLAB.wav,Samples 2021 ->/2024/Burial Samples/BURIED_130_Atmos2_4bars-130BPM-BANDLAB.wav,Foley Loop,,,,,,Foley,Loop,,personal:2024,personal:2024/Burial Samples,personal:2024||personal:2024/Burial Samples||buried 130 atmos2 4bars bandlab,domain_coverage_v1,20260910T171406,false,7.3846,44100,2,
/Volumes/Jack_Gandy_1TB_SSD/Samples 2021 ->/2024/Burial Samples/BURIED_130_Vocals3_4bars-130BPM-B minor-BANDLAB.wav,Samples 2021 ->/2024/Burial Samples/BURIED_130_Vocals3_4bars-130BPM-B minor-BANDLAB.wav,Vocal Loop,,,,,,Vocal,Loop,,personal:2024,personal:2024/Burial Samples,personal:2024||personal:2024/Burial Samples||buried 130 vocals3 4bars bandlab,domain_coverage_v1,20260910T171406,false,7.3846,44100,2,
/Volumes/Jack_Gandy_1TB_SSD/Samples 2021 ->/2024/Burial Samples/BURIED_135_Vocals9_4bars-135BPM-A♭ major-BANDLAB.wav,Samples 2021 ->/2024/Burial Samples/BURIED_135_Vocals9_4bars-135BPM-A♭ major-BANDLAB.wav,Vocal Loop,,,,,,Vocal,Loop,,personal:2024,personal:2024/Burial Samples,personal:2024||personal:2024/Burial Samples||buried 135 vocals9 4bars a♭ major bandlab,domain_coverage_v1,20260910T165419,false,7.1111,44100,2,
/Volumes/Jack_Gandy_1TB_SSD/Samples 2021 ->/2024/Cello/cello-sustained-dark-single-note_147bpm_C_major.wav,Samples 2021 ->/2024/Cello/cello-sustained-dark-single-note_147bpm_C_major.wav,Other/none,,unsupported instrument,,,,Rejection,Rejection,,personal:2024,personal:2024/Cello,personal:2024||personal:2024/Cello||cello sustained dark single note,domain_coverage_v1,20260910T173709,false,6.2706,48000,1,
/Volumes/Jack_Gandy_1TB_SSD/Samples 2021 ->/2024/Cello/cello-sustained-mega-dark_125bpm_C_major.wav,Samples 2021 ->/2024/Cello/cello-sustained-mega-dark_125bpm_C_major.wav,Pad,,,,,,Synth,One-Shot,,personal:2024,personal:2024/Cello,personal:2024||personal:2024/Cello||cello sustained mega dark,domain_coverage_v1,20260910T165711,false,12.6073,44100,2,
/Volumes/Jack_Gandy_1TB_SSD/Samples 2021 ->/2024/Cello/cello-sustained-single-note_103bpm_C_major.wav,Samples 2021 ->/2024/Cello/cello-sustained-single-note_103bpm_C_major.wav,Other/none,,unsupported instrument,,,,Rejection,Rejection,,personal:2024,personal:2024/Cello,personal:2024||personal:2024/Cello||cello sustained single note,domain_coverage_v1,20260910T171406,false,8.0844,48000,1,
/Volumes/Jack_Gandy_1TB_SSD/Samples 2021 ->/2024/Drones/Evolve pad.wav,Samples 2021 ->/2024/Drones/Evolve pad.wav,Synth One-Shot,,,,,,Synth,One-Shot,,personal:2024,personal:2024/Drones,personal:2024||personal:2024/Drones||evolve pad,domain_coverage_v1,20260910T171406,false,24.7127,48000,2,
/Volumes/Jack_Gandy_1TB_SSD/Samples 2021 ->/2024/Drones/Noise in Comb Filter (c).wav,Samples 2021 ->/2024/Drones/Noise in Comb Filter (c).wav,SFX,,,,,,FX,One-Shot,,personal:2024,personal:2024/Drones,personal:2024||personal:2024/Drones||noise in comb filter (c),domain_coverage_v1,20260910T173709,false,9.1981,48000,2,
/Volumes/Jack_Gandy_1TB_SSD/Samples 2021 ->/2024/Drones/Organ 1.wav,Samples 2021 ->/2024/Drones/Organ 1.wav,Synth One-Shot,,,,,,Synth,One-Shot,,personal:2024,personal:2024/Drones,personal:2024||personal:2024/Drones||organ,domain_coverage_v1,20260910T165711,false,19.4127,48000,2,
/Volumes/Jack_Gandy_1TB_SSD/Samples 2021 ->/2024/Drums/Kick/Freeze 2-Kick Operator [2024-03-13 164042].wav,Samples 2021 ->/2024/Drums/Kick/Freeze 2-Kick Operator [2024-03-13 164042].wav,Kick,,,,,,Kick,One-Shot,,personal:2024,personal:2024/Drums,personal:2024||personal:2024/Drums||freeze 2 kick operator,domain_coverage_v1,20260910T171406,false,2.0,48000,2,
/Volumes/Jack_Gandy_1TB_SSD/Samples 2021 ->/2024/Drums/Loops/Rock Break.wav,Samples 2021 ->/2024/Drums/Loops/Rock Break.wav,Drum Loop,,,,,,Drum,Loop,,personal:2024,personal:2024/Drums,personal:2024||personal:2024/Drums||rock break,domain_coverage_v1,20260910T173709,false,9.0566,48000,2,
/Volumes/Jack_Gandy_1TB_SSD/Samples 2021 ->/2024/Drums/Snare/Sentient - Snare [2024-01-26 143520].wav,Samples 2021 ->/2024/Drums/Snare/Sentient - Snare [2024-01-26 143520].wav,Snare,,,,,,Snare,One-Shot,,personal:2024,personal:2024/Drums,personal:2024||personal:2024/Drums||sentient snare,domain_coverage_v1,20260910T165711,false,1.0112,48000,2,
/Volumes/Jack_Gandy_1TB_SSD/Samples 2021 ->/2024/F1 Hard Rock.wav,Samples 2021 ->/2024/F1 Hard Rock.wav,Other/none,,unsupported instrument,,,,Rejection,Rejection,,personal:2024,personal:2024/_loose,personal:2024||personal:2024/_loose||f1 hard rock,domain_coverage_v1,20260910T165643,false,16.25,48000,2,
/Volumes/Jack_Gandy_1TB_SSD/Samples 2021 ->/2024/Foley/kitchen foley fucked.wav,Samples 2021 ->/2024/Foley/kitchen foley fucked.wav,Foley Loop,,,,,,Foley,Loop,,personal:2024,personal:2024/Foley,personal:2024||personal:2024/Foley||kitchen foley fucked,domain_coverage_v1,20260910T165711,false,22.7647,48000,2,
/Volumes/Jack_Gandy_1TB_SSD/Samples 2021 ->/2024/Instruments (C1)/Bass Guitar C1.wav,Samples 2021 ->/2024/Instruments (C1)/Bass Guitar C1.wav,Bass Hit,,,,,,Bass,One-Shot,,personal:2024,personal:2024/Instruments (C1),personal:2024||personal:2024/Instruments (C1)||bass guitar,domain_coverage_v1,20260910T173709,false,9.7098,48000,2,
/Volumes/Jack_Gandy_1TB_SSD/Samples 2021 ->/2024/Instruments (C1)/Low Cello C1.wav,Samples 2021 ->/2024/Instruments (C1)/Low Cello C1.wav,Synth One-Shot,,,,,,Synth,One-Shot,,personal:2024,personal:2024/Instruments (C1),personal:2024||personal:2024/Instruments (C1)||low cello,domain_coverage_v1,20260910T171406,false,21.5,48000,2,
/Volumes/Jack_Gandy_1TB_SSD/Samples 2021 ->/2024/Instruments (C1)/Upright Piano (C1).wav,Samples 2021 ->/2024/Instruments (C1)/Upright Piano (C1).wav,Other/none,,unsupported instrument,,,,Rejection,Rejection,,personal:2024,personal:2024/Instruments (C1),personal:2024||personal:2024/Instruments (C1)||upright piano (c1),domain_coverage_v1,20260910T165711,false,6.8,48000,2,
/Volumes/Jack_Gandy_1TB_SSD/Samples 2021 ->/2024/Kieran/Kieran C3.wav,Samples 2021 ->/2024/Kieran/Kieran C3.wav,Synth One-Shot,,,,,,Synth,One-Shot,,personal:2024,personal:2024/Kieran,personal:2024||personal:2024/Kieran||kieran,domain_coverage_v1,20260910T165711,false,7.8336,48000,1,
/Volumes/Jack_Gandy_1TB_SSD/Samples 2021 ->/2024/Kieran/Kieran Cello C1.wav,Samples 2021 ->/2024/Kieran/Kieran Cello C1.wav,Other/none,,unsupported instrument,,,,Rejection,Rejection,,personal:2024,personal:2024/Kieran,personal:2024||personal:2024/Kieran||kieran cello,domain_coverage_v1,20260910T171406,false,16.7597,48000,1,
/Volumes/Jack_Gandy_1TB_SSD/Samples 2021 ->/2024/Leads/Book Of Memories.wav,Samples 2021 ->/2024/Leads/Book Of Memories.wav,Synth One-Shot,,,,,,Synth,One-Shot,,personal:2024,personal:2024/Leads,personal:2024||personal:2024/Leads||book of memories,domain_coverage_v1,20260910T171406,false,32.008,48000,2,
/Volumes/Jack_Gandy_1TB_SSD/Samples 2021 ->/2024/Leads/Freeze 3-Labs Piano [2024-04-14 183331].wav,Samples 2021 ->/2024/Leads/Freeze 3-Labs Piano [2024-04-14 183331].wav,Synth One-Shot,,,,,,Synth,One-Shot,,personal:2024,personal:2024/Leads,personal:2024||personal:2024/Leads||freeze 3 labs piano,domain_coverage_v1,20260910T171406,false,24.0013,48000,2,
/Volumes/Jack_Gandy_1TB_SSD/Samples 2021 ->/2024/Leads/Square Wave C3.wav,Samples 2021 ->/2024/Leads/Square Wave C3.wav,Synth One-Shot,,,,,,Synth,One-Shot,,personal:2024,personal:2024/Leads,personal:2024||personal:2024/Leads||square wave,domain_coverage_v1,20260910T165711,false,9.2566,48000,2,
/Volumes/Jack_Gandy_1TB_SSD/Samples 2021 ->/2024/Noise/Noise at 22hz.wav,Samples 2021 ->/2024/Noise/Noise at 22hz.wav,SFX,,,,,,FX,One-Shot,,personal:2024,personal:2024/Noise,personal:2024||personal:2024/Noise||noise at,domain_coverage_v1,20260910T165711,false,19.4,48000,2,
/Volumes/Jack_Gandy_1TB_SSD/Samples 2021 ->/2024/Random/808_vocalLayer.wav,Samples 2021 ->/2024/Random/808_vocalLayer.wav,Other/none,,unsupported instrument,,,,Rejection,Rejection,,personal:2024,personal:2024/Random,personal:2024||personal:2024/Random||808 vocallayer,domain_coverage_v1,20260910T165711,false,0.3575,48000,2,
/Volumes/Jack_Gandy_1TB_SSD/Samples 2021 ->/2024/Reese Bass (F)/Freeze 12-whatthfu [2024-12-31 140636]-2.wav,Samples 2021 ->/2024/Reese Bass (F)/Freeze 12-whatthfu [2024-12-31 140636]-2.wav,Bass Reese,,,,,,Bass,One-Shot,,personal:2024,personal:2024/Reese Bass (F),personal:2024||personal:2024/Reese Bass (F)||freeze 12 whatthfu,domain_coverage_v1,20260910T165419,false,36.8975,48000,2,
/Volumes/Jack_Gandy_1TB_SSD/Samples 2021 ->/2024/Reese Bass (F)/Freeze 13-808_sqsaw [2024-12-21 160311]-2.wav,Samples 2021 ->/2024/Reese Bass (F)/Freeze 13-808_sqsaw [2024-12-21 160311]-2.wav,Bass Reese,,,,,,Bass,One-Shot,,personal:2024,personal:2024/Reese Bass (F),personal:2024||personal:2024/Reese Bass (F)||freeze 13 808 sqsaw,granularity_v1,20260911T104352,false,34.6771,48000,2,
/Volumes/Jack_Gandy_1TB_SSD/Samples 2021 ->/2024/Reese Bass (F)/Freeze 2-noise 808 reese [2024-12-22 152717]-2.wav,Samples 2021 ->/2024/Reese Bass (F)/Freeze 2-noise 808 reese [2024-12-22 152717]-2.wav,Bass Reese,,,,,,Bass,One-Shot,,personal:2024,personal:2024/Reese Bass (F),personal:2024||personal:2024/Reese Bass (F)||freeze 2 noise 808 reese,granularity_v1,20260911T104352,false,30.2422,48000,2,
/Volumes/Jack_Gandy_1TB_SSD/Samples 2021 ->/2024/Reese Bass (F)/Freeze 2-squaresaw [2025-01-07 184748]-2.wav,Samples 2021 ->/2024/Reese Bass (F)/Freeze 2-squaresaw [2025-01-07 184748]-2.wav,Bass Reese,,,,,,Bass,One-Shot,,personal:2024,personal:2024/Reese Bass (F),personal:2024||personal:2024/Reese Bass (F)||freeze 2 squaresaw,domain_coverage_v1,20260910T171406,false,29.7873,48000,2,
/Volumes/Jack_Gandy_1TB_SSD/Samples 2021 ->/2024/Reese Bass (F)/Freeze 35-fuckkyeh [2024-12-16 221224]-2.wav,Samples 2021 ->/2024/Reese Bass (F)/Freeze 35-fuckkyeh [2024-12-16 221224]-2.wav,Bass Reese,,,,,,Bass,One-Shot,,personal:2024,personal:2024/Reese Bass (F),personal:2024||personal:2024/Reese Bass (F)||freeze 35 fuckkyeh,domain_coverage_v1,20260910T171406,false,33.3479,48000,2,
/Volumes/Jack_Gandy_1TB_SSD/Samples 2021 ->/2024/Sub/Freeze 43-bIG sUB nOISE [2024-04-02 113135].wav,Samples 2021 ->/2024/Sub/Freeze 43-bIG sUB nOISE [2024-04-02 113135].wav,Other/none,,unsupported instrument,,,,Rejection,Rejection,,personal:2024,personal:2024/Sub,personal:2024||personal:2024/Sub||freeze 43 big sub noise,domain_coverage_v1,20260910T165711,false,19.4113,48000,2,
/Volumes/Jack_Gandy_1TB_SSD/Samples 2021 ->/2024/Suicide Snare.wav,Samples 2021 ->/2024/Suicide Snare.wav,Snare,,,,,,Snare,One-Shot,,personal:2024,personal:2024/_loose,personal:2024||personal:2024/_loose||suicide snare,domain_coverage_v1,20260910T171406,false,1.5345,48000,2,
/Volumes/Jack_Gandy_1TB_SSD/Samples 2021 ->/2024/Virtual Riot/VR Color-Bass Tools (100% Ableton Stock)/Samples/Imported/A#1-2.wav,Samples 2021 ->/2024/Virtual Riot/VR Color-Bass Tools (100% Ableton Stock)/Samples/Imported/A#1-2.wav,Kick,,,,,,Kick,One-Shot,,personal:2024,personal:2024/Virtual Riot,personal:2024||personal:2024/Virtual Riot||a,domain_coverage_v1,20260910T171406,false,0.9957,44100,2,
/Volumes/Jack_Gandy_1TB_SSD/Samples 2021 ->/2024/Virtual Riot/VR Color-Bass Tools (100% Ableton Stock)/Samples/Imported/B4-1.wav,Samples 2021 ->/2024/Virtual Riot/VR Color-Bass Tools (100% Ableton Stock)/Samples/Imported/B4-1.wav,Synth One-Shot,,,,,,Synth,One-Shot,,personal:2024,personal:2024/Virtual Riot,personal:2024||personal:2024/Virtual Riot||b4,domain_coverage_v1,20260910T171406,false,1.0003,44100,2,
/Volumes/Jack_Gandy_1TB_SSD/Samples 2021 ->/2024/Virtual Riot/VR Color-Bass Tools (100% Ableton Stock)/Samples/Imported/G1-1.wav,Samples 2021 ->/2024/Virtual Riot/VR Color-Bass Tools (100% Ableton Stock)/Samples/Imported/G1-1.wav,Synth One-Shot,,,,,,Synth,One-Shot,,personal:2024,personal:2024/Virtual Riot,personal:2024||personal:2024/Virtual Riot||g1,domain_coverage_v1,20260910T165419,false,0.9992,44100,2,
/Volumes/Jack_Gandy_1TB_SSD/Samples 2021 ->/2024/Vocal Chops/Emajor Waiting for you chop vocal.wav,Samples 2021 ->/2024/Vocal Chops/Emajor Waiting for you chop vocal.wav,Vocal Loop,,,,,,Vocal,Loop,,personal:2024,personal:2024/Vocal Chops,personal:2024||personal:2024/Vocal Chops||waiting for you chop vocal,domain_coverage_v1,20260910T171406,false,6.0,48000,2,
/Volumes/Jack_Gandy_1TB_SSD/Samples 2021 ->/2024/Vocal Chops/Freeze 7-F# major Black Friday - Tom Odell _ Vocal Only Cover _ No Instrumental _ Acapella [2024-10-11 181800]-2.wav,Samples 2021 ->/2024/Vocal Chops/Freeze 7-F# major Black Friday - Tom Odell _ Vocal Only Cover _ No Instrumental _ Acapella [2024-10-11 181800]-2.wav,Vocal One-Shot,,,,,,Vocal,One-Shot,,personal:2024,personal:2024/Vocal Chops,personal:2024||personal:2024/Vocal Chops||freeze 7 black friday tom odell vocal only cover no instrumental acapella,domain_coverage_v1,20260910T165711,false,11.2941,48000,2,
/Volumes/Jack_Gandy_1TB_SSD/Samples 2021 ->/2024/Vocoded Kitchen Foley/KF 103-foley_hit_thump_kick3.wav,Samples 2021 ->/2024/Vocoded Kitchen Foley/KF 103-foley_hit_thump_kick3.wav,Foley,,,,,,Foley,One-Shot,,personal:2024,personal:2024/Vocoded Kitchen Foley,personal:2024||personal:2024/Vocoded Kitchen Foley||kf 103 foley hit thump kick3,domain_coverage_v1,20260910T165230,false,1.2,48000,2,
/Volumes/Jack_Gandy_1TB_SSD/Samples 2021 ->/2024/Vocoded Kitchen Foley/KF 107-foley_hit_thump_kick7.wav,Samples 2021 ->/2024/Vocoded Kitchen Foley/KF 107-foley_hit_thump_kick7.wav,Foley,,,,,,Foley,One-Shot,,personal:2024,personal:2024/Vocoded Kitchen Foley,personal:2024||personal:2024/Vocoded Kitchen Foley||kf 107 foley hit thump kick7,granularity_v1,20260911T105134,false,1.2,48000,2,
/Volumes/Jack_Gandy_1TB_SSD/Samples 2021 ->/2024/Vocoded Kitchen Foley/KF 112-foley_hit_thump_kick12.wav,Samples 2021 ->/2024/Vocoded Kitchen Foley/KF 112-foley_hit_thump_kick12.wav,Foley,,,,,,Foley,One-Shot,,personal:2024,personal:2024/Vocoded Kitchen Foley,personal:2024||personal:2024/Vocoded Kitchen Foley||kf 112 foley hit thump kick12,domain_coverage_v1,20260910T171406,false,1.2,48000,2,
/Volumes/Jack_Gandy_1TB_SSD/Samples 2021 ->/2024/Vocoded Kitchen Foley/KF 28-foley_hit_metallic_scrape.wav,Samples 2021 ->/2024/Vocoded Kitchen Foley/KF 28-foley_hit_metallic_scrape.wav,Hi-Hat,,,,,,Hi-Hat,One-Shot,,personal:2024,personal:2024/Vocoded Kitchen Foley,personal:2024||personal:2024/Vocoded Kitchen Foley||kf 28 foley hit metallic scrape,domain_coverage_v1,20260910T171406,false,1.2,48000,2,
/Volumes/Jack_Gandy_1TB_SSD/Samples 2021 ->/2024/Vocoded Kitchen Foley/KF 9-foley_hit_crunch2.wav,Samples 2021 ->/2024/Vocoded Kitchen Foley/KF 9-foley_hit_crunch2.wav,Foley,,,,,,Foley,One-Shot,,personal:2024,personal:2024/Vocoded Kitchen Foley,personal:2024||personal:2024/Vocoded Kitchen Foley||kf 9 foley hit crunch2,granularity_v1,20260911T105134,false,1.2,48000,2,
/Volumes/Jack_Gandy_1TB_SSD/Samples 2021 ->/2024/Vocoded Kitchen Foley/KF 98-foley_hit_snarelayer2.wav,Samples 2021 ->/2024/Vocoded Kitchen Foley/KF 98-foley_hit_snarelayer2.wav,Foley,,,,,,Foley,One-Shot,,personal:2024,personal:2024/Vocoded Kitchen Foley,personal:2024||personal:2024/Vocoded Kitchen Foley||kf 98 foley hit snarelayer2,granularity_v1,20260911T105134,false,1.2,48000,2,
/Volumes/Jack_Gandy_1TB_SSD/Samples 2021 ->/2025/808_Reese_(F)/Freeze 2-guiltyasplz [2025-02-20 225400]-2.wav,Samples 2021 ->/2025/808_Reese_(F)/Freeze 2-guiltyasplz [2025-02-20 225400]-2.wav,Bass Reese,,,,,,Bass,One-Shot,,personal:2025,personal:2025/808_Reese_(F),personal:2025||personal:2025/808_Reese_(F)||freeze 2 guiltyasplz,domain_coverage_v1,20260910T173709,false,28.1809,96000,2,
/Volumes/Jack_Gandy_1TB_SSD/Samples 2021 ->/2025/808_Reese_(F)/Freeze 23-ckckck [2025-01-23 160630]-2.wav,Samples 2021 ->/2025/808_Reese_(F)/Freeze 23-ckckck [2025-01-23 160630]-2.wav,Other/none,,unsupported instrument,,,,Rejection,Rejection,,personal:2025,personal:2025/808_Reese_(F),personal:2025||personal:2025/808_Reese_(F)||freeze 23 ckckck,domain_coverage_v1,20260910T171406,false,18.9856,96000,2,
/Volumes/Jack_Gandy_1TB_SSD/Samples 2021 ->/2025/808_Reese_(F)/Freeze 23-cockforu [2025-01-23 154911]-1.wav,Samples 2021 ->/2025/808_Reese_(F)/Freeze 23-cockforu [2025-01-23 154911]-1.wav,Bass Reese,,,,,,Bass,One-Shot,,personal:2025,personal:2025/808_Reese_(F),personal:2025||personal:2025/808_Reese_(F)||freeze 23 cockforu,domain_coverage_v1,20260910T165711,false,18.9871,96000,2,
/Volumes/Jack_Gandy_1TB_SSD/Samples 2021 ->/2025/Bounce 15-LABS-2 [2025-06-15 164457].wav,Samples 2021 ->/2025/Bounce 15-LABS-2 [2025-06-15 164457].wav,Synth One-Shot,,,,,,Synth,One-Shot,,personal:2025,personal:2025/_loose,personal:2025||personal:2025/_loose||bounce 15 labs,domain_coverage_v1,20260910T171406,false,8.0,48000,2,
/Volumes/Jack_Gandy_1TB_SSD/Samples 2021 ->/2025/Bounce 22-Operator [2025-06-24 144636]-2.wav,Samples 2021 ->/2025/Bounce 22-Operator [2025-06-24 144636]-2.wav,Synth One-Shot,,,,,,Synth,One-Shot,,personal:2025,personal:2025/_loose,personal:2025||personal:2025/_loose||bounce 22 operator,domain_coverage_v1,20260910T171406,false,10.3172,48000,2,
/Volumes/Jack_Gandy_1TB_SSD/Samples 2021 ->/2025/Drums/Kick/Freeze 6-Kit-808 Classic [2025-03-11 112118]-2.wav,Samples 2021 ->/2025/Drums/Kick/Freeze 6-Kit-808 Classic [2025-03-11 112118]-2.wav,Kick,,,,,,Kick,One-Shot,,personal:2025,personal:2025/Drums,personal:2025||personal:2025/Drums||freeze 6 kit 808 classic,domain_coverage_v1,20260910T171406,false,3.4286,96000,2,
/Volumes/Jack_Gandy_1TB_SSD/Samples 2021 ->/2025/Drums/Kick/Kick 909 1 [2025-04-04 214327].aif,Samples 2021 ->/2025/Drums/Kick/Kick 909 1 [2025-04-04 214327].aif,Kick,,,,,,Kick,One-Shot,,personal:2025,personal:2025/Drums,personal:2025||personal:2025/Drums||kick 909,domain_coverage_v1,20260910T165519,false,0.682,96000,1,
/Volumes/Jack_Gandy_1TB_SSD/Samples 2021 ->/2025/Drums/Snare/Snare Wood Combo Hoosier.wav,Samples 2021 ->/2025/Drums/Snare/Snare Wood Combo Hoosier.wav,Foley,,,,,,Foley,One-Shot,,personal:2025,personal:2025/Drums,personal:2025||personal:2025/Drums||snare wood combo hoosier,domain_coverage_v1,20260910T171406,false,1.1111,44100,2,519dbb8f0ece7ca3447badc3de3263be3233208166c389045e5100c337b7854f
/Volumes/Jack_Gandy_1TB_SSD/Samples 2021 ->/2025/Gmaj_Vocal_Chop.wav,Samples 2021 ->/2025/Gmaj_Vocal_Chop.wav,Vocal Loop,,,,,,Vocal,Loop,,personal:2025,personal:2025/_loose,personal:2025||personal:2025/_loose||vocal chop,domain_coverage_v1,20260910T165643,false,25.6,48000,2,
/Volumes/Jack_Gandy_1TB_SSD/Samples 2021 ->/2025/Melodic/Ahh_Reverb.wav,Samples 2021 ->/2025/Melodic/Ahh_Reverb.wav,Vocal One-Shot,,,,,,Vocal,One-Shot,,personal:2025,personal:2025/Melodic,personal:2025||personal:2025/Melodic||ahh reverb,domain_coverage_v1,20260910T165711,false,31.47,96000,2,
/Volumes/Jack_Gandy_1TB_SSD/Samples 2021 ->/2025/Melodic/SawReverb.wav,Samples 2021 ->/2025/Melodic/SawReverb.wav,Synth One-Shot,,,,,,Synth,One-Shot,,personal:2025,personal:2025/Melodic,personal:2025||personal:2025/Melodic||sawreverb,domain_coverage_v1,20260910T171406,false,17.5102,96000,2,
/Volumes/Jack_Gandy_1TB_SSD/Samples 2021 ->/2025/Melodic/Vocoder_Saw.wav,Samples 2021 ->/2025/Melodic/Vocoder_Saw.wav,Synth One-Shot,,,,,,Synth,One-Shot,,personal:2025,personal:2025/Melodic,personal:2025||personal:2025/Melodic||vocoder saw,domain_coverage_v1,20260910T173709,false,3.4286,48000,2,
/Volumes/Jack_Gandy_1TB_SSD/Samples 2021 ->/2025/Pads (C3)/Freeze 30-Vital [2025-01-24 162006]-2.wav,Samples 2021 ->/2025/Pads (C3)/Freeze 30-Vital [2025-01-24 162006]-2.wav,Synth One-Shot,,,,,,Synth,One-Shot,,personal:2025,personal:2025/Pads (C3),personal:2025||personal:2025/Pads (C3)||freeze 30 vital,domain_coverage_v1,20260910T165711,false,24.1875,96000,2,
/Volumes/Jack_Gandy_1TB_SSD/Samples 2021 ->/2025/Reese_Bass_(F)/Bounce 1-basic reese [2026-01-13 100329]-2.wav,Samples 2021 ->/2025/Reese_Bass_(F)/Bounce 1-basic reese [2026-01-13 100329]-2.wav,Bass Reese,,,,,,Bass,One-Shot,,personal:2025,personal:2025/Reese_Bass_(F),personal:2025||personal:2025/Reese_Bass_(F)||bounce 1 basic reese,granularity_v1,20260911T104352,false,28.4205,48000,2,
/Volumes/Jack_Gandy_1TB_SSD/Samples 2021 ->/2025/Reese_Bass_(F)/Bounce 1-light and easy [2026-01-14 153007]-2.wav,Samples 2021 ->/2025/Reese_Bass_(F)/Bounce 1-light and easy [2026-01-14 153007]-2.wav,Bass Reese,,,,,,Bass,One-Shot,,personal:2025,personal:2025/Reese_Bass_(F),personal:2025||personal:2025/Reese_Bass_(F)||bounce 1 light and easy,domain_coverage_v1,20260910T165419,false,21.3432,48000,2,
/Volumes/Jack_Gandy_1TB_SSD/Samples 2021 ->/2025/Reese_Bass_(F)/Bounce 1-reese2v [2025-12-16 120149]-2.wav,Samples 2021 ->/2025/Reese_Bass_(F)/Bounce 1-reese2v [2025-12-16 120149]-2.wav,Bass Reese,,,,,,Bass,One-Shot,,personal:2025,personal:2025/Reese_Bass_(F),personal:2025||personal:2025/Reese_Bass_(F)||bounce 1 reese2v,domain_coverage_v1,20260910T171406,false,31.5101,96000,2,
/Volumes/Jack_Gandy_1TB_SSD/Samples 2021 ->/2025/Reese_Bass_(F)/Bounce 1-splitreese [2025-12-11 102953]-2.wav,Samples 2021 ->/2025/Reese_Bass_(F)/Bounce 1-splitreese [2025-12-11 102953]-2.wav,Bass Reese,,,,,,Bass,One-Shot,,personal:2025,personal:2025/Reese_Bass_(F),personal:2025||personal:2025/Reese_Bass_(F)||bounce 1 splitreese,granularity_v1,20260911T104352,false,29.2792,96000,2,
/Volumes/Jack_Gandy_1TB_SSD/Samples 2021 ->/2025/Reese_Bass_(F)/Bounce 2-Basic_Split_Reese [2025-12-13 021502]-2.wav,Samples 2021 ->/2025/Reese_Bass_(F)/Bounce 2-Basic_Split_Reese [2025-12-13 021502]-2.wav,Bass Reese,,,,,,Bass,One-Shot,,personal:2025,personal:2025/Reese_Bass_(F),personal:2025||personal:2025/Reese_Bass_(F)||bounce 2 basic split reese,granularity_v1,20260911T104352,false,48.7527,96000,2,
/Volumes/Jack_Gandy_1TB_SSD/Samples 2021 ->/2025/Reese_Bass_(F)/Bounce 28-hype [2026-01-07 171801]-2.wav,Samples 2021 ->/2025/Reese_Bass_(F)/Bounce 28-hype [2026-01-07 171801]-2.wav,Bass Reese,,,,,,Bass,One-Shot,,personal:2025,personal:2025/Reese_Bass_(F),personal:2025||personal:2025/Reese_Bass_(F)||bounce 28 hype,domain_coverage_v1,20260910T171406,false,33.4124,96000,2,
/Volumes/Jack_Gandy_1TB_SSD/Samples 2021 ->/2026/(Bounce) [2026-01-26 003025].wav,Samples 2021 ->/2026/(Bounce) [2026-01-26 003025].wav,Snare,,,,,,Snare,One-Shot,,personal:2026,personal:2026/_loose,personal:2026||personal:2026/_loose||(bounce),domain_coverage_v1,20260910T173709,false,0.3184,48000,2,
/Volumes/Jack_Gandy_1TB_SSD/Samples 2021 ->/2026/Koan_Kick.wav,Samples 2021 ->/2026/Koan_Kick.wav,Kick,,,,,,Kick,One-Shot,,personal:2026,personal:2026/_loose,personal:2026||personal:2026/_loose||koan kick,domain_coverage_v1,20260910T171406,false,0.1705,48000,2,
/Volumes/Jack_Gandy_1TB_SSD/Samples 2021 ->/2026/Koan_Snare.wav,Samples 2021 ->/2026/Koan_Snare.wav,Snare,,,,,,Snare,One-Shot,,personal:2026,personal:2026/_loose,personal:2026||personal:2026/_loose||koan snare,domain_coverage_v1,20260910T165711,false,0.2273,48000,2,
/Volumes/Jack_Gandy_1TB_SSD/Samples 2021 ->/2026/Reese_Bass_(F)/Bounce 1-fufa [2026-07-07 003355]-1.wav,Samples 2021 ->/2026/Reese_Bass_(F)/Bounce 1-fufa [2026-07-07 003355]-1.wav,Bass Reese,,,,,,Bass,One-Shot,,personal:2026,personal:2026/Reese_Bass_(F),personal:2026||personal:2026/Reese_Bass_(F)||bounce 1 fufa,domain_coverage_v1,20260910T171406,false,36.3363,44100,2,
/Volumes/Jack_Gandy_1TB_SSD/Samples 2021 ->/2026/Reese_Bass_(F)/Bounce 1-simple nip [2026-03-24 011435]-1.wav,Samples 2021 ->/2026/Reese_Bass_(F)/Bounce 1-simple nip [2026-03-24 011435]-1.wav,Bass Reese,,,,,,Bass,One-Shot,,personal:2026,personal:2026/Reese_Bass_(F),personal:2026||personal:2026/Reese_Bass_(F)||bounce 1 simple nip,domain_coverage_v1,20260910T171406,false,20.8646,48000,2,
/Volumes/Jack_Gandy_1TB_SSD/Samples 2021 ->/2026/Reese_Bass_(F)/Bounce 14-gust [2026-08-11 135624]-1.wav,Samples 2021 ->/2026/Reese_Bass_(F)/Bounce 14-gust [2026-08-11 135624]-1.wav,Bass Reese,,,,,,Bass,One-Shot,,personal:2026,personal:2026/Reese_Bass_(F),personal:2026||personal:2026/Reese_Bass_(F)||bounce 14 gust,domain_coverage_v1,20260910T165230,false,21.1119,48000,2,
/Volumes/Jack_Gandy_1TB_SSD/Samples 2021 ->/2026/Reese_Bass_(F)/Bounce 16-simple reese [2026-05-30 012934]-1.wav,Samples 2021 ->/2026/Reese_Bass_(F)/Bounce 16-simple reese [2026-05-30 012934]-1.wav,Bass Reese,,,,,,Bass,One-Shot,,personal:2026,personal:2026/Reese_Bass_(F),personal:2026||personal:2026/Reese_Bass_(F)||bounce 16 simple reese,granularity_v1,20260911T104352,false,27.3952,48000,2,
/Volumes/Jack_Gandy_1TB_SSD/Samples 2021 ->/Ableton Sampler/BL+Palm+Muted+Upright+3.1+ABLETON/BL Palm Muted Upright 3.1 Project/Samples/Imported/BL_PALMMUTEDUPRIGHT_MF_C0.wav,Samples 2021 ->/Ableton Sampler/BL+Palm+Muted+Upright+3.1+ABLETON/BL Palm Muted Upright 3.1 Project/Samples/Imported/BL_PALMMUTEDUPRIGHT_MF_C0.wav,Bass Hit,,,,,,Bass,One-Shot,,personal:Ableton Sampler,personal:Ableton Sampler/BL+Palm+Muted+Upright+3.1+ABLETON,personal:Ableton Sampler||personal:Ableton Sampler/BL+Palm+Muted+Upright+3.1+ABLETON||bl palmmutedupright mf,domain_coverage_v1,20260910T171406,false,8.5,48000,2,
/Volumes/Jack_Gandy_1TB_SSD/Samples 2021 ->/Ableton Sampler/BL+Palm+Muted+Upright+3.1+ABLETON/BL Palm Muted Upright 3.1 Project/Samples/Imported/BL_PALMMUTEDUPRIGHT_P_C0.wav,Samples 2021 ->/Ableton Sampler/BL+Palm+Muted+Upright+3.1+ABLETON/BL Palm Muted Upright 3.1 Project/Samples/Imported/BL_PALMMUTEDUPRIGHT_P_C0.wav,Bass Hit,,,,,,Bass,One-Shot,,personal:Ableton Sampler,personal:Ableton Sampler/BL+Palm+Muted+Upright+3.1+ABLETON,personal:Ableton Sampler||personal:Ableton Sampler/BL+Palm+Muted+Upright+3.1+ABLETON||bl palmmutedupright p,domain_coverage_v1,20260910T173709,false,8.5,48000,2,
/Volumes/Jack_Gandy_1TB_SSD/Samples 2021 ->/Ableton Sampler/BL+Palm+Muted+Upright+3.1+ABLETON/Noise Reduced Samples/BL_PALMMUTEDUPRIGHT_SILENCE_01.wav,Samples 2021 ->/Ableton Sampler/BL+Palm+Muted+Upright+3.1+ABLETON/Noise Reduced Samples/BL_PALMMUTEDUPRIGHT_SILENCE_01.wav,Weather/Nature Atmos,,,,,,FX,Loop,,personal:Ableton Sampler,personal:Ableton Sampler/BL+Palm+Muted+Upright+3.1+ABLETON,personal:Ableton Sampler||personal:Ableton Sampler/BL+Palm+Muted+Upright+3.1+ABLETON||bl palmmutedupright silence,domain_coverage_v1,20260910T165711,false,19.8453,48000,2,
/Volumes/Jack_Gandy_1TB_SSD/Samples 2021 ->/Ableton Sampler/Breitler Switzerland Musicbox - Anne Obel/Samples/Breitler Convolution Reverb.wav,Samples 2021 ->/Ableton Sampler/Breitler Switzerland Musicbox - Anne Obel/Samples/Breitler Convolution Reverb.wav,Clap,,,,,,Clap,One-Shot,,personal:Ableton Sampler,personal:Ableton Sampler/Breitler Switzerland Musicbox - Anne Obel,personal:Ableton Sampler||personal:Ableton Sampler/Breitler Switzerland Musicbox - Anne Obel||breitler convolution reverb,domain_coverage_v1,20260910T171406,false,3.5928,48000,2,
/Volumes/Jack_Gandy_1TB_SSD/Samples 2021 ->/Ableton Sampler/Breitler Switzerland Musicbox - Anne Obel/Samples/Breitler Mechanical Noise.wav,Samples 2021 ->/Ableton Sampler/Breitler Switzerland Musicbox - Anne Obel/Samples/Breitler Mechanical Noise.wav,Foley,,,,,,Foley,One-Shot,,personal:Ableton Sampler,personal:Ableton Sampler/Breitler Switzerland Musicbox - Anne Obel,personal:Ableton Sampler||personal:Ableton Sampler/Breitler Switzerland Musicbox - Anne Obel||breitler mechanical noise,domain_coverage_v1,20260910T165711,false,24.5267,48000,2,
/Volumes/Jack_Gandy_1TB_SSD/Samples 2021 ->/Ableton Sampler/Breitler Switzerland Musicbox - Anne Obel/Samples/Breitler Wind Spring 1.wav,Samples 2021 ->/Ableton Sampler/Breitler Switzerland Musicbox - Anne Obel/Samples/Breitler Wind Spring 1.wav,Foley,,,,,,Foley,One-Shot,,personal:Ableton Sampler,personal:Ableton Sampler/Breitler Switzerland Musicbox - Anne Obel,personal:Ableton Sampler||personal:Ableton Sampler/Breitler Switzerland Musicbox - Anne Obel||breitler wind spring,domain_coverage_v1,20260910T173709,false,1.0,48000,2,
/Volumes/Jack_Gandy_1TB_SSD/Samples 2021 ->/Ableton Sampler/Hammond L102 Ableton Edition/FenderDeVille_stereo.wav,Samples 2021 ->/Ableton Sampler/Hammond L102 Ableton Edition/FenderDeVille_stereo.wav,Foley,,,,,,Foley,One-Shot,,personal:Ableton Sampler,personal:Ableton Sampler/Hammond L102 Ableton Edition,personal:Ableton Sampler||personal:Ableton Sampler/Hammond L102 Ableton Edition||fenderdeville stereo,domain_coverage_v1,20260910T171406,false,3.4871,48000,2,
/Volumes/Jack_Gandy_1TB_SSD/Samples 2021 ->/Ableton Sampler/Hammond L102 Ableton Edition/HornR.wav,Samples 2021 ->/Ableton Sampler/Hammond L102 Ableton Edition/HornR.wav,Rimshot,,,,,,Rimshot,One-Shot,,personal:Ableton Sampler,personal:Ableton Sampler/Hammond L102 Ableton Edition,personal:Ableton Sampler||personal:Ableton Sampler/Hammond L102 Ableton Edition||hornr,domain_coverage_v1,20260910T171406,false,0.3904,44100,1,
/Volumes/Jack_Gandy_1TB_SSD/Samples 2021 ->/Ableton Sampler/Hammond L102 Ableton Edition/Rotor.wav,Samples 2021 ->/Ableton Sampler/Hammond L102 Ableton Edition/Rotor.wav,Kick,,,,,,Kick,One-Shot,,personal:Ableton Sampler,personal:Ableton Sampler/Hammond L102 Ableton Edition,personal:Ableton Sampler||personal:Ableton Sampler/Hammond L102 Ableton Edition||rotor,domain_coverage_v1,20260910T165711,false,0.3604,44100,1,
/Volumes/Jack_Gandy_1TB_SSD/Samples 2021 ->/Impluse Responce/EchoThiefImpulseResponseLibrary/Recreation/HaleHolisticYogaStudio.wav,Samples 2021 ->/Impluse Responce/EchoThiefImpulseResponseLibrary/Recreation/HaleHolisticYogaStudio.wav,Foley,,,,,,Foley,One-Shot,,personal:Impluse Responce,personal:Impluse Responce/EchoThiefImpulseResponseLibrary,personal:Impluse Responce||personal:Impluse Responce/EchoThiefImpulseResponseLibrary||haleholisticyogastudio,domain_coverage_v1,20260910T171406,true,1.8397,44100,2,
/Volumes/Jack_Gandy_1TB_SSD/Samples 2021 ->/Impluse Responce/EchoThiefImpulseResponseLibrary/Underground/BatteryBenson.wav,Samples 2021 ->/Impluse Responce/EchoThiefImpulseResponseLibrary/Underground/BatteryBenson.wav,Foley,,,,,,Foley,One-Shot,,personal:Impluse Responce,personal:Impluse Responce/EchoThiefImpulseResponseLibrary,personal:Impluse Responce||personal:Impluse Responce/EchoThiefImpulseResponseLibrary||batterybenson,domain_coverage_v1,20260910T165230,true,1.8202,44100,2,
/Volumes/Jack_Gandy_1TB_SSD/Samples 2021 ->/Impluse Responce/EchoThiefImpulseResponseLibrary/Underground/BatteryPowell.wav,Samples 2021 ->/Impluse Responce/EchoThiefImpulseResponseLibrary/Underground/BatteryPowell.wav,Foley,,,,,,Foley,One-Shot,,personal:Impluse Responce,personal:Impluse Responce/EchoThiefImpulseResponseLibrary,personal:Impluse Responce||personal:Impluse Responce/EchoThiefImpulseResponseLibrary||batterypowell,domain_coverage_v1,20260910T171406,true,1.242,44100,2,
/Volumes/Jack_Gandy_1TB_SSD/Samples 2021 ->/Impluse Responce/OwnHammer - Impulse Response Libraries - Classic Rock Essentials/44100 Hz/Classic Rock/Mic Pair Mixes/441+/OH Classic-Rock 441+160.wav,Samples 2021 ->/Impluse Responce/OwnHammer - Impulse Response Libraries - Classic Rock Essentials/44100 Hz/Classic Rock/Mic Pair Mixes/441+/OH Classic-Rock 441+160.wav,Kick,,,,,,Kick,One-Shot,,personal:Impluse Responce,personal:Impluse Responce/OwnHammer - Impulse Response Libraries - Classic Rock Essentials,personal:Impluse Responce||personal:Impluse Responce/OwnHammer - Impulse Response Libraries - Classic Rock Essentials||oh classic rock 441+160,domain_coverage_v1,20260910T165230,true,0.208,44100,1,
/Volumes/Jack_Gandy_1TB_SSD/Samples 2021 ->/Impluse Responce/OwnHammer - Impulse Response Libraries - Classic Rock Essentials/44100 Hz/Classic Rock/Mic Pair Mixes/57+/OH Classic-Rock 57+58.wav,Samples 2021 ->/Impluse Responce/OwnHammer - Impulse Response Libraries - Classic Rock Essentials/44100 Hz/Classic Rock/Mic Pair Mixes/57+/OH Classic-Rock 57+58.wav,Kick,,,,,,Kick,One-Shot,,personal:Impluse Responce,personal:Impluse Responce/OwnHammer - Impulse Response Libraries - Classic Rock Essentials,personal:Impluse Responce||personal:Impluse Responce/OwnHammer - Impulse Response Libraries - Classic Rock Essentials||oh classic rock 57+58,domain_coverage_v1,20260910T171406,true,0.208,44100,1,
/Volumes/Jack_Gandy_1TB_SSD/Samples 2021 ->/Impluse Responce/OwnHammer - Impulse Response Libraries - Classic Rock Essentials/44100 Hz/Classic Rock/Mic Pair Mixes/906+/OH Classic-Rock 906+160.wav,Samples 2021 ->/Impluse Responce/OwnHammer - Impulse Response Libraries - Classic Rock Essentials/44100 Hz/Classic Rock/Mic Pair Mixes/906+/OH Classic-Rock 906+160.wav,Kick,,,,,,Kick,One-Shot,,personal:Impluse Responce,personal:Impluse Responce/OwnHammer - Impulse Response Libraries - Classic Rock Essentials,personal:Impluse Responce||personal:Impluse Responce/OwnHammer - Impulse Response Libraries - Classic Rock Essentials||oh classic rock 906+160,domain_coverage_v1,20260910T171406,true,0.208,44100,1,
"/Volumes/Jack_Gandy_1TB_SSD/Samples 2021 ->/Impluse Responce/Samplicity M7 Main - 02 - Wave, 32 bit, 48 Khz, v1.1/M7 - 1 Halls 14 Clear Hall/1 Halls 14 Clear Hall R.wav","Samples 2021 ->/Impluse Responce/Samplicity M7 Main - 02 - Wave, 32 bit, 48 Khz, v1.1/M7 - 1 Halls 14 Clear Hall/1 Halls 14 Clear Hall R.wav",Foley,,,,,,Foley,One-Shot,,personal:Impluse Responce,"personal:Impluse Responce/Samplicity M7 Main - 02 - Wave, 32 bit, 48 Khz, v1.1","personal:Impluse Responce||personal:Impluse Responce/Samplicity M7 Main - 02 - Wave, 32 bit, 48 Khz, v1.1||1 halls 14 clear hall r",domain_coverage_v1,20260910T171406,true,3.4687,48000,2,
"/Volumes/Jack_Gandy_1TB_SSD/Samples 2021 ->/Impluse Responce/Samplicity M7 Main - 02 - Wave, 32 bit, 48 Khz, v1.1/M7 - 4 Chambers 08 Kick Chamber/4 Chambers 08 Kick Chamber L.wav","Samples 2021 ->/Impluse Responce/Samplicity M7 Main - 02 - Wave, 32 bit, 48 Khz, v1.1/M7 - 4 Chambers 08 Kick Chamber/4 Chambers 08 Kick Chamber L.wav",Kick,,,,,,Kick,One-Shot,,personal:Impluse Responce,"personal:Impluse Responce/Samplicity M7 Main - 02 - Wave, 32 bit, 48 Khz, v1.1","personal:Impluse Responce||personal:Impluse Responce/Samplicity M7 Main - 02 - Wave, 32 bit, 48 Khz, v1.1||4 chambers 08 kick chamber l",domain_coverage_v1,20260910T165043,true,1.6234,48000,2,
"/Volumes/Jack_Gandy_1TB_SSD/Samples 2021 ->/Impluse Responce/Samplicity M7 Main - 02 - Wave, 32 bit, 48 Khz, v1.1/M7 - 5 Ambiences 06 Small & Dark/5 Ambiences 06 Small & Dark  M-to-S.wav","Samples 2021 ->/Impluse Responce/Samplicity M7 Main - 02 - Wave, 32 bit, 48 Khz, v1.1/M7 - 5 Ambiences 06 Small & Dark/5 Ambiences 06 Small & Dark  M-to-S.wav",Foley,,,,,,Foley,One-Shot,,personal:Impluse Responce,"personal:Impluse Responce/Samplicity M7 Main - 02 - Wave, 32 bit, 48 Khz, v1.1","personal:Impluse Responce||personal:Impluse Responce/Samplicity M7 Main - 02 - Wave, 32 bit, 48 Khz, v1.1||5 ambiences 06 small & dark m to s",granularity_v1,20260911T105134,true,2.1217,48000,2,
"/Volumes/Jack_Gandy_1TB_SSD/Samples 2021 ->/Impluse Responce/Samplicity M7 Main - 02 - Wave, 32 bit, 48 Khz, v1.1/M7 - 6 Spaces 09 Arena/6 Spaces 09 Arena L.wav","Samples 2021 ->/Impluse Responce/Samplicity M7 Main - 02 - Wave, 32 bit, 48 Khz, v1.1/M7 - 6 Spaces 09 Arena/6 Spaces 09 Arena L.wav",Impact,,,,,,FX,One-Shot,,personal:Impluse Responce,"personal:Impluse Responce/Samplicity M7 Main - 02 - Wave, 32 bit, 48 Khz, v1.1","personal:Impluse Responce||personal:Impluse Responce/Samplicity M7 Main - 02 - Wave, 32 bit, 48 Khz, v1.1||6 spaces 09 arena l",domain_coverage_v1,20260910T171406,true,4.7682,48000,2,
/Volumes/Jack_Gandy_1TB_SSD/Samples 2021 ->/Sample Packs/Ambient Pads/PL0357_WAV_ACID_Ambient_Pads/Prime_Loops_-_Ambient_Pads/Ambient_Pads/Bpm90_F#m_AfterClub.wav,Samples 2021 ->/Sample Packs/Ambient Pads/PL0357_WAV_ACID_Ambient_Pads/Prime_Loops_-_Ambient_Pads/Ambient_Pads/Bpm90_F#m_AfterClub.wav,Pad,,,,,,Synth,One-Shot,,Ambient Pads,PL0357_WAV_ACID_Ambient_Pads,Ambient Pads||PL0357_WAV_ACID_Ambient_Pads||f#m afterclub,domain_coverage_v1,20260910T165711,false,21.3333,44100,2,
/Volumes/Jack_Gandy_1TB_SSD/Samples 2021 ->/Sample Packs/Analog Percussion Vol.3 by Donit/Drumbrute Impact FM Drum - Medium 23.wav,Samples 2021 ->/Sample Packs/Analog Percussion Vol.3 by Donit/Drumbrute Impact FM Drum - Medium 23.wav,Percussion,Other Percussive Hit,,,,,Percussion,One-Shot,,Analog Percussion Vol.3 by Donit,Analog Percussion Vol.3 by Donit,Analog Percussion Vol.3 by Donit||Analog Percussion Vol.3 by Donit||drumbrute impact fm drum medium,domain_coverage_v1,20260910T173709,false,0.6002,44100,2,
/Volumes/Jack_Gandy_1TB_SSD/Samples 2021 ->/Sample Packs/Analog Percussion Vol.3 by Donit/Drumbrute Impact FM Drum - Short 100.wav,Samples 2021 ->/Sample Packs/Analog Percussion Vol.3 by Donit/Drumbrute Impact FM Drum - Short 100.wav,Synth One-Shot,,,,,,Synth,One-Shot,,Analog Percussion Vol.3 by Donit,Analog Percussion Vol.3 by Donit,Analog Percussion Vol.3 by Donit||Analog Percussion Vol.3 by Donit||drumbrute impact fm drum short,granularity_v1,20260911T111240,false,1.225,44100,2,
/Volumes/Jack_Gandy_1TB_SSD/Samples 2021 ->/Sample Packs/Analog Percussion Vol.3 by Donit/Drumbrute Impact FM Drum - Short 84.wav,Samples 2021 ->/Sample Packs/Analog Percussion Vol.3 by Donit/Drumbrute Impact FM Drum - Short 84.wav,Percussion,Other Percussive Hit,,,,,Percussion,One-Shot,sprint_label=Other Percussive Hit,Analog Percussion Vol.3 by Donit,Analog Percussion Vol.3 by Donit,Analog Percussion Vol.3 by Donit||Analog Percussion Vol.3 by Donit||drumbrute impact fm drum short,granularity_v1,20260911T111240,false,1.1999,44100,2,
/Volumes/Jack_Gandy_1TB_SSD/Samples 2021 ->/Sample Packs/Analog Percussion Vol.3 by Donit/Drumbrute Impact FM Drum - Very Long 38.wav,Samples 2021 ->/Sample Packs/Analog Percussion Vol.3 by Donit/Drumbrute Impact FM Drum - Very Long 38.wav,Impact,,,,,,FX,One-Shot,,Analog Percussion Vol.3 by Donit,Analog Percussion Vol.3 by Donit,Analog Percussion Vol.3 by Donit||Analog Percussion Vol.3 by Donit||drumbrute impact fm drum very long,granularity_v1,20260911T105134,false,5.6164,44100,2,
/Volumes/Jack_Gandy_1TB_SSD/Samples 2021 ->/Sample Packs/Analog Percussion Vol.3 by Donit/Microfreak Percussion - Long_23.wav,Samples 2021 ->/Sample Packs/Analog Percussion Vol.3 by Donit/Microfreak Percussion - Long_23.wav,Percussion,Other Percussive Hit,,,,,Percussion,One-Shot,sprint_label=Other Percussive Hit,Analog Percussion Vol.3 by Donit,Analog Percussion Vol.3 by Donit,Analog Percussion Vol.3 by Donit||Analog Percussion Vol.3 by Donit||microfreak percussion long,granularity_v1,20260911T104816,false,1.2817,44100,2,
/Volumes/Jack_Gandy_1TB_SSD/Samples 2021 ->/Sample Packs/Analog Percussion Vol.3 by Donit/Microfreak Percussion - Medium_61.wav,Samples 2021 ->/Sample Packs/Analog Percussion Vol.3 by Donit/Microfreak Percussion - Medium_61.wav,Percussion,Other Percussive Hit,,,,,Percussion,One-Shot,,Analog Percussion Vol.3 by Donit,Analog Percussion Vol.3 by Donit,Analog Percussion Vol.3 by Donit||Analog Percussion Vol.3 by Donit||microfreak percussion medium,domain_coverage_v1,20260910T171406,false,1.0072,44100,2,
/Volumes/Jack_Gandy_1TB_SSD/Samples 2021 ->/Sample Packs/Analog Percussion Vol.3 by Donit/Microfreak Percussion - Medium_65.wav,Samples 2021 ->/Sample Packs/Analog Percussion Vol.3 by Donit/Microfreak Percussion - Medium_65.wav,Percussion,Other Percussive Hit,,,,,Percussion,One-Shot,sprint_label=Other Percussive Hit,Analog Percussion Vol.3 by Donit,Analog Percussion Vol.3 by Donit,Analog Percussion Vol.3 by Donit||Analog Percussion Vol.3 by Donit||microfreak percussion medium,granularity_v1,20260911T104816,false,0.7185,44100,2,
/Volumes/Jack_Gandy_1TB_SSD/Samples 2021 ->/Sample Packs/Analog Percussion Vol.3 by Donit/System 1 Percussion - Short 37.wav,Samples 2021 ->/Sample Packs/Analog Percussion Vol.3 by Donit/System 1 Percussion - Short 37.wav,Percussion Loop,,,,,,Percussion,Loop,,Analog Percussion Vol.3 by Donit,Analog Percussion Vol.3 by Donit,Analog Percussion Vol.3 by Donit||Analog Percussion Vol.3 by Donit||system 1 percussion short,domain_coverage_v1,20260910T165711,false,0.6902,44100,2,
/Volumes/Jack_Gandy_1TB_SSD/Samples 2021 ->/Sample Packs/Analog Percussion Vol.3 by Donit/System 1 Percussion - Short 43.wav,Samples 2021 ->/Sample Packs/Analog Percussion Vol.3 by Donit/System 1 Percussion - Short 43.wav,Percussion,Other Percussive Hit,,,,,Percussion,One-Shot,sprint_label=Other Percussive Hit,Analog Percussion Vol.3 by Donit,Analog Percussion Vol.3 by Donit,Analog Percussion Vol.3 by Donit||Analog Percussion Vol.3 by Donit||system 1 percussion short,granularity_v1,20260911T104816,false,0.5599,44100,2,
/Volumes/Jack_Gandy_1TB_SSD/Samples 2021 ->/Sample Packs/Andreas Klein - Jazz Drums/splice-export__andreas-klein-jazz-drums_edited/loop/Drums/RT_Jazz_Drums_Jazz_Boogaloo_195_Loop_9_Drums_Andreas_Klein_195_loop.wav,Samples 2021 ->/Sample Packs/Andreas Klein - Jazz Drums/splice-export__andreas-klein-jazz-drums_edited/loop/Drums/RT_Jazz_Drums_Jazz_Boogaloo_195_Loop_9_Drums_Andreas_Klein_195_loop.wav,Drum Loop,,,,,,Drum,Loop,,Andreas Klein - Jazz Drums,splice-export__andreas-klein-jazz-drums_edited,Andreas Klein - Jazz Drums||splice-export__andreas-klein-jazz-drums_edited||rt jazz drums jazz boogaloo 195 loop 9 drums andreas klein 195 loop,domain_coverage_v1,20260910T165711,false,4.9231,44100,2,
/Volumes/Jack_Gandy_1TB_SSD/Samples 2021 ->/Sample Packs/Andreas Klein - Jazz Drums/splice-export__andreas-klein-jazz-drums_edited/loop/Drums/RT_Jazz_Drums_Jazz_Bossa_Sticks_140_Loop_3_Drums_Andreas_Klein_140_loop.wav,Samples 2021 ->/Sample Packs/Andreas Klein - Jazz Drums/splice-export__andreas-klein-jazz-drums_edited/loop/Drums/RT_Jazz_Drums_Jazz_Bossa_Sticks_140_Loop_3_Drums_Andreas_Klein_140_loop.wav,Drum Loop,,,,,,Drum,Loop,,Andreas Klein - Jazz Drums,splice-export__andreas-klein-jazz-drums_edited,Andreas Klein - Jazz Drums||splice-export__andreas-klein-jazz-drums_edited||rt jazz drums jazz bossa sticks 140 loop 3 drums andreas klein 140 loop,domain_coverage_v1,20260910T171406,false,13.7143,44100,2,
/Volumes/Jack_Gandy_1TB_SSD/Samples 2021 ->/Sample Packs/Andreas Klein - Jazz Drums/splice-export__andreas-klein-jazz-drums_edited/one_shot/Drums/Snare/RT_Jazz_Drums_Jazz_Kit_Snare_Rim_Click_Double_Flam_2_Drums_Andreas_Klein_one_shot.wav,Samples 2021 ->/Sample Packs/Andreas Klein - Jazz Drums/splice-export__andreas-klein-jazz-drums_edited/one_shot/Drums/Snare/RT_Jazz_Drums_Jazz_Kit_Snare_Rim_Click_Double_Flam_2_Drums_Andreas_Klein_one_shot.wav,Foley,,,,,,Foley,One-Shot,,Andreas Klein - Jazz Drums,splice-export__andreas-klein-jazz-drums_edited,Andreas Klein - Jazz Drums||splice-export__andreas-klein-jazz-drums_edited||rt jazz drums jazz kit snare rim click double flam 2 drums andreas klein one shot,domain_coverage_v1,20260910T173709,false,2.3643,44100,2,
/Volumes/Jack_Gandy_1TB_SSD/Samples 2021 ->/Sample Packs/Bendji Allonce - Percussion/splice-export__bendji-allonce-percussion-pack_edited/loop/Percussion/RT_Bendji_Allonce_Cajon_Loop_83_Percussion_Bendji_Allonce_115_loop.wav,Samples 2021 ->/Sample Packs/Bendji Allonce - Percussion/splice-export__bendji-allonce-percussion-pack_edited/loop/Percussion/RT_Bendji_Allonce_Cajon_Loop_83_Percussion_Bendji_Allonce_115_loop.wav,Percussion Loop,,,,,,Percussion,Loop,,Bendji Allonce - Percussion,splice-export__bendji-allonce-percussion-pack_edited,Bendji Allonce - Percussion||splice-export__bendji-allonce-percussion-pack_edited||rt bendji allonce cajon loop 83 percussion bendji allonce 115 loop,domain_coverage_v1,20260910T165711,false,2.087,44100,2,fb81e0b2cf6b934bbbc6684f1f524cfaa69218e3993e0b55e28af3a7aa688f5b
/Volumes/Jack_Gandy_1TB_SSD/Samples 2021 ->/Sample Packs/Bendji Allonce - Percussion/splice-export__bendji-allonce-percussion-pack_edited/loop/Percussion/RT_Bendji_Allonce_Djembe_Loop_25_Percussion_Bendji_Allonce_120_loop.wav,Samples 2021 ->/Sample Packs/Bendji Allonce - Percussion/splice-export__bendji-allonce-percussion-pack_edited/loop/Percussion/RT_Bendji_Allonce_Djembe_Loop_25_Percussion_Bendji_Allonce_120_loop.wav,Percussion Loop,,,,,,Percussion,Loop,,Bendji Allonce - Percussion,splice-export__bendji-allonce-percussion-pack_edited,Bendji Allonce - Percussion||splice-export__bendji-allonce-percussion-pack_edited||rt bendji allonce djembe loop 25 percussion bendji allonce 120 loop,domain_coverage_v1,20260910T171406,false,8.0,44100,2,0fb5c7db6738d30e935e438b9f853689cff722daee08ee19af7184a920716558
/Volumes/Jack_Gandy_1TB_SSD/Samples 2021 ->/Sample Packs/Bendji Allonce - Percussion/splice-export__bendji-allonce-percussion-pack_edited/loop/Percussion/RT_Bendji_Allonce_Shaker_Loop_1_Percussion_Bendji_Allonce_120_loop.wav,Samples 2021 ->/Sample Packs/Bendji Allonce - Percussion/splice-export__bendji-allonce-percussion-pack_edited/loop/Percussion/RT_Bendji_Allonce_Shaker_Loop_1_Percussion_Bendji_Allonce_120_loop.wav,Percussion Loop,,,,,,Percussion,Loop,,Bendji Allonce - Percussion,splice-export__bendji-allonce-percussion-pack_edited,Bendji Allonce - Percussion||splice-export__bendji-allonce-percussion-pack_edited||rt bendji allonce shaker loop 1 percussion bendji allonce 120 loop,domain_coverage_v1,20260910T173709,false,8.0,44100,2,e34826dcaef67f004ddb1c4ff220b5812fa6cce6c5df3d4db95cc1be9b64ac6e
/Volumes/Jack_Gandy_1TB_SSD/Samples 2021 ->/Sample Packs/Black Lotus Audio x Dianna Artist Pack/Misc Sounds/BLA - Aah 1.wav,Samples 2021 ->/Sample Packs/Black Lotus Audio x Dianna Artist Pack/Misc Sounds/BLA - Aah 1.wav,Vocal One-Shot,,,,,,Vocal,One-Shot,,Black Lotus Audio x Dianna Artist Pack,Misc Sounds,Black Lotus Audio x Dianna Artist Pack||Misc Sounds||bla aah,domain_coverage_v1,20260910T165711,false,1.45,44100,2,cfa2e9dabf166fb171ed9b909c0b03e7b7021b219acce123b8dc89e5504adada
/Volumes/Jack_Gandy_1TB_SSD/Samples 2021 ->/Sample Packs/Black Lotus Audio x Dianna Artist Pack/Misc Sounds/BLA - Breath Sound 1.wav,Samples 2021 ->/Sample Packs/Black Lotus Audio x Dianna Artist Pack/Misc Sounds/BLA - Breath Sound 1.wav,Vocal Loop,,,,,,Vocal,Loop,,Black Lotus Audio x Dianna Artist Pack,Misc Sounds,Black Lotus Audio x Dianna Artist Pack||Misc Sounds||bla breath sound,domain_coverage_v1,20260910T171406,false,3.16,44100,2,65b6548359915167b9718bc44d31eb52f8c2ba77c23fc3ab82cfdd599f8eb7b3
/Volumes/Jack_Gandy_1TB_SSD/Samples 2021 ->/Sample Packs/Black Lotus Audio x Dianna Artist Pack/Misc Sounds/BLA - Ooh 1.wav,Samples 2021 ->/Sample Packs/Black Lotus Audio x Dianna Artist Pack/Misc Sounds/BLA - Ooh 1.wav,Vocal Loop,,,,,,Vocal,Loop,,Black Lotus Audio x Dianna Artist Pack,Misc Sounds,Black Lotus Audio x Dianna Artist Pack||Misc Sounds||bla ooh,domain_coverage_v1,20260910T173709,false,4.72,44100,2,be28c3ce78e19ee6f4c3192d2d88d03dc5314d0ea926d8460fca73fa7fa2b667
/Volumes/Jack_Gandy_1TB_SSD/Samples 2021 ->/Sample Packs/Black Lotus Audio x Dianna Artist Pack/Spoken Phrases/BLA - Do You Like It 1.wav,Samples 2021 ->/Sample Packs/Black Lotus Audio x Dianna Artist Pack/Spoken Phrases/BLA - Do You Like It 1.wav,Vocal Loop,,,,,,Vocal,Loop,,Black Lotus Audio x Dianna Artist Pack,Spoken Phrases,Black Lotus Audio x Dianna Artist Pack||Spoken Phrases||bla do you like it,domain_coverage_v1,20260910T171406,false,2.55,44100,2,2e9d63fe063d685787df72ccf6c15177d553d7e9bbad9cea67fb2e2ddad2afec
/Volumes/Jack_Gandy_1TB_SSD/Samples 2021 ->/Sample Packs/Black Lotus Audio x Dianna Artist Pack/Spoken Phrases/BLA - In Your Dreams 1.wav,Samples 2021 ->/Sample Packs/Black Lotus Audio x Dianna Artist Pack/Spoken Phrases/BLA - In Your Dreams 1.wav,Vocal Loop,,,,,,Vocal,Loop,,Black Lotus Audio x Dianna Artist Pack,Spoken Phrases,Black Lotus Audio x Dianna Artist Pack||Spoken Phrases||bla in your dreams,domain_coverage_v1,20260910T165711,false,1.5594,44100,2,1bc0173cda93b58ed536efc4a4f7bbb5b4f786b187723fdb9fa861fe54e49188
/Volumes/Jack_Gandy_1TB_SSD/Samples 2021 ->/Sample Packs/Black Lotus Audio x Dianna Artist Pack/Spoken Phrases/BLA - Yeah 1.wav,Samples 2021 ->/Sample Packs/Black Lotus Audio x Dianna Artist Pack/Spoken Phrases/BLA - Yeah 1.wav,Vocal One-Shot,,,,,,Vocal,One-Shot,,Black Lotus Audio x Dianna Artist Pack,Spoken Phrases,Black Lotus Audio x Dianna Artist Pack||Spoken Phrases||bla yeah,domain_coverage_v1,20260910T171406,false,0.96,44100,2,a62ad982ab6c874a76f5cb08aaad4e9a93cd8beb12236854a9f323b107fe3c42
/Volumes/Jack_Gandy_1TB_SSD/Samples 2021 ->/Sample Packs/Black Lotus Audio x Dianna Artist Pack/Sung Phrases/BLA - Make It Like You Know 1 - D Major.wav,Samples 2021 ->/Sample Packs/Black Lotus Audio x Dianna Artist Pack/Sung Phrases/BLA - Make It Like You Know 1 - D Major.wav,Vocal Loop,,,,,,Vocal,Loop,,Black Lotus Audio x Dianna Artist Pack,Sung Phrases,Black Lotus Audio x Dianna Artist Pack||Sung Phrases||bla make it like you know,domain_coverage_v1,20260910T165519,false,9.1212,44100,2,2fcc8a16a2b07e427879db77797884ca1ffb6533902b1c58cf46ae886fc1b15a
/Volumes/Jack_Gandy_1TB_SSD/Samples 2021 ->/Sample Packs/Black Lotus Audio x Dianna Artist Pack/Sung Phrases/BLA - Need It 1 - F# Major.wav,Samples 2021 ->/Sample Packs/Black Lotus Audio x Dianna Artist Pack/Sung Phrases/BLA - Need It 1 - F# Major.wav,Vocal Loop,,,,,,Vocal,Loop,,Black Lotus Audio x Dianna Artist Pack,Sung Phrases,Black Lotus Audio x Dianna Artist Pack||Sung Phrases||bla need it,domain_coverage_v1,20260910T171406,false,1.6623,44100,2,fe194935e8d01651c653a21503a631cb25632b05d8a42503dab7c6842abb8930
/Volumes/Jack_Gandy_1TB_SSD/Samples 2021 ->/Sample Packs/Black Lotus Audio x Dianna Artist Pack/Sung Phrases/BLA - Think About Their Feelings 1 - C Major.wav,Samples 2021 ->/Sample Packs/Black Lotus Audio x Dianna Artist Pack/Sung Phrases/BLA - Think About Their Feelings 1 - C Major.wav,Vocal Loop,,,,,,Vocal,Loop,,Black Lotus Audio x Dianna Artist Pack,Sung Phrases,Black Lotus Audio x Dianna Artist Pack||Sung Phrases||bla think about their feelings,domain_coverage_v1,20260910T171406,false,6.3188,44100,2,aa0e0f601c5382de806f2a02d66096629c909def0bf542932f5ca26a234fb63a
/Volumes/Jack_Gandy_1TB_SSD/Samples 2021 ->/Sample Packs/Black Octopus Sound - Pure Analog Sweeps IV (2021)/A#/Diamaudix_Audio_PAS_IV_Sweep_FX_Bb_01.wav,Samples 2021 ->/Sample Packs/Black Octopus Sound - Pure Analog Sweeps IV (2021)/A#/Diamaudix_Audio_PAS_IV_Sweep_FX_Bb_01.wav,SFX,,,,,,FX,One-Shot,,Black Octopus Sound - Pure Analog Sweeps IV (2021),A#,Black Octopus Sound - Pure Analog Sweeps IV (2021)||A#||diamaudix audio pas iv sweep fx bb,domain_coverage_v1,20260910T165711,false,5.8242,44100,2,a8a7af27e6063230e0473bbfa0f6f61de888e4b599fee898141d2a14b8aa36b9
/Volumes/Jack_Gandy_1TB_SSD/Samples 2021 ->/Sample Packs/Black Octopus Sound - Pure Analog Sweeps IV (2021)/A/Diamaudix_Audio_PAS_IV_Sweep_FX_A_01.wav,Samples 2021 ->/Sample Packs/Black Octopus Sound - Pure Analog Sweeps IV (2021)/A/Diamaudix_Audio_PAS_IV_Sweep_FX_A_01.wav,SFX,,,,,,FX,One-Shot,,Black Octopus Sound - Pure Analog Sweeps IV (2021),A,Black Octopus Sound - Pure Analog Sweeps IV (2021)||A||diamaudix audio pas iv sweep fx a,domain_coverage_v1,20260910T165711,false,5.1497,44100,2,a4d6c5cb4eb6636a9f8ab5b5c25385f384118de7ba56224775d5b18e9f6882d5
/Volumes/Jack_Gandy_1TB_SSD/Samples 2021 ->/Sample Packs/Black Octopus Sound - Pure Analog Sweeps IV (2021)/A/Diamaudix_Audio_PAS_IV_Sweep_FX_A_14.wav,Samples 2021 ->/Sample Packs/Black Octopus Sound - Pure Analog Sweeps IV (2021)/A/Diamaudix_Audio_PAS_IV_Sweep_FX_A_14.wav,SFX,,,,,,FX,One-Shot,,Black Octopus Sound - Pure Analog Sweeps IV (2021),A,Black Octopus Sound - Pure Analog Sweeps IV (2021)||A||diamaudix audio pas iv sweep fx a,granularity_v1,20260911T105134,false,9.6019,44100,2,9b87e3570d851bc93efed365416b8aadc5388cd2897f2ddfc1e143e9713d139d
/Volumes/Jack_Gandy_1TB_SSD/Samples 2021 ->/Sample Packs/Black Octopus Sound - Pure Analog Sweeps IV (2021)/B/Diamaudix_Audio_PAS_IV_Sweep_FX_B14.wav,Samples 2021 ->/Sample Packs/Black Octopus Sound - Pure Analog Sweeps IV (2021)/B/Diamaudix_Audio_PAS_IV_Sweep_FX_B14.wav,SFX,,,,,,FX,One-Shot,,Black Octopus Sound - Pure Analog Sweeps IV (2021),B,Black Octopus Sound - Pure Analog Sweeps IV (2021)||B||diamaudix audio pas iv sweep fx b14,domain_coverage_v1,20260910T171406,false,4.1276,44100,2,c55dcc57a4be4014c6b7952129b2a7b65e8e62041c93d2f24de9175dae243162
/Volumes/Jack_Gandy_1TB_SSD/Samples 2021 ->/Sample Packs/Black Octopus Sound - Pure Analog Sweeps IV (2021)/B/Diamaudix_Audio_PAS_IV_Sweep_FX_B16.wav,Samples 2021 ->/Sample Packs/Black Octopus Sound - Pure Analog Sweeps IV (2021)/B/Diamaudix_Audio_PAS_IV_Sweep_FX_B16.wav,SFX,,,,,,FX,One-Shot,,Black Octopus Sound - Pure Analog Sweeps IV (2021),B,Black Octopus Sound - Pure Analog Sweeps IV (2021)||B||diamaudix audio pas iv sweep fx b16,domain_coverage_v1,20260910T165711,false,4.2248,44100,2,2fab330149462a8f83bddbe29820cc337ffb13f7905fdcb1cb52e254ca37ed06
/Volumes/Jack_Gandy_1TB_SSD/Samples 2021 ->/Sample Packs/Black Octopus Sound - Pure Analog Sweeps IV (2021)/C#/Diamaudix_Audio_PAS_IV_Sweep_FX_C#_12.wav,Samples 2021 ->/Sample Packs/Black Octopus Sound - Pure Analog Sweeps IV (2021)/C#/Diamaudix_Audio_PAS_IV_Sweep_FX_C#_12.wav,SFX,,,,,,FX,One-Shot,,Black Octopus Sound - Pure Analog Sweeps IV (2021),C#,Black Octopus Sound - Pure Analog Sweeps IV (2021)||C#||diamaudix audio pas iv sweep fx c,domain_coverage_v1,20260910T165711,false,9.2424,44100,2,1a77c6643b0112c8da730d7481e7b4d47d439c5c55c5e7128f534e4ef7d5712d
/Volumes/Jack_Gandy_1TB_SSD/Samples 2021 ->/Sample Packs/Black Octopus Sound - Pure Analog Sweeps IV (2021)/C/Diamaudix_Audio_PAS_IV_Sweep_FX_C_01.wav,Samples 2021 ->/Sample Packs/Black Octopus Sound - Pure Analog Sweeps IV (2021)/C/Diamaudix_Audio_PAS_IV_Sweep_FX_C_01.wav,SFX,,,,,,FX,One-Shot,,Black Octopus Sound - Pure Analog Sweeps IV (2021),C,Black Octopus Sound - Pure Analog Sweeps IV (2021)||C||diamaudix audio pas iv sweep fx c,domain_coverage_v1,20260910T165711,false,5.7778,44100,2,3e0ed362b205fde2a41fc2ee596fd24f01cbe8df485234cf0c792c435102454a
/Volumes/Jack_Gandy_1TB_SSD/Samples 2021 ->/Sample Packs/Black Octopus Sound - Pure Analog Sweeps IV (2021)/D#/Diamaudix_Audio_PAS_IV_Sweep_FX_Eb_12.wav,Samples 2021 ->/Sample Packs/Black Octopus Sound - Pure Analog Sweeps IV (2021)/D#/Diamaudix_Audio_PAS_IV_Sweep_FX_Eb_12.wav,SFX,,,,,,FX,One-Shot,,Black Octopus Sound - Pure Analog Sweeps IV (2021),D#,Black Octopus Sound - Pure Analog Sweeps IV (2021)||D#||diamaudix audio pas iv sweep fx eb,domain_coverage_v1,20260910T165711,false,8.9811,44100,2,a7d2ac3c724906c642b84cfae5a835f35d361ebbb5fd3207219634ab998597ba
/Volumes/Jack_Gandy_1TB_SSD/Samples 2021 ->/Sample Packs/Black Octopus Sound - Pure Analog Sweeps IV (2021)/D/Diamaudix_Audio_PAS_IV_Sweep_FX_D_01.wav,Samples 2021 ->/Sample Packs/Black Octopus Sound - Pure Analog Sweeps IV (2021)/D/Diamaudix_Audio_PAS_IV_Sweep_FX_D_01.wav,SFX,,,,,,FX,One-Shot,,Black Octopus Sound - Pure Analog Sweeps IV (2021),D,Black Octopus Sound - Pure Analog Sweeps IV (2021)||D||diamaudix audio pas iv sweep fx d,domain_coverage_v1,20260910T165711,false,5.8396,44100,2,a8b659e2751facb22111f7bab9e42a13f65b9c48a13b3de205d7ce8c16072b6c
/Volumes/Jack_Gandy_1TB_SSD/Samples 2021 ->/Sample Packs/Black Octopus Sound - Pure Analog Sweeps IV (2021)/E/Diamaudix_Audio_PAS_IV_Sweep_FX_E_12.wav,Samples 2021 ->/Sample Packs/Black Octopus Sound - Pure Analog Sweeps IV (2021)/E/Diamaudix_Audio_PAS_IV_Sweep_FX_E_12.wav,SFX,,,,,,FX,One-Shot,,Black Octopus Sound - Pure Analog Sweeps IV (2021),E,Black Octopus Sound - Pure Analog Sweeps IV (2021)||E||diamaudix audio pas iv sweep fx e,domain_coverage_v1,20260910T165711,false,5.9392,44100,2,d042135d4aa4fd938937f2132da3faf777afb5f55cd3b02c9d0228ea2ccb45ce
/Volumes/Jack_Gandy_1TB_SSD/Samples 2021 ->/Sample Packs/Black Octopus Sound - Pure Analog Sweeps IV (2021)/F#/Diamaudix_Audio_PAS_IV_Sweep_FX_F#_01.wav,Samples 2021 ->/Sample Packs/Black Octopus Sound - Pure Analog Sweeps IV (2021)/F#/Diamaudix_Audio_PAS_IV_Sweep_FX_F#_01.wav,SFX,,,,,,FX,One-Shot,,Black Octopus Sound - Pure Analog Sweeps IV (2021),F#,Black Octopus Sound - Pure Analog Sweeps IV (2021)||F#||diamaudix audio pas iv sweep fx f,domain_coverage_v1,20260910T165711,false,5.4903,44100,2,2aca99d2b1d4c0e89439d04b28f02daab0337b8becd935c3050d1c625132e9ab
/Volumes/Jack_Gandy_1TB_SSD/Samples 2021 ->/Sample Packs/Black Octopus Sound - Pure Analog Sweeps IV (2021)/F/Diamaudix_Audio_PAS_IV_Sweep_FX_F_01.wav,Samples 2021 ->/Sample Packs/Black Octopus Sound - Pure Analog Sweeps IV (2021)/F/Diamaudix_Audio_PAS_IV_Sweep_FX_F_01.wav,SFX,,,,,,FX,One-Shot,,Black Octopus Sound - Pure Analog Sweeps IV (2021),F,Black Octopus Sound - Pure Analog Sweeps IV (2021)||F||diamaudix audio pas iv sweep fx f,domain_coverage_v1,20260910T165711,false,5.5769,44100,2,2c2e32e75d64d4d36dbdd13453ac262212a06858e51d01c71a906051338ad2ca
/Volumes/Jack_Gandy_1TB_SSD/Samples 2021 ->/Sample Packs/Black Octopus Sound - Pure Analog Sweeps IV (2021)/G#/Diamaudix_Audio_PAS_IV_Sweep_FX_Ab_01.wav,Samples 2021 ->/Sample Packs/Black Octopus Sound - Pure Analog Sweeps IV (2021)/G#/Diamaudix_Audio_PAS_IV_Sweep_FX_Ab_01.wav,SFX,,,,,,FX,One-Shot,,Black Octopus Sound - Pure Analog Sweeps IV (2021),G#,Black Octopus Sound - Pure Analog Sweeps IV (2021)||G#||diamaudix audio pas iv sweep fx ab,domain_coverage_v1,20260910T165711,false,5.5275,44100,2,f3e54c84a70a4812afca648b575b2dba0f62fe395f90905dc39a432f47d482ad
/Volumes/Jack_Gandy_1TB_SSD/Samples 2021 ->/Sample Packs/Black Octopus Sound - Pure Analog Sweeps IV (2021)/G/Diamaudix_Audio_PAS_IV_Sweep_FX_G_01.wav,Samples 2021 ->/Sample Packs/Black Octopus Sound - Pure Analog Sweeps IV (2021)/G/Diamaudix_Audio_PAS_IV_Sweep_FX_G_01.wav,SFX,,,,,,FX,One-Shot,,Black Octopus Sound - Pure Analog Sweeps IV (2021),G,Black Octopus Sound - Pure Analog Sweeps IV (2021)||G||diamaudix audio pas iv sweep fx g,domain_coverage_v1,20260910T165711,false,5.6599,44100,2,de123685717818b5664f003fad8871f51805ac48ebbab41290b6bb888e66cffc
/Volumes/Jack_Gandy_1TB_SSD/Samples 2021 ->/Sample Packs/Black Octopus Sound - Pure Analog Sweeps IV (2021)/X/Diamaudix_Audio_PAS_IV_Sweep_FX_X_01.wav,Samples 2021 ->/Sample Packs/Black Octopus Sound - Pure Analog Sweeps IV (2021)/X/Diamaudix_Audio_PAS_IV_Sweep_FX_X_01.wav,SFX,,,,,,FX,One-Shot,,Black Octopus Sound - Pure Analog Sweeps IV (2021),X,Black Octopus Sound - Pure Analog Sweeps IV (2021)||X||diamaudix audio pas iv sweep fx x,domain_coverage_v1,20260910T165711,false,4.6032,44100,2,c44c169098cf7fcae4ca913cadc5ef2da08c488f4bae05cbd4236fcfd217f17f
/Volumes/Jack_Gandy_1TB_SSD/Samples 2021 ->/Sample Packs/Black Octopus Sound - Pure Analog Sweeps IV (2021)/Xtra Loops/Diamaudix_Audio_PAS_IV_120_Bass_Loop_Gm.wav,Samples 2021 ->/Sample Packs/Black Octopus Sound - Pure Analog Sweeps IV (2021)/Xtra Loops/Diamaudix_Audio_PAS_IV_120_Bass_Loop_Gm.wav,Synth Loop,,,,,,Synth,Loop,,Black Octopus Sound - Pure Analog Sweeps IV (2021),Xtra Loops,Black Octopus Sound - Pure Analog Sweeps IV (2021)||Xtra Loops||diamaudix audio pas iv 120 bass loop gm,domain_coverage_v1,20260910T171406,false,8.0,44100,2,3f978e988e9abdc98bca05d70e1fd30f4180160fd01edaa5a8245145be8b85ba
/Volumes/Jack_Gandy_1TB_SSD/Samples 2021 ->/Sample Packs/Black Octopus Sound - Pure Analog Sweeps IV (2021)/Xtra Loops/Diamaudix_Audio_PAS_IV_120_Kick_Snare_Loop_Gm.wav,Samples 2021 ->/Sample Packs/Black Octopus Sound - Pure Analog Sweeps IV (2021)/Xtra Loops/Diamaudix_Audio_PAS_IV_120_Kick_Snare_Loop_Gm.wav,Kick Loop,,,,,,Kick,Loop,,Black Octopus Sound - Pure Analog Sweeps IV (2021),Xtra Loops,Black Octopus Sound - Pure Analog Sweeps IV (2021)||Xtra Loops||diamaudix audio pas iv 120 kick snare loop gm,domain_coverage_v1,20260910T165711,false,8.0,44100,2,6d0a16e47851088933e0d7f030fabf09ad147e09bb8d04d51e80ddf7defde6fc
/Volumes/Jack_Gandy_1TB_SSD/Samples 2021 ->/Sample Packs/Black Octopus Sound - Pure Analog Sweeps IV (2021)/Xtra One Shots/Diamaudix_Audio_PAS_IV_Clap_03.wav,Samples 2021 ->/Sample Packs/Black Octopus Sound - Pure Analog Sweeps IV (2021)/Xtra One Shots/Diamaudix_Audio_PAS_IV_Clap_03.wav,Clap,,,,,,Clap,One-Shot,,Black Octopus Sound - Pure Analog Sweeps IV (2021),Xtra One Shots,Black Octopus Sound - Pure Analog Sweeps IV (2021)||Xtra One Shots||diamaudix audio pas iv clap,domain_coverage_v1,20260910T171406,false,0.5948,44100,2,9dfacf627e117101aef7efad874456522a31c4578da58714b1bd216035b4a831
/Volumes/Jack_Gandy_1TB_SSD/Samples 2021 ->/Sample Packs/Black Octopus Sound - Pure Analog Sweeps IV (2021)/Xtra One Shots/Diamaudix_Audio_PAS_IV_Snare_01.wav,Samples 2021 ->/Sample Packs/Black Octopus Sound - Pure Analog Sweeps IV (2021)/Xtra One Shots/Diamaudix_Audio_PAS_IV_Snare_01.wav,Snare,,,,,,Snare,One-Shot,,Black Octopus Sound - Pure Analog Sweeps IV (2021),Xtra One Shots,Black Octopus Sound - Pure Analog Sweeps IV (2021)||Xtra One Shots||diamaudix audio pas iv snare,domain_coverage_v1,20260910T165711,false,1.9655,44100,2,1dee78977399ad14921329449e03ffa358b1279bd7cee2931d6bb7ffefc504d9
/Volumes/Jack_Gandy_1TB_SSD/Samples 2021 ->/Sample Packs/Breaks/Berlin Breaks/Bill Withers - Kissing My Love (Break).wav,Samples 2021 ->/Sample Packs/Breaks/Berlin Breaks/Bill Withers - Kissing My Love (Break).wav,Drum Loop,,,,,,Drum,Loop,,Breaks,Berlin Breaks,Breaks||Berlin Breaks||bill withers kissing my love (break),domain_coverage_v1,20260910T171406,false,10.4307,44100,2,d1d74c644c6f36d4c4b564138262bfa749a37908fd844480fcefbc92bd7501ea
/Volumes/Jack_Gandy_1TB_SSD/Samples 2021 ->/Sample Packs/Breaks/Berlin Breaks/Fills/Paul Kantner - Flowers of the Night (Fill).wav,Samples 2021 ->/Sample Packs/Breaks/Berlin Breaks/Fills/Paul Kantner - Flowers of the Night (Fill).wav,Drum Loop,,,,,,Drum,Loop,,Breaks,Berlin Breaks,Breaks||Berlin Breaks||paul kantner flowers of the night (fill),domain_coverage_v1,20260910T165711,false,2.7059,44100,2,fe19761624805814677a692c62b35f1cf3b6a908675aa4dfa2d582347c2659b6
/Volumes/Jack_Gandy_1TB_SSD/Samples 2021 ->/Sample Packs/Breaks/Dirty Arse Drum Breaks/Dirty Arse Drum Breaks 1/105 BPM/monosole_105bpm_10.wav,Samples 2021 ->/Sample Packs/Breaks/Dirty Arse Drum Breaks/Dirty Arse Drum Breaks 1/105 BPM/monosole_105bpm_10.wav,Drum Loop,,,,,,Drum,Loop,,Breaks,Dirty Arse Drum Breaks,Breaks||Dirty Arse Drum Breaks||monosole,drums_v1,,false,4.5714,44100,2,6ee5c23f49b9cebe7bb7fe47a4f825ce4f24862e29c007ddd2a70b56778e6ec0
/Volumes/Jack_Gandy_1TB_SSD/Samples 2021 ->/Sample Packs/Breaks/Dirty Arse Drum Breaks/Dirty Arse Drum Breaks 1/110 BPM/monosole_110bpm_3.wav,Samples 2021 ->/Sample Packs/Breaks/Dirty Arse Drum Breaks/Dirty Arse Drum Breaks 1/110 BPM/monosole_110bpm_3.wav,Drum Loop,,,,,,Drum,Loop,,Breaks,Dirty Arse Drum Breaks,Breaks||Dirty Arse Drum Breaks||monosole,drums_v1,,false,4.3637,44100,2,8ce19b3760c6b9579d1ecf0f2cc43988d39ed5e737f24a077153fcfb654235a5
/Volumes/Jack_Gandy_1TB_SSD/Samples 2021 ->/Sample Packs/Breaks/Dirty Arse Drum Breaks/Dirty Arse Drum Breaks 1/85 BPM/Chops/24 SNARE 1.wav,Samples 2021 ->/Sample Packs/Breaks/Dirty Arse Drum Breaks/Dirty Arse Drum Breaks 1/85 BPM/Chops/24 SNARE 1.wav,Snare,,,,,,Snare,One-Shot,,Breaks,Dirty Arse Drum Breaks,Breaks||Dirty Arse Drum Breaks||24 snare,domain_coverage_v1,20260910T165711,false,0.7077,44100,2,6cea915b3053b1070dc48250f70e672fca193a0da23f8499258d19eb98f5f062
/Volumes/Jack_Gandy_1TB_SSD/Samples 2021 ->/Sample Packs/Breaks/Dirty Arse Drum Breaks/Dirty Arse Drum Breaks 1/97 BPM/monosole_97bpm_12.wav,Samples 2021 ->/Sample Packs/Breaks/Dirty Arse Drum Breaks/Dirty Arse Drum Breaks 1/97 BPM/monosole_97bpm_12.wav,Drum Loop,,,,,,Drum,Loop,,Breaks,Dirty Arse Drum Breaks,Breaks||Dirty Arse Drum Breaks||monosole,drums_v1,,false,4.9485,44100,2,bce7b9b8db427c95bfcb20497d9b336976d1ba8f76359fe711fd8c1df86295cf
/Volumes/Jack_Gandy_1TB_SSD/Samples 2021 ->/Sample Packs/Breaks/Dirty Arse Drum Breaks/Dirty Arse Drum Breaks 2/85 BPM/85BPM_2.wav,Samples 2021 ->/Sample Packs/Breaks/Dirty Arse Drum Breaks/Dirty Arse Drum Breaks 2/85 BPM/85BPM_2.wav,Drum Loop,,,,,,Drum,Loop,,Breaks,Dirty Arse Drum Breaks,Breaks||Dirty Arse Drum Breaks||_unnamed,drums_v1,,false,2.8235,44100,1,2ecf5dafa9b1c90412a1271bb25ab1d816b9df9a559689a9dcd8006c283be747
/Volumes/Jack_Gandy_1TB_SSD/Samples 2021 ->/Sample Packs/Breaks/Dirty Arse Drum Breaks/Dirty Arse Drum Breaks 2/85 BPM/85BPM_5.wav,Samples 2021 ->/Sample Packs/Breaks/Dirty Arse Drum Breaks/Dirty Arse Drum Breaks 2/85 BPM/85BPM_5.wav,Drum Loop,,,,,,Drum,Loop,,Breaks,Dirty Arse Drum Breaks,Breaks||Dirty Arse Drum Breaks||_unnamed,drums_v1,,false,2.8235,44100,1,98eabc1f81ff2035112c9794ad6cc7d95f0737d70dd08ebc59e8bdc114411313
/Volumes/Jack_Gandy_1TB_SSD/Samples 2021 ->/Sample Packs/Breaks/Dirty Arse Drum Breaks/Dirty Arse Drum Breaks 2/85 BPM/Chops/85BPM_3 SNARE 1.wav,Samples 2021 ->/Sample Packs/Breaks/Dirty Arse Drum Breaks/Dirty Arse Drum Breaks 2/85 BPM/Chops/85BPM_3 SNARE 1.wav,Drum Loop,,,,,,Drum,Loop,,Breaks,Dirty Arse Drum Breaks,Breaks||Dirty Arse Drum Breaks||3 snare,domain_coverage_v1,20260910T171406,false,0.7094,44100,1,95fb7f76bf6af4cd4745822b43303d6a51f7103f9feda095589c27c3f40a93e0
/Volumes/Jack_Gandy_1TB_SSD/Samples 2021 ->/Sample Packs/Breaks/Dirty Arse Drum Breaks/Dirty Arse Drum Breaks 3/112 BPM/112bpm_3.wav,Samples 2021 ->/Sample Packs/Breaks/Dirty Arse Drum Breaks/Dirty Arse Drum Breaks 3/112 BPM/112bpm_3.wav,Drum Loop,,,,,,Drum,Loop,,Breaks,Dirty Arse Drum Breaks,Breaks||Dirty Arse Drum Breaks||_unnamed,drums_v1,,false,2.1638,44100,1,ffc91218bd553e0f23d12d138b23053def53ab89c08bba96f151de0a9ec14506
/Volumes/Jack_Gandy_1TB_SSD/Samples 2021 ->/Sample Packs/Breaks/Dirty Arse Drum Breaks/Dirty Arse Drum Breaks 3/92 BPM/92bpm_9.wav,Samples 2021 ->/Sample Packs/Breaks/Dirty Arse Drum Breaks/Dirty Arse Drum Breaks 3/92 BPM/92bpm_9.wav,Drum Loop,,,,,,Drum,Loop,,Breaks,Dirty Arse Drum Breaks,Breaks||Dirty Arse Drum Breaks||_unnamed,drums_v1,,false,2.6342,44100,1,f22253ebb7f08ba4482d7b27279c94f368b6940304f13df44fada1a284215d1a
/Volumes/Jack_Gandy_1TB_SSD/Samples 2021 ->/Sample Packs/Breaks/Dirty Arse Drum Breaks/Dirty Arse Drum Breaks 3/94 BPM/94bpm_3.wav,Samples 2021 ->/Sample Packs/Breaks/Dirty Arse Drum Breaks/Dirty Arse Drum Breaks 3/94 BPM/94bpm_3.wav,Drum Loop,,,,,,Drum,Loop,,Breaks,Dirty Arse Drum Breaks,Breaks||Dirty Arse Drum Breaks||_unnamed,drums_v1,,false,5.1568,44100,1,76267e8f0c3babd769d755318bf37b4d6d8aef3eb8b5353cf5ad868ffe9fa912
/Volumes/Jack_Gandy_1TB_SSD/Samples 2021 ->/Sample Packs/Breaks/Edison Breaks/Lisabel.wav,Samples 2021 ->/Sample Packs/Breaks/Edison Breaks/Lisabel.wav,Drum Loop,,,,,,Drum,Loop,,Breaks,Edison Breaks,Breaks||Edison Breaks||lisabel,domain_coverage_v1,20260910T171406,false,8.3205,44100,1,8afebff8d58ccce7feb525c95ce277866eca9be6494e4e1329a4f9b69b84534a
/Volumes/Jack_Gandy_1TB_SSD/Samples 2021 ->/Sample Packs/Breaks/Edison Breaks/Rollerboy Hats & Claps.wav,Samples 2021 ->/Sample Packs/Breaks/Edison Breaks/Rollerboy Hats & Claps.wav,Percussion Loop,,,,,,Percussion,Loop,,Breaks,Edison Breaks,Breaks||Edison Breaks||rollerboy hats & claps,domain_coverage_v1,20260910T165711,false,1.6217,44100,1,609068fb565e5878d4c3320fa19da050ee8adb101031a7879c780cb0000b9890
/Volumes/Jack_Gandy_1TB_SSD/Samples 2021 ->/Sample Packs/Breaks/Gems From The Crates/Percussion/AKT-PER-A001_bip.wav,Samples 2021 ->/Sample Packs/Breaks/Gems From The Crates/Percussion/AKT-PER-A001_bip.wav,Hi-Hat,,,,,,Hi-Hat,One-Shot,,Breaks,Gems From The Crates,Breaks||Gems From The Crates||akt per a001 bip,domain_coverage_v1,20260910T165711,false,0.743,44100,2,bd2c22439fa6755d5adb0dc2cb50db7dd4d76962b01478ae794cf99531c98134
/Volumes/Jack_Gandy_1TB_SSD/Samples 2021 ->/Sample Packs/Breaks/Gems From The Crates/Percussion/AKT-PER-A012_bip.wav,Samples 2021 ->/Sample Packs/Breaks/Gems From The Crates/Percussion/AKT-PER-A012_bip.wav,Crash,,,,,,Crash,One-Shot,,Breaks,Gems From The Crates,Breaks||Gems From The Crates||akt per a012 bip,domain_coverage_v1,20260910T171406,false,1.4861,44100,2,657367184d8ee031fa8560028eacdc3bcfb244746824188c833ba0a23859498b
/Volumes/Jack_Gandy_1TB_SSD/Samples 2021 ->/Sample Packs/Breaks/Laidback Breaks/datnew break - 1.wav,Samples 2021 ->/Sample Packs/Breaks/Laidback Breaks/datnew break - 1.wav,Percussion Loop,,,,,,Percussion,Loop,,Breaks,Laidback Breaks,Breaks||Laidback Breaks||datnew break,domain_coverage_v1,20260910T165711,false,0.6777,44100,2,4428542ff16445100722bba512434469d3d79ae180a3af51bf091510c9142cf1
/Volumes/Jack_Gandy_1TB_SSD/Samples 2021 ->/Sample Packs/Breaks/Laidback Breaks/street fighter break.wav,Samples 2021 ->/Sample Packs/Breaks/Laidback Breaks/street fighter break.wav,Drum Loop,,,,,,Drum,Loop,,Breaks,Laidback Breaks,Breaks||Laidback Breaks||street fighter break,domain_coverage_v1,20260910T171406,false,11.9574,44100,2,804fd0d6e7f9b0d35716340f019ac5ebb8b7c56c9c0f94f79a216d28c1079e0c
/Volumes/Jack_Gandy_1TB_SSD/Samples 2021 ->/Sample Packs/Breaks/The Drum Broker - International Breaks & Essential Kicks/The Drum Broker - International Breaks 1/CHOPS/WHITE HAT & KICK 2.wav,Samples 2021 ->/Sample Packs/Breaks/The Drum Broker - International Breaks & Essential Kicks/The Drum Broker - International Breaks 1/CHOPS/WHITE HAT & KICK 2.wav,Drum Loop,,,,,,Drum,Loop,,Breaks,The Drum Broker - International Breaks & Essential Kicks,Breaks||The Drum Broker - International Breaks & Essential Kicks||white hat & kick,granularity_v1,20260911T104121,false,0.6707,44100,2,84010e72094d14b375fc79ef632cb9cad5999f1882aff7d50e12aa861ffc45e3
/Volumes/Jack_Gandy_1TB_SSD/Samples 2021 ->/Sample Packs/Breaks/The Drum Broker - International Breaks & Essential Kicks/The Drum Broker - International Breaks 1/JW Bass Response LP Snips.1.wav,Samples 2021 ->/Sample Packs/Breaks/The Drum Broker - International Breaks & Essential Kicks/The Drum Broker - International Breaks 1/JW Bass Response LP Snips.1.wav,Drum Loop,,,,,,Drum,Loop,,Breaks,The Drum Broker - International Breaks & Essential Kicks,Breaks||The Drum Broker - International Breaks & Essential Kicks||jw bass response lp snips,granularity_v1,20260911T111240,false,13.6527,44100,2,f88995c5db6d9d0a63017a2edaa2a11f171ea84f5b141f5a5e891b2ea635ec3e
/Volumes/Jack_Gandy_1TB_SSD/Samples 2021 ->/Sample Packs/Breaks/The Drum Broker - International Breaks & Essential Kicks/The Drum Broker - International Breaks 1/VODKA.wav,Samples 2021 ->/Sample Packs/Breaks/The Drum Broker - International Breaks & Essential Kicks/The Drum Broker - International Breaks 1/VODKA.wav,Drum Loop,,,,,,Drum,Loop,,Breaks,The Drum Broker - International Breaks & Essential Kicks,Breaks||The Drum Broker - International Breaks & Essential Kicks||vodka,domain_coverage_v1,20260910T171406,false,10.3248,44100,2,67ea0692d8db441d5c422f6913e4383d3081ed5711adcb39735deb42871bb715
/Volumes/Jack_Gandy_1TB_SSD/Samples 2021 ->/Sample Packs/Breaks/The Drum Broker - International Breaks & Essential Kicks/The Drum Broker - International Breaks 4/LUCKY EGG.wav,Samples 2021 ->/Sample Packs/Breaks/The Drum Broker - International Breaks & Essential Kicks/The Drum Broker - International Breaks 4/LUCKY EGG.wav,Drum Loop,,,,,,Drum,Loop,,Breaks,The Drum Broker - International Breaks & Essential Kicks,Breaks||The Drum Broker - International Breaks & Essential Kicks||lucky egg,domain_coverage_v1,20260910T165711,false,11.77,44100,2,2936ced35c2d437e6ce5226bf6cd453fcf0fa8fe1738d6602ed8843d37a4ab41
/Volumes/Jack_Gandy_1TB_SSD/Samples 2021 ->/Sample Packs/Breaks/The Drum Broker - Kingsway Music Library 2/03 CHBLAP65bpm_2.wav,Samples 2021 ->/Sample Packs/Breaks/The Drum Broker - Kingsway Music Library 2/03 CHBLAP65bpm_2.wav,Other/none,,mixed/full music,,,,Rejection,Rejection,,Breaks,The Drum Broker - Kingsway Music Library 2,Breaks||The Drum Broker - Kingsway Music Library 2||03 chblap65bpm,domain_coverage_v1,20260910T165711,false,3.6662,44100,2,67eb3042078525911570042d2f1b5ac5a2e5a71330fe5efd9a0ac78e5d2bb531
/Volumes/Jack_Gandy_1TB_SSD/Samples 2021 ->/Sample Packs/Breaks/The Drum Broker - Kingsway Music Library 2/09 cold world 131 bpm edit_2.wav,Samples 2021 ->/Sample Packs/Breaks/The Drum Broker - Kingsway Music Library 2/09 cold world 131 bpm edit_2.wav,Synth Loop,,,,,,Synth,Loop,,Breaks,The Drum Broker - Kingsway Music Library 2,Breaks||The Drum Broker - Kingsway Music Library 2||09 cold world edit,domain_coverage_v1,20260910T171406,false,7.2806,44100,2,030d9fdc370e112d7c8541cead2ac3ffd004c3697b21bb5fa2b96a1ca9106ea9
/Volumes/Jack_Gandy_1TB_SSD/Samples 2021 ->/Sample Packs/Bright Lights Vocal Sample Pack/Bright_Lights_Vocal_Sample_Pack/Backing_Vocals/BL_C#m_120_BVs_loop_GirlGroup_HighHarm.wav,Samples 2021 ->/Sample Packs/Bright Lights Vocal Sample Pack/Bright_Lights_Vocal_Sample_Pack/Backing_Vocals/BL_C#m_120_BVs_loop_GirlGroup_HighHarm.wav,Vocal Loop,,,,,,Vocal,Loop,,Bright Lights Vocal Sample Pack,Bright_Lights_Vocal_Sample_Pack,Bright Lights Vocal Sample Pack||Bright_Lights_Vocal_Sample_Pack||bl c#m 120 bvs loop girlgroup highharm,domain_coverage_v1,20260910T173709,false,8.0,44100,2,fe0f0a0a36b8d607c56cdf0eb8791ff525b7e545f198c7934f2fedc8ee5e3534
/Volumes/Jack_Gandy_1TB_SSD/Samples 2021 ->/Sample Packs/Bright Lights Vocal Sample Pack/Bright_Lights_Vocal_Sample_Pack/Lead_Phrases/BL_Cm_85_lead_phrase_NeverGonLetYouGo.wav,Samples 2021 ->/Sample Packs/Bright Lights Vocal Sample Pack/Bright_Lights_Vocal_Sample_Pack/Lead_Phrases/BL_Cm_85_lead_phrase_NeverGonLetYouGo.wav,Vocal Loop,,,,,,Vocal,Loop,,Bright Lights Vocal Sample Pack,Bright_Lights_Vocal_Sample_Pack,Bright Lights Vocal Sample Pack||Bright_Lights_Vocal_Sample_Pack||bl cm 85 lead phrase nevergonletyougo,domain_coverage_v1,20260910T171406,false,11.2941,44100,2,5999ccaf9836adf809b911886f8e5f517d2b2b7d57bd103695c4a6b291ad2469
/Volumes/Jack_Gandy_1TB_SSD/Samples 2021 ->/Sample Packs/Bright Lights Vocal Sample Pack/Bright_Lights_Vocal_Sample_Pack/Shout_FX/BL_FX_vox_shout_oneshot_Police.wav,Samples 2021 ->/Sample Packs/Bright Lights Vocal Sample Pack/Bright_Lights_Vocal_Sample_Pack/Shout_FX/BL_FX_vox_shout_oneshot_Police.wav,Vocal One-Shot,,,,,,Vocal,One-Shot,,Bright Lights Vocal Sample Pack,Bright_Lights_Vocal_Sample_Pack,Bright Lights Vocal Sample Pack||Bright_Lights_Vocal_Sample_Pack||bl fx vox shout oneshot police,domain_coverage_v1,20260910T165711,false,1.3462,44100,2,981fa59eaaa5d8fe5f4075df36ca7aecdc8f5cd9b47bd61521f965e0f6838017
/Volumes/Jack_Gandy_1TB_SSD/Samples 2021 ->/Sample Packs/Capsun ProAudio - City Pop/Loops/Drum_Loops/Drum_loops_full/TCP_110_drum_loop_ladies_night.wav,Samples 2021 ->/Sample Packs/Capsun ProAudio - City Pop/Loops/Drum_Loops/Drum_loops_full/TCP_110_drum_loop_ladies_night.wav,Drum Loop,,,,,,Drum,Loop,,Capsun ProAudio - City Pop,Loops,Capsun ProAudio - City Pop||Loops||tcp 110 drum loop ladies night,drums_v1,,false,34.9091,44100,2,6d57f634c3cef6b14b4851f565e92b25290876ca4edda4fddc7e53e7d80d04bc
/Volumes/Jack_Gandy_1TB_SSD/Samples 2021 ->/Sample Packs/Capsun ProAudio - City Pop/Loops/Drum_Loops/Hihat/TCP_77_hihat_loop_romantics.wav,Samples 2021 ->/Sample Packs/Capsun ProAudio - City Pop/Loops/Drum_Loops/Hihat/TCP_77_hihat_loop_romantics.wav,Hi-Hat Loop,,,,,,Hi-Hat,Loop,,Capsun ProAudio - City Pop,Loops,Capsun ProAudio - City Pop||Loops||tcp 77 hihat loop romantics,domain_coverage_v1,20260910T171406,false,24.9351,44100,2,5f1612360b913763c1a64f8951f92d24bcf162293e93c030d0a5d9aaac7c14b3
/Volumes/Jack_Gandy_1TB_SSD/Samples 2021 ->/Sample Packs/Capsun ProAudio - City Pop/Loops/Melodic_Loops/Melodic_Stack_stripped/CPA_TCP_105_melodic_stack_breeze_stripped_F#m.wav,Samples 2021 ->/Sample Packs/Capsun ProAudio - City Pop/Loops/Melodic_Loops/Melodic_Stack_stripped/CPA_TCP_105_melodic_stack_breeze_stripped_F#m.wav,Other/none,,mixed/full music,,,,Rejection,Rejection,,Capsun ProAudio - City Pop,Loops,Capsun ProAudio - City Pop||Loops||cpa tcp 105 melodic stack breeze stripped f#m,domain_coverage_v1,20260910T165711,false,18.2857,44100,2,70932834ee38f870cce43e5359684e631953f6553d751c2b49c9381f0c55e3a8
/Volumes/Jack_Gandy_1TB_SSD/Samples 2021 ->/Sample Packs/Chill Synths/PL00402_ACID_WAV_Chill_Synths/Prime_Loops_-_Chill_Synths/Chill_Synths/Bpm90_em_Sirena.wav,Samples 2021 ->/Sample Packs/Chill Synths/PL00402_ACID_WAV_Chill_Synths/Prime_Loops_-_Chill_Synths/Chill_Synths/Bpm90_em_Sirena.wav,Synth Loop,,,,,,Synth,Loop,ground_truth_override=Other/none,Chill Synths,PL00402_ACID_WAV_Chill_Synths,Chill Synths||PL00402_ACID_WAV_Chill_Synths||em sirena,granularity_v1,20260911T111240,false,21.3333,44100,2,25f13222c795bfb92ea8ac23f7cce85e7c88174112725ba1150cefef225e3ee4
/Volumes/Jack_Gandy_1TB_SSD/Samples 2021 ->/Sample Packs/Cinematic Moods/PL0324_WAV_ACID_Cinematic_Moods/Prime_Loops_-_Cinematic_Moods/Synth_Leads___Pads/Bpm095_F#m_SpaceWasteland_Pad.wav,Samples 2021 ->/Sample Packs/Cinematic Moods/PL0324_WAV_ACID_Cinematic_Moods/Prime_Loops_-_Cinematic_Moods/Synth_Leads___Pads/Bpm095_F#m_SpaceWasteland_Pad.wav,Pad,,,,,,Synth,One-Shot,,Cinematic Moods,PL0324_WAV_ACID_Cinematic_Moods,Cinematic Moods||PL0324_WAV_ACID_Cinematic_Moods||f#m spacewasteland pad,domain_coverage_v1,20260910T165711,false,20.2105,44100,2,20731a318a8124155c43bad2e922385f4debb3ea991a55c7a5f35d63e9102aa0
/Volumes/Jack_Gandy_1TB_SSD/Samples 2021 ->/Sample Packs/Daniel Sadownick - Creative Percussion/RT_Daniel_Sadownick_Degraw_Session/loop/Percussion/RT_Daniel_Sadownick_Degraw_Traditional_Percussion_Tambo_120_Loop.wav,Samples 2021 ->/Sample Packs/Daniel Sadownick - Creative Percussion/RT_Daniel_Sadownick_Degraw_Session/loop/Percussion/RT_Daniel_Sadownick_Degraw_Traditional_Percussion_Tambo_120_Loop.wav,Percussion Loop,,,,,,Percussion,Loop,,Daniel Sadownick - Creative Percussion,RT_Daniel_Sadownick_Degraw_Session,Daniel Sadownick - Creative Percussion||RT_Daniel_Sadownick_Degraw_Session||rt daniel sadownick degraw traditional percussion tambo 120 loop,domain_coverage_v1,20260910T171406,false,1.0,44100,2,918fb9dec6ab48c0f6eff541e15a49925694847cf560d36f352ddaad93e1361b
/Volumes/Jack_Gandy_1TB_SSD/Samples 2021 ->/Sample Packs/Daniel Sadownick - Creative Percussion/RT_Daniel_Sadownick_Degraw_Session/one_shot/Percussion/RT_Daniel_Sadownick_Degraw_Creative_Percussion_Flexitone_One_Shots_2.wav,Samples 2021 ->/Sample Packs/Daniel Sadownick - Creative Percussion/RT_Daniel_Sadownick_Degraw_Session/one_shot/Percussion/RT_Daniel_Sadownick_Degraw_Creative_Percussion_Flexitone_One_Shots_2.wav,Percussion,Other Percussive Hit,,,,,Percussion,One-Shot,,Daniel Sadownick - Creative Percussion,RT_Daniel_Sadownick_Degraw_Session,Daniel Sadownick - Creative Percussion||RT_Daniel_Sadownick_Degraw_Session||rt daniel sadownick degraw creative percussion flexitone one shots,domain_coverage_v1,20260910T173709,false,1.8923,44100,2,e9b5842411df7132ef5f86336f9f329bc02274a2b53b6804fb52cd7055253194
/Volumes/Jack_Gandy_1TB_SSD/Samples 2021 ->/Sample Packs/Daniel Sadownick - Creative Percussion/RT_Daniel_Sadownick_Degraw_Session/one_shot/Percussion/RT_Daniel_Sadownick_Degraw_Creative_Percussion_Rainstick_Long_Decay_One_Shot.wav,Samples 2021 ->/Sample Packs/Daniel Sadownick - Creative Percussion/RT_Daniel_Sadownick_Degraw_Session/one_shot/Percussion/RT_Daniel_Sadownick_Degraw_Creative_Percussion_Rainstick_Long_Decay_One_Shot.wav,Percussion Loop,,,,,,Percussion,Loop,,Daniel Sadownick - Creative Percussion,RT_Daniel_Sadownick_Degraw_Session,Daniel Sadownick - Creative Percussion||RT_Daniel_Sadownick_Degraw_Session||rt daniel sadownick degraw creative percussion rainstick long decay one shot,domain_coverage_v1,20260910T165711,false,21.8268,44100,2,893b681a4bcaf5e55304092895cbdab844b7f2baa362d21b2daea477e732bee4
/Volumes/Jack_Gandy_1TB_SSD/Samples 2021 ->/Sample Packs/Daniel Sadownick - Percussion/splice-export__daniel-sadownick-percussion-session_edited/loop/Percussion/RT_Percussion_Session_Conga_Loop_11_Percussion_Daniel_Sadownick_137__loop.wav,Samples 2021 ->/Sample Packs/Daniel Sadownick - Percussion/splice-export__daniel-sadownick-percussion-session_edited/loop/Percussion/RT_Percussion_Session_Conga_Loop_11_Percussion_Daniel_Sadownick_137__loop.wav,Percussion Loop,,,,,,Percussion,Loop,,Daniel Sadownick - Percussion,splice-export__daniel-sadownick-percussion-session_edited,Daniel Sadownick - Percussion||splice-export__daniel-sadownick-percussion-session_edited||rt percussion session conga loop 11 percussion daniel sadownick 137 loop,domain_coverage_v1,20260910T173709,false,7.0073,44100,2,383db4e2e72b140b617e410005b45c893e184b24a9a181283b5e80d246d7f69e
/Volumes/Jack_Gandy_1TB_SSD/Samples 2021 ->/Sample Packs/Daniel Sadownick - Percussion/splice-export__daniel-sadownick-percussion-session_edited/loop/Percussion/RT_Percussion_Session_Timbales_Loop_1_Percussion_Daniel_Sadownick_125__loop.wav,Samples 2021 ->/Sample Packs/Daniel Sadownick - Percussion/splice-export__daniel-sadownick-percussion-session_edited/loop/Percussion/RT_Percussion_Session_Timbales_Loop_1_Percussion_Daniel_Sadownick_125__loop.wav,Percussion Loop,,,,,,Percussion,Loop,,Daniel Sadownick - Percussion,splice-export__daniel-sadownick-percussion-session_edited,Daniel Sadownick - Percussion||splice-export__daniel-sadownick-percussion-session_edited||rt percussion session timbales loop 1 percussion daniel sadownick 125 loop,domain_coverage_v1,20260910T165711,false,7.68,44100,2,c8eee679675cf9fdf8a0ae2b74648bbc4b744bc2fd7d5400ded2035f288bd49b
/Volumes/Jack_Gandy_1TB_SSD/Samples 2021 ->/Sample Packs/Daniel Sadownick - Percussion/splice-export__daniel-sadownick-percussion-session_edited/loop/Percussion/RT_Percussion_Session_Timbales_Loop_3_Percussion_Daniel_Sadownick_125__loop.wav,Samples 2021 ->/Sample Packs/Daniel Sadownick - Percussion/splice-export__daniel-sadownick-percussion-session_edited/loop/Percussion/RT_Percussion_Session_Timbales_Loop_3_Percussion_Daniel_Sadownick_125__loop.wav,Percussion Loop,,,,,,Percussion,Loop,,Daniel Sadownick - Percussion,splice-export__daniel-sadownick-percussion-session_edited,Daniel Sadownick - Percussion||splice-export__daniel-sadownick-percussion-session_edited||rt percussion session timbales loop 3 percussion daniel sadownick 125 loop,domain_coverage_v1,20260910T171406,false,3.84,44100,2,edad887d9c926dc962a2a53b3dfe24188283e4591414b4ce2ea3d17e4c317af9
/Volumes/Jack_Gandy_1TB_SSD/Samples 2021 ->/Sample Packs/Daniel deSimone - Experimental Percussion/splice-export__daniel-desimone-experimental-percussion_edited/loop/Percussion/RT_Experimental_Percussion_Percussion_Loop_4_Percussion_Daniel_deSimon_85_loop.wav,Samples 2021 ->/Sample Packs/Daniel deSimone - Experimental Percussion/splice-export__daniel-desimone-experimental-percussion_edited/loop/Percussion/RT_Experimental_Percussion_Percussion_Loop_4_Percussion_Daniel_deSimon_85_loop.wav,Percussion Loop,,,,,,Percussion,Loop,,Daniel deSimone - Experimental Percussion,splice-export__daniel-desimone-experimental-percussion_edited,Daniel deSimone - Experimental Percussion||splice-export__daniel-desimone-experimental-percussion_edited||rt experimental percussion percussion loop 4 percussion daniel desimon 85 loop,domain_coverage_v1,20260910T165711,false,5.6471,44100,2,935fb1dff17da8a624fe463176d154fe789ad05cb64351e5b02985e574ebd38d
/Volumes/Jack_Gandy_1TB_SSD/Samples 2021 ->/Sample Packs/Dot Da Genius Drumkit/SPLICE_SOUNDS_-_DOT_DA_GENIUS_-_DRUM_KIT/Loops/Drum_Loops/DDG_92_beatbox_loop.wav,Samples 2021 ->/Sample Packs/Dot Da Genius Drumkit/SPLICE_SOUNDS_-_DOT_DA_GENIUS_-_DRUM_KIT/Loops/Drum_Loops/DDG_92_beatbox_loop.wav,Foley Loop,,,,,,Foley,Loop,,Dot Da Genius Drumkit,SPLICE_SOUNDS_-_DOT_DA_GENIUS_-_DRUM_KIT,Dot Da Genius Drumkit||SPLICE_SOUNDS_-_DOT_DA_GENIUS_-_DRUM_KIT||ddg 92 beatbox loop,domain_coverage_v1,20260910T165711,false,9.6,48000,2,53a8126eeed42b2f4a9b06fa8caf50f03661042ce9a8675a14ba62be9732c588
/Volumes/Jack_Gandy_1TB_SSD/Samples 2021 ->/Sample Packs/Drum Breaks/20th Century - Hot Pants.wav,Samples 2021 ->/Sample Packs/Drum Breaks/20th Century - Hot Pants.wav,Drum Loop,,,,,,Drum,Loop,,Drum Breaks,Drum Breaks,Drum Breaks||Drum Breaks||20th century hot pants,domain_coverage_v1,20260910T165711,false,1.981,44100,1,edafb5f9c5f0b861aaace09fd5370f0f50b0019b90ae829468989ad0273a6c13
/Volumes/Jack_Gandy_1TB_SSD/Samples 2021 ->/Sample Packs/Drum Breaks/Afrique - House Of Rising Funk (part2).wav,Samples 2021 ->/Sample Packs/Drum Breaks/Afrique - House Of Rising Funk (part2).wav,Drum Loop,,,,,,Drum,Loop,,Drum Breaks,Drum Breaks,Drum Breaks||Drum Breaks||afrique house of rising funk (part2),domain_coverage_v1,20260910T173709,false,9.8305,44100,1,e8cd78ff7a43353f63eb733d8e1b62dc1f2b732fbed1b2752e089a54613b7b28
/Volumes/Jack_Gandy_1TB_SSD/Samples 2021 ->/Sample Packs/Drum Breaks/Lyn Collins - Think (part2).wav,Samples 2021 ->/Sample Packs/Drum Breaks/Lyn Collins - Think (part2).wav,Drum Loop,,,,,,Drum,Loop,,Drum Breaks,Drum Breaks,Drum Breaks||Drum Breaks||lyn collins think (part2),domain_coverage_v1,20260910T171406,false,14.7891,44100,2,fef0f37ec5ba9dc726a45e8df94da5445672ec953cb3ef97cbe148bc33fbe35c
/Volumes/Jack_Gandy_1TB_SSD/Samples 2021 ->/Sample Packs/Drum Recollection/2023 Drums (Demo)/(Open Hat) Seem 2 Be.wav,Samples 2021 ->/Sample Packs/Drum Recollection/2023 Drums (Demo)/(Open Hat) Seem 2 Be.wav,Hi-Hat,,,,,,Hi-Hat,One-Shot,,Drum Recollection,2023 Drums (Demo),Drum Recollection||2023 Drums (Demo)||(open hat) seem 2 be,granularity_v1,20260911T104121,false,1.7143,44100,2,8f2aaa9e205594aa9d70cc1c56e28f53b88f6dd456bddbf6df16ecf6004fa7bb
/Volumes/Jack_Gandy_1TB_SSD/Samples 2021 ->/Sample Packs/Drum Recollection/Essentials Drum Kit Vol. 001/Open Hats/Dissed Open Hat.wav,Samples 2021 ->/Sample Packs/Drum Recollection/Essentials Drum Kit Vol. 001/Open Hats/Dissed Open Hat.wav,Hi-Hat,,,,,,Hi-Hat,One-Shot,,Drum Recollection,Essentials Drum Kit Vol. 001,Drum Recollection||Essentials Drum Kit Vol. 001||dissed open hat,granularity_v1,20260911T104121,false,7.3846,48000,2,968af162193f7b05bf18a63f14d04eddbbae6479ec8708c5ead7242dfe7dd833
/Volumes/Jack_Gandy_1TB_SSD/Samples 2021 ->/Sample Packs/Drum Recollection/Essentials Drum Kit Vol. 001/Open Hats/Slingshot Open Hat.wav,Samples 2021 ->/Sample Packs/Drum Recollection/Essentials Drum Kit Vol. 001/Open Hats/Slingshot Open Hat.wav,Hi-Hat,,,,,,Hi-Hat,One-Shot,,Drum Recollection,Essentials Drum Kit Vol. 001,Drum Recollection||Essentials Drum Kit Vol. 001||slingshot open hat,granularity_v1,20260911T104121,false,7.3846,48000,2,a7b8db6762122131b4862af8020fe635af4e77c2e1fceb10c7bea9f872f51d87
/Volumes/Jack_Gandy_1TB_SSD/Samples 2021 ->/Sample Packs/Drum Recollection/Essentials Drum Kit Vol. 001/Rim Shots/FA4 Rimshot.wav,Samples 2021 ->/Sample Packs/Drum Recollection/Essentials Drum Kit Vol. 001/Rim Shots/FA4 Rimshot.wav,Rimshot,,,,,,Rimshot,One-Shot,,Drum Recollection,Essentials Drum Kit Vol. 001,Drum Recollection||Essentials Drum Kit Vol. 001||fa4 rimshot,drums_v1,,false,1.8461,48000,2,64fc12d94cb7237591a44d79817415340ca6178ee4c5a86e90f27d051462e1f8
/Volumes/Jack_Gandy_1TB_SSD/Samples 2021 ->/Sample Packs/Drum Recollection/Essentials Drum Kit Vol. 001/Rim Shots/Very Secret Rimshot.wav,Samples 2021 ->/Sample Packs/Drum Recollection/Essentials Drum Kit Vol. 001/Rim Shots/Very Secret Rimshot.wav,Rimshot,,,,,,Rimshot,One-Shot,,Drum Recollection,Essentials Drum Kit Vol. 001,Drum Recollection||Essentials Drum Kit Vol. 001||very secret rimshot,granularity_v1,20260911T104816,false,1.8461,48000,2,ecf1386936baa186e423ec945e992237b7970978fdf2034f1c9311b446c0ffb2
/Volumes/Jack_Gandy_1TB_SSD/Samples 2021 ->/Sample Packs/Drum Recollection/Essentials Drumkit Vol. 002/Hi-Hats/Smoke OBS Hi-Hat.wav,Samples 2021 ->/Sample Packs/Drum Recollection/Essentials Drumkit Vol. 002/Hi-Hats/Smoke OBS Hi-Hat.wav,Hi-Hat,,,,,,Hi-Hat,One-Shot,,Drum Recollection,Essentials Drumkit Vol. 002,Drum Recollection||Essentials Drumkit Vol. 002||smoke obs hi hat,granularity_v1,20260911T104121,false,1.8461,48000,2,8e3f4e00cd36fe7dcdc3e4ae3a079ec45dd0c1c8d59205704358d06bc2ba14bb
/Volumes/Jack_Gandy_1TB_SSD/Samples 2021 ->/Sample Packs/Drum Recollection/Essentials Drumkit Vol. 002/Open Hats/Sandman Open Hat.wav,Samples 2021 ->/Sample Packs/Drum Recollection/Essentials Drumkit Vol. 002/Open Hats/Sandman Open Hat.wav,Hi-Hat,,,,,,Hi-Hat,One-Shot,,Drum Recollection,Essentials Drumkit Vol. 002,Drum Recollection||Essentials Drumkit Vol. 002||sandman open hat,granularity_v1,20260911T104121,false,1.8461,48000,2,aa3c1580ffd6efb6ff21e6dda3fca462ef473ebb8c617c81903c65d862b81493
/Volumes/Jack_Gandy_1TB_SSD/Samples 2021 ->/Sample Packs/Drum Recollection/Essentials Drumkit Vol. 002/Rims/Verbal Rim.wav,Samples 2021 ->/Sample Packs/Drum Recollection/Essentials Drumkit Vol. 002/Rims/Verbal Rim.wav,Rimshot,,,,,,Rimshot,One-Shot,,Drum Recollection,Essentials Drumkit Vol. 002,Drum Recollection||Essentials Drumkit Vol. 002||verbal rim,granularity_v1,20260911T104816,false,1.7143,48000,2,e50e40cb52419ea273b697b3e4a244da43ed382f4712727a9b0d78211c5e0297
/Volumes/Jack_Gandy_1TB_SSD/Samples 2021 ->/Sample Packs/Drum Recollection/New Wave Drum Kit Vol. 1/New Wave Drum Kit/Hi-Hats/Machine Gun Hi-Hat .wav,Samples 2021 ->/Sample Packs/Drum Recollection/New Wave Drum Kit Vol. 1/New Wave Drum Kit/Hi-Hats/Machine Gun Hi-Hat .wav,Hi-Hat,,,,,,Hi-Hat,One-Shot,,Drum Recollection,New Wave Drum Kit Vol. 1,Drum Recollection||New Wave Drum Kit Vol. 1||machine gun hi hat,granularity_v1,20260911T104121,false,1.7404,44100,2,28cdae3f5b44ea3fde005096a17c5d4c1fd91a0089543987af76d49cbeeeb2ec
/Volumes/Jack_Gandy_1TB_SSD/Samples 2021 ->/Sample Packs/Drum Recollection/New Wave Drum Kit Vol. 1/New Wave Drum Kit/Hi-Hats/Supreme Hi-Hat .wav,Samples 2021 ->/Sample Packs/Drum Recollection/New Wave Drum Kit Vol. 1/New Wave Drum Kit/Hi-Hats/Supreme Hi-Hat .wav,Hi-Hat,,,,,,Hi-Hat,One-Shot,,Drum Recollection,New Wave Drum Kit Vol. 1,Drum Recollection||New Wave Drum Kit Vol. 1||supreme hi hat,granularity_v1,20260911T104121,false,7.3558,44100,2,26a20ec3971f468339720f653e77625b1d58f08476fd825a2edd346e6062fe13
/Volumes/Jack_Gandy_1TB_SSD/Samples 2021 ->/Sample Packs/Drum Recollection/New Wave Drum Kit Vol. 1/New Wave Drum Kit/Hi-Hats/Uzi Hi-Hat .wav,Samples 2021 ->/Sample Packs/Drum Recollection/New Wave Drum Kit Vol. 1/New Wave Drum Kit/Hi-Hats/Uzi Hi-Hat .wav,Hi-Hat,,,,,,Hi-Hat,One-Shot,,Drum Recollection,New Wave Drum Kit Vol. 1,Drum Recollection||New Wave Drum Kit Vol. 1||uzi hi hat,granularity_v1,20260911T104121,false,7.4423,44100,2,b1448d1cc831d117566cecf4cfa2a0481a28228bcf2c4c6fd4b54ab86828eabe
/Volumes/Jack_Gandy_1TB_SSD/Samples 2021 ->/Sample Packs/Drum Recollection/Official Drum Kit Vol. 1/Hi Hats/Sounds Weird Hi Hat .wav,Samples 2021 ->/Sample Packs/Drum Recollection/Official Drum Kit Vol. 1/Hi Hats/Sounds Weird Hi Hat .wav,Hi-Hat,,,,,,Hi-Hat,One-Shot,,Drum Recollection,Official Drum Kit Vol. 1,Drum Recollection||Official Drum Kit Vol. 1||sounds weird hi hat,granularity_v1,20260911T104121,false,1.8413,44100,2,2b1dc567b249262aeb5c1f0423ebeb7b58d1b6328020e364db3dd7388d851a83
/Volumes/Jack_Gandy_1TB_SSD/Samples 2021 ->/Sample Packs/Drum Recollection/Official Drum Kit Vol. 1/Open Hats/Anime Open Hat .wav,Samples 2021 ->/Sample Packs/Drum Recollection/Official Drum Kit Vol. 1/Open Hats/Anime Open Hat .wav,Hi-Hat,,,,,,Hi-Hat,One-Shot,,Drum Recollection,Official Drum Kit Vol. 1,Drum Recollection||Official Drum Kit Vol. 1||anime open hat,granularity_v1,20260911T104121,false,0.6923,44100,2,be1ceebff9491689a290f60d9a7097e591fb7ab4fa0bab3cebb271ab7ad80efc
/Volumes/Jack_Gandy_1TB_SSD/Samples 2021 ->/Sample Packs/Drum Recollection/Official Drum Kit Vol. 1/Open Hats/Military Open Hat .wav,Samples 2021 ->/Sample Packs/Drum Recollection/Official Drum Kit Vol. 1/Open Hats/Military Open Hat .wav,Hi-Hat,,,,,,Hi-Hat,One-Shot,,Drum Recollection,Official Drum Kit Vol. 1,Drum Recollection||Official Drum Kit Vol. 1||military open hat,granularity_v1,20260911T104121,false,0.9231,44100,2,024fd0f4fd1f714db4daa22a5b50b63abd232503c80d7bce9d5d7c8e13e1c666
/Volumes/Jack_Gandy_1TB_SSD/Samples 2021 ->/Sample Packs/Drum Recollection/Official Drum Kit Vol. 2/Hi-Hats/Alienz Hi-Hat.wav,Samples 2021 ->/Sample Packs/Drum Recollection/Official Drum Kit Vol. 2/Hi-Hats/Alienz Hi-Hat.wav,Hi-Hat,,,,,,Hi-Hat,One-Shot,,Drum Recollection,Official Drum Kit Vol. 2,Drum Recollection||Official Drum Kit Vol. 2||alienz hi hat,granularity_v1,20260911T104121,false,1.2019,48000,2,8a658576b912d8e9351065b75defd169bda3d0ae644c3bdb36dbe3e717ed7550
/Volumes/Jack_Gandy_1TB_SSD/Samples 2021 ->/Sample Packs/Drum Recollection/Official Drum Kit Vol. 2/Open Hats/Speed Dial Open Hat.wav,Samples 2021 ->/Sample Packs/Drum Recollection/Official Drum Kit Vol. 2/Open Hats/Speed Dial Open Hat.wav,Hi-Hat,,,,,,Hi-Hat,One-Shot,,Drum Recollection,Official Drum Kit Vol. 2,Drum Recollection||Official Drum Kit Vol. 2||speed dial open hat,granularity_v1,20260911T104121,false,1.5894,48000,2,44917c4cbda671bf66a559d3042e417ce2f057ab38a30577ad611dfb8dd2e160
/Volumes/Jack_Gandy_1TB_SSD/Samples 2021 ->/Sample Packs/Drum Recollection/Official Drum Kit Vol. 2/Percs/Macshoboomin Perc.wav,Samples 2021 ->/Sample Packs/Drum Recollection/Official Drum Kit Vol. 2/Percs/Macshoboomin Perc.wav,Percussion,Other Percussive Hit,,,,,Percussion,One-Shot,sprint_label=Other Percussive Hit,Drum Recollection,Official Drum Kit Vol. 2,Drum Recollection||Official Drum Kit Vol. 2||macshoboomin perc,granularity_v1,20260911T104816,false,0.9423,48000,2,1a4a8a18d7f5471a026c05822e620c752b22920878d5fde784128620233d6284
/Volumes/Jack_Gandy_1TB_SSD/Samples 2021 ->/Sample Packs/Drum Recollection/Official Drum Kit Vol. 2/Rims/Doubles Rim.wav,Samples 2021 ->/Sample Packs/Drum Recollection/Official Drum Kit Vol. 2/Rims/Doubles Rim.wav,Rimshot,,,,,,Rimshot,One-Shot,,Drum Recollection,Official Drum Kit Vol. 2,Drum Recollection||Official Drum Kit Vol. 2||doubles rim,granularity_v1,20260911T104816,false,1.3846,48000,2,dac35403bffcca8f435addfd256aa720b34f82dd6752b8b881d1d8b0783a43a6
/Volumes/Jack_Gandy_1TB_SSD/Samples 2021 ->/Sample Packs/Fishing Beat Sample Pack/Fishing Beat Sample Pack Fishing Bells.wav,Samples 2021 ->/Sample Packs/Fishing Beat Sample Pack/Fishing Beat Sample Pack Fishing Bells.wav,Foley,,,,,,Foley,One-Shot,,Fishing Beat Sample Pack,Fishing Beat Sample Pack,Fishing Beat Sample Pack||Fishing Beat Sample Pack||fishing beat sample pack fishing bells,domain_coverage_v1,20260910T171406,false,25.4118,44100,2,
/Volumes/Jack_Gandy_1TB_SSD/Samples 2021 ->/Sample Packs/Fishing Beat Sample Pack/Fishing Beat Sample Pack Fishing Snare.wav,Samples 2021 ->/Sample Packs/Fishing Beat Sample Pack/Fishing Beat Sample Pack Fishing Snare.wav,Bass Loop,,,,,,Bass,Loop,,Fishing Beat Sample Pack,Fishing Beat Sample Pack,Fishing Beat Sample Pack||Fishing Beat Sample Pack||fishing beat sample pack fishing snare,domain_coverage_v1,20260910T165711,false,25.4118,44100,2,5e4b7aeacff911f8eade7be7a70a0491b09e743c7c065601d160193132c5bc47
/Volumes/Jack_Gandy_1TB_SSD/Samples 2021 ->/Sample Packs/Fishing Beat Sample Pack/Fishing Beat Sample Pack Mini Reel Rev.wav,Samples 2021 ->/Sample Packs/Fishing Beat Sample Pack/Fishing Beat Sample Pack Mini Reel Rev.wav,SFX,,,,,,FX,One-Shot,,Fishing Beat Sample Pack,Fishing Beat Sample Pack,Fishing Beat Sample Pack||Fishing Beat Sample Pack||fishing beat sample pack mini reel rev,domain_coverage_v1,20260910T171406,false,25.4118,44100,2,
/Volumes/Jack_Gandy_1TB_SSD/Samples 2021 ->/Sample Packs/Flume Ultimate Community Kit/Drums/Kicks/mattcargo_kick_gem.wav,Samples 2021 ->/Sample Packs/Flume Ultimate Community Kit/Drums/Kicks/mattcargo_kick_gem.wav,Kick,,,,,,Kick,One-Shot,,Flume Ultimate Community Kit,Drums,Flume Ultimate Community Kit||Drums||mattcargo kick gem,domain_coverage_v1,20260910T165323,false,0.3105,44100,2,
/Volumes/Jack_Gandy_1TB_SSD/Samples 2021 ->/Sample Packs/Flume Ultimate Community Kit/Drums/Loops/myrmax_drum_riff_180bpm_gmin.wav,Samples 2021 ->/Sample Packs/Flume Ultimate Community Kit/Drums/Loops/myrmax_drum_riff_180bpm_gmin.wav,Drum Loop,,,,,,Drum,Loop,,Flume Ultimate Community Kit,Drums,Flume Ultimate Community Kit||Drums||myrmax drum riff,domain_coverage_v1,20260910T171406,false,2.6667,44100,2,
/Volumes/Jack_Gandy_1TB_SSD/Samples 2021 ->/Sample Packs/Flume Ultimate Community Kit/Drums/Snares + Claps/myrmax_snare_30.wav,Samples 2021 ->/Sample Packs/Flume Ultimate Community Kit/Drums/Snares + Claps/myrmax_snare_30.wav,Snare,,,,,,Snare,One-Shot,,Flume Ultimate Community Kit,Drums,Flume Ultimate Community Kit||Drums||myrmax snare,domain_coverage_v1,20260910T171406,false,0.8,44100,2,
/Volumes/Jack_Gandy_1TB_SSD/Samples 2021 ->/Sample Packs/Flume Ultimate Community Kit/Melodics/Basses/jarodpanda_Box_808.wav,Samples 2021 ->/Sample Packs/Flume Ultimate Community Kit/Melodics/Basses/jarodpanda_Box_808.wav,Kick,,,,,,Kick,One-Shot,,Flume Ultimate Community Kit,Melodics,Flume Ultimate Community Kit||Melodics||jarodpanda box,domain_coverage_v1,20260910T171406,false,2.0096,44100,2,
/Volumes/Jack_Gandy_1TB_SSD/Samples 2021 ->/Sample Packs/Flume Ultimate Community Kit/Melodics/Loops/myrmax_judgement_112bpm_Fmin.wav,Samples 2021 ->/Sample Packs/Flume Ultimate Community Kit/Melodics/Loops/myrmax_judgement_112bpm_Fmin.wav,Synth Loop,,,,,,Synth,Loop,,Flume Ultimate Community Kit,Melodics,Flume Ultimate Community Kit||Melodics||myrmax judgement,domain_coverage_v1,20260910T171406,false,34.2858,44100,2,
/Volumes/Jack_Gandy_1TB_SSD/Samples 2021 ->/Sample Packs/Flume Ultimate Community Kit/Melodics/One Shots/NADRISK_SYNTH_G_2.wav,Samples 2021 ->/Sample Packs/Flume Ultimate Community Kit/Melodics/One Shots/NADRISK_SYNTH_G_2.wav,Synth One-Shot,,,,,,Synth,One-Shot,,Flume Ultimate Community Kit,Melodics,Flume Ultimate Community Kit||Melodics||nadrisk synth,domain_coverage_v1,20260910T165323,false,1.4063,44100,2,
/Volumes/Jack_Gandy_1TB_SSD/Samples 2021 ->/Sample Packs/Flume Ultimate Community Kit/SFX/Ear_candy/AMIBY_NEORETRO_SFX.wav,Samples 2021 ->/Sample Packs/Flume Ultimate Community Kit/SFX/Ear_candy/AMIBY_NEORETRO_SFX.wav,SFX,,,,,,FX,One-Shot,,Flume Ultimate Community Kit,SFX,Flume Ultimate Community Kit||SFX||amiby neoretro sfx,domain_coverage_v1,20260910T171406,false,2.8164,48000,2,
/Volumes/Jack_Gandy_1TB_SSD/Samples 2021 ->/Sample Packs/Flume Ultimate Community Kit/SFX/Glitches_and_stutters/ZAXCY_-_FX_Fill_-_Lathe.wav,Samples 2021 ->/Sample Packs/Flume Ultimate Community Kit/SFX/Glitches_and_stutters/ZAXCY_-_FX_Fill_-_Lathe.wav,SFX,,,,,,FX,One-Shot,,Flume Ultimate Community Kit,SFX,Flume Ultimate Community Kit||SFX||zaxcy fx fill lathe,domain_coverage_v1,20260910T171406,false,11.2963,48000,2,
/Volumes/Jack_Gandy_1TB_SSD/Samples 2021 ->/Sample Packs/Flume Ultimate Community Kit/SFX/Risers-Sweeps/LATITUDE_Transition_fx_01.wav,Samples 2021 ->/Sample Packs/Flume Ultimate Community Kit/SFX/Risers-Sweeps/LATITUDE_Transition_fx_01.wav,SFX,,,,,,FX,One-Shot,,Flume Ultimate Community Kit,SFX,Flume Ultimate Community Kit||SFX||latitude transition fx,domain_coverage_v1,20260910T165519,false,14.7368,44100,2,
/Volumes/Jack_Gandy_1TB_SSD/Samples 2021 ->/Sample Packs/Foley 2023/KNOIR FOLEY PACK 2023 (1A)/KNOIR_patreon_foley_CLOCK2.wav,Samples 2021 ->/Sample Packs/Foley 2023/KNOIR FOLEY PACK 2023 (1A)/KNOIR_patreon_foley_CLOCK2.wav,Foley Loop,,,,,,Foley,Loop,,Foley 2023,KNOIR FOLEY PACK 2023 (1A),Foley 2023||KNOIR FOLEY PACK 2023 (1A)||knoir patreon foley clock2,drums_v1,,false,1.7143,44100,2,
/Volumes/Jack_Gandy_1TB_SSD/Samples 2021 ->/Sample Packs/Foley 2023/KNOIR FOLEY PACK 2023 (1A)/KNOIR_patreon_foley_CLOCK4.wav,Samples 2021 ->/Sample Packs/Foley 2023/KNOIR FOLEY PACK 2023 (1A)/KNOIR_patreon_foley_CLOCK4.wav,Foley,,,,,,Foley,One-Shot,,Foley 2023,KNOIR FOLEY PACK 2023 (1A),Foley 2023||KNOIR FOLEY PACK 2023 (1A)||knoir patreon foley clock4,domain_coverage_v1,20260910T165711,false,1.0714,44100,2,
/Volumes/Jack_Gandy_1TB_SSD/Samples 2021 ->/Sample Packs/Foley 2023/KNOIR FOLEY PACK 2023 (1A)/KNOIR_patreon_foley_GLASS50.wav,Samples 2021 ->/Sample Packs/Foley 2023/KNOIR FOLEY PACK 2023 (1A)/KNOIR_patreon_foley_GLASS50.wav,Foley,,,,,,Foley,One-Shot,,Foley 2023,KNOIR FOLEY PACK 2023 (1A),Foley 2023||KNOIR FOLEY PACK 2023 (1A)||knoir patreon foley glass50,granularity_v1,20260911T105134,false,0.4286,44100,2,
/Volumes/Jack_Gandy_1TB_SSD/Samples 2021 ->/Sample Packs/Foley 2023/KNOIR FOLEY PACK 2023 (1A)/KNOIR_patreon_foley_GLASS63.wav,Samples 2021 ->/Sample Packs/Foley 2023/KNOIR FOLEY PACK 2023 (1A)/KNOIR_patreon_foley_GLASS63.wav,Foley,,,,,,Foley,One-Shot,,Foley 2023,KNOIR FOLEY PACK 2023 (1A),Foley 2023||KNOIR FOLEY PACK 2023 (1A)||knoir patreon foley glass63,granularity_v1,20260911T105134,false,0.6114,44100,2,
/Volumes/Jack_Gandy_1TB_SSD/Samples 2021 ->/Sample Packs/Foley 2023/KNOIR FOLEY PACK 2023 (1A)/KNOIR_patreon_foley_GLASS75.wav,Samples 2021 ->/Sample Packs/Foley 2023/KNOIR FOLEY PACK 2023 (1A)/KNOIR_patreon_foley_GLASS75.wav,Foley,,,,,,Foley,One-Shot,,Foley 2023,KNOIR FOLEY PACK 2023 (1A),Foley 2023||KNOIR FOLEY PACK 2023 (1A)||knoir patreon foley glass75,drums_v1,,false,1.1351,44100,2,
/Volumes/Jack_Gandy_1TB_SSD/Samples 2021 ->/Sample Packs/Foley 2023/KNOIR FOLEY PACK 2023 (1A)/KNOIR_patreon_foley_GLASS9.wav,Samples 2021 ->/Sample Packs/Foley 2023/KNOIR FOLEY PACK 2023 (1A)/KNOIR_patreon_foley_GLASS9.wav,Foley,,,,,,Foley,One-Shot,,Foley 2023,KNOIR FOLEY PACK 2023 (1A),Foley 2023||KNOIR FOLEY PACK 2023 (1A)||knoir patreon foley glass9,drums_v1,,false,0.75,44100,2,
/Volumes/Jack_Gandy_1TB_SSD/Samples 2021 ->/Sample Packs/Foley 2023/KNOIR FOLEY PACK 2023 (1A)/KNOIR_patreon_foley_GLASS95.wav,Samples 2021 ->/Sample Packs/Foley 2023/KNOIR FOLEY PACK 2023 (1A)/KNOIR_patreon_foley_GLASS95.wav,Foley,,,,,,Foley,One-Shot,,Foley 2023,KNOIR FOLEY PACK 2023 (1A),Foley 2023||KNOIR FOLEY PACK 2023 (1A)||knoir patreon foley glass95,drums_v1,,false,1.0334,44100,2,
/Volumes/Jack_Gandy_1TB_SSD/Samples 2021 ->/Sample Packs/Foley 2023/KNOIR FOLEY PACK 2023 (1A)/KNOIR_patreon_foley_bottleding7.wav,Samples 2021 ->/Sample Packs/Foley 2023/KNOIR FOLEY PACK 2023 (1A)/KNOIR_patreon_foley_bottleding7.wav,Foley,,,,,,Foley,One-Shot,,Foley 2023,KNOIR FOLEY PACK 2023 (1A),Foley 2023||KNOIR FOLEY PACK 2023 (1A)||knoir patreon foley bottleding7,granularity_v1,20260911T105134,false,1.7143,44100,2,
/Volumes/Jack_Gandy_1TB_SSD/Samples 2021 ->/Sample Packs/Foley 2023/KNOIR FOLEY PACK 2023 (1A)/KNOIR_patreon_foley_bottledingtwice.wav,Samples 2021 ->/Sample Packs/Foley 2023/KNOIR FOLEY PACK 2023 (1A)/KNOIR_patreon_foley_bottledingtwice.wav,Foley,,,,,,Foley,One-Shot,,Foley 2023,KNOIR FOLEY PACK 2023 (1A),Foley 2023||KNOIR FOLEY PACK 2023 (1A)||knoir patreon foley bottledingtwice,granularity_v1,20260911T105134,false,1.7143,44100,2,
/Volumes/Jack_Gandy_1TB_SSD/Samples 2021 ->/Sample Packs/Foley 2023/KNOIR FOLEY PACK 2023 (1A)/KNOIR_patreon_foley_door4.wav,Samples 2021 ->/Sample Packs/Foley 2023/KNOIR FOLEY PACK 2023 (1A)/KNOIR_patreon_foley_door4.wav,Foley,,,,,,Foley,One-Shot,,Foley 2023,KNOIR FOLEY PACK 2023 (1A),Foley 2023||KNOIR FOLEY PACK 2023 (1A)||knoir patreon foley door4,granularity_v1,20260911T105134,false,4.2857,44100,2,
/Volumes/Jack_Gandy_1TB_SSD/Samples 2021 ->/Sample Packs/Foley 2023/KNOIR FOLEY PACK 2023 (1A)/KNOIR_patreon_foley_drawer3.wav,Samples 2021 ->/Sample Packs/Foley 2023/KNOIR FOLEY PACK 2023 (1A)/KNOIR_patreon_foley_drawer3.wav,Foley Loop,,,,,,Foley,Loop,,Foley 2023,KNOIR FOLEY PACK 2023 (1A),Foley 2023||KNOIR FOLEY PACK 2023 (1A)||knoir patreon foley drawer3,domain_coverage_v1,20260910T171406,false,6.0,44100,2,
/Volumes/Jack_Gandy_1TB_SSD/Samples 2021 ->/Sample Packs/Foley 2023/KNOIR FOLEY PACK 2023 (1B)/KNOIR_patreon_foley_WEEDING1.wav,Samples 2021 ->/Sample Packs/Foley 2023/KNOIR FOLEY PACK 2023 (1B)/KNOIR_patreon_foley_WEEDING1.wav,Foley,,,,,,Foley,One-Shot,,Foley 2023,KNOIR FOLEY PACK 2023 (1B),Foley 2023||KNOIR FOLEY PACK 2023 (1B)||knoir patreon foley weeding1,domain_coverage_v1,20260910T171406,false,1.6364,44100,2,
/Volumes/Jack_Gandy_1TB_SSD/Samples 2021 ->/Sample Packs/Foley 2023/KNOIR FOLEY PACK 2023 (1B)/KNOIR_patreon_foley_longdong1.wav,Samples 2021 ->/Sample Packs/Foley 2023/KNOIR FOLEY PACK 2023 (1B)/KNOIR_patreon_foley_longdong1.wav,Foley,,,,,,Foley,One-Shot,,Foley 2023,KNOIR FOLEY PACK 2023 (1B),Foley 2023||KNOIR FOLEY PACK 2023 (1B)||knoir patreon foley longdong1,granularity_v1,20260911T105134,false,9.2143,44100,2,
/Volumes/Jack_Gandy_1TB_SSD/Samples 2021 ->/Sample Packs/Foley 2023/KNOIR FOLEY PACK 2023 (1B)/KNOIR_patreon_foley_pens15.wav,Samples 2021 ->/Sample Packs/Foley 2023/KNOIR FOLEY PACK 2023 (1B)/KNOIR_patreon_foley_pens15.wav,Foley,,,,,,Foley,One-Shot,,Foley 2023,KNOIR FOLEY PACK 2023 (1B),Foley 2023||KNOIR FOLEY PACK 2023 (1B)||knoir patreon foley pens15,domain_coverage_v1,20260910T165711,false,7.6364,44100,2,
/Volumes/Jack_Gandy_1TB_SSD/Samples 2021 ->/Sample Packs/Foley 2023/KNOIR FOLEY PACK 2023 (1B)/KNOIR_patreon_foley_water7.wav,Samples 2021 ->/Sample Packs/Foley 2023/KNOIR FOLEY PACK 2023 (1B)/KNOIR_patreon_foley_water7.wav,Foley Loop,,,,,,Foley,Loop,,Foley 2023,KNOIR FOLEY PACK 2023 (1B),Foley 2023||KNOIR FOLEY PACK 2023 (1B)||knoir patreon foley water7,drums_v1,,false,6.0,44100,2,
/Volumes/Jack_Gandy_1TB_SSD/Samples 2021 ->/Sample Packs/Foley Pack 02/Crunching Eggshells.wav,Samples 2021 ->/Sample Packs/Foley Pack 02/Crunching Eggshells.wav,Foley Loop,,,,,,Foley,Loop,,Foley Pack 02,Foley Pack 02,Foley Pack 02||Foley Pack 02||crunching eggshells,domain_coverage_v1,20260910T171406,false,42.0,48000,2,5ac0ebf253627925c7744fba76834fa847c16d62a1e99dcb35baa451d7d2aabc
/Volumes/Jack_Gandy_1TB_SSD/Samples 2021 ->/Sample Packs/Foley Pack 02/Gas Pipe.wav,Samples 2021 ->/Sample Packs/Foley Pack 02/Gas Pipe.wav,SFX,,,,,,FX,One-Shot,,Foley Pack 02,Foley Pack 02,Foley Pack 02||Foley Pack 02||gas pipe,domain_coverage_v1,20260910T171406,false,30.25,48000,2,4336c61105c710217338a23e1fcda0b08f31578b0c15a9708e9c151df1e776aa
/Volumes/Jack_Gandy_1TB_SSD/Samples 2021 ->/Sample Packs/Foley Pack 02/Opening A Door.wav,Samples 2021 ->/Sample Packs/Foley Pack 02/Opening A Door.wav,Foley,,,,,,Foley,One-Shot,,Foley Pack 02,Foley Pack 02,Foley Pack 02||Foley Pack 02||opening a door,domain_coverage_v1,20260910T165711,false,20.0,48000,2,54ab51e29a7eaeb7f0fbac21f285c3192ff26653e4563c18ec311f90828625f8
/Volumes/Jack_Gandy_1TB_SSD/Samples 2021 ->/Sample Packs/Future Bass By Singular Sounds/Future_Bass_By_Singular_Sounds/Drum_Loops/140_Dolphin_Drumloop.wav,Samples 2021 ->/Sample Packs/Future Bass By Singular Sounds/Future_Bass_By_Singular_Sounds/Drum_Loops/140_Dolphin_Drumloop.wav,Drum Loop,,,,,,Drum,Loop,,Future Bass By Singular Sounds,Future_Bass_By_Singular_Sounds,Future Bass By Singular Sounds||Future_Bass_By_Singular_Sounds||140 dolphin drumloop,domain_coverage_v1,20260910T165711,false,13.7143,44100,2,
/Volumes/Jack_Gandy_1TB_SSD/Samples 2021 ->/Sample Packs/Future Bass By Singular Sounds/Future_Bass_By_Singular_Sounds/FX/Chant8.wav,Samples 2021 ->/Sample Packs/Future Bass By Singular Sounds/Future_Bass_By_Singular_Sounds/FX/Chant8.wav,Vocal One-Shot,,,,,,Vocal,One-Shot,,Future Bass By Singular Sounds,Future_Bass_By_Singular_Sounds,Future Bass By Singular Sounds||Future_Bass_By_Singular_Sounds||chant8,domain_coverage_v1,20260910T171406,false,0.25,44100,2,
/Volumes/Jack_Gandy_1TB_SSD/Samples 2021 ->/Sample Packs/Future Bass Elements/PL0420_ACID_WAV_Future_Bass_Elements/Prime_Loops_-_Future_Bass_Elements/Synth_Loops/Bpm150_C_BandpassPiano._Synth.wav,Samples 2021 ->/Sample Packs/Future Bass Elements/PL0420_ACID_WAV_Future_Bass_Elements/Prime_Loops_-_Future_Bass_Elements/Synth_Loops/Bpm150_C_BandpassPiano._Synth.wav,Synth Loop,,,,,,Synth,Loop,,Future Bass Elements,PL0420_ACID_WAV_Future_Bass_Elements,Future Bass Elements||PL0420_ACID_WAV_Future_Bass_Elements||c bandpasspiano synth,domain_coverage_v1,20260910T171406,false,6.4,44100,2,
/Volumes/Jack_Gandy_1TB_SSD/Samples 2021 ->/Sample Packs/Future Bass Elements/PL0420_ACID_WAV_Future_Bass_Elements/Prime_Loops_-_Future_Bass_Elements/Synth_Loops/Bpm150_C_VoxMelody01_Synth.wav,Samples 2021 ->/Sample Packs/Future Bass Elements/PL0420_ACID_WAV_Future_Bass_Elements/Prime_Loops_-_Future_Bass_Elements/Synth_Loops/Bpm150_C_VoxMelody01_Synth.wav,Vocal Loop,,,,,,Vocal,Loop,,Future Bass Elements,PL0420_ACID_WAV_Future_Bass_Elements,Future Bass Elements||PL0420_ACID_WAV_Future_Bass_Elements||c voxmelody01 synth,domain_coverage_v1,20260910T165711,false,12.8,44100,2,
/Volumes/Jack_Gandy_1TB_SSD/Samples 2021 ->/Sample Packs/Future Trap/PL0414_ACID_WAV_Future_Trap/Prime_Loops_-_Future_Trap/Drum_Loops/Bpm140_DrumLoop_15.wav,Samples 2021 ->/Sample Packs/Future Trap/PL0414_ACID_WAV_Future_Trap/Prime_Loops_-_Future_Trap/Drum_Loops/Bpm140_DrumLoop_15.wav,Drum Loop,,,,,,Drum,Loop,,Future Trap,PL0414_ACID_WAV_Future_Trap,Future Trap||PL0414_ACID_WAV_Future_Trap||drumloop,domain_coverage_v1,20260910T165711,false,13.7143,44100,2,
/Volumes/Jack_Gandy_1TB_SSD/Samples 2021 ->/Sample Packs/Future Trap/PL0414_ACID_WAV_Future_Trap/Prime_Loops_-_Future_Trap/Synth_Loops/Bpm140_C#_GhostShell02_Synth.wav,Samples 2021 ->/Sample Packs/Future Trap/PL0414_ACID_WAV_Future_Trap/Prime_Loops_-_Future_Trap/Synth_Loops/Bpm140_C#_GhostShell02_Synth.wav,Synth Loop,,,,,,Synth,Loop,,Future Trap,PL0414_ACID_WAV_Future_Trap,Future Trap||PL0414_ACID_WAV_Future_Trap||c# ghostshell02 synth,domain_coverage_v1,20260910T171406,false,3.4286,44100,2,
/Volumes/Jack_Gandy_1TB_SSD/Samples 2021 ->/Sample Packs/Gazzo Essentials Vol. 1/Gazzo_Essentials_Vol._1/Construction_Kit/Prog_House_Kit/GE_A#_128_Prog_House_SynthsPiano_Loop.wav,Samples 2021 ->/Sample Packs/Gazzo Essentials Vol. 1/Gazzo_Essentials_Vol._1/Construction_Kit/Prog_House_Kit/GE_A#_128_Prog_House_SynthsPiano_Loop.wav,Synth Loop,,,,,,Synth,Loop,ground_truth_override=Other/none,Gazzo Essentials Vol. 1,Gazzo_Essentials_Vol._1,Gazzo Essentials Vol. 1||Gazzo_Essentials_Vol._1||ge a prog house synthspiano loop,granularity_v1,20260911T111240,false,7.5,44100,2,
/Volumes/Jack_Gandy_1TB_SSD/Samples 2021 ->/Sample Packs/Home Clouds - Pop Rock/splice-export__home-clouds-at-rubber-tracks-london-pop-up/loop/Drums/RT_Home_Clouds_Drum_Loop_13_Drums_Will_Allen_132_loop.wav,Samples 2021 ->/Sample Packs/Home Clouds - Pop Rock/splice-export__home-clouds-at-rubber-tracks-london-pop-up/loop/Drums/RT_Home_Clouds_Drum_Loop_13_Drums_Will_Allen_132_loop.wav,Drum Loop,,,,,,Drum,Loop,,Home Clouds - Pop Rock,splice-export__home-clouds-at-rubber-tracks-london-pop-up,Home Clouds - Pop Rock||splice-export__home-clouds-at-rubber-tracks-london-pop-up||rt home clouds drum loop 13 drums will allen 132 loop,domain_coverage_v1,20260910T171406,false,3.6364,44100,2,cfd2b52f329a51efdb2136d18b3332c4c2e50e4537a2d50fbbd22e39d170190f
/Volumes/Jack_Gandy_1TB_SSD/Samples 2021 ->/Sample Packs/Home Clouds - Pop Rock/splice-export__home-clouds-at-rubber-tracks-london-pop-up/loop/Drums/RT_Home_Clouds_Drum_Loop_9_Drums_Will_Allen_132_loop.wav,Samples 2021 ->/Sample Packs/Home Clouds - Pop Rock/splice-export__home-clouds-at-rubber-tracks-london-pop-up/loop/Drums/RT_Home_Clouds_Drum_Loop_9_Drums_Will_Allen_132_loop.wav,Drum Loop,,,,,,Drum,Loop,,Home Clouds - Pop Rock,splice-export__home-clouds-at-rubber-tracks-london-pop-up,Home Clouds - Pop Rock||splice-export__home-clouds-at-rubber-tracks-london-pop-up||rt home clouds drum loop 9 drums will allen 132 loop,domain_coverage_v1,20260910T165711,false,3.6364,44100,2,d9a7d866f84b4182629768a1f3d959302aa6e526761c7ea83eceea84a8e9ee5e
/Volumes/Jack_Gandy_1TB_SSD/Samples 2021 ->/Sample Packs/IMANU/IMANU April 2024 Patreon Samples/Steps A.wav,Samples 2021 ->/Sample Packs/IMANU/IMANU April 2024 Patreon Samples/Steps A.wav,Synth Loop,,,,,,Synth,Loop,,IMANU,IMANU April 2024 Patreon Samples,IMANU||IMANU April 2024 Patreon Samples||steps a,domain_coverage_v1,20260910T171406,false,24.0,48000,2,8fa450c11a836c007a7e47438e5e5b6f0da38b6022e3c0eaf4c915688415f9fa
/Volumes/Jack_Gandy_1TB_SSD/Samples 2021 ->/Sample Packs/IMANU/IMANU April 2024 Patreon Samples/zjump zjup D#.wav,Samples 2021 ->/Sample Packs/IMANU/IMANU April 2024 Patreon Samples/zjump zjup D#.wav,Synth Loop,,,,,,Synth,Loop,ground_truth_override=Other/none,IMANU,IMANU April 2024 Patreon Samples,IMANU||IMANU April 2024 Patreon Samples||zjump zjup d#,granularity_v1,20260911T111240,false,6.0,48000,2,1779e809a09ab71863b24d4edbf92141c2cf13b95b96a64837f78e410ee91043
/Volumes/Jack_Gandy_1TB_SSD/Samples 2021 ->/Sample Packs/IMANU/IMANU May 2024 Patreon Samples/Halo hook Aharmm.wav,Samples 2021 ->/Sample Packs/IMANU/IMANU May 2024 Patreon Samples/Halo hook Aharmm.wav,Synth Loop,,,,,,Synth,Loop,ground_truth_override=Other/none,IMANU,IMANU May 2024 Patreon Samples,IMANU||IMANU May 2024 Patreon Samples||halo hook aharmm,granularity_v1,20260911T111240,false,11.1628,48000,2,8c97dd642f93bdde060cb29357cb20ad6f82d580ea1833fddb247fc716d537e8
/Volumes/Jack_Gandy_1TB_SSD/Samples 2021 ->/Sample Packs/IMANU/IMANU May 2024 Patreon Samples/Sine Arp Bm.wav,Samples 2021 ->/Sample Packs/IMANU/IMANU May 2024 Patreon Samples/Sine Arp Bm.wav,Synth Loop,,,,,,Synth,Loop,,IMANU,IMANU May 2024 Patreon Samples,IMANU||IMANU May 2024 Patreon Samples||sine arp bm,domain_coverage_v1,20260910T171406,false,15.7013,48000,2,827388ab1d18c353d0deb3aeb45ae395cd0b9a7484b70bb1cf3bca1f436b9274
/Volumes/Jack_Gandy_1TB_SSD/Samples 2021 ->/Sample Packs/IMANU/IMANU Patreon August 2022 Samples/cba to figure out these notes but its a cool bass.wav,Samples 2021 ->/Sample Packs/IMANU/IMANU Patreon August 2022 Samples/cba to figure out these notes but its a cool bass.wav,Synth Loop,,,,,,Synth,Loop,,IMANU,IMANU Patreon August 2022 Samples,IMANU||IMANU Patreon August 2022 Samples||cba to figure out these notes but its a cool bass,domain_coverage_v1,20260910T171406,false,11.1664,48000,2,9fd60bcae9973fd7d891db575d73f781ac9f2a47f72d6785e7e5c82bb9181daf
/Volumes/Jack_Gandy_1TB_SSD/Samples 2021 ->/Sample Packs/IMANU/IMANU Patreon August 2022 Samples/odd saw F#m.wav,Samples 2021 ->/Sample Packs/IMANU/IMANU Patreon August 2022 Samples/odd saw F#m.wav,Synth Loop,,,,,,Synth,Loop,ground_truth_override=Other/none,IMANU,IMANU Patreon August 2022 Samples,IMANU||IMANU Patreon August 2022 Samples||odd saw f#m,granularity_v1,20260911T111240,false,11.1664,48000,2,32855f2459d15038d4a3af575ab61b61900ebd4baba3b38000d417bab9c3020b
/Volumes/Jack_Gandy_1TB_SSD/Samples 2021 ->/Sample Packs/IMANU/IMANU Patreon August 2024 Samples/Stab Sequel D#harmm.wav,Samples 2021 ->/Sample Packs/IMANU/IMANU Patreon August 2024 Samples/Stab Sequel D#harmm.wav,Other/none,,mixed/full music,,,,Rejection,Rejection,,IMANU,IMANU Patreon August 2024 Samples,IMANU||IMANU Patreon August 2024 Samples||stab sequel d#harmm,domain_coverage_v1,20260910T165711,false,5.5814,48000,2,96b50b9820d075187fddefe306e2d388c9c0938061b487a3eb37cb7f2ec43ee3
/Volumes/Jack_Gandy_1TB_SSD/Samples 2021 ->/Sample Packs/IMANU/IMANU Patreon August 2024 Samples/josh pan collab Am.wav,Samples 2021 ->/Sample Packs/IMANU/IMANU Patreon August 2024 Samples/josh pan collab Am.wav,Other/none,,mixed/full music,,,,Rejection,Rejection,,IMANU,IMANU Patreon August 2024 Samples,IMANU||IMANU Patreon August 2024 Samples||josh pan collab am,domain_coverage_v1,20260910T171406,false,25.1199,48000,2,338c79d6fd1212d6295b9df791ce2de8599470a0899195edef3202cc00ee1ce9
/Volumes/Jack_Gandy_1TB_SSD/Samples 2021 ->/Sample Packs/IMANU/IMANU Patreon February 2023 Samples/harm more C#m.wav,Samples 2021 ->/Sample Packs/IMANU/IMANU Patreon February 2023 Samples/harm more C#m.wav,Synth Loop,,,,,,Synth,Loop,ground_truth_override=Other/none,IMANU,IMANU Patreon February 2023 Samples,IMANU||IMANU Patreon February 2023 Samples||harm more c#m,granularity_v1,20260911T111240,false,8.3365,48000,2,c7efc004d495a04370a73cd0a812a2a978ebcd082a3dc7d2350a1cc15f80c42e
/Volumes/Jack_Gandy_1TB_SSD/Samples 2021 ->/Sample Packs/IMANU/IMANU Patreon February 2023 Samples/soft plooky Am.wav,Samples 2021 ->/Sample Packs/IMANU/IMANU Patreon February 2023 Samples/soft plooky Am.wav,Synth Loop,,,,,,Synth,Loop,,IMANU,IMANU Patreon February 2023 Samples,IMANU||IMANU Patreon February 2023 Samples||soft plooky am,domain_coverage_v1,20260910T171406,false,9.2177,48000,2,9dbc1d3ff0dec057648d46c4049c85c8ce6c19909f302c8a453906222fe5b63c
/Volumes/Jack_Gandy_1TB_SSD/Samples 2021 ->/Sample Packs/IMANU/IMANU Patreon January 2022 Samples/Breakthrough Piano F harmonic minor.wav,Samples 2021 ->/Sample Packs/IMANU/IMANU Patreon January 2022 Samples/Breakthrough Piano F harmonic minor.wav,Other/none,,mixed/full music,,,,Rejection,Rejection,,IMANU,IMANU Patreon January 2022 Samples,IMANU||IMANU Patreon January 2022 Samples||breakthrough piano f harmonic minor,domain_coverage_v1,20260910T165711,false,16.6154,48000,2,d9326976e9304da9054f1cfd8df9c49b48bef2b0009da3611ef28873812ffcea
/Volumes/Jack_Gandy_1TB_SSD/Samples 2021 ->/Sample Packs/IMANU/IMANU Patreon January 2022 Samples/Sad Arp Em.wav,Samples 2021 ->/Sample Packs/IMANU/IMANU Patreon January 2022 Samples/Sad Arp Em.wav,Synth Loop,,,,,,Synth,Loop,,IMANU,IMANU Patreon January 2022 Samples,IMANU||IMANU Patreon January 2022 Samples||sad arp em,domain_coverage_v1,20260910T171406,false,6.1976,48000,2,9f8ccf79d4e0497561ad0223ff60021f09ee20ee16d58be267c4d83578457218
/Volumes/Jack_Gandy_1TB_SSD/Samples 2021 ->/Sample Packs/IMANU/IMANU Patreon January 2023 Samples/prince of persia arp Fharmm.wav,Samples 2021 ->/Sample Packs/IMANU/IMANU Patreon January 2023 Samples/prince of persia arp Fharmm.wav,Synth Loop,,,,,,Synth,Loop,,IMANU,IMANU Patreon January 2023 Samples,IMANU||IMANU Patreon January 2023 Samples||prince of persia arp fharmm,domain_coverage_v1,20260910T171406,false,12.5178,48000,2,41ea90bd8f30263b866add47e7558ec9cf58343a6bb22888bcc80382c0534148
/Volumes/Jack_Gandy_1TB_SSD/Samples 2021 ->/Sample Packs/IMANU/IMANU Patreon January 2023 Samples/weird reese Dm.wav,Samples 2021 ->/Sample Packs/IMANU/IMANU Patreon January 2023 Samples/weird reese Dm.wav,Bass Loop,,,,,,Bass,Loop,ground_truth_override=Other/none,IMANU,IMANU Patreon January 2023 Samples,IMANU||IMANU Patreon January 2023 Samples||weird reese dm,granularity_v1,20260911T111240,false,14.7536,48000,2,73aa7afbe96387f93c0a74b3d02136f43b1eb2a0e1b4d9c9e4f7a6ff3f6f503e
/Volumes/Jack_Gandy_1TB_SSD/Samples 2021 ->/Sample Packs/IMANU/IMANU Patreon June 2022 Samples/808ssss F# F D.wav,Samples 2021 ->/Sample Packs/IMANU/IMANU Patreon June 2022 Samples/808ssss F# F D.wav,Other/none,,mixed/full music,,,,Rejection,Rejection,,IMANU,IMANU Patreon June 2022 Samples,IMANU||IMANU Patreon June 2022 Samples||808ssss f# f d,domain_coverage_v1,20260910T171406,false,5.5814,48000,2,e6a7291683468603fc5dcbb382989b589dd9cf687af23df00a091db42b9fda90
/Volumes/Jack_Gandy_1TB_SSD/Samples 2021 ->/Sample Packs/IMANU/IMANU Patreon June 2022 Samples/Dist Arp Gm.wav,Samples 2021 ->/Sample Packs/IMANU/IMANU Patreon June 2022 Samples/Dist Arp Gm.wav,Synth Loop,,,,,,Synth,Loop,ground_truth_override=Other/none,IMANU,IMANU Patreon June 2022 Samples,IMANU||IMANU Patreon June 2022 Samples||dist arp gm,granularity_v1,20260911T111240,false,26.6054,48000,2,1a462cfc6f8d16e24825e3400078b28fc822a917794e1403a70514a555bd135d
/Volumes/Jack_Gandy_1TB_SSD/Samples 2021 ->/Sample Packs/IMANU/IMANU Patreon June 2024 Samples /Epic Reese Eharmm.wav,Samples 2021 ->/Sample Packs/IMANU/IMANU Patreon June 2024 Samples /Epic Reese Eharmm.wav,Synth Loop,,,,,,Synth,Loop,,IMANU,IMANU Patreon June 2024 Samples ,IMANU||IMANU Patreon June 2024 Samples ||epic reese eharmm,domain_coverage_v1,20260910T171406,false,15.365,48000,2,819b85b945757eecf6054417459a58b707996653a63dce40ad154fe609b6a8c5
/Volumes/Jack_Gandy_1TB_SSD/Samples 2021 ->/Sample Packs/IMANU/IMANU Patreon June 2024 Samples /Epic electro melody G#m but its a piano.wav,Samples 2021 ->/Sample Packs/IMANU/IMANU Patreon June 2024 Samples /Epic electro melody G#m but its a piano.wav,Other/none,,mixed/full music,,,,Rejection,Rejection,,IMANU,IMANU Patreon June 2024 Samples ,IMANU||IMANU Patreon June 2024 Samples ||epic electro melody g#m but its a piano,domain_coverage_v1,20260910T165711,false,15.365,48000,2,9b5f3da314f142402f5da90b2da18a05eeb24d38772a8d3efc177886818b8d17
/Volumes/Jack_Gandy_1TB_SSD/Samples 2021 ->/Sample Packs/IMANU/IMANU Patreon March 2022 Samples/Formant Reese Chord F#harmm.wav,Samples 2021 ->/Sample Packs/IMANU/IMANU Patreon March 2022 Samples/Formant Reese Chord F#harmm.wav,Synth Loop,,,,,,Synth,Loop,,IMANU,IMANU Patreon March 2022 Samples,IMANU||IMANU Patreon March 2022 Samples||formant reese chord f#harmm,domain_coverage_v1,20260910T171406,false,11.2941,48000,2,39c3c3dca87b7d1d9a1a17980d2a4d82df3ec146c6eca6c138a8dea38ffa5e18
/Volumes/Jack_Gandy_1TB_SSD/Samples 2021 ->/Sample Packs/IMANU/IMANU Patreon March 2022 Samples/Glide Lead C#m.wav,Samples 2021 ->/Sample Packs/IMANU/IMANU Patreon March 2022 Samples/Glide Lead C#m.wav,Synth Loop,,,,,,Synth,Loop,ground_truth_override=Other/none,IMANU,IMANU Patreon March 2022 Samples,IMANU||IMANU Patreon March 2022 Samples||glide lead c#m,granularity_v1,20260911T111240,false,22.9787,48000,2,a918c9f1b3a0003e01f658892f3eaaf3d9b52dc6a961e60555c0388df887909e
/Volumes/Jack_Gandy_1TB_SSD/Samples 2021 ->/Sample Packs/IMANU/IMANU Patreon May 2022 Samples/happy cringe Fm 160.wav,Samples 2021 ->/Sample Packs/IMANU/IMANU Patreon May 2022 Samples/happy cringe Fm 160.wav,Synth Loop,,,,,,Synth,Loop,,IMANU,IMANU Patreon May 2022 Samples,IMANU||IMANU Patreon May 2022 Samples||happy cringe fm,domain_coverage_v1,20260910T171406,false,6.0,48000,2,367e97dfd6c9d1279680ca7de2a85ce081f51c2e3c1483d50c3585c796c18469
/Volumes/Jack_Gandy_1TB_SSD/Samples 2021 ->/Sample Packs/IMANU/IMANU Patreon May 2022 Samples/radiohead ttype piano Fm 118.wav,Samples 2021 ->/Sample Packs/IMANU/IMANU Patreon May 2022 Samples/radiohead ttype piano Fm 118.wav,Other/none,,mixed/full music,,,,Rejection,Rejection,,IMANU,IMANU Patreon May 2022 Samples,IMANU||IMANU Patreon May 2022 Samples||radiohead ttype piano fm,domain_coverage_v1,20260910T165711,false,32.5424,48000,2,75c6e16ed7a62b292d9b52ef153bd1ffb0daa9e3af4ea8ada4534359dbbac7c3
/Volumes/Jack_Gandy_1TB_SSD/Samples 2021 ->/Sample Packs/Ian Chang - Dirty Drums/splice-export__ian-chang-dirty-drums/loop/Drums/Dirty-Loop/RT_Ian_Chang_Dirty_Loop_261_Drums_Ian_Chang_107_loop.wav,Samples 2021 ->/Sample Packs/Ian Chang - Dirty Drums/splice-export__ian-chang-dirty-drums/loop/Drums/Dirty-Loop/RT_Ian_Chang_Dirty_Loop_261_Drums_Ian_Chang_107_loop.wav,Drum Loop,,,,,,Drum,Loop,,Ian Chang - Dirty Drums,splice-export__ian-chang-dirty-drums,Ian Chang - Dirty Drums||splice-export__ian-chang-dirty-drums||rt ian chang dirty loop 261 drums ian chang 107 loop,drums_v1,,false,4.486,44100,2,3d5771787329cd04d3129783ca8abf494bd1aec90988c9d9da01d5c96b2d304e
/Volumes/Jack_Gandy_1TB_SSD/Samples 2021 ->/Sample Packs/Ian Chang - Dirty Drums/splice-export__ian-chang-dirty-drums/loop/Drums/Dirty-Loop/RT_Ian_Chang_Dirty_Loop_3_Drums_Ian_Chang_75_loop.wav,Samples 2021 ->/Sample Packs/Ian Chang - Dirty Drums/splice-export__ian-chang-dirty-drums/loop/Drums/Dirty-Loop/RT_Ian_Chang_Dirty_Loop_3_Drums_Ian_Chang_75_loop.wav,Drum Loop,,,,,,Drum,Loop,,Ian Chang - Dirty Drums,splice-export__ian-chang-dirty-drums,Ian Chang - Dirty Drums||splice-export__ian-chang-dirty-drums||rt ian chang dirty loop 3 drums ian chang 75 loop,domain_coverage_v1,20260910T165711,false,6.4,44100,2,5a54e505c5bd31dae702afe3ddb2d10825bf880ed3ea51cbb5d2ba01174a24cb
/Volumes/Jack_Gandy_1TB_SSD/Samples 2021 ->/Sample Packs/Ian Chang - Dirty Drums/splice-export__ian-chang-dirty-drums/one_shot/Drums/Kick/RT_Ian_Chang_Kick_1_Drums_Ian_Chang_one_shot.wav,Samples 2021 ->/Sample Packs/Ian Chang - Dirty Drums/splice-export__ian-chang-dirty-drums/one_shot/Drums/Kick/RT_Ian_Chang_Kick_1_Drums_Ian_Chang_one_shot.wav,Kick,,,,,,Kick,One-Shot,,Ian Chang - Dirty Drums,splice-export__ian-chang-dirty-drums,Ian Chang - Dirty Drums||splice-export__ian-chang-dirty-drums||rt ian chang kick 1 drums ian chang one shot,domain_coverage_v1,20260910T171406,false,0.9409,44100,1,3b23551d5d0f13a4bf9e95cfd5396f0525bea7d783c844c40e87ddd295b9dc86
/Volumes/Jack_Gandy_1TB_SSD/Samples 2021 ->/Sample Packs/Just Jared - OP1 Drums/FX/Just Jared - OP1 Drums FX 5.wav,Samples 2021 ->/Sample Packs/Just Jared - OP1 Drums/FX/Just Jared - OP1 Drums FX 5.wav,SFX,,,,,,FX,One-Shot,,Just Jared - OP1 Drums,FX,Just Jared - OP1 Drums||FX||just jared op1 drums fx,domain_coverage_v1,20260910T171406,false,4.2138,44100,2,6e8e8214c6724bdff44039e021ca526ef1c36aef3a539a655f9f7500ccf092eb
/Volumes/Jack_Gandy_1TB_SSD/Samples 2021 ->/Sample Packs/Just Jared - OP1 Drums/FX/Just Jared - OP1 Drums FX 9 Riser.wav,Samples 2021 ->/Sample Packs/Just Jared - OP1 Drums/FX/Just Jared - OP1 Drums FX 9 Riser.wav,SFX,,,,,,FX,One-Shot,,Just Jared - OP1 Drums,FX,Just Jared - OP1 Drums||FX||just jared op1 drums fx 9 riser,domain_coverage_v1,20260910T165711,false,16.0,44100,2,f1b489fc4a7e5c9f78ba2b046f0ed3ed5bb44cb7e7a75ede20c1f7fd16d11c48
/Volumes/Jack_Gandy_1TB_SSD/Samples 2021 ->/Sample Packs/Just Jared - OP1 Drums/Hihats/Just Jared - OP1 Drums Hihat 1.wav,Samples 2021 ->/Sample Packs/Just Jared - OP1 Drums/Hihats/Just Jared - OP1 Drums Hihat 1.wav,Hi-Hat,,,,,,Hi-Hat,One-Shot,,Just Jared - OP1 Drums,Hihats,Just Jared - OP1 Drums||Hihats||just jared op1 drums hihat,domain_coverage_v1,20260910T171406,false,0.125,44100,2,c82bf64337f14a88996820ccc8c6b05eb7d6d4fdeb4e4ef8d7b6ddd568d48bdc
/Volumes/Jack_Gandy_1TB_SSD/Samples 2021 ->/Sample Packs/Just Jared - OP1 Drums/Hihats/Just Jared - OP1 Drums Hihat 12.wav,Samples 2021 ->/Sample Packs/Just Jared - OP1 Drums/Hihats/Just Jared - OP1 Drums Hihat 12.wav,Hi-Hat,,,,,,Hi-Hat,One-Shot,,Just Jared - OP1 Drums,Hihats,Just Jared - OP1 Drums||Hihats||just jared op1 drums hihat,granularity_v1,20260911T104121,false,0.125,44100,2,f3eba4ab937e71430a35b9d604ad8ea2e2854605ade1f4a8ab8513577b5cdb51
/Volumes/Jack_Gandy_1TB_SSD/Samples 2021 ->/Sample Packs/Just Jared - OP1 Drums/Hihats/Just Jared - OP1 Drums Hihat 15.1.wav,Samples 2021 ->/Sample Packs/Just Jared - OP1 Drums/Hihats/Just Jared - OP1 Drums Hihat 15.1.wav,Hi-Hat,,,,,,Hi-Hat,One-Shot,,Just Jared - OP1 Drums,Hihats,Just Jared - OP1 Drums||Hihats||just jared op1 drums hihat 15,domain_coverage_v1,20260910T165711,false,0.1923,44100,2,b9a98c28f2bfb633a47c60350bea28584b758a1398952044e6372a37b1d9cc4d
/Volumes/Jack_Gandy_1TB_SSD/Samples 2021 ->/Sample Packs/Just Jared - OP1 Drums/Hihats/Just Jared - OP1 Drums Hihat 3.wav,Samples 2021 ->/Sample Packs/Just Jared - OP1 Drums/Hihats/Just Jared - OP1 Drums Hihat 3.wav,Other/none,,unsupported instrument,,,,Rejection,Rejection,,Just Jared - OP1 Drums,Hihats,Just Jared - OP1 Drums||Hihats||just jared op1 drums hihat,granularity_v1,20260911T104121,false,0.125,44100,2,f3c7ac474b7aa7083980633d195c44a1f7852167b6ba670ac509f592614782f7
/Volumes/Jack_Gandy_1TB_SSD/Samples 2021 ->/Sample Packs/Just Jared - OP1 Drums/Hihats/Just Jared - OP1 Drums Hihat 9.wav,Samples 2021 ->/Sample Packs/Just Jared - OP1 Drums/Hihats/Just Jared - OP1 Drums Hihat 9.wav,Hi-Hat,,,,,,Hi-Hat,One-Shot,,Just Jared - OP1 Drums,Hihats,Just Jared - OP1 Drums||Hihats||just jared op1 drums hihat,granularity_v1,20260911T104121,false,0.125,44100,2,e4867dc9dc57dc45ac6f98decab34826fb5086112571f8d1a128abe5992cf763
/Volumes/Jack_Gandy_1TB_SSD/Samples 2021 ->/Sample Packs/Just Jared - OP1 Drums/Kicks/Just Jared - OP1 Drums Kick 1.wav,Samples 2021 ->/Sample Packs/Just Jared - OP1 Drums/Kicks/Just Jared - OP1 Drums Kick 1.wav,Kick,,,,,,Kick,One-Shot,,Just Jared - OP1 Drums,Kicks,Just Jared - OP1 Drums||Kicks||just jared op1 drums kick,domain_coverage_v1,20260910T165711,false,0.1852,44100,2,b1cec0c10d2eb1bc9e7390ac30ac4a6005f6ab4c14a5a0f086fbeddc215d2fc6
/Volumes/Jack_Gandy_1TB_SSD/Samples 2021 ->/Sample Packs/Just Jared - OP1 Drums/Kicks/Just Jared - OP1 Drums Kick 15.1.wav,Samples 2021 ->/Sample Packs/Just Jared - OP1 Drums/Kicks/Just Jared - OP1 Drums Kick 15.1.wav,Kick,,,,,,Kick,One-Shot,,Just Jared - OP1 Drums,Kicks,Just Jared - OP1 Drums||Kicks||just jared op1 drums kick 15,domain_coverage_v1,20260910T171406,false,0.1923,44100,2,e9bad5faaa6de287d0cd05ba46dfc72c0af62bd5ed67eb9a5a1ca44bba2cc7f5
/Volumes/Jack_Gandy_1TB_SSD/Samples 2021 ->/Sample Packs/Just Jared - OP1 Drums/Percs/Just Jared - OP1 Drums Perc 1.wav,Samples 2021 ->/Sample Packs/Just Jared - OP1 Drums/Percs/Just Jared - OP1 Drums Perc 1.wav,Rimshot,,,,,,Rimshot,One-Shot,,Just Jared - OP1 Drums,Percs,Just Jared - OP1 Drums||Percs||just jared op1 drums perc,domain_coverage_v1,20260910T165711,false,0.125,44100,2,a2fef6b51638ccec41154670c651784655f9350e6bba15d9f3bba0034edf0826
/Volumes/Jack_Gandy_1TB_SSD/Samples 2021 ->/Sample Packs/Just Jared - OP1 Drums/Snares/Just Jared - OP1 Drums Snare 1.wav,Samples 2021 ->/Sample Packs/Just Jared - OP1 Drums/Snares/Just Jared - OP1 Drums Snare 1.wav,Snare,,,,,,Snare,One-Shot,,Just Jared - OP1 Drums,Snares,Just Jared - OP1 Drums||Snares||just jared op1 drums snare,domain_coverage_v1,20260910T171406,false,0.125,44100,2,68850ce5089982fddbe2435da1cc4167a778ac27fc605ca1f519bd068b69e353
/Volumes/Jack_Gandy_1TB_SSD/Samples 2021 ->/Sample Packs/Just Jared - OP1 Drums/Snares/Just Jared - OP1 Drums Snare 3.1.wav,Samples 2021 ->/Sample Packs/Just Jared - OP1 Drums/Snares/Just Jared - OP1 Drums Snare 3.1.wav,Snare,,,,,,Snare,One-Shot,,Just Jared - OP1 Drums,Snares,Just Jared - OP1 Drums||Snares||just jared op1 drums snare 3,domain_coverage_v1,20260910T165711,false,0.1563,44100,2,845c38fdf32d363fdbca24e2e437bc13c108c20fd96d91855d0356eb202a45f8
/Volumes/Jack_Gandy_1TB_SSD/Samples 2021 ->/Sample Packs/KJ SAWKA 40x40x40 DRUM PACK/kj_sawka_40x40x40_beat_folder/KJ_SAWKA_87_BPM_LOOPS/KJ_SAWKA_London_Bridge_2013_87_bpm_4bar6_Dry.wav,Samples 2021 ->/Sample Packs/KJ SAWKA 40x40x40 DRUM PACK/kj_sawka_40x40x40_beat_folder/KJ_SAWKA_87_BPM_LOOPS/KJ_SAWKA_London_Bridge_2013_87_bpm_4bar6_Dry.wav,Drum Loop,,,,,,Drum,Loop,,KJ SAWKA 40x40x40 DRUM PACK,kj_sawka_40x40x40_beat_folder,KJ SAWKA 40x40x40 DRUM PACK||kj_sawka_40x40x40_beat_folder||kj sawka london bridge 2013 4bar6 dry,domain_coverage_v1,20260910T171406,false,11.0345,48000,2,7aaffe1a04d84c62dc46b3f90345ee6fa84f0375ece4c73f299c4b1d3a192eca
/Volumes/Jack_Gandy_1TB_SSD/Samples 2021 ->/Sample Packs/KJ SAWKA 40x40x40 DRUM PACK/kj_sawka_40x40x40_beat_folder/KJ_SAWKA_MID_TEMPO_BEATS/KJ_SAWKA_LBS_Funky_100_bpm_2bar3.aif,Samples 2021 ->/Sample Packs/KJ SAWKA 40x40x40 DRUM PACK/kj_sawka_40x40x40_beat_folder/KJ_SAWKA_MID_TEMPO_BEATS/KJ_SAWKA_LBS_Funky_100_bpm_2bar3.aif,Drum Loop,,,,,,Drum,Loop,,KJ SAWKA 40x40x40 DRUM PACK,kj_sawka_40x40x40_beat_folder,KJ SAWKA 40x40x40 DRUM PACK||kj_sawka_40x40x40_beat_folder||kj sawka lbs funky 2bar3,domain_coverage_v1,20260910T165711,false,4.8,48000,2,3415fb98703523f20eae9649b41ae5bc38ed26390a0d40faf3922c0e880dcf53
/Volumes/Jack_Gandy_1TB_SSD/Samples 2021 ->/Sample Packs/KORE - Grooves/splice-export__kore-london-grooves/loop/Drums/RT_Kore_Players_Drum_Loop_4_Drums_Sarah_Jones_114_loop.wav,Samples 2021 ->/Sample Packs/KORE - Grooves/splice-export__kore-london-grooves/loop/Drums/RT_Kore_Players_Drum_Loop_4_Drums_Sarah_Jones_114_loop.wav,Kick Loop,,,,,,Kick,Loop,,KORE - Grooves,splice-export__kore-london-grooves,KORE - Grooves||splice-export__kore-london-grooves||rt kore players drum loop 4 drums sarah jones 114 loop,domain_coverage_v1,20260910T165711,false,4.2105,44100,2,c3a145dfe74a2da575f9cc4413dc8f7a7371a05d2965cd1d709d6b1a69f32401
/Volumes/Jack_Gandy_1TB_SSD/Samples 2021 ->/Sample Packs/KORE - Grooves/splice-export__kore-london-grooves/loop/Percussion/RT_Kore_Players_Tambourine_4_Percussion_Sarah_Jones_135_loop.wav,Samples 2021 ->/Sample Packs/KORE - Grooves/splice-export__kore-london-grooves/loop/Percussion/RT_Kore_Players_Tambourine_4_Percussion_Sarah_Jones_135_loop.wav,Percussion Loop,,,,,,Percussion,Loop,,KORE - Grooves,splice-export__kore-london-grooves,KORE - Grooves||splice-export__kore-london-grooves||rt kore players tambourine 4 percussion sarah jones 135 loop,domain_coverage_v1,20260910T171406,false,3.5556,44100,2,9e9be9b06ddc9dc819580f639bb066ef32442b4287b2f969bb21dd54c3e1827b
/Volumes/Jack_Gandy_1TB_SSD/Samples 2021 ->/Sample Packs/KORE - Grooves/splice-export__kore-london-grooves/one_shot/Drums/RT_Kore_Players_Drum_Fill_11_Drums_Sarah_Jones_one_shot.wav,Samples 2021 ->/Sample Packs/KORE - Grooves/splice-export__kore-london-grooves/one_shot/Drums/RT_Kore_Players_Drum_Fill_11_Drums_Sarah_Jones_one_shot.wav,Drum Loop,,,,,,Drum,Loop,,KORE - Grooves,splice-export__kore-london-grooves,KORE - Grooves||splice-export__kore-london-grooves||rt kore players drum fill 11 drums sarah jones one shot,domain_coverage_v1,20260910T173709,false,3.5663,44100,2,68b7df9fcdf7bb552ef6263dabf48cfbcf2621033398f05a34ee122a989febcb
/Volumes/Jack_Gandy_1TB_SSD/Samples 2021 ->/Sample Packs/KRANE Samples/KRNE_SpliceSamplePack/Drums/Loops/KRNE_126_Summer_Perc.wav,Samples 2021 ->/Sample Packs/KRANE Samples/KRNE_SpliceSamplePack/Drums/Loops/KRNE_126_Summer_Perc.wav,Percussion Loop,,,,,,Percussion,Loop,,KRANE Samples,KRNE_SpliceSamplePack,KRANE Samples||KRNE_SpliceSamplePack||krne 126 summer perc,domain_coverage_v1,20260910T171406,false,7.619,44100,2,a37b494afa2f42218ad83f8200dfafc5a1e3ec27643a5a9b050fbfa05082787b
/Volumes/Jack_Gandy_1TB_SSD/Samples 2021 ->/Sample Packs/KRANE Samples/KRNE_SpliceSamplePack/Synths/KRNE_132_Hold_Fast_Synth_Stabs.wav,Samples 2021 ->/Sample Packs/KRANE Samples/KRNE_SpliceSamplePack/Synths/KRNE_132_Hold_Fast_Synth_Stabs.wav,Other/none,,unsupported instrument,,,,Rejection,Rejection,,KRANE Samples,KRNE_SpliceSamplePack,KRANE Samples||KRNE_SpliceSamplePack||krne 132 hold fast synth stabs,domain_coverage_v1,20260910T165711,false,14.5455,44100,2,9967dada29f90e47943f7f334bd7f57437953ed0fd4ac9d34279da5af02d521c
/Volumes/Jack_Gandy_1TB_SSD/Samples 2021 ->/Sample Packs/KRANE Samples/KRNE_SpliceSamplePack/Vox/KRNE_Movin_Chant_Hi_Pitch.wav,Samples 2021 ->/Sample Packs/KRANE Samples/KRNE_SpliceSamplePack/Vox/KRNE_Movin_Chant_Hi_Pitch.wav,Vocal One-Shot,,,,,,Vocal,One-Shot,,KRANE Samples,KRNE_SpliceSamplePack,KRANE Samples||KRNE_SpliceSamplePack||krne movin chant hi pitch,domain_coverage_v1,20260910T173709,false,0.6081,44100,2,361243ae341dee789cfa111fadaa5b427c77b0ae27256c9074bef19fddd86541
/Volumes/Jack_Gandy_1TB_SSD/Samples 2021 ->/Sample Packs/Koan Sound/Koan Sound Samples 2/Modular Hardware Pack 001/Raw/VCO2 - Saw Wave Tube Crunch.wav,Samples 2021 ->/Sample Packs/Koan Sound/Koan Sound Samples 2/Modular Hardware Pack 001/Raw/VCO2 - Saw Wave Tube Crunch.wav,Other/none,,unsupported instrument,,,,Rejection,Rejection,,Koan Sound,Koan Sound Samples 2,Koan Sound||Koan Sound Samples 2||vco2 saw wave tube crunch,domain_coverage_v1,20260910T165711,false,11.1628,44100,2,8ce586bbf0682a80f3d2c6b07d763cdfbbdb1bb54c946b6c5c8fbb92fbdb298d
/Volumes/Jack_Gandy_1TB_SSD/Samples 2021 ->/Sample Packs/Koan Sound/Koan Sound Samples 2/Project Files/Percussion Generator Project/Samples/Recorded/6-Audio 0001 [2023-07-06 153719].wav,Samples 2021 ->/Sample Packs/Koan Sound/Koan Sound Samples 2/Project Files/Percussion Generator Project/Samples/Recorded/6-Audio 0001 [2023-07-06 153719].wav,Foley Loop,,,,,,Foley,Loop,,Koan Sound,Koan Sound Samples 2,Koan Sound||Koan Sound Samples 2||6 audio,domain_coverage_v1,20260910T171406,false,42.9917,44100,2,aa7fb60bc85e76ab73b0c9d19b61ae24915da7887d670bd7a3bb84684605fd2f
/Volumes/Jack_Gandy_1TB_SSD/Samples 2021 ->/Sample Packs/Koan Sound/Koan Sound Samples/Foley Pack 01/Foley Drums/Perc 02.wav,Samples 2021 ->/Sample Packs/Koan Sound/Koan Sound Samples/Foley Pack 01/Foley Drums/Perc 02.wav,Percussion,Other Percussive Hit,,,,,Percussion,One-Shot,,Koan Sound,Koan Sound Samples,Koan Sound||Koan Sound Samples||perc,drums_v1,,false,0.1759,44100,2,61f1b0b79170d493f507dd376fe415e919d486e492039689aad9b1972177bc24
/Volumes/Jack_Gandy_1TB_SSD/Samples 2021 ->/Sample Packs/Koan Sound/Koan Sound Samples/Raw Drums/Processed/Hi Hat V3 Stereo.wav,Samples 2021 ->/Sample Packs/Koan Sound/Koan Sound Samples/Raw Drums/Processed/Hi Hat V3 Stereo.wav,Hi-Hat,,,,,,Hi-Hat,One-Shot,,Koan Sound,Koan Sound Samples,Koan Sound||Koan Sound Samples||hi hat v3 stereo,granularity_v1,20260911T104121,false,16.0,44100,2,bc5bc853aad8532121021fa4c61ac4ad0aae96fa2c130b93459f59b44f866249
/Volumes/Jack_Gandy_1TB_SSD/Samples 2021 ->/Sample Packs/Koan Sound/Koan Sound Samples/Raw Drums/Raw/Raw Hat 01.wav,Samples 2021 ->/Sample Packs/Koan Sound/Koan Sound Samples/Raw Drums/Raw/Raw Hat 01.wav,Hi-Hat,,,,,,Hi-Hat,One-Shot,,Koan Sound,Koan Sound Samples,Koan Sound||Koan Sound Samples||raw hat,granularity_v1,20260911T104121,false,1.0,48000,2,45a73c9d29ebbd175e3dbbbac70befaece1b1f85c9973f11465fb8f0cbd49ef6
/Volumes/Jack_Gandy_1TB_SSD/Samples 2021 ->/Sample Packs/Koan Sound/Koan Sound Samples/Raw Drums/Raw/Raw Snare 01.wav,Samples 2021 ->/Sample Packs/Koan Sound/Koan Sound Samples/Raw Drums/Raw/Raw Snare 01.wav,Snare,,,,,,Snare,One-Shot,,Koan Sound,Koan Sound Samples,Koan Sound||Koan Sound Samples||raw snare,domain_coverage_v1,20260910T171406,false,1.0,48000,2,543d446adb447aab60b14c0d0dea613bdc0fcecf139f0e75e3d8cd8e937c75f9
/Volumes/Jack_Gandy_1TB_SSD/Samples 2021 ->/Sample Packs/Koan Sound/Koan Sound Samples/ks-samples-01/Bass Wet_F.wav,Samples 2021 ->/Sample Packs/Koan Sound/Koan Sound Samples/ks-samples-01/Bass Wet_F.wav,Bass Reese,,,,,,Bass,One-Shot,,Koan Sound,Koan Sound Samples,Koan Sound||Koan Sound Samples||bass wet f,domain_coverage_v1,20260910T165711,false,6.0363,44100,2,c7581e53e9cbb554c134e0019313780f1b5f88d65090064a59e3675226257694
/Volumes/Jack_Gandy_1TB_SSD/Samples 2021 ->/Sample Packs/Koan Sound/Koan_Sound_2025/Shaper Table Track Project/Samples/Imported/Hihat Open Vinyl Kick.wav,Samples 2021 ->/Sample Packs/Koan Sound/Koan_Sound_2025/Shaper Table Track Project/Samples/Imported/Hihat Open Vinyl Kick.wav,Kick,,,,,,Kick,One-Shot,,Koan Sound,Koan_Sound_2025,Koan Sound||Koan_Sound_2025||hihat open vinyl kick,domain_coverage_v1,20260910T165711,false,0.3855,44100,1,7aa7099a08e5f3e448a1baef8839cb83e9384c5d69769bfc0d135a75fb47eae2
/Volumes/Jack_Gandy_1TB_SSD/Samples 2021 ->/Sample Packs/Koan Sound/Koan_Sound_2025/Shaper Table Track Project/Samples/Processed/Reverse/Banjo Arpeggio E Minor 100 bpm R.wav,Samples 2021 ->/Sample Packs/Koan Sound/Koan_Sound_2025/Shaper Table Track Project/Samples/Processed/Reverse/Banjo Arpeggio E Minor 100 bpm R.wav,Synth Loop,,,,,,Synth,Loop,,Koan Sound,Koan_Sound_2025,Koan Sound||Koan_Sound_2025||banjo arpeggio r,domain_coverage_v1,20260910T171406,false,4.8,44100,2,a5933a3cacfbfb7fdcb30f16e3a3b6434e6d7ac5c013cd4473de258ec0d9ec5b
/Volumes/Jack_Gandy_1TB_SSD/Samples 2021 ->/Sample Packs/Koan_Sound_Acoustic_Design/Test Press KOAN Sound Acoustic Design/loops/drums/percussion_loops/djembe/TSP_KOAN_110_perc_djembe_taps_low.wav,Samples 2021 ->/Sample Packs/Koan_Sound_Acoustic_Design/Test Press KOAN Sound Acoustic Design/loops/drums/percussion_loops/djembe/TSP_KOAN_110_perc_djembe_taps_low.wav,Percussion Loop,,,,,,Percussion,Loop,,Koan_Sound_Acoustic_Design,Test Press KOAN Sound Acoustic Design,Koan_Sound_Acoustic_Design||Test Press KOAN Sound Acoustic Design||tsp koan 110 perc djembe taps low,drums_v1,,false,2.1818,44100,2,
/Volumes/Jack_Gandy_1TB_SSD/Samples 2021 ->/Sample Packs/Koan_Sound_Acoustic_Design/Test Press KOAN Sound Acoustic Design/loops/drums/top_loops/breaks/TSP_KOAN_140_top_ghosts.wav,Samples 2021 ->/Sample Packs/Koan_Sound_Acoustic_Design/Test Press KOAN Sound Acoustic Design/loops/drums/top_loops/breaks/TSP_KOAN_140_top_ghosts.wav,Percussion Loop,,,,,,Percussion,Loop,,Koan_Sound_Acoustic_Design,Test Press KOAN Sound Acoustic Design,Koan_Sound_Acoustic_Design||Test Press KOAN Sound Acoustic Design||tsp koan 140 top ghosts,domain_coverage_v1,20260910T165711,false,1.7143,44100,2,
/Volumes/Jack_Gandy_1TB_SSD/Samples 2021 ->/Sample Packs/Koan_Sound_Acoustic_Design/Test Press KOAN Sound Acoustic Design/loops/drums/top_loops/breaks/TSP_KOAN_140_top_half_hats.wav,Samples 2021 ->/Sample Packs/Koan_Sound_Acoustic_Design/Test Press KOAN Sound Acoustic Design/loops/drums/top_loops/breaks/TSP_KOAN_140_top_half_hats.wav,Hi-Hat Loop,,,,,,Hi-Hat,Loop,,Koan_Sound_Acoustic_Design,Test Press KOAN Sound Acoustic Design,Koan_Sound_Acoustic_Design||Test Press KOAN Sound Acoustic Design||tsp koan 140 top half hats,granularity_v1,20260911T104121,false,6.8571,44100,2,
/Volumes/Jack_Gandy_1TB_SSD/Samples 2021 ->/Sample Packs/Koan_Sound_Acoustic_Design/Test Press KOAN Sound Acoustic Design/loops/drums/top_loops/dnb/TSP_KOAN_172_top_fragmented_hats.wav,Samples 2021 ->/Sample Packs/Koan_Sound_Acoustic_Design/Test Press KOAN Sound Acoustic Design/loops/drums/top_loops/dnb/TSP_KOAN_172_top_fragmented_hats.wav,Hi-Hat Loop,,,,,,Hi-Hat,Loop,,Koan_Sound_Acoustic_Design,Test Press KOAN Sound Acoustic Design,Koan_Sound_Acoustic_Design||Test Press KOAN Sound Acoustic Design||tsp koan 172 top fragmented hats,granularity_v1,20260911T104121,false,1.3954,44100,2,
/Volumes/Jack_Gandy_1TB_SSD/Samples 2021 ->/Sample Packs/Koan_Sound_Acoustic_Design/Test Press KOAN Sound Acoustic Design/loops/drums/top_loops/dnb/TSP_KOAN_172_top_ghost_funk.wav,Samples 2021 ->/Sample Packs/Koan_Sound_Acoustic_Design/Test Press KOAN Sound Acoustic Design/loops/drums/top_loops/dnb/TSP_KOAN_172_top_ghost_funk.wav,Top Loop,,,,,,Percussion,Loop,,Koan_Sound_Acoustic_Design,Test Press KOAN Sound Acoustic Design,Koan_Sound_Acoustic_Design||Test Press KOAN Sound Acoustic Design||tsp koan 172 top ghost funk,domain_coverage_v1,20260910T171406,false,1.3954,44100,2,
/Volumes/Jack_Gandy_1TB_SSD/Samples 2021 ->/Sample Packs/Koan_Sound_Acoustic_Design/Test Press KOAN Sound Acoustic Design/loops/drums/top_loops/dnb/TSP_KOAN_172_top_hats_restrained.wav,Samples 2021 ->/Sample Packs/Koan_Sound_Acoustic_Design/Test Press KOAN Sound Acoustic Design/loops/drums/top_loops/dnb/TSP_KOAN_172_top_hats_restrained.wav,Hi-Hat Loop,,,,,,Hi-Hat,Loop,,Koan_Sound_Acoustic_Design,Test Press KOAN Sound Acoustic Design,Koan_Sound_Acoustic_Design||Test Press KOAN Sound Acoustic Design||tsp koan 172 top hats restrained,granularity_v1,20260911T104121,false,2.7907,44100,2,
/Volumes/Jack_Gandy_1TB_SSD/Samples 2021 ->/Sample Packs/Koan_Sound_Acoustic_Design/Test Press KOAN Sound Acoustic Design/loops/drums/top_loops/dnb/TSP_KOAN_172_top_shuffle_zest.wav,Samples 2021 ->/Sample Packs/Koan_Sound_Acoustic_Design/Test Press KOAN Sound Acoustic Design/loops/drums/top_loops/dnb/TSP_KOAN_172_top_shuffle_zest.wav,Top Loop,,,,,,Percussion,Loop,,Koan_Sound_Acoustic_Design,Test Press KOAN Sound Acoustic Design,Koan_Sound_Acoustic_Design||Test Press KOAN Sound Acoustic Design||tsp koan 172 top shuffle zest,granularity_v1,20260911T104121,false,1.3954,44100,2,
/Volumes/Jack_Gandy_1TB_SSD/Samples 2021 ->/Sample Packs/Koan_Sound_Acoustic_Design/Test Press KOAN Sound Acoustic Design/loops/drums/top_loops/garage/TSP_KOAN_126_top_shuffle_hits.wav,Samples 2021 ->/Sample Packs/Koan_Sound_Acoustic_Design/Test Press KOAN Sound Acoustic Design/loops/drums/top_loops/garage/TSP_KOAN_126_top_shuffle_hits.wav,Top Loop,,,,,,Percussion,Loop,,Koan_Sound_Acoustic_Design,Test Press KOAN Sound Acoustic Design,Koan_Sound_Acoustic_Design||Test Press KOAN Sound Acoustic Design||tsp koan 126 top shuffle hits,granularity_v1,20260911T104121,false,3.8095,44100,2,
/Volumes/Jack_Gandy_1TB_SSD/Samples 2021 ->/Sample Packs/Koan_Sound_Acoustic_Design/Test Press KOAN Sound Acoustic Design/loops/drums/top_loops/garage/TSP_KOAN_126_top_submerged_perc.wav,Samples 2021 ->/Sample Packs/Koan_Sound_Acoustic_Design/Test Press KOAN Sound Acoustic Design/loops/drums/top_loops/garage/TSP_KOAN_126_top_submerged_perc.wav,Percussion Loop,,,,,,Percussion,Loop,,Koan_Sound_Acoustic_Design,Test Press KOAN Sound Acoustic Design,Koan_Sound_Acoustic_Design||Test Press KOAN Sound Acoustic Design||tsp koan 126 top submerged perc,granularity_v1,20260911T104121,false,3.8095,44100,2,
/Volumes/Jack_Gandy_1TB_SSD/Samples 2021 ->/Sample Packs/Koan_Sound_Acoustic_Design/Test Press KOAN Sound Acoustic Design/one-shots/drums/kicks/processed/TSP_KOAN_kick_boom_hat.wav,Samples 2021 ->/Sample Packs/Koan_Sound_Acoustic_Design/Test Press KOAN Sound Acoustic Design/one-shots/drums/kicks/processed/TSP_KOAN_kick_boom_hat.wav,Kick,,,,,,Kick,One-Shot,recovered_from=Unknown; note=Kick,Koan_Sound_Acoustic_Design,Test Press KOAN Sound Acoustic Design,Koan_Sound_Acoustic_Design||Test Press KOAN Sound Acoustic Design||tsp koan kick boom hat,granularity_v1,20260911T104121,false,0.4433,44100,2,
/Volumes/Jack_Gandy_1TB_SSD/Samples 2021 ->/Sample Packs/Koan_Sound_Acoustic_Design/Test Press KOAN Sound Acoustic Design/one-shots/drums/snares/perc/TSP_KOAN_snare_tambourine_quick.wav,Samples 2021 ->/Sample Packs/Koan_Sound_Acoustic_Design/Test Press KOAN Sound Acoustic Design/one-shots/drums/snares/perc/TSP_KOAN_snare_tambourine_quick.wav,Snare,,,,,,Snare,One-Shot,,Koan_Sound_Acoustic_Design,Test Press KOAN Sound Acoustic Design,Koan_Sound_Acoustic_Design||Test Press KOAN Sound Acoustic Design||tsp koan snare tambourine quick,drums_v1,,false,0.3115,44100,2,
/Volumes/Jack_Gandy_1TB_SSD/Samples 2021 ->/Sample Packs/Lex Luger Drumkit/Lex_Luger_Drumkit/LL_loops/LL_138_trap_hihat_loop_5.aif,Samples 2021 ->/Sample Packs/Lex Luger Drumkit/Lex_Luger_Drumkit/LL_loops/LL_138_trap_hihat_loop_5.aif,Hi-Hat Loop,,,,,,Hi-Hat,Loop,,Lex Luger Drumkit,Lex_Luger_Drumkit,Lex Luger Drumkit||Lex_Luger_Drumkit||ll 138 trap hihat loop,domain_coverage_v1,20260910T171406,false,3.4783,44100,2,96239cef5090fb788a8f5bdf2ec6ee11502639ae47b3811ea6903b39f28202e7
/Volumes/Jack_Gandy_1TB_SSD/Samples 2021 ->/Sample Packs/Lex Luger Drumkit/Lex_Luger_Drumkit/LL_one_shots/LL_riser_pink.wav,Samples 2021 ->/Sample Packs/Lex Luger Drumkit/Lex_Luger_Drumkit/LL_one_shots/LL_riser_pink.wav,Riser,,,,,,FX,One-Shot,,Lex Luger Drumkit,Lex_Luger_Drumkit,Lex Luger Drumkit||Lex_Luger_Drumkit||ll riser pink,domain_coverage_v1,20260910T165711,false,4.8184,48000,2,241bdd6b952af5181588fc21d1756f2f5d28e9addceb0611d4d74c12c8c0f5ac
/Volumes/Jack_Gandy_1TB_SSD/Samples 2021 ->/Sample Packs/Loaded Samples - Lo-Fi Memphis 2/DRUMS & PERC LOOPS/808 Clave Loop #12 [65BPM] (A).wav,Samples 2021 ->/Sample Packs/Loaded Samples - Lo-Fi Memphis 2/DRUMS & PERC LOOPS/808 Clave Loop #12 [65BPM] (A).wav,Other/none,,other,,,,Rejection,Rejection,,Loaded Samples - Lo-Fi Memphis 2,DRUMS & PERC LOOPS,Loaded Samples - Lo-Fi Memphis 2||DRUMS & PERC LOOPS||808 clave loop (a),granularity_v1,20260911T104352,false,7.3846,44100,1,342fc86b23376fd0616e347cd0c1e60d8228da341f9630c1a9b88d64bf764ddf
/Volumes/Jack_Gandy_1TB_SSD/Samples 2021 ->/Sample Packs/Loaded Samples - Lo-Fi Memphis 2/DRUMS & PERC LOOPS/808 Cowbell Loop #3 [65BPM] (A).wav,Samples 2021 ->/Sample Packs/Loaded Samples - Lo-Fi Memphis 2/DRUMS & PERC LOOPS/808 Cowbell Loop #3 [65BPM] (A).wav,Synth Loop,,,,,,Synth,Loop,,Loaded Samples - Lo-Fi Memphis 2,DRUMS & PERC LOOPS,Loaded Samples - Lo-Fi Memphis 2||DRUMS & PERC LOOPS||808 cowbell loop (a),domain_coverage_v1,20260910T171406,false,14.7692,44100,2,70f5dac55471ede016c9d09735a1453bbcff0faa9733488f5f485bc9b84adfd7
/Volumes/Jack_Gandy_1TB_SSD/Samples 2021 ->/Sample Packs/Loaded Samples - Lo-Fi Memphis 2/DRUMS & PERC LOOPS/Gankin Hi-Hat Loop [73 BPM].wav,Samples 2021 ->/Sample Packs/Loaded Samples - Lo-Fi Memphis 2/DRUMS & PERC LOOPS/Gankin Hi-Hat Loop [73 BPM].wav,Hi-Hat Loop,,,,,,Hi-Hat,Loop,,Loaded Samples - Lo-Fi Memphis 2,DRUMS & PERC LOOPS,Loaded Samples - Lo-Fi Memphis 2||DRUMS & PERC LOOPS||gankin hi hat loop,domain_coverage_v1,20260910T165711,false,3.2877,44100,1,055948d2e758a407f153d6f5e1b1333085fe4f3529be1389ffa315d579380b6e
/Volumes/Jack_Gandy_1TB_SSD/Samples 2021 ->/Sample Packs/Loaded Samples - Lo-Fi Memphis 2/DRUMS/Hats/LFM2_Layer CHH.wav,Samples 2021 ->/Sample Packs/Loaded Samples - Lo-Fi Memphis 2/DRUMS/Hats/LFM2_Layer CHH.wav,Hi-Hat,,,,,,Hi-Hat,One-Shot,,Loaded Samples - Lo-Fi Memphis 2,DRUMS,Loaded Samples - Lo-Fi Memphis 2||DRUMS||lfm2 layer chh,granularity_v1,20260911T104121,false,0.0611,44100,1,351f302634118885413f0facb08db3c00258687b04eab2c692e1302e7611d6e1
/Volumes/Jack_Gandy_1TB_SSD/Samples 2021 ->/Sample Packs/Loaded Samples - Lo-Fi Memphis 2/DRUMS/Kicks & 808s/LFM2_Kick 909 Punch (1) (G).wav,Samples 2021 ->/Sample Packs/Loaded Samples - Lo-Fi Memphis 2/DRUMS/Kicks & 808s/LFM2_Kick 909 Punch (1) (G).wav,Kick,,,,,,Kick,One-Shot,,Loaded Samples - Lo-Fi Memphis 2,DRUMS,Loaded Samples - Lo-Fi Memphis 2||DRUMS||lfm2 kick 909 punch (g),granularity_v1,20260911T104352,false,0.6417,44100,1,0f3102e14a88e73388ea67625a8ec2a028b5917fe862ac2e6439dd493a83d29f
/Volumes/Jack_Gandy_1TB_SSD/Samples 2021 ->/Sample Packs/Loaded Samples - Lo-Fi Memphis 2/DRUMS/Kicks & 808s/LFM2_Kick Hard.wav,Samples 2021 ->/Sample Packs/Loaded Samples - Lo-Fi Memphis 2/DRUMS/Kicks & 808s/LFM2_Kick Hard.wav,Kick,,,,,,Kick,One-Shot,,Loaded Samples - Lo-Fi Memphis 2,DRUMS,Loaded Samples - Lo-Fi Memphis 2||DRUMS||lfm2 kick hard,domain_coverage_v1,20260910T165711,false,0.1828,44100,1,2b3b0f9a00d9197c4f3a4697cd1d3d9e971f90e5951a6e7258fbee454c7b0315
/Volumes/Jack_Gandy_1TB_SSD/Samples 2021 ->/Sample Packs/Loaded Samples - Lo-Fi Memphis 2/DRUMS/Perc/LFM2_Shaker (3).wav,Samples 2021 ->/Sample Packs/Loaded Samples - Lo-Fi Memphis 2/DRUMS/Perc/LFM2_Shaker (3).wav,Percussion,Shaker/Tambourine,,,,,Percussion,One-Shot,sprint_label=Shaker/Tambourine,Loaded Samples - Lo-Fi Memphis 2,DRUMS,Loaded Samples - Lo-Fi Memphis 2||DRUMS||lfm2 shaker,granularity_v1,20260911T104816,false,0.0978,44100,1,e34ec2b69f9c7ad47ca4669dc95be7e5b10922d2233021d1d3c8ff175a291b56
/Volumes/Jack_Gandy_1TB_SSD/Samples 2021 ->/Sample Packs/Loaded Samples - Lo-Fi Memphis 2/DRUMS/Perc/LFM2_Vibraslap Heavy.wav,Samples 2021 ->/Sample Packs/Loaded Samples - Lo-Fi Memphis 2/DRUMS/Perc/LFM2_Vibraslap Heavy.wav,Percussion,Other Percussive Hit,,,,,Percussion,One-Shot,,Loaded Samples - Lo-Fi Memphis 2,DRUMS,Loaded Samples - Lo-Fi Memphis 2||DRUMS||lfm2 vibraslap heavy,domain_coverage_v1,20260910T171406,false,1.9657,44100,1,7b9d89493608520bfead2e5ca7730ddc1959254aa2ad53598ffba84827730580
/Volumes/Jack_Gandy_1TB_SSD/Samples 2021 ->/Sample Packs/Loaded Samples - Lo-Fi Memphis 2/DRUMS/Snares/LFM2_Snare 808 Hi_REV.wav,Samples 2021 ->/Sample Packs/Loaded Samples - Lo-Fi Memphis 2/DRUMS/Snares/LFM2_Snare 808 Hi_REV.wav,Snare,,,,,,Snare,One-Shot,recovered_from=Unknown; note=Snare,Loaded Samples - Lo-Fi Memphis 2,DRUMS,Loaded Samples - Lo-Fi Memphis 2||DRUMS||lfm2 snare 808 hi rev,granularity_v1,20260911T104352,false,1.0807,44100,1,3130b83ccced9bcdc4230fcc70a4f5d472d2bceb8760cad37764807ec72e8271
/Volumes/Jack_Gandy_1TB_SSD/Samples 2021 ->/Sample Packs/Loaded Samples - Lo-Fi Memphis 2/DRUMS/Snares/LFM2_Snare 808 Medium (3).wav,Samples 2021 ->/Sample Packs/Loaded Samples - Lo-Fi Memphis 2/DRUMS/Snares/LFM2_Snare 808 Medium (3).wav,Snare,,,,,,Snare,One-Shot,recovered_from=Unknown; note=Snare,Loaded Samples - Lo-Fi Memphis 2,DRUMS,Loaded Samples - Lo-Fi Memphis 2||DRUMS||lfm2 snare 808 medium,granularity_v1,20260911T104352,false,0.0936,44100,1,4a156c32525343966435de82acbe02badb5489d6b59dd146015b6a10359f107b
/Volumes/Jack_Gandy_1TB_SSD/Samples 2021 ->/Sample Packs/Loaded Samples - Lo-Fi Memphis 2/DRUMS/Snares/LFM2_Snare 808_REV (3).wav,Samples 2021 ->/Sample Packs/Loaded Samples - Lo-Fi Memphis 2/DRUMS/Snares/LFM2_Snare 808_REV (3).wav,Snare,,,,,,Snare,One-Shot,recovered_from=Unknown; note=Snare,Loaded Samples - Lo-Fi Memphis 2,DRUMS,Loaded Samples - Lo-Fi Memphis 2||DRUMS||lfm2 snare 808 rev,granularity_v1,20260911T104352,false,1.6529,44100,1,1899fae787d00e04b8ad0481318155ce8c85de8ca20abb4e60950077b14e1875
/Volumes/Jack_Gandy_1TB_SSD/Samples 2021 ->/Sample Packs/Loaded Samples - Lo-Fi Memphis 2/MELODIES (X3 & DR5)/Stems (Cassette Processed)/STEM_Lament #1 [67 BPM] (B).wav,Samples 2021 ->/Sample Packs/Loaded Samples - Lo-Fi Memphis 2/MELODIES (X3 & DR5)/Stems (Cassette Processed)/STEM_Lament #1 [67 BPM] (B).wav,Other/none,,mixed/full music,,,,Rejection,Rejection,,Loaded Samples - Lo-Fi Memphis 2,MELODIES (X3 & DR5),Loaded Samples - Lo-Fi Memphis 2||MELODIES (X3 & DR5)||stem lament (b),domain_coverage_v1,20260910T165711,false,8.0597,44100,2,2da181a818dc2cbb90e97be415c0615d8ccf73a53c8a8a3de1ecf5885fdbdbff
/Volumes/Jack_Gandy_1TB_SSD/Samples 2021 ->/Sample Packs/Loaded Samples - Lo-Fi Memphis 2/MELODIES (X3 & DR5)/Stems (OG Versions)/OGSTEM_Kickin It #1 [73 BPM] (C#).wav,Samples 2021 ->/Sample Packs/Loaded Samples - Lo-Fi Memphis 2/MELODIES (X3 & DR5)/Stems (OG Versions)/OGSTEM_Kickin It #1 [73 BPM] (C#).wav,Synth Loop,,,,,,Synth,Loop,,Loaded Samples - Lo-Fi Memphis 2,MELODIES (X3 & DR5),Loaded Samples - Lo-Fi Memphis 2||MELODIES (X3 & DR5)||ogstem kickin it (c#),domain_coverage_v1,20260910T171406,false,8.2192,44100,2,7c86ff2bca0d67913d641b75ccddabf7641b4f2da5e5e14ff125052402018df6
/Volumes/Jack_Gandy_1TB_SSD/Samples 2021 ->/Sample Packs/Loaded Samples - Lo-Fi Memphis 2/MELODY CHOPS/CHOP_DR5 Bones #2 (B).wav,Samples 2021 ->/Sample Packs/Loaded Samples - Lo-Fi Memphis 2/MELODY CHOPS/CHOP_DR5 Bones #2 (B).wav,Synth One-Shot,,,,,,Synth,One-Shot,,Loaded Samples - Lo-Fi Memphis 2,MELODY CHOPS,Loaded Samples - Lo-Fi Memphis 2||MELODY CHOPS||chop dr5 bones (b),domain_coverage_v1,20260910T165711,false,2.0769,44100,2,13a8b73169b8d47589c19fbbf0564fe94fb8d5204ddd9c30d1141800d9ba73de
/Volumes/Jack_Gandy_1TB_SSD/Samples 2021 ->/Sample Packs/Loaded Samples - Lo-Fi Memphis 2/MELODY CHOPS/CHOP_Impact Pt2 #1 (D).wav,Samples 2021 ->/Sample Packs/Loaded Samples - Lo-Fi Memphis 2/MELODY CHOPS/CHOP_Impact Pt2 #1 (D).wav,Impact,,,,,,FX,One-Shot,,Loaded Samples - Lo-Fi Memphis 2,MELODY CHOPS,Loaded Samples - Lo-Fi Memphis 2||MELODY CHOPS||chop impact pt2 (d),granularity_v1,20260911T105134,false,3.5048,44100,2,1ad57fd00faf7e677317cf507fbc18fd11a6422faf40f34b6cbe40fb1e1030b3
/Volumes/Jack_Gandy_1TB_SSD/Samples 2021 ->/Sample Packs/Loaded Samples - Lo-Fi Memphis 2/MELODY CHOPS/CHOP_Splitbell #1 (B).wav,Samples 2021 ->/Sample Packs/Loaded Samples - Lo-Fi Memphis 2/MELODY CHOPS/CHOP_Splitbell #1 (B).wav,Bass Hit,,,,,,Bass,One-Shot,,Loaded Samples - Lo-Fi Memphis 2,MELODY CHOPS,Loaded Samples - Lo-Fi Memphis 2||MELODY CHOPS||chop splitbell (b),domain_coverage_v1,20260910T171406,false,2.1406,44100,2,e87301cc435aefb44dd1547cd52ca7800d935c373d04550bae4a0fa3ad3b4ce6
/Volumes/Jack_Gandy_1TB_SSD/Samples 2021 ->/Sample Packs/Loaded Samples - Lo-Fi Memphis 2/MISC SAMPLES (Bass & More)/LFM2_Gunshot (1).wav,Samples 2021 ->/Sample Packs/Loaded Samples - Lo-Fi Memphis 2/MISC SAMPLES (Bass & More)/LFM2_Gunshot (1).wav,Foley,,,,,,Foley,One-Shot,,Loaded Samples - Lo-Fi Memphis 2,MISC SAMPLES (Bass & More),Loaded Samples - Lo-Fi Memphis 2||MISC SAMPLES (Bass & More)||lfm2 gunshot,domain_coverage_v1,20260910T171406,false,1.1245,44100,1,443f807e948e8cb7ca236350516e3435cef2566cb32314fd7c4125121242f5a1
/Volumes/Jack_Gandy_1TB_SSD/Samples 2021 ->/Sample Packs/Loaded Samples - Lo-Fi Memphis 2/MISC SAMPLES (Bass & More)/X3_BASS - PickBass (C1) V1.wav,Samples 2021 ->/Sample Packs/Loaded Samples - Lo-Fi Memphis 2/MISC SAMPLES (Bass & More)/X3_BASS - PickBass (C1) V1.wav,Other/none,,unsupported instrument,,,,Rejection,Rejection,,Loaded Samples - Lo-Fi Memphis 2,MISC SAMPLES (Bass & More),Loaded Samples - Lo-Fi Memphis 2||MISC SAMPLES (Bass & More)||x3 bass pickbass (c1) v1,domain_coverage_v1,20260910T165711,false,6.855,44100,1,7dead4deac7f7119c8a4fb8ee88170c2d3fbe77654c96d6ddd07eaaad5d9d62b
/Volumes/Jack_Gandy_1TB_SSD/Samples 2021 ->/Sample Packs/Loaded Samples - Lo-Fi Memphis 2/VOCALS/Rollin Deep - With the Click [72 BPM].wav,Samples 2021 ->/Sample Packs/Loaded Samples - Lo-Fi Memphis 2/VOCALS/Rollin Deep - With the Click [72 BPM].wav,Vocal Loop,,,,,,Vocal,Loop,,Loaded Samples - Lo-Fi Memphis 2,VOCALS,Loaded Samples - Lo-Fi Memphis 2||VOCALS||rollin deep with the click,domain_coverage_v1,20260910T165711,false,3.3333,44100,1,afce1f50b056580b466ba42c1932533beef1f9ca5f61dfda1b73b5d5f3e9b810
/Volumes/Jack_Gandy_1TB_SSD/Samples 2021 ->/Sample Packs/Loaded Samples - Lo-Fi Memphis 2/VOCALS/Wer Don't Just Rap [72 BPM].wav,Samples 2021 ->/Sample Packs/Loaded Samples - Lo-Fi Memphis 2/VOCALS/Wer Don't Just Rap [72 BPM].wav,Vocal Loop,,,,,,Vocal,Loop,,Loaded Samples - Lo-Fi Memphis 2,VOCALS,Loaded Samples - Lo-Fi Memphis 2||VOCALS||wer don't just rap,domain_coverage_v1,20260910T171406,false,1.6667,44100,1,d9ed13d897c9a926329b16d3df00c04ac73e32a4b1cfda927714870dec9d4315
/Volumes/Jack_Gandy_1TB_SSD/Samples 2021 ->/Sample Packs/MGF Mega Pack/Analogue Collection/Bass/EURO1_BASS_06 F0.wav,Samples 2021 ->/Sample Packs/MGF Mega Pack/Analogue Collection/Bass/EURO1_BASS_06 F0.wav,Bass Hit,,,,,,Bass,One-Shot,,MGF Mega Pack,Analogue Collection,MGF Mega Pack||Analogue Collection||euro1 bass,granularity_v1,20260911T104352,false,1.1761,96000,1,87f0ab252e32927ea7639f3857dd398138d72351a6dd7f9d94e177a1e0205605
/Volumes/Jack_Gandy_1TB_SSD/Samples 2021 ->/Sample Packs/MGF Mega Pack/Analogue Collection/Bass/EURO1_BASS_09 A0.wav,Samples 2021 ->/Sample Packs/MGF Mega Pack/Analogue Collection/Bass/EURO1_BASS_09 A0.wav,Bass Hit,,,,,,Bass,One-Shot,,MGF Mega Pack,Analogue Collection,MGF Mega Pack||Analogue Collection||euro1 bass,granularity_v1,20260911T104352,false,1.7613,96000,1,67d0945b19130d4069aa32e1511ce5029091a4b73c4645c152b74136f360650b
/Volumes/Jack_Gandy_1TB_SSD/Samples 2021 ->/Sample Packs/MGF Mega Pack/Analogue Collection/Bass/EURO1_BASS_28 F0.wav,Samples 2021 ->/Sample Packs/MGF Mega Pack/Analogue Collection/Bass/EURO1_BASS_28 F0.wav,Bass Hit,,,,,,Bass,One-Shot,,MGF Mega Pack,Analogue Collection,MGF Mega Pack||Analogue Collection||euro1 bass,granularity_v1,20260911T104352,false,0.3274,96000,1,319ffb48f4d45ebca17718df5333e7e82df5147db39d58d3ff17b8a631a1fc25
/Volumes/Jack_Gandy_1TB_SSD/Samples 2021 ->/Sample Packs/MGF Mega Pack/Analogue Collection/Bass/JX3P - Square Lo C1.wav,Samples 2021 ->/Sample Packs/MGF Mega Pack/Analogue Collection/Bass/JX3P - Square Lo C1.wav,Synth One-Shot,,,,,,Synth,One-Shot,,MGF Mega Pack,Analogue Collection,MGF Mega Pack||Analogue Collection||jx3p square lo,domain_coverage_v1,20260910T171406,false,2.8243,96000,1,091d146c2d5701e6b10f56a07a0f5c85e853988caae5d7c2b8de2abbf559a502
/Volumes/Jack_Gandy_1TB_SSD/Samples 2021 ->/Sample Packs/MGF Mega Pack/Analogue Collection/Bass/MS20_NOV18_BASS_38 D-1.wav,Samples 2021 ->/Sample Packs/MGF Mega Pack/Analogue Collection/Bass/MS20_NOV18_BASS_38 D-1.wav,SFX,,,,,,FX,One-Shot,recovered_from=Unknown; note=SFX,MGF Mega Pack,Analogue Collection,MGF Mega Pack||Analogue Collection||ms20 nov18 bass,granularity_v1,20260911T104352,false,4.225,96000,1,cbe65b22d63d94952d7fe8504331a9167637576dfa0a4f98d7ea7edcb902e5fd
/Volumes/Jack_Gandy_1TB_SSD/Samples 2021 ->/Sample Packs/MGF Mega Pack/Analogue Collection/Bass/P08_BASS_24 C1.wav,Samples 2021 ->/Sample Packs/MGF Mega Pack/Analogue Collection/Bass/P08_BASS_24 C1.wav,SFX,,,,,,FX,One-Shot,recovered_from=Unknown; note=SFX,MGF Mega Pack,Analogue Collection,MGF Mega Pack||Analogue Collection||p08 bass,granularity_v1,20260911T104352,false,7.7242,96000,2,37f45b463aeb771c3fb0ff69ad33be35cfa38b516432603f64d2f1c49f23fd68
/Volumes/Jack_Gandy_1TB_SSD/Samples 2021 ->/Sample Packs/MGF Mega Pack/Analogue Collection/Perc/MOD_KICK 09.wav,Samples 2021 ->/Sample Packs/MGF Mega Pack/Analogue Collection/Perc/MOD_KICK 09.wav,Kick,,,,,,Kick,One-Shot,,MGF Mega Pack,Analogue Collection,MGF Mega Pack||Analogue Collection||mod kick,drums_v1,,false,3.5423,96000,1,be51e7cfc37a4fbbe4e8aa8d15865b006d69f5f7177a33ae129ce25e1d1c4498
/Volumes/Jack_Gandy_1TB_SSD/Samples 2021 ->/Sample Packs/MGF Mega Pack/Analogue Collection/Perc/MS20_OCT20_PERC_15.wav,Samples 2021 ->/Sample Packs/MGF Mega Pack/Analogue Collection/Perc/MS20_OCT20_PERC_15.wav,Percussion,Other Percussive Hit,,,,,Percussion,One-Shot,sprint_label=Other Percussive Hit,MGF Mega Pack,Analogue Collection,MGF Mega Pack||Analogue Collection||ms20 oct20 perc,granularity_v1,20260911T104816,false,0.2616,96000,1,4ee01f80caef82f6238ea9da5c29d6857f2eb60570a0435eaae64ac11f13ea01
/Volumes/Jack_Gandy_1TB_SSD/Samples 2021 ->/Sample Packs/MGF Mega Pack/Analogue Collection/Perc/MS20_OCT20_PERC_17.wav,Samples 2021 ->/Sample Packs/MGF Mega Pack/Analogue Collection/Perc/MS20_OCT20_PERC_17.wav,Percussion,Other Percussive Hit,,,,,Percussion,One-Shot,sprint_label=Other Percussive Hit,MGF Mega Pack,Analogue Collection,MGF Mega Pack||Analogue Collection||ms20 oct20 perc,granularity_v1,20260911T104816,false,0.3678,96000,1,a46ef1ed7a36977f2db0b89f16bbda9fd394c408cd42256dace97ac05e48f68f
/Volumes/Jack_Gandy_1TB_SSD/Samples 2021 ->/Sample Packs/MGF Mega Pack/Analogue Collection/Perc/P6 AUG18PT1_058.wav,Samples 2021 ->/Sample Packs/MGF Mega Pack/Analogue Collection/Perc/P6 AUG18PT1_058.wav,Percussion,Other Percussive Hit,,,,,Percussion,One-Shot,foley,MGF Mega Pack,Analogue Collection,MGF Mega Pack||Analogue Collection||p6 aug18pt1,drums_v1,,false,1.581,96000,1,f19e156d0fe1d07e9673e44b23946bc31cba28d3adb9fcaff2bf1ed2bc0ea9fa
/Volumes/Jack_Gandy_1TB_SSD/Samples 2021 ->/Sample Packs/MGF Mega Pack/Analogue Collection/Perc/S37 NOV18_SFX_128.wav,Samples 2021 ->/Sample Packs/MGF Mega Pack/Analogue Collection/Perc/S37 NOV18_SFX_128.wav,SFX,,,,,,FX,One-Shot,,MGF Mega Pack,Analogue Collection,MGF Mega Pack||Analogue Collection||s37 nov18 sfx,granularity_v1,20260911T105134,false,0.926,96000,1,197d03f7753115351fb2704b582f7a5963118293464846122893bdf56ddb9b87
/Volumes/Jack_Gandy_1TB_SSD/Samples 2021 ->/Sample Packs/MGF Mega Pack/Analogue Collection/SFX/S37 NOV18_SFX_037.wav,Samples 2021 ->/Sample Packs/MGF Mega Pack/Analogue Collection/SFX/S37 NOV18_SFX_037.wav,SFX,,,,,,FX,One-Shot,,MGF Mega Pack,Analogue Collection,MGF Mega Pack||Analogue Collection||s37 nov18 sfx,granularity_v1,20260911T105134,false,2.146,96000,1,323216a5ef5e7c811d6f6c95fba624a9e4c18179e3a8a17672291b6a1dd41952
/Volumes/Jack_Gandy_1TB_SSD/Samples 2021 ->/Sample Packs/MGF Mega Pack/Analogue Collection/Singles/VOY_Radio Whistle C3.wav,Samples 2021 ->/Sample Packs/MGF Mega Pack/Analogue Collection/Singles/VOY_Radio Whistle C3.wav,Synth One-Shot,,,,,,Synth,One-Shot,,MGF Mega Pack,Analogue Collection,MGF Mega Pack||Analogue Collection||voy radio whistle,domain_coverage_v1,20260910T165711,false,0.422,96000,1,f31fca653d4f9b4e3f7df6c8486bda69a5f0adcb1bde73b73595565a2662baab
/Volumes/Jack_Gandy_1TB_SSD/Samples 2021 ->/Sample Packs/MGF Mega Pack/Misc + Found Sound/Abstract Hits/MGF_ABS1_PERC_08.wav,Samples 2021 ->/Sample Packs/MGF Mega Pack/Misc + Found Sound/Abstract Hits/MGF_ABS1_PERC_08.wav,Percussion,Other Percussive Hit,,,,,Percussion,One-Shot,sprint_label=Other Percussive Hit,MGF Mega Pack,Misc + Found Sound,MGF Mega Pack||Misc + Found Sound||mgf abs1 perc,granularity_v1,20260911T104816,false,0.3194,96000,2,743e0a907997410afb75d56aa8140907c0edd424ef98ad3304016389adfc1910
/Volumes/Jack_Gandy_1TB_SSD/Samples 2021 ->/Sample Packs/MGF Mega Pack/Misc + Found Sound/Abstract Hits/MGF_ABS1_PERC_11.wav,Samples 2021 ->/Sample Packs/MGF Mega Pack/Misc + Found Sound/Abstract Hits/MGF_ABS1_PERC_11.wav,Percussion,Other Percussive Hit,,,,,Percussion,One-Shot,foley,MGF Mega Pack,Misc + Found Sound,MGF Mega Pack||Misc + Found Sound||mgf abs1 perc,drums_v1,,false,0.1281,96000,2,aa2a98b6f7563957a3aa71063d1c282b0d0d78f54b2db08838ce7252580d16ea
/Volumes/Jack_Gandy_1TB_SSD/Samples 2021 ->/Sample Packs/MGF Mega Pack/Misc + Found Sound/Button Bash/Percussive/MGF_BB2_PERC_42.wav,Samples 2021 ->/Sample Packs/MGF Mega Pack/Misc + Found Sound/Button Bash/Percussive/MGF_BB2_PERC_42.wav,Percussion,Other Percussive Hit,,,,,Percussion,One-Shot,sprint_label=Other Percussive Hit,MGF Mega Pack,Misc + Found Sound,MGF Mega Pack||Misc + Found Sound||mgf bb2 perc,granularity_v1,20260911T104816,false,0.4616,96000,1,b64babad1e2801ba8caaa4321fafedcff3214326ca62f1881bba6ce75abb09b4
/Volumes/Jack_Gandy_1TB_SSD/Samples 2021 ->/Sample Packs/MGF Mega Pack/Misc + Found Sound/Button Bash/Percussive/MGF_BB_PERC_33.wav,Samples 2021 ->/Sample Packs/MGF Mega Pack/Misc + Found Sound/Button Bash/Percussive/MGF_BB_PERC_33.wav,Percussion,Other Percussive Hit,,,,,Percussion,One-Shot,,MGF Mega Pack,Misc + Found Sound,MGF Mega Pack||Misc + Found Sound||mgf bb perc,drums_v1,,false,0.38,96000,2,0104af4420c70e01df18ef3b066976f6bd31773196f1e0b6ceb20d196a60ce54
/Volumes/Jack_Gandy_1TB_SSD/Samples 2021 ->/Sample Packs/MGF Mega Pack/Misc + Found Sound/Casiotone 501/Drums/Casiotone 501 Hat 2.wav,Samples 2021 ->/Sample Packs/MGF Mega Pack/Misc + Found Sound/Casiotone 501/Drums/Casiotone 501 Hat 2.wav,Hi-Hat,,,,,,Hi-Hat,One-Shot,,MGF Mega Pack,Misc + Found Sound,MGF Mega Pack||Misc + Found Sound||casiotone 501 hat,granularity_v1,20260911T104121,false,0.1586,48000,1,26a9664e535235eed080db5aedce270fe166215d3cb4b4a4328ab55b4a7ddb80
/Volumes/Jack_Gandy_1TB_SSD/Samples 2021 ->/Sample Packs/MGF Mega Pack/Misc + Found Sound/Cassette Noise/MGF_CNOISE_ATMOS_18.wav,Samples 2021 ->/Sample Packs/MGF Mega Pack/Misc + Found Sound/Cassette Noise/MGF_CNOISE_ATMOS_18.wav,Atmosphere,,,,,,FX,Loop,,MGF Mega Pack,Misc + Found Sound,MGF Mega Pack||Misc + Found Sound||mgf cnoise atmos,granularity_v1,20260911T105134,false,27.2561,48000,2,301b8f6121dc02198600f1a719f2a85bb11ec0f9047edff53b1d9aa01c9af94a
/Volumes/Jack_Gandy_1TB_SSD/Samples 2021 ->/Sample Packs/MGF Mega Pack/Misc + Found Sound/Cassette Noise/MGF_CNOISE_ATMOS_21.wav,Samples 2021 ->/Sample Packs/MGF Mega Pack/Misc + Found Sound/Cassette Noise/MGF_CNOISE_ATMOS_21.wav,Atmosphere,,,,,,FX,Loop,,MGF Mega Pack,Misc + Found Sound,MGF Mega Pack||Misc + Found Sound||mgf cnoise atmos,granularity_v1,20260911T105134,false,8.0387,48000,2,8c9417681270ec91afb0a697307d7982680c34043769d332d8bc48c57a67f748
/Volumes/Jack_Gandy_1TB_SSD/Samples 2021 ->/Sample Packs/MGF Mega Pack/Misc + Found Sound/Chromaphone/Percussion/MGF_PHYS1_PERC_31.wav,Samples 2021 ->/Sample Packs/MGF Mega Pack/Misc + Found Sound/Chromaphone/Percussion/MGF_PHYS1_PERC_31.wav,Percussion,Other Percussive Hit,,,,,Percussion,One-Shot,sprint_label=Other Percussive Hit,MGF Mega Pack,Misc + Found Sound,MGF Mega Pack||Misc + Found Sound||mgf phys1 perc,granularity_v1,20260911T104816,false,0.754,48000,2,60ee545a1d631ccd3628cbdc4295db56183434dfa2d2ca6510612763ad93207a
/Volumes/Jack_Gandy_1TB_SSD/Samples 2021 ->/Sample Packs/MGF Mega Pack/Misc + Found Sound/Household Percussion April 2016/HOUSEHOLD_025.wav,Samples 2021 ->/Sample Packs/MGF Mega Pack/Misc + Found Sound/Household Percussion April 2016/HOUSEHOLD_025.wav,Percussion,Other Percussive Hit,,,,,Percussion,One-Shot,foley,MGF Mega Pack,Misc + Found Sound,MGF Mega Pack||Misc + Found Sound||household,drums_v1,,false,1.625,96000,1,b3ccade3dadc02dede5c652c510342468e0592659272b113707ba12f6944d4d2
/Volumes/Jack_Gandy_1TB_SSD/Samples 2021 ->/Sample Packs/MGF Mega Pack/Misc + Found Sound/Household Percussion April 2016/HOUSEHOLD_150.wav,Samples 2021 ->/Sample Packs/MGF Mega Pack/Misc + Found Sound/Household Percussion April 2016/HOUSEHOLD_150.wav,Foley,,,,,,Foley,One-Shot,,MGF Mega Pack,Misc + Found Sound,MGF Mega Pack||Misc + Found Sound||household,drums_v1,,false,0.2027,96000,1,c8f5a036613438256e614499a3c908123a460556d424773dc5ad4a15496589a9
/Volumes/Jack_Gandy_1TB_SSD/Samples 2021 ->/Sample Packs/MGF Mega Pack/Misc + Found Sound/Household Percussion April 2016/HOUSEHOLD_182.wav,Samples 2021 ->/Sample Packs/MGF Mega Pack/Misc + Found Sound/Household Percussion April 2016/HOUSEHOLD_182.wav,Foley,,,,,,Foley,One-Shot,,MGF Mega Pack,Misc + Found Sound,MGF Mega Pack||Misc + Found Sound||household,drums_v1,,false,0.25,96000,1,69f35bc2730d8aa69e15865e2f929e0da5ded1ae588b2119560d05a0767a5154
/Volumes/Jack_Gandy_1TB_SSD/Samples 2021 ->/Sample Packs/MGF Mega Pack/Misc + Found Sound/Household Percussion April 2016/HOUSEHOLD_242.wav,Samples 2021 ->/Sample Packs/MGF Mega Pack/Misc + Found Sound/Household Percussion April 2016/HOUSEHOLD_242.wav,Foley,,,,,,Foley,One-Shot,,MGF Mega Pack,Misc + Found Sound,MGF Mega Pack||Misc + Found Sound||household,drums_v1,,false,0.25,96000,1,6ebce29743f8e30bf8b3d7589e09573aad99ebd2336e34f4ff43aa7948a51670
/Volumes/Jack_Gandy_1TB_SSD/Samples 2021 ->/Sample Packs/MGF Mega Pack/Misc + Found Sound/Household Percussion April 2016/HOUSEHOLD_257.wav,Samples 2021 ->/Sample Packs/MGF Mega Pack/Misc + Found Sound/Household Percussion April 2016/HOUSEHOLD_257.wav,Foley,,,,,,Foley,One-Shot,,MGF Mega Pack,Misc + Found Sound,MGF Mega Pack||Misc + Found Sound||household,drums_v1,,false,0.75,96000,1,d08e06303dccb6882c424e998fb882380559435634b0d834cb4040c69ca08670
/Volumes/Jack_Gandy_1TB_SSD/Samples 2021 ->/Sample Packs/MGF Mega Pack/Misc + Found Sound/Household Percussion April 2016/HOUSEHOLD_464.wav,Samples 2021 ->/Sample Packs/MGF Mega Pack/Misc + Found Sound/Household Percussion April 2016/HOUSEHOLD_464.wav,Percussion,Other Percussive Hit,,,,,Percussion,One-Shot,foley,MGF Mega Pack,Misc + Found Sound,MGF Mega Pack||Misc + Found Sound||household,drums_v1,,false,0.5,96000,1,7890ffdd347d06f9451a3afbd9e1ebeba1a53392121222dc32fc08071d41e40a
/Volumes/Jack_Gandy_1TB_SSD/Samples 2021 ->/Sample Packs/MGF Mega Pack/Misc + Found Sound/UTS Foley 2/Can Hits-1.wav,Samples 2021 ->/Sample Packs/MGF Mega Pack/Misc + Found Sound/UTS Foley 2/Can Hits-1.wav,Foley,,,,,,Foley,One-Shot,,MGF Mega Pack,Misc + Found Sound,MGF Mega Pack||Misc + Found Sound||can hits,domain_coverage_v1,20260910T165711,false,0.4388,96000,1,8d4a6b1cbca02cab45ee62250ca7d8c69cd7a4334467824e1fe2c5853e3fba37
/Volumes/Jack_Gandy_1TB_SSD/Samples 2021 ->/Sample Packs/MGF Mega Pack/Misc + Found Sound/UTS Foley 2/Foil-12.wav,Samples 2021 ->/Sample Packs/MGF Mega Pack/Misc + Found Sound/UTS Foley 2/Foil-12.wav,Foley,,,,,,Foley,One-Shot,,MGF Mega Pack,Misc + Found Sound,MGF Mega Pack||Misc + Found Sound||foil,drums_v1,,false,0.3297,96000,1,f7b5ebfa62c70d38007e503a36890a5a272a2a032b8a6790150ac1fee244ee83
/Volumes/Jack_Gandy_1TB_SSD/Samples 2021 ->/Sample Packs/MGF Mega Pack/Misc + Found Sound/Wavestation Cassette Chords/Days of Breth-3-G#Maj 7.wav,Samples 2021 ->/Sample Packs/MGF Mega Pack/Misc + Found Sound/Wavestation Cassette Chords/Days of Breth-3-G#Maj 7.wav,Vocal One-Shot,,,,,,Vocal,One-Shot,,MGF Mega Pack,Misc + Found Sound,MGF Mega Pack||Misc + Found Sound||days of breth 3,domain_coverage_v1,20260910T171406,false,9.9793,44100,2,7b4e0584907c622da50c0dd82bee408e7fc12a1cbacee29682223ead33498c57
/Volumes/Jack_Gandy_1TB_SSD/Samples 2021 ->/Sample Packs/MGF Mega Pack/Multisamples/MGF DX21 Vol 1/DTROIT Bass 1/DTROIT Bass1 4 G0.wav,Samples 2021 ->/Sample Packs/MGF Mega Pack/Multisamples/MGF DX21 Vol 1/DTROIT Bass 1/DTROIT Bass1 4 G0.wav,Bass Hit,,,,,,Bass,One-Shot,,MGF Mega Pack,Multisamples,MGF Mega Pack||Multisamples||dtroit bass1,domain_coverage_v1,20260910T171406,false,0.4975,44100,1,0456672e2ccbd71a1ccd00dacb3341c25d4ecb908235fc052f1cf026bdccf5f6
/Volumes/Jack_Gandy_1TB_SSD/Samples 2021 ->/Sample Packs/MGF Mega Pack/Multisamples/MGF Eurorack Vol 2/PWM Bass 1/PWM Bass-1 C#0.wav,Samples 2021 ->/Sample Packs/MGF Mega Pack/Multisamples/MGF Eurorack Vol 2/PWM Bass 1/PWM Bass-1 C#0.wav,Bass Hit,,,,,,Bass,One-Shot,,MGF Mega Pack,Multisamples,MGF Mega Pack||Multisamples||pwm bass,granularity_v1,20260911T104352,false,1.7743,96000,1,47e6e0e5ad22e74946c6699949d768fed1bd1ba7c2454c9b7a1695919dcd7483
/Volumes/Jack_Gandy_1TB_SSD/Samples 2021 ->/Sample Packs/MGF Mega Pack/Multisamples/MGF Eurorack Vol 2/PWM Bass 1/PWM Bass-8 G#0.wav,Samples 2021 ->/Sample Packs/MGF Mega Pack/Multisamples/MGF Eurorack Vol 2/PWM Bass 1/PWM Bass-8 G#0.wav,Bass Hit,,,,,,Bass,One-Shot,,MGF Mega Pack,Multisamples,MGF Mega Pack||Multisamples||pwm bass,granularity_v1,20260911T104352,false,1.8971,96000,1,7b8bb65da8cbb70376d8431cab3867522443bfdc72272697f7830f2ece2f61ba
/Volumes/Jack_Gandy_1TB_SSD/Samples 2021 ->/Sample Packs/MGF Mega Pack/Multisamples/MGF Eurorack Vol 2/PWM Bass 1/PWM Bass-9 A0.wav,Samples 2021 ->/Sample Packs/MGF Mega Pack/Multisamples/MGF Eurorack Vol 2/PWM Bass 1/PWM Bass-9 A0.wav,Bass Hit,,,,,,Bass,One-Shot,,MGF Mega Pack,Multisamples,MGF Mega Pack||Multisamples||pwm bass,granularity_v1,20260911T104352,false,1.814,96000,1,43afe826af3fd4d7ccc427b6ed0f978ce0d2736808e53bf007a237a12f4f44c4
/Volumes/Jack_Gandy_1TB_SSD/Samples 2021 ->/Sample Packs/MGF Mega Pack/Multisamples/MGF Minilogue Vol 1/Traxx Bass/Trax Bass - A3.wav,Samples 2021 ->/Sample Packs/MGF Mega Pack/Multisamples/MGF Minilogue Vol 1/Traxx Bass/Trax Bass - A3.wav,Bass Hit,,,,,,Bass,One-Shot,,MGF Mega Pack,Multisamples,MGF Mega Pack||Multisamples||trax bass,granularity_v1,20260911T104352,false,2.2,44100,1,fe2da646ee6abbec10c48b290f4114f6cb86eee3ee3fb304979f1d8235a0da7e
/Volumes/Jack_Gandy_1TB_SSD/Samples 2021 ->/Sample Packs/MGF Mega Pack/Multisamples/MGF Minilogue Vol 1/Traxx Bass/Trax Bass - C2.wav,Samples 2021 ->/Sample Packs/MGF Mega Pack/Multisamples/MGF Minilogue Vol 1/Traxx Bass/Trax Bass - C2.wav,Bass Hit,,,,,,Bass,One-Shot,,MGF Mega Pack,Multisamples,MGF Mega Pack||Multisamples||trax bass,granularity_v1,20260911T104352,false,2.2,44100,1,6c9cebf95417e715ed76b19b28e1d0c9a96c76b9da1adc4831ef35782537868f
/Volumes/Jack_Gandy_1TB_SSD/Samples 2021 ->/Sample Packs/MGF Mega Pack/Multisamples/MGF Sub Phatty 1/Tape Lead 2/Tape Lead 2 F#0.wav,Samples 2021 ->/Sample Packs/MGF Mega Pack/Multisamples/MGF Sub Phatty 1/Tape Lead 2/Tape Lead 2 F#0.wav,Bass Reese,,,,,,Bass,One-Shot,,MGF Mega Pack,Multisamples,MGF Mega Pack||Multisamples||tape lead,domain_coverage_v1,20260910T165711,false,5.1474,88200,1,cc4ba681b5c06d942ae531d4524da0d4fdceb073fc229704d7bfbe52476efc6b
/Volumes/Jack_Gandy_1TB_SSD/Samples 2021 ->/Sample Packs/MGF Mega Pack/Retro Digital Collection/Chords - Pads/JV Chords+SFX_081.wav,Samples 2021 ->/Sample Packs/MGF Mega Pack/Retro Digital Collection/Chords - Pads/JV Chords+SFX_081.wav,SFX,,,,,,FX,One-Shot,,MGF Mega Pack,Retro Digital Collection,MGF Mega Pack||Retro Digital Collection||jv chords+sfx,granularity_v1,20260911T105134,false,5.486,44100,2,47973d818688f18fcec7c5136ae6d3e4e7e0ad280bb42e039a73fe563aa4a969
/Volumes/Jack_Gandy_1TB_SSD/Samples 2021 ->/Sample Packs/MGF Mega Pack/Retro Digital Collection/Chords - Pads/JV Male Ooh A-5- AMaj7.wav,Samples 2021 ->/Sample Packs/MGF Mega Pack/Retro Digital Collection/Chords - Pads/JV Male Ooh A-5- AMaj7.wav,Vocal One-Shot,,,,,,Vocal,One-Shot,,MGF Mega Pack,Retro Digital Collection,MGF Mega Pack||Retro Digital Collection||jv male ooh amaj7,domain_coverage_v1,20260910T171406,false,6.3298,44100,2,f414178d294d2cc9d2d12e98de50c4a2d2a0c52ade5221a6f887f319a32e97bc
/Volumes/Jack_Gandy_1TB_SSD/Samples 2021 ->/Sample Packs/MGF Mega Pack/Retro Digital Collection/Chords - Pads/JV SynVox-3- CMin7.wav,Samples 2021 ->/Sample Packs/MGF Mega Pack/Retro Digital Collection/Chords - Pads/JV SynVox-3- CMin7.wav,Chord Loop,,,,,,Harmonic,Loop,,MGF Mega Pack,Retro Digital Collection,MGF Mega Pack||Retro Digital Collection||jv synvox 3 cmin7,domain_coverage_v1,20260910T165711,false,6.2681,44100,2,1e475772a97a5f5cbb50a4192b503712631c03d8611ae045cca689f296c200ab
/Volumes/Jack_Gandy_1TB_SSD/Samples 2021 ->/Sample Packs/MGF Mega Pack/Retro Digital Collection/Chords - Stab + Short/JV Chords+SFX_079.wav,Samples 2021 ->/Sample Packs/MGF Mega Pack/Retro Digital Collection/Chords - Stab + Short/JV Chords+SFX_079.wav,SFX,,,,,,FX,One-Shot,,MGF Mega Pack,Retro Digital Collection,MGF Mega Pack||Retro Digital Collection||jv chords+sfx,granularity_v1,20260911T105134,false,0.7877,44100,2,ae1e9a8ff79af074db3e52beaed87645096b4744dd79e88e55efc69d59c55589
/Volumes/Jack_Gandy_1TB_SSD/Samples 2021 ->/Sample Packs/MGF Mega Pack/Retro Digital Collection/SFX + Hits/DX21 JUL17_SFX_MISC_22.wav,Samples 2021 ->/Sample Packs/MGF Mega Pack/Retro Digital Collection/SFX + Hits/DX21 JUL17_SFX_MISC_22.wav,SFX,,,,,,FX,One-Shot,,MGF Mega Pack,Retro Digital Collection,MGF Mega Pack||Retro Digital Collection||dx21 jul17 sfx misc,granularity_v1,20260911T105134,false,2.671,48000,1,ef67aff870fa46bc5e92d587a445dec3df4838a0aef408caa965ad136e709b4f
/Volumes/Jack_Gandy_1TB_SSD/Samples 2021 ->/Sample Packs/MGF Mega Pack/Retro Digital Collection/Singles/DX21 JUL17_SFX_MISC_17 C5.wav,Samples 2021 ->/Sample Packs/MGF Mega Pack/Retro Digital Collection/Singles/DX21 JUL17_SFX_MISC_17 C5.wav,SFX,,,,,,FX,One-Shot,,MGF Mega Pack,Retro Digital Collection,MGF Mega Pack||Retro Digital Collection||dx21 jul17 sfx misc,granularity_v1,20260911T105134,false,1.3115,48000,1,3f35fef9d68c414698707c9cf4f3553c11a1ec68d3064d5a5c913dadf83e5376
/Volumes/Jack_Gandy_1TB_SSD/Samples 2021 ->/Sample Packs/MGF Mega Pack/Wavetables/Producer Hive Analog + Vintage Wavetables (demo)/A01_MOD_Sq_Res2.wav,Samples 2021 ->/Sample Packs/MGF Mega Pack/Wavetables/Producer Hive Analog + Vintage Wavetables (demo)/A01_MOD_Sq_Res2.wav,Bass Hit,,,,,,Bass,One-Shot,,MGF Mega Pack,Wavetables,MGF Mega Pack||Wavetables||a01 mod sq res2,domain_coverage_v1,20260910T171406,false,2.74,44100,1,8c0bc284851f927539934ea227c16089f31dc020340d638f6b09bbbf7b118162
/Volumes/Jack_Gandy_1TB_SSD/Samples 2021 ->/Sample Packs/MGF Mega Pack/Wavetables/Producer Hive Analog + Vintage Wavetables (demo)/VS01_J6_Squ_Filt1.wav,Samples 2021 ->/Sample Packs/MGF Mega Pack/Wavetables/Producer Hive Analog + Vintage Wavetables (demo)/VS01_J6_Squ_Filt1.wav,Other/none,,unsupported instrument,,,,Rejection,Rejection,,MGF Mega Pack,Wavetables,MGF Mega Pack||Wavetables||vs01 j6 squ filt1,domain_coverage_v1,20260910T165711,false,9.4737,44100,1,90de444a3039ea71b0c377ed67bec9f965d80f299e1fc25b300907dd6094a006
/Volumes/Jack_Gandy_1TB_SSD/Samples 2021 ->/Sample Packs/Machines For Music Volume 1/Machines_For_Music_Volume_1_copy/24_Bit_Wav_Samples/Loops/ER1_MK_II_Loops/M4M_90_ER1_Rat_Zouip_Reverse_Delay_10_bars.wav,Samples 2021 ->/Sample Packs/Machines For Music Volume 1/Machines_For_Music_Volume_1_copy/24_Bit_Wav_Samples/Loops/ER1_MK_II_Loops/M4M_90_ER1_Rat_Zouip_Reverse_Delay_10_bars.wav,SFX,,,,,,FX,One-Shot,,Machines For Music Volume 1,Machines_For_Music_Volume_1_copy,Machines For Music Volume 1||Machines_For_Music_Volume_1_copy||m4m 90 er1 rat zouip reverse delay 10 bars,domain_coverage_v1,20260910T171406,false,26.6667,44100,1,3876a1a95bfe9ec4d8d148827c40757dfd7ddc648f326f341a3cc6338073fa39
/Volumes/Jack_Gandy_1TB_SSD/Samples 2021 ->/Sample Packs/Machines For Music Volume 1/Machines_For_Music_Volume_1_copy/24_Bit_Wav_Samples/Loops/M4M_Loops/M4M_90_Drunk_Half_Beat_Full_Drum_Loop.wav,Samples 2021 ->/Sample Packs/Machines For Music Volume 1/Machines_For_Music_Volume_1_copy/24_Bit_Wav_Samples/Loops/M4M_Loops/M4M_90_Drunk_Half_Beat_Full_Drum_Loop.wav,Drum Loop,,,,,,Drum,Loop,,Machines For Music Volume 1,Machines_For_Music_Volume_1_copy,Machines For Music Volume 1||Machines_For_Music_Volume_1_copy||m4m 90 drunk half beat full drum loop,domain_coverage_v1,20260910T165711,false,10.6667,44100,2,0f9a87927fb3857d648a8969934fc9cd47d1e51d859ee7da3f7a1afd57b27951
/Volumes/Jack_Gandy_1TB_SSD/Samples 2021 ->/Sample Packs/Mike Shinoda Drums/MPC 1000 Backup/Beat Bits 1/57-PiSh_01.L.wav,Samples 2021 ->/Sample Packs/Mike Shinoda Drums/MPC 1000 Backup/Beat Bits 1/57-PiSh_01.L.wav,Snare,,,,,,Snare,One-Shot,,Mike Shinoda Drums,MPC 1000 Backup,Mike Shinoda Drums||MPC 1000 Backup||57 pish 01 l,drums_v1,,false,0.736,48000,1,c29c63a4b6f98f03588a87c11d56d9a4cc36f4e1cf00450eb9a3496b7421f1cf
/Volumes/Jack_Gandy_1TB_SSD/Samples 2021 ->/Sample Packs/Mike Shinoda Drums/MPC 1000 Backup/Beat Bits 1/69-PiSh_01.L.wav,Samples 2021 ->/Sample Packs/Mike Shinoda Drums/MPC 1000 Backup/Beat Bits 1/69-PiSh_01.L.wav,Kick,,,,,,Kick,One-Shot,,Mike Shinoda Drums,MPC 1000 Backup,Mike Shinoda Drums||MPC 1000 Backup||69 pish 01 l,drums_v1,,false,0.9493,48000,1,e665d0d976d14aaaea6777ffbd8eac64b703894efd56587978f4da03821fbf87
/Volumes/Jack_Gandy_1TB_SSD/Samples 2021 ->/Sample Packs/Mike Shinoda Drums/MPC 1000 Backup/Beat Bits 2/B17-PiSh_01.L.wav,Samples 2021 ->/Sample Packs/Mike Shinoda Drums/MPC 1000 Backup/Beat Bits 2/B17-PiSh_01.L.wav,Kick,,,,,,Kick,One-Shot,,Mike Shinoda Drums,MPC 1000 Backup,Mike Shinoda Drums||MPC 1000 Backup||b17 pish 01 l,drums_v1,,false,1.376,48000,1,c68abcf923f64f633e84db662f7ab822476a5add7f83c4efd35cbefa21ec974c
/Volumes/Jack_Gandy_1TB_SSD/Samples 2021 ->/Sample Packs/Mike Shinoda Drums/MPC 1000 Backup/Beat Bits 3/808_lng_.wav,Samples 2021 ->/Sample Packs/Mike Shinoda Drums/MPC 1000 Backup/Beat Bits 3/808_lng_.wav,Kick,,,,,,Kick,One-Shot,,Mike Shinoda Drums,MPC 1000 Backup,Mike Shinoda Drums||MPC 1000 Backup||808 lng,drums_v1,,false,0.5005,44100,1,e08e688bb58f05e8274b5ec27547cfc55dad86f1ef0502458779e33781c15e6c
/Volumes/Jack_Gandy_1TB_SSD/Samples 2021 ->/Sample Packs/Mike Shinoda Drums/MPC 1000 Backup/KEYZ/TRIBE17.WAV,Samples 2021 ->/Sample Packs/Mike Shinoda Drums/MPC 1000 Backup/KEYZ/TRIBE17.WAV,Kick,,,,,,Kick,One-Shot,,Mike Shinoda Drums,MPC 1000 Backup,Mike Shinoda Drums||MPC 1000 Backup||tribe17,domain_coverage_v1,20260910T165711,false,0.2761,44100,1,ec356c7f22a6a6bef8ac6870f44dd930388c90fcbdf1c0e7d4fad990dc4e5d1e
/Volumes/Jack_Gandy_1TB_SSD/Samples 2021 ->/Sample Packs/Mike Shinoda Drums/MPC 1000 Backup/Mike_s Beats #1/crack_cl.wav,Samples 2021 ->/Sample Packs/Mike Shinoda Drums/MPC 1000 Backup/Mike_s Beats #1/crack_cl.wav,Rimshot,,,,,,Rimshot,One-Shot,,Mike Shinoda Drums,MPC 1000 Backup,Mike Shinoda Drums||MPC 1000 Backup||crack cl,domain_coverage_v1,20260910T171406,false,0.1927,44100,1,8ebbb721b25e453849215d927996791c52fba4e67c6fba0019b55acea777fe1c
/Volumes/Jack_Gandy_1TB_SSD/Samples 2021 ->/Sample Packs/Mike Shinoda Drums/MPC 1000 Backup/NEPTUNES SAMPLES/KIK_HAT get.wav,Samples 2021 ->/Sample Packs/Mike Shinoda Drums/MPC 1000 Backup/NEPTUNES SAMPLES/KIK_HAT get.wav,Kick,,,,,,Kick,One-Shot,,Mike Shinoda Drums,MPC 1000 Backup,Mike Shinoda Drums||MPC 1000 Backup||kik hat get,granularity_v1,20260911T111240,false,0.3243,44100,1,fb88fe8f2ff067dda8ae53c3269d9da086f5afc6c336f8fbf2eb8629a9512027
/Volumes/Jack_Gandy_1TB_SSD/Samples 2021 ->/Sample Packs/Mike Shinoda Drums/MPC 1000 Backup/Xero Current/CRASH.wav,Samples 2021 ->/Sample Packs/Mike Shinoda Drums/MPC 1000 Backup/Xero Current/CRASH.wav,Crash,,,,,,Crash,One-Shot,,Mike Shinoda Drums,MPC 1000 Backup,Mike Shinoda Drums||MPC 1000 Backup||crash,drums_v1,,false,0.7029,44100,2,7741527822bee585f5be4390ce9210401e17195b32264e2836af5b8050944b8a
/Volumes/Jack_Gandy_1TB_SSD/Samples 2021 ->/Sample Packs/Mike Shinoda Drums/MPC 1000 Backup/neptunes/shaker GDS.wav,Samples 2021 ->/Sample Packs/Mike Shinoda Drums/MPC 1000 Backup/neptunes/shaker GDS.wav,Hi-Hat,,,,,,Hi-Hat,One-Shot,,Mike Shinoda Drums,MPC 1000 Backup,Mike Shinoda Drums||MPC 1000 Backup||shaker gds,drums_v1,,false,0.4817,44100,1,e869e221d0bcedd36fb4667f7092f7906ddb7c0a1dc3b918b27d51b2cb5b0d47
/Volumes/Jack_Gandy_1TB_SSD/Samples 2021 ->/Sample Packs/Mike Shinoda Drums/MS BEATS/808er Samples/HH_808booty_02.wav,Samples 2021 ->/Sample Packs/Mike Shinoda Drums/MS BEATS/808er Samples/HH_808booty_02.wav,Hi-Hat,,,,,,Hi-Hat,One-Shot,,Mike Shinoda Drums,MS BEATS,Mike Shinoda Drums||MS BEATS||hh 808booty,granularity_v1,20260911T104121,false,0.1079,44100,1,1280c4ab2b5aa0276c4962af9c43006488625d5c566e9061358c46bda67e1d5b
/Volumes/Jack_Gandy_1TB_SSD/Samples 2021 ->/Sample Packs/Mike Shinoda Drums/MS BEATS/Amethyst Samples/HiTom AR60sLate V40 1.wav,Samples 2021 ->/Sample Packs/Mike Shinoda Drums/MS BEATS/Amethyst Samples/HiTom AR60sLate V40 1.wav,Percussion,Other Percussive Hit,,,,,Percussion,One-Shot,,Mike Shinoda Drums,MS BEATS,Mike Shinoda Drums||MS BEATS||hitom ar60slate v40,drums_v1,,false,0.4949,44100,2,e32275e3ef2aeaadb6517d56dfc5a3a11227e03edb78cafe87f59f1065e9c380
/Volumes/Jack_Gandy_1TB_SSD/Samples 2021 ->/Sample Packs/Mike Shinoda Drums/MS BEATS/Amethyst Samples/Tamb AR70sOpen V127 1.wav,Samples 2021 ->/Sample Packs/Mike Shinoda Drums/MS BEATS/Amethyst Samples/Tamb AR70sOpen V127 1.wav,Hi-Hat,,,,,,Hi-Hat,One-Shot,,Mike Shinoda Drums,MS BEATS,Mike Shinoda Drums||MS BEATS||tamb ar70sopen v127,domain_coverage_v1,20260910T165711,false,0.5207,44100,2,15ba1916e9ed38e255926f0c4bb21c2b18a2b4730e57844685afd7c9a8a91c89
/Volumes/Jack_Gandy_1TB_SSD/Samples 2021 ->/Sample Packs/Mike Shinoda Drums/MS BEATS/Auckland2013 Samples/Tom Hallo 1.wav,Samples 2021 ->/Sample Packs/Mike Shinoda Drums/MS BEATS/Auckland2013 Samples/Tom Hallo 1.wav,Percussion,Tom,,,,,Percussion,One-Shot,,Mike Shinoda Drums,MS BEATS,Mike Shinoda Drums||MS BEATS||tom hallo,drums_v1,,false,0.5885,44100,2,c94819c7f631bbd1b4a618e308f853986da64ce95561e8ebd78b5df12b31237b
/Volumes/Jack_Gandy_1TB_SSD/Samples 2021 ->/Sample Packs/Mike Shinoda Drums/MS BEATS/Bruiser Samples/RYGAR33.WAV,Samples 2021 ->/Sample Packs/Mike Shinoda Drums/MS BEATS/Bruiser Samples/RYGAR33.WAV,Other/none,,unsupported instrument,,,,Rejection,Rejection,,Mike Shinoda Drums,MS BEATS,Mike Shinoda Drums||MS BEATS||rygar33,domain_coverage_v1,20260910T171406,false,1.2894,44100,1,6be752be992b902d580bfcbe95f10fc21621784e7d517a4f54cd0974a9aa697a
/Volumes/Jack_Gandy_1TB_SSD/Samples 2021 ->/Sample Packs/Mike Shinoda Drums/MS BEATS/Gnarly Tribal Samples/Perc JumpRope.wav,Samples 2021 ->/Sample Packs/Mike Shinoda Drums/MS BEATS/Gnarly Tribal Samples/Perc JumpRope.wav,Percussion,Other Percussive Hit,,,,,Percussion,One-Shot,foley,Mike Shinoda Drums,MS BEATS,Mike Shinoda Drums||MS BEATS||perc jumprope,drums_v1,,false,1.0544,44100,2,e81e19096cf2a789511d6f94de2f99db6a4c9a58c773c0d3156710c8058c2c35
/Volumes/Jack_Gandy_1TB_SSD/Samples 2021 ->/Sample Packs/Mike Shinoda Drums/MS BEATS/Panko Samples/SideStick GiveItToMe.wav,Samples 2021 ->/Sample Packs/Mike Shinoda Drums/MS BEATS/Panko Samples/SideStick GiveItToMe.wav,Snare,,,,,,Snare,One-Shot,,Mike Shinoda Drums,MS BEATS,Mike Shinoda Drums||MS BEATS||sidestick giveittome,drums_v1,,false,0.4356,44100,2,4acd665eb9f772cfce25f6b68def5f855d75a7b396809800aa32454d3e6038d6
/Volumes/Jack_Gandy_1TB_SSD/Samples 2021 ->/Sample Packs/Mike Shinoda Drums/MS BEATS/Recharged Samples/Impact JumpRope.wav,Samples 2021 ->/Sample Packs/Mike Shinoda Drums/MS BEATS/Recharged Samples/Impact JumpRope.wav,Impact,,,,,,FX,One-Shot,,Mike Shinoda Drums,MS BEATS,Mike Shinoda Drums||MS BEATS||impact jumprope,granularity_v1,20260911T105134,false,1.4296,44100,2,5f031a7746d31a308f81ce6fa4a19c4e3fd0b6e3171a6d401e3dcefd307bfbda
/Volumes/Jack_Gandy_1TB_SSD/Samples 2021 ->/Sample Packs/Mike Shinoda Drums/MS BEATS/Recharged Samples/Shaker BeautifulDirt 1.wav,Samples 2021 ->/Sample Packs/Mike Shinoda Drums/MS BEATS/Recharged Samples/Shaker BeautifulDirt 1.wav,Percussion,Shaker/Tambourine,,,,,Percussion,One-Shot,sprint_label=Shaker/Tambourine,Mike Shinoda Drums,MS BEATS,Mike Shinoda Drums||MS BEATS||shaker beautifuldirt,granularity_v1,20260911T104816,false,1.1701,44100,2,ac06db9c55f26f8ae6879e11e971092b873035bf5e2f6692121b16af2649ab98
/Volumes/Jack_Gandy_1TB_SSD/Samples 2021 ->/Sample Packs/Minimal Audio/ELEMENT/1 - Drums/1 - Drum Loops/2 - Kick Loops/Kick - Quarter Tatt - 64 BPM.wav,Samples 2021 ->/Sample Packs/Minimal Audio/ELEMENT/1 - Drums/1 - Drum Loops/2 - Kick Loops/Kick - Quarter Tatt - 64 BPM.wav,Kick Loop,,,,,,Kick,Loop,,Minimal Audio,ELEMENT,Minimal Audio||ELEMENT||kick quarter tatt,drums_v1,,false,15.0,48000,2,1fc6a185f7721d13a2fc1403de2b821298664ddbb6cd55d9e3dd3adede8a193b
/Volumes/Jack_Gandy_1TB_SSD/Samples 2021 ->/Sample Packs/Minimal Audio/ELEMENT/1 - Drums/1 - Drum Loops/4 - Top Loops/Perc - Time Breaks - 78 BPM.wav,Samples 2021 ->/Sample Packs/Minimal Audio/ELEMENT/1 - Drums/1 - Drum Loops/4 - Top Loops/Perc - Time Breaks - 78 BPM.wav,Percussion Loop,,,,,,Percussion,Loop,,Minimal Audio,ELEMENT,Minimal Audio||ELEMENT||perc time breaks,granularity_v1,20260911T104816,false,24.6154,48000,2,9ab6b4720fa3558c67e5ed0d051cb746331b3df36c48c0d886abffd53e2308d7
/Volumes/Jack_Gandy_1TB_SSD/Samples 2021 ->/Sample Packs/Minimal Audio/ELEMENT/1 - Drums/4 - Hats/Hi-Hat - Brighter Short.wav,Samples 2021 ->/Sample Packs/Minimal Audio/ELEMENT/1 - Drums/4 - Hats/Hi-Hat - Brighter Short.wav,Hi-Hat,,,,,,Hi-Hat,One-Shot,,Minimal Audio,ELEMENT,Minimal Audio||ELEMENT||hi hat brighter short,granularity_v1,20260911T104121,false,0.35,48000,2,4a60164017c2000e1a7dd39ebd31d2f0b82d849ba99e537a1bfdc14d59d33af2
/Volumes/Jack_Gandy_1TB_SSD/Samples 2021 ->/Sample Packs/Minimal Audio/ELEMENT/1 - Drums/5 - Perc/Perc - Junk Echo.wav,Samples 2021 ->/Sample Packs/Minimal Audio/ELEMENT/1 - Drums/5 - Perc/Perc - Junk Echo.wav,Percussion,Other Percussive Hit,,,,,Percussion,One-Shot,sprint_label=Other Percussive Hit,Minimal Audio,ELEMENT,Minimal Audio||ELEMENT||perc junk echo,granularity_v1,20260911T104816,false,1.5385,48000,2,6a3ce3408e5b55264656e864a2b18da1bfeef647d5d03dba6bf2d956b0b3d1f9
/Volumes/Jack_Gandy_1TB_SSD/Samples 2021 ->/Sample Packs/Minimal Audio/ELEMENT/1 - Drums/5 - Perc/Perc - Tiny Tight.wav,Samples 2021 ->/Sample Packs/Minimal Audio/ELEMENT/1 - Drums/5 - Perc/Perc - Tiny Tight.wav,Percussion,Other Percussive Hit,,,,,Percussion,One-Shot,,Minimal Audio,ELEMENT,Minimal Audio||ELEMENT||perc tiny tight,drums_v1,,false,0.28,48000,2,61d32d292fda52f304dc05a81120f1d8a365e09e72e509aa51f4f074fb535ae5
/Volumes/Jack_Gandy_1TB_SSD/Samples 2021 ->/Sample Packs/Minimal Audio/MICROTECH/2 - One Shots/4 - Hi Hat/Hi Hat - Click Support.wav,Samples 2021 ->/Sample Packs/Minimal Audio/MICROTECH/2 - One Shots/4 - Hi Hat/Hi Hat - Click Support.wav,Hi-Hat,,,,,,Hi-Hat,One-Shot,,Minimal Audio,MICROTECH,Minimal Audio||MICROTECH||hi hat click support,granularity_v1,20260911T104121,false,0.2452,44100,2,2e285d0609ccf4809be016327bfc684aec98a4246e5be9da89b3267f0c42d2cc
/Volumes/Jack_Gandy_1TB_SSD/Samples 2021 ->/Sample Packs/Minimal Audio/MICROTECH/2 - One Shots/4 - Hi Hat/Hi Hat - Spec Metal 1.wav,Samples 2021 ->/Sample Packs/Minimal Audio/MICROTECH/2 - One Shots/4 - Hi Hat/Hi Hat - Spec Metal 1.wav,Hi-Hat,,,,,,Hi-Hat,One-Shot,,Minimal Audio,MICROTECH,Minimal Audio||MICROTECH||hi hat spec metal,granularity_v1,20260911T104121,false,0.0581,44100,2,970cdd0c6910c7d7c2a25285918ead411609be478bd6c1ac470c20f2dbd011f6
/Volumes/Jack_Gandy_1TB_SSD/Samples 2021 ->/Sample Packs/Minimal Audio/OXIDE/1 - Loops/Metal - 120 BPM/Metal - Resonant Quiver - 120 BPM.wav,Samples 2021 ->/Sample Packs/Minimal Audio/OXIDE/1 - Loops/Metal - 120 BPM/Metal - Resonant Quiver - 120 BPM.wav,Percussion Loop,,,,,,Percussion,Loop,,Minimal Audio,OXIDE,Minimal Audio||OXIDE||metal resonant quiver,drums_v1,,false,8.0,96000,2,7fc580bce10776b18dcd7f8c33136ea0354acdbd40337d0d3c68cc55d0f3dee5
/Volumes/Jack_Gandy_1TB_SSD/Samples 2021 ->/Sample Packs/Minimal Audio/OXIDE/1 - Loops/Metal - 125 BPM/Metal - Vessel Groove - 125 BPM.wav,Samples 2021 ->/Sample Packs/Minimal Audio/OXIDE/1 - Loops/Metal - 125 BPM/Metal - Vessel Groove - 125 BPM.wav,Percussion Loop,,,,,,Percussion,Loop,,Minimal Audio,OXIDE,Minimal Audio||OXIDE||metal vessel groove,drums_v1,,false,7.68,96000,2,8af739468e6830256ef88bdab2f22ddadb71cdb2b45dc6cf3828a59c922b87f3
/Volumes/Jack_Gandy_1TB_SSD/Samples 2021 ->/Sample Packs/Minimal Audio/REFLECT/1 - Drums/1 - Loops/1 - Full Loops /Drums - Halfsies - 130 BPM.wav,Samples 2021 ->/Sample Packs/Minimal Audio/REFLECT/1 - Drums/1 - Loops/1 - Full Loops /Drums - Halfsies - 130 BPM.wav,Drum Loop,,,,,,Drum,Loop,,Minimal Audio,REFLECT,Minimal Audio||REFLECT||drums halfsies,drums_v1,,false,7.3846,48000,2,65fe7c0dbd3d60e9e785567896b454d1971587be372ded309e3ec08df968b025
/Volumes/Jack_Gandy_1TB_SSD/Samples 2021 ->/Sample Packs/Minimal Audio/REFLECT/1 - Drums/5 - Hats & Cymbals/Hi Hat - Creek.wav,Samples 2021 ->/Sample Packs/Minimal Audio/REFLECT/1 - Drums/5 - Hats & Cymbals/Hi Hat - Creek.wav,Hi-Hat,,,,,,Hi-Hat,One-Shot,,Minimal Audio,REFLECT,Minimal Audio||REFLECT||hi hat creek,granularity_v1,20260911T104121,false,0.1744,48000,2,828107019ca6a437fafcae3e1792620e13b6e835cc4f7ec92f0a4a2f14357b17
/Volumes/Jack_Gandy_1TB_SSD/Samples 2021 ->/Sample Packs/Old Movies 1 - Vintage Collection (Drum Kit)/Foley & Percussion (Old Movies)/Foley Noise 3.wav,Samples 2021 ->/Sample Packs/Old Movies 1 - Vintage Collection (Drum Kit)/Foley & Percussion (Old Movies)/Foley Noise 3.wav,Foley,,,,,,Foley,One-Shot,,Old Movies 1 - Vintage Collection (Drum Kit),Foley & Percussion (Old Movies),Old Movies 1 - Vintage Collection (Drum Kit)||Foley & Percussion (Old Movies)||foley noise,drums_v1,,false,1.5952,44100,2,c62bcfd883a9de7b7101bccaf5343a09f35f31dc0e6cec9ab1ed243a379c84b7
/Volumes/Jack_Gandy_1TB_SSD/Samples 2021 ->/Sample Packs/Old Movies 1 - Vintage Collection (Drum Kit)/Foley & Percussion (Old Movies)/Foley Noise 4.wav,Samples 2021 ->/Sample Packs/Old Movies 1 - Vintage Collection (Drum Kit)/Foley & Percussion (Old Movies)/Foley Noise 4.wav,Foley,,,,,,Foley,One-Shot,,Old Movies 1 - Vintage Collection (Drum Kit),Foley & Percussion (Old Movies),Old Movies 1 - Vintage Collection (Drum Kit)||Foley & Percussion (Old Movies)||foley noise,granularity_v1,20260911T105134,false,5.6481,44100,2,629dddd85df5980553209dfd7c047a3f3e16ee78e172f5d74176895186f0c1fb
/Volumes/Jack_Gandy_1TB_SSD/Samples 2021 ->/Sample Packs/Old Movies 1 - Vintage Collection (Drum Kit)/Foley & Percussion (Old Movies)/HHH_Foley 9.wav,Samples 2021 ->/Sample Packs/Old Movies 1 - Vintage Collection (Drum Kit)/Foley & Percussion (Old Movies)/HHH_Foley 9.wav,Foley,,,,,,Foley,One-Shot,,Old Movies 1 - Vintage Collection (Drum Kit),Foley & Percussion (Old Movies),Old Movies 1 - Vintage Collection (Drum Kit)||Foley & Percussion (Old Movies)||hhh foley,granularity_v1,20260911T105134,false,0.5475,44100,2,90f545ddd0709a5b7534e84e946e75e408757f7484087ed58dde390f421bb5eb
/Volumes/Jack_Gandy_1TB_SSD/Samples 2021 ->/Sample Packs/Old Movies 1 - Vintage Collection (Drum Kit)/Hats/Hat 18.wav,Samples 2021 ->/Sample Packs/Old Movies 1 - Vintage Collection (Drum Kit)/Hats/Hat 18.wav,Hi-Hat,,,,,,Hi-Hat,One-Shot,,Old Movies 1 - Vintage Collection (Drum Kit),Hats,Old Movies 1 - Vintage Collection (Drum Kit)||Hats||hat,granularity_v1,20260911T104121,false,0.1896,44100,2,59f29aef070c4ceedb4e4e623303ab4ba35424e7c9e7a26dd8a833725a07f4f6
/Volumes/Jack_Gandy_1TB_SSD/Samples 2021 ->/Sample Packs/Old Movies 1 - Vintage Collection (Drum Kit)/Hats/Hat 21.wav,Samples 2021 ->/Sample Packs/Old Movies 1 - Vintage Collection (Drum Kit)/Hats/Hat 21.wav,Hi-Hat,,,,,,Hi-Hat,One-Shot,,Old Movies 1 - Vintage Collection (Drum Kit),Hats,Old Movies 1 - Vintage Collection (Drum Kit)||Hats||hat,granularity_v1,20260911T104121,false,0.2129,44100,2,54990cd988e314424149869762c29488bb253e94e8fb9cfe3c6cf9caadec34a9
/Volumes/Jack_Gandy_1TB_SSD/Samples 2021 ->/Sample Packs/Old Movies 1 - Vintage Collection (Drum Kit)/Hats/Hat 8.wav,Samples 2021 ->/Sample Packs/Old Movies 1 - Vintage Collection (Drum Kit)/Hats/Hat 8.wav,Hi-Hat,,,,,,Hi-Hat,One-Shot,,Old Movies 1 - Vintage Collection (Drum Kit),Hats,Old Movies 1 - Vintage Collection (Drum Kit)||Hats||hat,granularity_v1,20260911T104121,false,0.2922,44100,2,2e62523d4cb6cfece1c56ac55299f66e59833ff3538f373c5d7249a0a3c58d5f
/Volumes/Jack_Gandy_1TB_SSD/Samples 2021 ->/Sample Packs/Old Movies 1 - Vintage Collection (Drum Kit)/Hats/Hat Roll 5.wav,Samples 2021 ->/Sample Packs/Old Movies 1 - Vintage Collection (Drum Kit)/Hats/Hat Roll 5.wav,Hi-Hat Loop,,,,,,Hi-Hat,Loop,,Old Movies 1 - Vintage Collection (Drum Kit),Hats,Old Movies 1 - Vintage Collection (Drum Kit)||Hats||hat roll,granularity_v1,20260911T104121,false,0.442,44100,2,3b5203b059120c40b70393b05427944a28c6da127f0ee19b2c9253e2a3e77e1f
/Volumes/Jack_Gandy_1TB_SSD/Samples 2021 ->/Sample Packs/Organic Drum Kit/1 Kicks/Organic - Kick (101).wav,Samples 2021 ->/Sample Packs/Organic Drum Kit/1 Kicks/Organic - Kick (101).wav,Kick,,,,,,Kick,One-Shot,,Organic Drum Kit,1 Kicks,Organic Drum Kit||1 Kicks||organic kick,domain_coverage_v1,20260910T165711,false,1.4458,44100,2,2f8ddfe814ea17d81ac76d02c6500f850fe70e9890db476035076562f7b56789
/Volumes/Jack_Gandy_1TB_SSD/Samples 2021 ->/Sample Packs/Organic Drum Kit/2 Snares/Organic - Snare (108).wav,Samples 2021 ->/Sample Packs/Organic Drum Kit/2 Snares/Organic - Snare (108).wav,Snare,,,,,,Snare,One-Shot,,Organic Drum Kit,2 Snares,Organic Drum Kit||2 Snares||organic snare,domain_coverage_v1,20260910T165711,false,1.3001,44100,2,095a930f02b3cedbcbdb9bc0e5e13d24f082efdcb5fd9067f0423e6e53d7bb2e
/Volumes/Jack_Gandy_1TB_SSD/Samples 2021 ->/Sample Packs/Organic Drum Kit/3 Claps/Organic - Clap (1).wav,Samples 2021 ->/Sample Packs/Organic Drum Kit/3 Claps/Organic - Clap (1).wav,Clap,,,,,,Clap,One-Shot,,Organic Drum Kit,3 Claps,Organic Drum Kit||3 Claps||organic clap,domain_coverage_v1,20260910T165711,false,1.6,44100,2,c2968ad5aba9519008e0f2cd9b3f5c5c29a07e944db7b1c32bb24de795bd9a08
/Volumes/Jack_Gandy_1TB_SSD/Samples 2021 ->/Sample Packs/Organic Drum Kit/4 Hi-Hats/1 Closed Hats/Organic - HiHat (12).wav,Samples 2021 ->/Sample Packs/Organic Drum Kit/4 Hi-Hats/1 Closed Hats/Organic - HiHat (12).wav,Hi-Hat,,,,,,Hi-Hat,One-Shot,,Organic Drum Kit,4 Hi-Hats,Organic Drum Kit||4 Hi-Hats||organic hihat,granularity_v1,20260911T104121,false,1.2903,44100,2,12fc34a38a40115cbf9aee43711f309a92ccc2edefb7d84a81df30e6aaf6e6fb
/Volumes/Jack_Gandy_1TB_SSD/Samples 2021 ->/Sample Packs/Organic Drum Kit/4 Hi-Hats/2 Open Hats/Organic - O.HiHat_(10).wav,Samples 2021 ->/Sample Packs/Organic Drum Kit/4 Hi-Hats/2 Open Hats/Organic - O.HiHat_(10).wav,Hi-Hat,,,,,,Hi-Hat,One-Shot,,Organic Drum Kit,4 Hi-Hats,Organic Drum Kit||4 Hi-Hats||organic o hihat,granularity_v1,20260911T104121,false,1.125,44100,2,44d7876ba6a03c552e1467b20ce5cb17b140538f958621c4fe10bc3c52d6e6fc
/Volumes/Jack_Gandy_1TB_SSD/Samples 2021 ->/Sample Packs/Organic Drum Kit/4 Hi-Hats/2 Open Hats/Organic - O.HiHat_G (1).wav,Samples 2021 ->/Sample Packs/Organic Drum Kit/4 Hi-Hats/2 Open Hats/Organic - O.HiHat_G (1).wav,Hi-Hat,,,,,,Hi-Hat,One-Shot,,Organic Drum Kit,4 Hi-Hats,Organic Drum Kit||4 Hi-Hats||organic o hihat g,domain_coverage_v1,20260910T165711,false,1.875,44100,2,f14697a7a775c4cf9c302d5fcc2d985b16603d726ba13812361e88716bbec9e7
/Volumes/Jack_Gandy_1TB_SSD/Samples 2021 ->/Sample Packs/Organic Drum Kit/4 Hi-Hats/2 Open Hats/Organic - O.HiHat_J (1).wav,Samples 2021 ->/Sample Packs/Organic Drum Kit/4 Hi-Hats/2 Open Hats/Organic - O.HiHat_J (1).wav,Hi-Hat,,,,,,Hi-Hat,One-Shot,,Organic Drum Kit,4 Hi-Hats,Organic Drum Kit||4 Hi-Hats||organic o hihat j,granularity_v1,20260911T104121,false,1.2903,44100,2,194742b14b7010d2f41b5ff884f8fa90e682c46b83455883b059d132cccfe518
/Volumes/Jack_Gandy_1TB_SSD/Samples 2021 ->/Sample Packs/Organic Drum Kit/4 Hi-Hats/2 Open Hats/Organic - O.HiHat_M (1).wav,Samples 2021 ->/Sample Packs/Organic Drum Kit/4 Hi-Hats/2 Open Hats/Organic - O.HiHat_M (1).wav,Hi-Hat,,,,,,Hi-Hat,One-Shot,,Organic Drum Kit,4 Hi-Hats,Organic Drum Kit||4 Hi-Hats||organic o hihat m,domain_coverage_v1,20260910T171406,false,1.1278,44100,2,d604fb67e8e7f4683d05831c775601361d8342de7b9eb751bc210d6b4542519b
/Volumes/Jack_Gandy_1TB_SSD/Samples 2021 ->/Sample Packs/Organic Drum Kit/5 Percussion/1 Hand Drums/1 Conga Drum/Conga Drum A/Organic - Conga A (12).wav,Samples 2021 ->/Sample Packs/Organic Drum Kit/5 Percussion/1 Hand Drums/1 Conga Drum/Conga Drum A/Organic - Conga A (12).wav,Percussion,Other Percussive Hit,,,,,Percussion,One-Shot,,Organic Drum Kit,5 Percussion,Organic Drum Kit||5 Percussion||organic conga a,drums_v1,,false,1.5625,44100,2,d000fdb3de21d4b00358cf4f147980aa8c1da19ff5d7a7e03e9b2c12c4927763
/Volumes/Jack_Gandy_1TB_SSD/Samples 2021 ->/Sample Packs/Organic Drum Kit/5 Percussion/1 Hand Drums/1 Conga Drum/Conga Drum B/Organic - Conga (1).wav,Samples 2021 ->/Sample Packs/Organic Drum Kit/5 Percussion/1 Hand Drums/1 Conga Drum/Conga Drum B/Organic - Conga (1).wav,Percussion,Other Percussive Hit,,,,,Percussion,One-Shot,sprint_label=Other Percussive Hit,Organic Drum Kit,5 Percussion,Organic Drum Kit||5 Percussion||organic conga,granularity_v1,20260911T104816,false,1.0619,44100,2,6f26f4b511e654728c31b51beb35949e13197caf9a4aba7f4cdd487797ce9699
/Volumes/Jack_Gandy_1TB_SSD/Samples 2021 ->/Sample Packs/Organic Drum Kit/5 Percussion/1 Hand Drums/2 Bongo Drum/1 Bongo A/Organic - Bongo A (21).wav,Samples 2021 ->/Sample Packs/Organic Drum Kit/5 Percussion/1 Hand Drums/2 Bongo Drum/1 Bongo A/Organic - Bongo A (21).wav,Percussion,Hand Drum,,,,,Percussion,One-Shot,sprint_label=Hand Drum,Organic Drum Kit,5 Percussion,Organic Drum Kit||5 Percussion||organic bongo a,granularity_v1,20260911T104816,false,0.923,44100,2,47ac0c85742a8dddc779ac17ee2078b324f4dbad7bd113393f391582785b6a15
/Volumes/Jack_Gandy_1TB_SSD/Samples 2021 ->/Sample Packs/Organic Drum Kit/5 Percussion/1 Hand Drums/2 Bongo Drum/1 Bongo A/Organic - Bongo A (7).wav,Samples 2021 ->/Sample Packs/Organic Drum Kit/5 Percussion/1 Hand Drums/2 Bongo Drum/1 Bongo A/Organic - Bongo A (7).wav,Percussion,Other Percussive Hit,,,,,Percussion,One-Shot,sprint_label=Other Percussive Hit,Organic Drum Kit,5 Percussion,Organic Drum Kit||5 Percussion||organic bongo a,granularity_v1,20260911T104816,false,1.2,44100,2,3b4c2eecfc4fdccfe8c6a76145e4b80c1fdedae2a75058c45ea4f7ed3da087fb
/Volumes/Jack_Gandy_1TB_SSD/Samples 2021 ->/Sample Packs/Organic Drum Kit/5 Percussion/1 Hand Drums/3 Frame Drum/2 Frame Drum B/Organic - Frame Drum_B (15).wav,Samples 2021 ->/Sample Packs/Organic Drum Kit/5 Percussion/1 Hand Drums/3 Frame Drum/2 Frame Drum B/Organic - Frame Drum_B (15).wav,Percussion,Other Percussive Hit,,,,,Percussion,One-Shot,,Organic Drum Kit,5 Percussion,Organic Drum Kit||5 Percussion||organic frame drum b,domain_coverage_v1,20260910T165711,false,1.9354,44100,2,0bb00e700e76d8f3e0c9e026fe366be5114bc07aafc160ab08ec4d9fe7ddd811
/Volumes/Jack_Gandy_1TB_SSD/Samples 2021 ->/Sample Packs/Organic Drum Kit/5 Percussion/2 Cajon Box/1 Cajon Box/1 Bass Slap/Organic - Cajon Bass_A (3).wav,Samples 2021 ->/Sample Packs/Organic Drum Kit/5 Percussion/2 Cajon Box/1 Cajon Box/1 Bass Slap/Organic - Cajon Bass_A (3).wav,Kick,,,,,,Kick,One-Shot,,Organic Drum Kit,5 Percussion,Organic Drum Kit||5 Percussion||organic cajon bass a,granularity_v1,20260911T104352,false,0.9836,44100,2,de72f2077fc8d69e0beb9b15ba3b7b41070bc1dd9bcadc829b494b06a6b02d7e
/Volumes/Jack_Gandy_1TB_SSD/Samples 2021 ->/Sample Packs/Organic Drum Kit/5 Percussion/3 Various Percussion/Organic - Various Perc (38).wav,Samples 2021 ->/Sample Packs/Organic Drum Kit/5 Percussion/3 Various Percussion/Organic - Various Perc (38).wav,Percussion,Hand Drum,,,,,Percussion,One-Shot,sprint_label=Hand Drum,Organic Drum Kit,5 Percussion,Organic Drum Kit||5 Percussion||organic various perc,granularity_v1,20260911T104816,false,1.6218,44100,2,958eebc6e024acf43fbb8d2fff8ef427042af72418e6f347df2a599ff1abc1e1
/Volumes/Jack_Gandy_1TB_SSD/Samples 2021 ->/Sample Packs/Organic Drum Kit/5 Percussion/3 Various Percussion/Organic - Various Perc (71).wav,Samples 2021 ->/Sample Packs/Organic Drum Kit/5 Percussion/3 Various Percussion/Organic - Various Perc (71).wav,Percussion Loop,,,,,,Percussion,Loop,,Organic Drum Kit,5 Percussion,Organic Drum Kit||5 Percussion||organic various perc,drums_v1,,false,1.2,44100,2,b8cd775ad82cad582a69d04c55d64157d150a2ad0a76dde77e3f0714dfb68dbb
/Volumes/Jack_Gandy_1TB_SSD/Samples 2021 ->/Sample Packs/Organic Drum Kit/5 Percussion/4 Metalic/2 Headless Tambourines/Organic - Tambourine (1).wav,Samples 2021 ->/Sample Packs/Organic Drum Kit/5 Percussion/4 Metalic/2 Headless Tambourines/Organic - Tambourine (1).wav,Percussion,Shaker/Tambourine,,,,,Percussion,One-Shot,sprint_label=Shaker/Tambourine,Organic Drum Kit,5 Percussion,Organic Drum Kit||5 Percussion||organic tambourine,granularity_v1,20260911T104816,false,1.2,44100,2,673a37902a21b025df807f0cf1909f0992b2cf6315b09c2d9cb549447b49f0a5
/Volumes/Jack_Gandy_1TB_SSD/Samples 2021 ->/Sample Packs/Organic Drum Kit/5 Percussion/4 Metalic/4 Metalic Various/Organic - Metalic_Var (7).wav,Samples 2021 ->/Sample Packs/Organic Drum Kit/5 Percussion/4 Metalic/4 Metalic Various/Organic - Metalic_Var (7).wav,Percussion,Other Percussive Hit,,,,,Percussion,One-Shot,,Organic Drum Kit,5 Percussion,Organic Drum Kit||5 Percussion||organic metalic var,domain_coverage_v1,20260910T171406,false,1.6196,44100,2,4db57e07941c9a6ef458cbb41875007e2b6cb86989235d6134924983803db14c
/Volumes/Jack_Gandy_1TB_SSD/Samples 2021 ->/Sample Packs/Organic Drum Kit/5 Percussion/5 Shakers/4 Shaker Set C/Organic - Shaker_C (27).wav,Samples 2021 ->/Sample Packs/Organic Drum Kit/5 Percussion/5 Shakers/4 Shaker Set C/Organic - Shaker_C (27).wav,Percussion,Other Percussive Hit,,,,,Percussion,One-Shot,,Organic Drum Kit,5 Percussion,Organic Drum Kit||5 Percussion||organic shaker c,drums_v1,,false,1.3483,44100,2,ddd60d9ec2549618463295723f44a16bad32d71f130a33ef3fbc66a584c1465c
/Volumes/Jack_Gandy_1TB_SSD/Samples 2021 ->/Sample Packs/Organic Drum Kit/5 Percussion/5 Shakers/5 Various Shakers/Organic - Shaker_Var (12).wav,Samples 2021 ->/Sample Packs/Organic Drum Kit/5 Percussion/5 Shakers/5 Various Shakers/Organic - Shaker_Var (12).wav,Percussion,Shaker/Tambourine,,,,,Percussion,One-Shot,sprint_label=Shaker/Tambourine,Organic Drum Kit,5 Percussion,Organic Drum Kit||5 Percussion||organic shaker var,granularity_v1,20260911T104816,false,1.375,44100,2,f427e5650494f79ba83187c91f4289b929fced9f92f0b8421350ff619fb1b1ca
/Volumes/Jack_Gandy_1TB_SSD/Samples 2021 ->/Sample Packs/Organic Drum Kit/5 Percussion/5 Shakers/5 Various Shakers/Organic - Shaker_Var (22).wav,Samples 2021 ->/Sample Packs/Organic Drum Kit/5 Percussion/5 Shakers/5 Various Shakers/Organic - Shaker_Var (22).wav,Percussion,Shaker/Tambourine,,,,,Percussion,One-Shot,,Organic Drum Kit,5 Percussion,Organic Drum Kit||5 Percussion||organic shaker var,drums_v1,,false,0.9022,44100,2,65d64b189468adaf81b3aa6ca4c64b21f1987f8ecb58f7856dcf38a6a7aa597a
/Volumes/Jack_Gandy_1TB_SSD/Samples 2021 ->/Sample Packs/Organic Drum Kit/5 Percussion/5 Shakers/5 Various Shakers/Organic - Shaker_Var (39).wav,Samples 2021 ->/Sample Packs/Organic Drum Kit/5 Percussion/5 Shakers/5 Various Shakers/Organic - Shaker_Var (39).wav,Percussion,Shaker/Tambourine,,,,,Percussion,One-Shot,,Organic Drum Kit,5 Percussion,Organic Drum Kit||5 Percussion||organic shaker var,drums_v1,,false,1.0,44100,2,9169553fc4f8c90d5212fe183c4c6c8bb5d3de1176b96d3831fe5ebfe0016072
/Volumes/Jack_Gandy_1TB_SSD/Samples 2021 ->/Sample Packs/Organic Drum Kit/5 Percussion/5 Shakers/5 Various Shakers/Organic - Shaker_Var (44).wav,Samples 2021 ->/Sample Packs/Organic Drum Kit/5 Percussion/5 Shakers/5 Various Shakers/Organic - Shaker_Var (44).wav,Foley Loop,,,,,,Foley,Loop,,Organic Drum Kit,5 Percussion,Organic Drum Kit||5 Percussion||organic shaker var,drums_v1,,false,1.25,44100,2,ea0707e5b6ee1d6a47adb62b66100ee21db8c597fbac4cefc8fff06d80c76a2f
/Volumes/Jack_Gandy_1TB_SSD/Samples 2021 ->/Sample Packs/Organic Drum Kit/5 Percussion/5 Shakers/5 Various Shakers/Organic - Shaker_Var (46).wav,Samples 2021 ->/Sample Packs/Organic Drum Kit/5 Percussion/5 Shakers/5 Various Shakers/Organic - Shaker_Var (46).wav,Percussion,Shaker/Tambourine,,,,,Percussion,One-Shot,sprint_label=Shaker/Tambourine,Organic Drum Kit,5 Percussion,Organic Drum Kit||5 Percussion||organic shaker var,granularity_v1,20260911T104816,false,1.125,44100,2,14a40c4df342dcea2b25eb78982a21f5a0edb8a42a09e4aa8560f9d7d56367f3
/Volumes/Jack_Gandy_1TB_SSD/Samples 2021 ->/Sample Packs/Organic Drum Kit/6 Cymbals & Toms/2 Toms/Organic - Tom_B (4).wav,Samples 2021 ->/Sample Packs/Organic Drum Kit/6 Cymbals & Toms/2 Toms/Organic - Tom_B (4).wav,Percussion,Tom,,,,,Percussion,One-Shot,sprint_label=Tom,Organic Drum Kit,6 Cymbals & Toms,Organic Drum Kit||6 Cymbals & Toms||organic tom b,granularity_v1,20260911T104816,false,1.7143,44100,2,25724f4a2d2cc1dcb332dc28e9641a671adf9a8b902be5b707fcb6ea2d0fe23d
/Volumes/Jack_Gandy_1TB_SSD/Samples 2021 ->/Sample Packs/Organic Drum Kit/6 Cymbals & Toms/2 Toms/Organic - Tom_C (5).wav,Samples 2021 ->/Sample Packs/Organic Drum Kit/6 Cymbals & Toms/2 Toms/Organic - Tom_C (5).wav,Percussion,Tom,,,,,Percussion,One-Shot,sprint_label=Tom,Organic Drum Kit,6 Cymbals & Toms,Organic Drum Kit||6 Cymbals & Toms||organic tom c,granularity_v1,20260911T104816,false,1.6216,44100,2,d970bf2db281916fb44c7c8893754377d398a5185ba33c85738d3e9a4a2c7040
/Volumes/Jack_Gandy_1TB_SSD/Samples 2021 ->/Sample Packs/Organic Drum Kit/6 Cymbals & Toms/2 Toms/Organic - Tom_E (1).wav,Samples 2021 ->/Sample Packs/Organic Drum Kit/6 Cymbals & Toms/2 Toms/Organic - Tom_E (1).wav,Percussion,Tom,,,,,Percussion,One-Shot,,Organic Drum Kit,6 Cymbals & Toms,Organic Drum Kit||6 Cymbals & Toms||organic tom e,domain_coverage_v1,20260910T165711,false,1.2,44100,2,ea38418e813271b4067572dffc54a3ec21df15e7ed2e6b6dda67df7d5e39233c
/Volumes/Jack_Gandy_1TB_SSD/Samples 2021 ->/Sample Packs/Organic Drum Kit/6 Cymbals & Toms/2 Toms/Organic - Tom_O (1).wav,Samples 2021 ->/Sample Packs/Organic Drum Kit/6 Cymbals & Toms/2 Toms/Organic - Tom_O (1).wav,Percussion,Tom,,,,,Percussion,One-Shot,,Organic Drum Kit,6 Cymbals & Toms,Organic Drum Kit||6 Cymbals & Toms||organic tom o,domain_coverage_v1,20260910T171406,false,1.2631,44100,2,a798e5a421038531f34545907ff7c6b1b1617fa8ac50add645cf4de6b514427b
/Volumes/Jack_Gandy_1TB_SSD/Samples 2021 ->/Sample Packs/Organic Drum Kit/7 Transition FXS/Organic - FXS (1).wav,Samples 2021 ->/Sample Packs/Organic Drum Kit/7 Transition FXS/Organic - FXS (1).wav,SFX,,,,,,FX,One-Shot,,Organic Drum Kit,7 Transition FXS,Organic Drum Kit||7 Transition FXS||organic fxs,domain_coverage_v1,20260910T165711,false,6.75,44100,2,7093f4e9860e10174639ff1de10b3a54a6e13e2ca6140b8f5cc05f3f4978fafb
/Volumes/Jack_Gandy_1TB_SSD/Samples 2021 ->/Sample Packs/Organic Drum Kit/8 Drum Loops/Drum Loops/Drum Loop 13 - 95 BPM (A).wav,Samples 2021 ->/Sample Packs/Organic Drum Kit/8 Drum Loops/Drum Loops/Drum Loop 13 - 95 BPM (A).wav,Drum Loop,,,,,,Drum,Loop,,Organic Drum Kit,8 Drum Loops,Organic Drum Kit||8 Drum Loops||drum loop 13 (a),domain_coverage_v1,20260910T171406,false,5.0526,44100,2,0b788c59f2f460721392d11d8c90f7ff509d843cbdd5f959f42dcef4300a0d52
/Volumes/Jack_Gandy_1TB_SSD/Samples 2021 ->/Sample Packs/Organic Drum Kit/8 Drum Loops/Drum Loops/Drum Loop 17 - 83 BPM (A).wav,Samples 2021 ->/Sample Packs/Organic Drum Kit/8 Drum Loops/Drum Loops/Drum Loop 17 - 83 BPM (A).wav,Drum Loop,,,,,,Drum,Loop,,Organic Drum Kit,8 Drum Loops,Organic Drum Kit||8 Drum Loops||drum loop 17 (a),drums_v1,,false,5.7831,44100,2,64805a956582666290b636852388e4d2bbd547d7659fb7e90c06c887f80facf8
/Volumes/Jack_Gandy_1TB_SSD/Samples 2021 ->/Sample Packs/Organic Drum Kit/8 Drum Loops/Drum Loops/Drum Loop 3 - 115 BPM (A).wav,Samples 2021 ->/Sample Packs/Organic Drum Kit/8 Drum Loops/Drum Loops/Drum Loop 3 - 115 BPM (A).wav,Drum Loop,,,,,,Drum,Loop,,Organic Drum Kit,8 Drum Loops,Organic Drum Kit||8 Drum Loops||drum loop 3 (a),drums_v1,,false,4.1739,44100,2,c921c6902c7ff886e97a8bffe982810aceba132ae67eb936d5c5766b3a86d91c
/Volumes/Jack_Gandy_1TB_SSD/Samples 2021 ->/Sample Packs/Organic Drum Kit/8 Drum Loops/Drum Loops/Drum Loop 7 - 93 BPM (A).wav,Samples 2021 ->/Sample Packs/Organic Drum Kit/8 Drum Loops/Drum Loops/Drum Loop 7 - 93 BPM (A).wav,Drum Loop,,,,,,Drum,Loop,,Organic Drum Kit,8 Drum Loops,Organic Drum Kit||8 Drum Loops||drum loop 7 (a),drums_v1,,false,5.1612,44100,2,7c203554b79e6e6188fea225226cfe1b7d16ab433beaa99d6f2d2918f6614960
/Volumes/Jack_Gandy_1TB_SSD/Samples 2021 ->/Sample Packs/Organic Drum Kit/8 Drum Loops/Percussion Loops/Perc LP- 95 BPM (1)A.wav,Samples 2021 ->/Sample Packs/Organic Drum Kit/8 Drum Loops/Percussion Loops/Perc LP- 95 BPM (1)A.wav,Percussion Loop,,,,,,Percussion,Loop,,Organic Drum Kit,8 Drum Loops,Organic Drum Kit||8 Drum Loops||perc lp a,granularity_v1,20260911T104816,false,5.0526,44100,2,596c65b5bd3796029eb7bb115af4b0d23bf5eeaea50cf5255595118d3d76dd8c
/Volumes/Jack_Gandy_1TB_SSD/Samples 2021 ->/Sample Packs/Organic Drum Kit/8 Drum Loops/Percussion Loops/Shaker LP - 120 BPM (A).wav,Samples 2021 ->/Sample Packs/Organic Drum Kit/8 Drum Loops/Percussion Loops/Shaker LP - 120 BPM (A).wav,Percussion Loop,,,,,,Percussion,Loop,,Organic Drum Kit,8 Drum Loops,Organic Drum Kit||8 Drum Loops||shaker lp (a),drums_v1,,false,2.0,44100,2,d039084e3c1e4c6bc3aa6c0c468bc770571da2810e0ae4b5a101fc00a4a7307c
/Volumes/Jack_Gandy_1TB_SSD/Samples 2021 ->/Sample Packs/Organic Drum Kit/8 Drum Loops/Percussion Loops/Shaker LP - 90 BPM (2).wav,Samples 2021 ->/Sample Packs/Organic Drum Kit/8 Drum Loops/Percussion Loops/Shaker LP - 90 BPM (2).wav,Percussion Loop,,,,,,Percussion,Loop,,Organic Drum Kit,8 Drum Loops,Organic Drum Kit||8 Drum Loops||shaker lp,drums_v1,,false,2.6666,44100,2,81a0d534895781fad08c55f0f98be21fc9412ead935a565993a65291923f9f21
/Volumes/Jack_Gandy_1TB_SSD/Samples 2021 ->/Sample Packs/Organic Drum Kit/8 Drum Loops/Percussion Loops/Tamb Jingle LP - 104 BPM.wav,Samples 2021 ->/Sample Packs/Organic Drum Kit/8 Drum Loops/Percussion Loops/Tamb Jingle LP - 104 BPM.wav,Hi-Hat Loop,,,,,,Hi-Hat,Loop,,Organic Drum Kit,8 Drum Loops,Organic Drum Kit||8 Drum Loops||tamb jingle lp,domain_coverage_v1,20260910T165711,false,4.6133,44100,2,9d23c99df24fb37823903e43402ac8257e4f604a9c9c7f83918aab482c799abe
/Volumes/Jack_Gandy_1TB_SSD/Samples 2021 ->/Sample Packs/Organic Drum Kit/Maschine Kits/Coast2coast Kit Samples/Organic - Clap (62).wav,Samples 2021 ->/Sample Packs/Organic Drum Kit/Maschine Kits/Coast2coast Kit Samples/Organic - Clap (62).wav,Clap,,,,,,Clap,One-Shot,,Organic Drum Kit,Maschine Kits,Organic Drum Kit||Maschine Kits||organic clap,domain_coverage_v1,20260910T165711,false,1.5625,44100,2,f3e361ad4e37c99ebef11cf2d5389adab22f784e7f20d69c2d2e85fc2753e185
/Volumes/Jack_Gandy_1TB_SSD/Samples 2021 ->/Sample Packs/Organic Drum Kit/Maschine Kits/Deep Impact Kit Samples/Organic - O.HiHat_F (1).wav,Samples 2021 ->/Sample Packs/Organic Drum Kit/Maschine Kits/Deep Impact Kit Samples/Organic - O.HiHat_F (1).wav,Hi-Hat,,,,,,Hi-Hat,One-Shot,,Organic Drum Kit,Maschine Kits,Organic Drum Kit||Maschine Kits||organic o hihat f,domain_coverage_v1,20260910T171406,false,1.2931,44100,2,8ad931aa3e913160c42f3e6ff1e8d60406a38f33a5a3cd3e25e11308899af67b
/Volumes/Jack_Gandy_1TB_SSD/Samples 2021 ->/Sample Packs/Organic Drum Kit/Maschine Kits/Deep Impact Kit Samples/Organic - Tom_D (8).wav,Samples 2021 ->/Sample Packs/Organic Drum Kit/Maschine Kits/Deep Impact Kit Samples/Organic - Tom_D (8).wav,Percussion,Tom,,,,,Percussion,One-Shot,,Organic Drum Kit,Maschine Kits,Organic Drum Kit||Maschine Kits||organic tom d,drums_v1,,false,1.4224,44100,2,a3b6e091c37eb952eb11649b1044ddab5de6a1a8be3666ae3bd16934ea0d8dc4
/Volumes/Jack_Gandy_1TB_SSD/Samples 2021 ->/Sample Packs/Organic Drum Kit/Maschine Kits/Demolition Kit Samples/Organic - Cymbal (23).wav,Samples 2021 ->/Sample Packs/Organic Drum Kit/Maschine Kits/Demolition Kit Samples/Organic - Cymbal (23).wav,Crash,,,,,,Crash,One-Shot,,Organic Drum Kit,Maschine Kits,Organic Drum Kit||Maschine Kits||organic cymbal,drums_v1,,false,2.3684,44100,2,f6bc86cbde1e005d4e0a89c92e427ede8dc938234bb7379fcae0a329bdf62388
/Volumes/Jack_Gandy_1TB_SSD/Samples 2021 ->/Sample Packs/Organic Drum Kit/Maschine Kits/Domination Kit Samples/Organic - Conga A (9).wav,Samples 2021 ->/Sample Packs/Organic Drum Kit/Maschine Kits/Domination Kit Samples/Organic - Conga A (9).wav,Percussion,Other Percussive Hit,,,,,Percussion,One-Shot,,Organic Drum Kit,Maschine Kits,Organic Drum Kit||Maschine Kits||organic conga a,drums_v1,,false,1.5625,44100,2,6fd9c126fc6b004b14b69a4bdb3b00bb0f945187b9b921fadc48770a6e79965b
/Volumes/Jack_Gandy_1TB_SSD/Samples 2021 ->/Sample Packs/Organic Drum Kit/Maschine Kits/Earthquake Kit Samples/Organic - Conga (23).wav,Samples 2021 ->/Sample Packs/Organic Drum Kit/Maschine Kits/Earthquake Kit Samples/Organic - Conga (23).wav,Percussion,Other Percussive Hit,,,,,Percussion,One-Shot,sprint_label=Other Percussive Hit,Organic Drum Kit,Maschine Kits,Organic Drum Kit||Maschine Kits||organic conga,granularity_v1,20260911T104816,false,1.0619,44100,2,1eebf58875a33438c70e2b5149fa1c0c78db5ee0f779122fc8c852594f2f3f1f
/Volumes/Jack_Gandy_1TB_SSD/Samples 2021 ->/Sample Packs/Organic Drum Kit/Maschine Kits/Earthquake Kit Samples/Organic - Tom_B (5).wav,Samples 2021 ->/Sample Packs/Organic Drum Kit/Maschine Kits/Earthquake Kit Samples/Organic - Tom_B (5).wav,Percussion,Tom,,,,,Percussion,One-Shot,sprint_label=Tom,Organic Drum Kit,Maschine Kits,Organic Drum Kit||Maschine Kits||organic tom b,granularity_v1,20260911T104816,false,1.7143,44100,2,f3bb362d531b7ade2d2875c41f0dd77f23c20be8f52448424937320f4925ffdf
/Volumes/Jack_Gandy_1TB_SSD/Samples 2021 ->/Sample Packs/Organic Drum Kit/Maschine Kits/Imagination Kit Samples/Organic - HiHat_M (2).wav,Samples 2021 ->/Sample Packs/Organic Drum Kit/Maschine Kits/Imagination Kit Samples/Organic - HiHat_M (2).wav,Hi-Hat,,,,,,Hi-Hat,One-Shot,,Organic Drum Kit,Maschine Kits,Organic Drum Kit||Maschine Kits||organic hihat m,granularity_v1,20260911T104121,false,1.2903,44100,2,a4a0eba7a5ada3d879326447eea332cb7b32619c7de7043008b58faff17190cc
/Volumes/Jack_Gandy_1TB_SSD/Samples 2021 ->/Sample Packs/Organic Drum Kit/Maschine Kits/Imperial Kit Samples/Organic - Conga A (16).wav,Samples 2021 ->/Sample Packs/Organic Drum Kit/Maschine Kits/Imperial Kit Samples/Organic - Conga A (16).wav,Percussion,Other Percussive Hit,,,,,Percussion,One-Shot,sprint_label=Other Percussive Hit,Organic Drum Kit,Maschine Kits,Organic Drum Kit||Maschine Kits||organic conga a,granularity_v1,20260911T104816,false,1.4062,44100,2,61b27ab1c30c40e8e364d10c6a84cca27d2f3b8ae84706a8f586d3b25ab3606b
/Volumes/Jack_Gandy_1TB_SSD/Samples 2021 ->/Sample Packs/Organic Drum Kit/Maschine Kits/Imperial Kit Samples/Organic - Cymbal (4).wav,Samples 2021 ->/Sample Packs/Organic Drum Kit/Maschine Kits/Imperial Kit Samples/Organic - Cymbal (4).wav,Crash,,,,,,Crash,One-Shot,,Organic Drum Kit,Maschine Kits,Organic Drum Kit||Maschine Kits||organic cymbal,drums_v1,,false,6.0,44100,2,e578e763c13391623745b236c4a900d6493a8800ea3cce89d97e9459fe7f5d23
/Volumes/Jack_Gandy_1TB_SSD/Samples 2021 ->/Sample Packs/Organic Drum Kit/Maschine Kits/Motivation Kit Samples/Organic - O.HiHat_H (1).wav,Samples 2021 ->/Sample Packs/Organic Drum Kit/Maschine Kits/Motivation Kit Samples/Organic - O.HiHat_H (1).wav,Hi-Hat,,,,,,Hi-Hat,One-Shot,,Organic Drum Kit,Maschine Kits,Organic Drum Kit||Maschine Kits||organic o hihat h,granularity_v1,20260911T104121,false,1.6216,44100,2,ffa039fab740c8f5067c8f5e4255065fea2872121e813d05fcafbe9030c012cb
/Volumes/Jack_Gandy_1TB_SSD/Samples 2021 ->/Sample Packs/Organic Drum Kit/Maschine Kits/New Age Kit 2 Samples/Organic - O.HiHat_(10).wav,Samples 2021 ->/Sample Packs/Organic Drum Kit/Maschine Kits/New Age Kit 2 Samples/Organic - O.HiHat_(10).wav,Hi-Hat,,,,,,Hi-Hat,One-Shot,,Organic Drum Kit,Maschine Kits,Organic Drum Kit||Maschine Kits||organic o hihat,granularity_v1,20260911T104121,false,1.125,44100,2,37d923f153b9ed556fedbfd7f4cd189b22630392209de9626ed1197dae8e9bb8
/Volumes/Jack_Gandy_1TB_SSD/Samples 2021 ->/Sample Packs/Organic Drum Kit/Maschine Kits/New Age Kit 2 Samples/Organic - Various Perc (22).wav,Samples 2021 ->/Sample Packs/Organic Drum Kit/Maschine Kits/New Age Kit 2 Samples/Organic - Various Perc (22).wav,Percussion,Other Percussive Hit,,,,,Percussion,One-Shot,sprint_label=Other Percussive Hit,Organic Drum Kit,Maschine Kits,Organic Drum Kit||Maschine Kits||organic various perc,granularity_v1,20260911T104816,false,1.2,44100,2,0296d864cda30121ef35400cd5361aaa04c3b1ce062448588925ff391a99cb8d
/Volumes/Jack_Gandy_1TB_SSD/Samples 2021 ->/Sample Packs/Organic Drum Kit/Maschine Kits/New Age Kit 2 Samples/Organic - Various Perc (33).wav,Samples 2021 ->/Sample Packs/Organic Drum Kit/Maschine Kits/New Age Kit 2 Samples/Organic - Various Perc (33).wav,Percussion Loop,,,,,,Percussion,Loop,,Organic Drum Kit,Maschine Kits,Organic Drum Kit||Maschine Kits||organic various perc,drums_v1,,false,1.6196,44100,2,6913140bd98256874b6656f281a601808c8db10c9d355ba6f8215fa83c1f94e1
/Volumes/Jack_Gandy_1TB_SSD/Samples 2021 ->/Sample Packs/Organic Electronics 2 J.Views/JVIEWS_city/JVIEWS_city_loops/JVIEWS_hihat_alternative_clock_shop_113.wav,Samples 2021 ->/Sample Packs/Organic Electronics 2 J.Views/JVIEWS_city/JVIEWS_city_loops/JVIEWS_hihat_alternative_clock_shop_113.wav,Foley Loop,,,,,,Foley,Loop,,Organic Electronics 2 J.Views,JVIEWS_city,Organic Electronics 2 J.Views||JVIEWS_city||jviews hihat alternative clock shop,drums_v1,,false,8.4956,44100,2,a9bc2e036bd0d74e7a1ea29c097931694d763d0caf56c609b00686c2273e74f4
/Volumes/Jack_Gandy_1TB_SSD/Samples 2021 ->/Sample Packs/Organic Electronics 2 J.Views/JVIEWS_city/JVIEWS_city_loops/JVIEWS_soft_dark_01_100.wav,Samples 2021 ->/Sample Packs/Organic Electronics 2 J.Views/JVIEWS_city/JVIEWS_city_loops/JVIEWS_soft_dark_01_100.wav,Drum Loop,,,,,,Drum,Loop,,Organic Electronics 2 J.Views,JVIEWS_city,Organic Electronics 2 J.Views||JVIEWS_city||jviews soft dark 01,domain_coverage_v1,20260910T171406,false,9.6,44100,2,e14811b23371e300a60911bd82c016db7c30ee786e79e5375d92e4795d3e2cce
/Volumes/Jack_Gandy_1TB_SSD/Samples 2021 ->/Sample Packs/Organic Electronics 2 J.Views/JVIEWS_city/JVIEWS_city_one_shots/JVIEWS_clock_shop_percussion_fx.wav,Samples 2021 ->/Sample Packs/Organic Electronics 2 J.Views/JVIEWS_city/JVIEWS_city_one_shots/JVIEWS_clock_shop_percussion_fx.wav,Percussion Loop,,,,,,Percussion,Loop,,Organic Electronics 2 J.Views,JVIEWS_city,Organic Electronics 2 J.Views||JVIEWS_city||jviews clock shop percussion fx,domain_coverage_v1,20260910T165711,false,0.972,44100,2,3160871090b17ffa8580495f2f8ffa5416585e2a58caf97c747d383a939b1673
/Volumes/Jack_Gandy_1TB_SSD/Samples 2021 ->/Sample Packs/Organic Electronics 2 J.Views/JVIEWS_countryside/JVIEWS_countryside_loops/JVIEWS_hollow_steel_tree_130.wav,Samples 2021 ->/Sample Packs/Organic Electronics 2 J.Views/JVIEWS_countryside/JVIEWS_countryside_loops/JVIEWS_hollow_steel_tree_130.wav,Percussion Loop,,,,,,Percussion,Loop,,Organic Electronics 2 J.Views,JVIEWS_countryside,Organic Electronics 2 J.Views||JVIEWS_countryside||jviews hollow steel tree,domain_coverage_v1,20260910T165711,false,14.7692,44100,2,6e332f73a1bce92bb767cca630dff403c8bded3ad1a1fe4efc8ce7344a72d541
/Volumes/Jack_Gandy_1TB_SSD/Samples 2021 ->/Sample Packs/Organic Electronics 2 J.Views/JVIEWS_countryside/JVIEWS_countryside_tonal/JVIEWS_tape_echo_chord_stab_03_F.wav,Samples 2021 ->/Sample Packs/Organic Electronics 2 J.Views/JVIEWS_countryside/JVIEWS_countryside_tonal/JVIEWS_tape_echo_chord_stab_03_F.wav,Synth Loop,,,,,,Synth,Loop,,Organic Electronics 2 J.Views,JVIEWS_countryside,Organic Electronics 2 J.Views||JVIEWS_countryside||jviews tape echo chord stab 03 f,domain_coverage_v1,20260910T171406,false,13.5989,44100,2,dc57f58a55b7de9a216e3cc3a10581b2fe7a072e61ceb130b459e50e54ec33b1
/Volumes/Jack_Gandy_1TB_SSD/Samples 2021 ->/Sample Packs/Organic Electronics 2 J.Views/JVIEWS_desert/JVIEWS_desert_loops/JVIEWS_percussion_rattle_01_120.wav,Samples 2021 ->/Sample Packs/Organic Electronics 2 J.Views/JVIEWS_desert/JVIEWS_desert_loops/JVIEWS_percussion_rattle_01_120.wav,Percussion Loop,,,,,,Percussion,Loop,,Organic Electronics 2 J.Views,JVIEWS_desert,Organic Electronics 2 J.Views||JVIEWS_desert||jviews percussion rattle 01,domain_coverage_v1,20260910T165711,false,8.0,44100,2,dd052b8b89728b43ce2c2e79d6c8e097e1de41c5ca68cf947ffcdeb8d8cf915f
/Volumes/Jack_Gandy_1TB_SSD/Samples 2021 ->/Sample Packs/Organic Electronics 2 J.Views/JVIEWS_desert/JVIEWS_desert_loops/JVIEWS_percussion_tambourine_tops_122.wav,Samples 2021 ->/Sample Packs/Organic Electronics 2 J.Views/JVIEWS_desert/JVIEWS_desert_loops/JVIEWS_percussion_tambourine_tops_122.wav,Percussion Loop,,,,,,Percussion,Loop,,Organic Electronics 2 J.Views,JVIEWS_desert,Organic Electronics 2 J.Views||JVIEWS_desert||jviews percussion tambourine tops,granularity_v1,20260911T104816,false,7.8688,44100,2,bd40e060ad8afeb67c7f3ef7ff42aafd0de089bcd1a424767d3036fa4e52c7e3
/Volumes/Jack_Gandy_1TB_SSD/Samples 2021 ->/Sample Packs/Organic Electronics 2 J.Views/JVIEWS_desert/JVIEWS_desert_loops/JVIEWS_suitcase_and_amp_138.wav,Samples 2021 ->/Sample Packs/Organic Electronics 2 J.Views/JVIEWS_desert/JVIEWS_desert_loops/JVIEWS_suitcase_and_amp_138.wav,Foley Loop,,,,,,Foley,Loop,,Organic Electronics 2 J.Views,JVIEWS_desert,Organic Electronics 2 J.Views||JVIEWS_desert||jviews suitcase and amp,drums_v1,,false,13.9131,44100,2,1088ac3f842df03b0a7d92906cccbf47d3cc7626c3580e416046a7ade6808dce
/Volumes/Jack_Gandy_1TB_SSD/Samples 2021 ->/Sample Packs/Organic Electronics 2 J.Views/JVIEWS_desert/JVIEWS_desert_loops/JVIEWS_wooden_toughness_100.wav,Samples 2021 ->/Sample Packs/Organic Electronics 2 J.Views/JVIEWS_desert/JVIEWS_desert_loops/JVIEWS_wooden_toughness_100.wav,Foley Loop,,,,,,Foley,Loop,,Organic Electronics 2 J.Views,JVIEWS_desert,Organic Electronics 2 J.Views||JVIEWS_desert||jviews wooden toughness,domain_coverage_v1,20260910T171406,false,4.8,44100,2,b1e463184710f49e824e421b36a31ec6a752a0f7d471dec715d309e003623723
/Volumes/Jack_Gandy_1TB_SSD/Samples 2021 ->/Sample Packs/Organic Electronics 2 J.Views/JVIEWS_studio/JVIEWS_studio_one_shots/JVIEWS_tight_snare_tambourine.wav,Samples 2021 ->/Sample Packs/Organic Electronics 2 J.Views/JVIEWS_studio/JVIEWS_studio_one_shots/JVIEWS_tight_snare_tambourine.wav,Snare,,,,,,Snare,One-Shot,,Organic Electronics 2 J.Views,JVIEWS_studio,Organic Electronics 2 J.Views||JVIEWS_studio||jviews tight snare tambourine,domain_coverage_v1,20260910T171406,false,0.3024,44100,2,5099fcad935959e9f86e287b6983547cc9e98e59b296409a3953aa4954945917
/Volumes/Jack_Gandy_1TB_SSD/Samples 2021 ->/Sample Packs/Organic Electronics 2 J.Views/JVIEWS_studio/JVIEWS_studio_tonal/JVIEWS_low_battery_bass_drop_wide.wav,Samples 2021 ->/Sample Packs/Organic Electronics 2 J.Views/JVIEWS_studio/JVIEWS_studio_tonal/JVIEWS_low_battery_bass_drop_wide.wav,Other/none,,unsupported instrument,,,,Rejection,Rejection,,Organic Electronics 2 J.Views,JVIEWS_studio,Organic Electronics 2 J.Views||JVIEWS_studio||jviews low battery bass drop wide,domain_coverage_v1,20260910T165711,false,3.4195,44100,2,22bfd5c0acdef1b62d04f5c4a9e913bb184648e69a6e7a153460536b303a9803
/Volumes/Jack_Gandy_1TB_SSD/Samples 2021 ->/Sample Packs/Origin Sound - Adore - RNB Soul (2025)/loops/drum_loops/OS_AD_77_drum_loop_alpha_groove.wav,Samples 2021 ->/Sample Packs/Origin Sound - Adore - RNB Soul (2025)/loops/drum_loops/OS_AD_77_drum_loop_alpha_groove.wav,Drum Loop,,,,,,Drum,Loop,,Origin Sound - Adore - RNB Soul (2025),loops,Origin Sound - Adore - RNB Soul (2025)||loops||os ad 77 drum loop alpha groove,drums_v1,,false,24.935,48000,2,
/Volumes/Jack_Gandy_1TB_SSD/Samples 2021 ->/Sample Packs/Origin Sound - Adore - RNB Soul (2025)/loops/songstarters/OS_AD_95_songstarter_bass_memories_Dm.wav,Samples 2021 ->/Sample Packs/Origin Sound - Adore - RNB Soul (2025)/loops/songstarters/OS_AD_95_songstarter_bass_memories_Dm.wav,Other/none,,mixed/full music,,,,Rejection,Rejection,,Origin Sound - Adore - RNB Soul (2025),loops,Origin Sound - Adore - RNB Soul (2025)||loops||os ad 95 songstarter bass memories dm,granularity_v1,20260911T104352,false,20.2105,48000,2,
/Volumes/Jack_Gandy_1TB_SSD/Samples 2021 ->/Sample Packs/Origin Sound - Adore - RNB Soul (2025)/loops/synth_loops/OS_AD_108_synth_warped_pad_chords_bling_bling_Bm.wav,Samples 2021 ->/Sample Packs/Origin Sound - Adore - RNB Soul (2025)/loops/synth_loops/OS_AD_108_synth_warped_pad_chords_bling_bling_Bm.wav,Synth Loop,,,,,,Synth,Loop,,Origin Sound - Adore - RNB Soul (2025),loops,Origin Sound - Adore - RNB Soul (2025)||loops||os ad 108 synth warped pad chords bling bling bm,domain_coverage_v1,20260910T171406,false,17.7778,48000,2,
/Volumes/Jack_Gandy_1TB_SSD/Samples 2021 ->/Sample Packs/Origin Sound - Adore - RNB Soul (2025)/one_shots/drum_hits/hihats/OS_AD_hihat_slack.wav,Samples 2021 ->/Sample Packs/Origin Sound - Adore - RNB Soul (2025)/one_shots/drum_hits/hihats/OS_AD_hihat_slack.wav,Hi-Hat,,,,,,Hi-Hat,One-Shot,,Origin Sound - Adore - RNB Soul (2025),one_shots,Origin Sound - Adore - RNB Soul (2025)||one_shots||os ad hihat slack,granularity_v1,20260911T104121,false,0.1994,48000,2,
/Volumes/Jack_Gandy_1TB_SSD/Samples 2021 ->/Sample Packs/Origin Sound - Adore - RNB Soul (2025)/one_shots/drum_hits/hihats/OS_AD_hihat_wavy.wav,Samples 2021 ->/Sample Packs/Origin Sound - Adore - RNB Soul (2025)/one_shots/drum_hits/hihats/OS_AD_hihat_wavy.wav,Hi-Hat,,,,,,Hi-Hat,One-Shot,,Origin Sound - Adore - RNB Soul (2025),one_shots,Origin Sound - Adore - RNB Soul (2025)||one_shots||os ad hihat wavy,granularity_v1,20260911T104121,false,0.1045,48000,2,
/Volumes/Jack_Gandy_1TB_SSD/Samples 2021 ->/Sample Packs/Origin Sound - Adore - RNB Soul (2025)/one_shots/drum_hits/hihats/OS_AD_hihat_woody.wav,Samples 2021 ->/Sample Packs/Origin Sound - Adore - RNB Soul (2025)/one_shots/drum_hits/hihats/OS_AD_hihat_woody.wav,Percussion,Other Percussive Hit,,,,,Percussion,One-Shot,,Origin Sound - Adore - RNB Soul (2025),one_shots,Origin Sound - Adore - RNB Soul (2025)||one_shots||os ad hihat woody,granularity_v1,20260911T104121,false,0.1096,48000,2,
/Volumes/Jack_Gandy_1TB_SSD/Samples 2021 ->/Sample Packs/Origin Sound - Adore - RNB Soul (2025)/one_shots/drum_hits/kicks/OS_AD_kick_loungin.wav,Samples 2021 ->/Sample Packs/Origin Sound - Adore - RNB Soul (2025)/one_shots/drum_hits/kicks/OS_AD_kick_loungin.wav,Kick,,,,,,Kick,One-Shot,,Origin Sound - Adore - RNB Soul (2025),one_shots,Origin Sound - Adore - RNB Soul (2025)||one_shots||os ad kick loungin,domain_coverage_v1,20260910T165711,false,0.2581,48000,2,
/Volumes/Jack_Gandy_1TB_SSD/Samples 2021 ->/Sample Packs/Origin Sound - Adore - RNB Soul (2025)/one_shots/percussion/OS_AD_perc_hand_roll.wav,Samples 2021 ->/Sample Packs/Origin Sound - Adore - RNB Soul (2025)/one_shots/percussion/OS_AD_perc_hand_roll.wav,Percussion,Other Percussive Hit,,,,,Percussion,One-Shot,sprint_label=Other Percussive Hit,Origin Sound - Adore - RNB Soul (2025),one_shots,Origin Sound - Adore - RNB Soul (2025)||one_shots||os ad perc hand roll,granularity_v1,20260911T104816,false,0.3898,48000,2,
/Volumes/Jack_Gandy_1TB_SSD/Samples 2021 ->/Sample Packs/Origin Sound - Adore - RNB Soul (2025)/one_shots/percussion/OS_AD_perc_water.wav,Samples 2021 ->/Sample Packs/Origin Sound - Adore - RNB Soul (2025)/one_shots/percussion/OS_AD_perc_water.wav,Percussion,Other Percussive Hit,,,,,Percussion,One-Shot,sprint_label=Other Percussive Hit,Origin Sound - Adore - RNB Soul (2025),one_shots,Origin Sound - Adore - RNB Soul (2025)||one_shots||os ad perc water,granularity_v1,20260911T104816,false,0.437,48000,2,
/Volumes/Jack_Gandy_1TB_SSD/Samples 2021 ->/Sample Packs/Origin Sound - Soul Soundscapes (2025)/one_shots/drum_hits/snare/OS_SS_snare_fatty.wav,Samples 2021 ->/Sample Packs/Origin Sound - Soul Soundscapes (2025)/one_shots/drum_hits/snare/OS_SS_snare_fatty.wav,Snare,,,,,,Snare,One-Shot,,Origin Sound - Soul Soundscapes (2025),one_shots,Origin Sound - Soul Soundscapes (2025)||one_shots||os ss snare fatty,domain_coverage_v1,20260910T171406,false,1.4594,48000,2,
/Volumes/Jack_Gandy_1TB_SSD/Samples 2021 ->/Sample Packs/Origin Sound - Vintage Vibes 3 (2025)/loops/drum_loops/OS_VV3_130_drum_loop_deluxe.wav,Samples 2021 ->/Sample Packs/Origin Sound - Vintage Vibes 3 (2025)/loops/drum_loops/OS_VV3_130_drum_loop_deluxe.wav,Drum Loop,,,,,,Drum,Loop,,Origin Sound - Vintage Vibes 3 (2025),loops,Origin Sound - Vintage Vibes 3 (2025)||loops||os vv3 130 drum loop deluxe,drums_v1,,false,14.7692,48000,2,
/Volumes/Jack_Gandy_1TB_SSD/Samples 2021 ->/Sample Packs/Origin Sound - Vintage Vibes 3 (2025)/loops/electric_piano_loops/OS_VV3_80_electric_piano_chords_faces_Am.wav,Samples 2021 ->/Sample Packs/Origin Sound - Vintage Vibes 3 (2025)/loops/electric_piano_loops/OS_VV3_80_electric_piano_chords_faces_Am.wav,Synth Loop,,,,,,Synth,Loop,,Origin Sound - Vintage Vibes 3 (2025),loops,Origin Sound - Vintage Vibes 3 (2025)||loops||os vv3 80 electric piano chords faces am,domain_coverage_v1,20260910T171406,false,24.0,48000,2,
/Volumes/Jack_Gandy_1TB_SSD/Samples 2021 ->/Sample Packs/Origin Sound - Vintage Vibes 3 (2025)/one_shots/drum_hits/kicks/OS_VV3_kick_brooklyn.wav,Samples 2021 ->/Sample Packs/Origin Sound - Vintage Vibes 3 (2025)/one_shots/drum_hits/kicks/OS_VV3_kick_brooklyn.wav,Kick,,,,,,Kick,One-Shot,,Origin Sound - Vintage Vibes 3 (2025),one_shots,Origin Sound - Vintage Vibes 3 (2025)||one_shots||os vv3 kick brooklyn,domain_coverage_v1,20260910T173709,false,0.2139,48000,2,
/Volumes/Jack_Gandy_1TB_SSD/Samples 2021 ->/Sample Packs/Origin Sound - Vintage Vibes 3 (2025)/one_shots/drum_hits/rims/OS_VV3_rim_august.wav,Samples 2021 ->/Sample Packs/Origin Sound - Vintage Vibes 3 (2025)/one_shots/drum_hits/rims/OS_VV3_rim_august.wav,Rimshot,,,,,,Rimshot,One-Shot,,Origin Sound - Vintage Vibes 3 (2025),one_shots,Origin Sound - Vintage Vibes 3 (2025)||one_shots||os vv3 rim august,granularity_v1,20260911T104816,false,1.8923,48000,2,
/Volumes/Jack_Gandy_1TB_SSD/Samples 2021 ->/Sample Packs/Planet Pop/PL0332_ACID_WAV_Planet_Pop/Prime_Loops_-_Planet_Pop/Synth_Chords/Bpm122_F#_StarStruck.wav,Samples 2021 ->/Sample Packs/Planet Pop/PL0332_ACID_WAV_Planet_Pop/Prime_Loops_-_Planet_Pop/Synth_Chords/Bpm122_F#_StarStruck.wav,Synth Loop,,,,,,Synth,Loop,ground_truth_override=Other/none,Planet Pop,PL0332_ACID_WAV_Planet_Pop,Planet Pop||PL0332_ACID_WAV_Planet_Pop||f# starstruck,granularity_v1,20260911T111240,false,7.8689,44100,2,
/Volumes/Jack_Gandy_1TB_SSD/Samples 2021 ->/Sample Packs/Production Music Live - Acoustic - Melodic House 4/Arpeggiator Loops/PMLxOT4_POL_Arp_Loop_Broken_Bells_001_120BPM_Gmin.wav,Samples 2021 ->/Sample Packs/Production Music Live - Acoustic - Melodic House 4/Arpeggiator Loops/PMLxOT4_POL_Arp_Loop_Broken_Bells_001_120BPM_Gmin.wav,Synth Loop,,,,,,Synth,Loop,,Production Music Live - Acoustic - Melodic House 4,Arpeggiator Loops,Production Music Live - Acoustic - Melodic House 4||Arpeggiator Loops||pmlxot4 pol arp loop broken bells,domain_coverage_v1,20260910T171406,false,7.98,44100,2,
/Volumes/Jack_Gandy_1TB_SSD/Samples 2021 ->/Sample Packs/Production Music Live - Acoustic - Melodic House 4/Arpeggiator Loops/PMLxOT4_TE_Arp_Loop_001_122BPM_Dmin.wav,Samples 2021 ->/Sample Packs/Production Music Live - Acoustic - Melodic House 4/Arpeggiator Loops/PMLxOT4_TE_Arp_Loop_001_122BPM_Dmin.wav,Synth Loop,,,,,,Synth,Loop,ground_truth_override=Other/none,Production Music Live - Acoustic - Melodic House 4,Arpeggiator Loops,Production Music Live - Acoustic - Melodic House 4||Arpeggiator Loops||pmlxot4 te arp loop,granularity_v1,20260911T111240,false,7.8689,44100,2,
/Volumes/Jack_Gandy_1TB_SSD/Samples 2021 ->/Sample Packs/Production Music Live - Acoustic - Melodic House 4/Atmosphere Loops/PMLxOT4_LAR_Atmos_Loop_006_125BPM.wav,Samples 2021 ->/Sample Packs/Production Music Live - Acoustic - Melodic House 4/Atmosphere Loops/PMLxOT4_LAR_Atmos_Loop_006_125BPM.wav,Atmosphere,,,,,,FX,Loop,,Production Music Live - Acoustic - Melodic House 4,Atmosphere Loops,Production Music Live - Acoustic - Melodic House 4||Atmosphere Loops||pmlxot4 lar atmos loop,domain_coverage_v1,20260910T171406,false,7.68,48000,2,
/Volumes/Jack_Gandy_1TB_SSD/Samples 2021 ->/Sample Packs/Production Music Live - Acoustic - Melodic House 4/Atmosphere Loops/PMLxOT4_SOL_Atmos_Loop_001_123BPM_Cmin.wav,Samples 2021 ->/Sample Packs/Production Music Live - Acoustic - Melodic House 4/Atmosphere Loops/PMLxOT4_SOL_Atmos_Loop_001_123BPM_Cmin.wav,Atmosphere,,,,,,FX,Loop,,Production Music Live - Acoustic - Melodic House 4,Atmosphere Loops,Production Music Live - Acoustic - Melodic House 4||Atmosphere Loops||pmlxot4 sol atmos loop,domain_coverage_v1,20260910T165711,false,15.6098,48000,2,
/Volumes/Jack_Gandy_1TB_SSD/Samples 2021 ->/Sample Packs/Production Music Live - Acoustic - Melodic House 4/Bass Loops/PML_OT4_SV_Kick_Loop_001_122BPM.wav,Samples 2021 ->/Sample Packs/Production Music Live - Acoustic - Melodic House 4/Bass Loops/PML_OT4_SV_Kick_Loop_001_122BPM.wav,Kick Loop,,,,,,Kick,Loop,,Production Music Live - Acoustic - Melodic House 4,Bass Loops,Production Music Live - Acoustic - Melodic House 4||Bass Loops||pml ot4 sv kick loop,domain_coverage_v1,20260910T171406,false,15.7341,44100,2,
/Volumes/Jack_Gandy_1TB_SSD/Samples 2021 ->/Sample Packs/Production Music Live - Acoustic - Melodic House 4/Bass Loops/PMLxOT4_DA_Bass_Perc_Loop_001_122BPM_Cmaj.wav,Samples 2021 ->/Sample Packs/Production Music Live - Acoustic - Melodic House 4/Bass Loops/PMLxOT4_DA_Bass_Perc_Loop_001_122BPM_Cmaj.wav,Other/none,,unsupported instrument,,,,Rejection,Rejection,,Production Music Live - Acoustic - Melodic House 4,Bass Loops,Production Music Live - Acoustic - Melodic House 4||Bass Loops||pmlxot4 da bass perc loop,domain_coverage_v1,20260910T165711,false,15.7377,44100,2,
/Volumes/Jack_Gandy_1TB_SSD/Samples 2021 ->/Sample Packs/Production Music Live - Acoustic - Melodic House 4/Combo Loops/PMLxOT4_SV_Comboloop_006a_126BPM_Cmin.wav,Samples 2021 ->/Sample Packs/Production Music Live - Acoustic - Melodic House 4/Combo Loops/PMLxOT4_SV_Comboloop_006a_126BPM_Cmin.wav,Synth Loop,,,,,,Synth,Loop,ground_truth_override=Other/none,Production Music Live - Acoustic - Melodic House 4,Combo Loops,Production Music Live - Acoustic - Melodic House 4||Combo Loops||pmlxot4 sv comboloop 006a,granularity_v1,20260911T111240,false,15.2381,48000,2,
/Volumes/Jack_Gandy_1TB_SSD/Samples 2021 ->/Sample Packs/Production Music Live - Acoustic - Melodic House 4/Combo Loops/PMLxOT4_SV_Comboloop_009a_126BPM_C#min.wav,Samples 2021 ->/Sample Packs/Production Music Live - Acoustic - Melodic House 4/Combo Loops/PMLxOT4_SV_Comboloop_009a_126BPM_C#min.wav,Synth Loop,,,,,,Synth,Loop,,Production Music Live - Acoustic - Melodic House 4,Combo Loops,Production Music Live - Acoustic - Melodic House 4||Combo Loops||pmlxot4 sv comboloop 009a,domain_coverage_v1,20260910T171406,false,15.2381,48000,2,
/Volumes/Jack_Gandy_1TB_SSD/Samples 2021 ->/Sample Packs/Production Music Live - Acoustic - Melodic House 4/FX & Texture Loops/PMLxOT4_LAR_Harmonic_Texture_Loop_001_123BPM_Fmin.wav,Samples 2021 ->/Sample Packs/Production Music Live - Acoustic - Melodic House 4/FX & Texture Loops/PMLxOT4_LAR_Harmonic_Texture_Loop_001_123BPM_Fmin.wav,Synth Loop,,,,,,Synth,Loop,,Production Music Live - Acoustic - Melodic House 4,FX & Texture Loops,Production Music Live - Acoustic - Melodic House 4||FX & Texture Loops||pmlxot4 lar harmonic texture loop,domain_coverage_v1,20260910T171406,false,7.8689,48000,2,
/Volumes/Jack_Gandy_1TB_SSD/Samples 2021 ->/Sample Packs/Production Music Live - Acoustic - Melodic House 4/FX & Texture Loops/PMLxOT4_TE_Texture_Loop_001_124BPM.wav,Samples 2021 ->/Sample Packs/Production Music Live - Acoustic - Melodic House 4/FX & Texture Loops/PMLxOT4_TE_Texture_Loop_001_124BPM.wav,Other/none,,unsupported instrument,,,,Rejection,Rejection,,Production Music Live - Acoustic - Melodic House 4,FX & Texture Loops,Production Music Live - Acoustic - Melodic House 4||FX & Texture Loops||pmlxot4 te texture loop,domain_coverage_v1,20260910T165711,false,15.4839,44100,2,
/Volumes/Jack_Gandy_1TB_SSD/Samples 2021 ->/Sample Packs/Production Music Live - Acoustic - Melodic House 4/Harmonics & Chord Loops/PMLxOT4_POL_Harmonic_Loop_Bell_Texture_001_120BPM_Gmin.wav,Samples 2021 ->/Sample Packs/Production Music Live - Acoustic - Melodic House 4/Harmonics & Chord Loops/PMLxOT4_POL_Harmonic_Loop_Bell_Texture_001_120BPM_Gmin.wav,Weather/Nature Atmos,,,,,,FX,Loop,,Production Music Live - Acoustic - Melodic House 4,Harmonics & Chord Loops,Production Music Live - Acoustic - Melodic House 4||Harmonics & Chord Loops||pmlxot4 pol harmonic loop bell texture,domain_coverage_v1,20260910T165711,false,24.0,44100,2,
/Volumes/Jack_Gandy_1TB_SSD/Samples 2021 ->/Sample Packs/Production Music Live - Acoustic - Melodic House 4/Harmonics & Chord Loops/PMLxOT4_POL_Harmonic_Loop_Nostalgic_Brass_001_120BPM_Emin.wav,Samples 2021 ->/Sample Packs/Production Music Live - Acoustic - Melodic House 4/Harmonics & Chord Loops/PMLxOT4_POL_Harmonic_Loop_Nostalgic_Brass_001_120BPM_Emin.wav,Other/none,,mixed/full music,,,,Rejection,Rejection,,Production Music Live - Acoustic - Melodic House 4,Harmonics & Chord Loops,Production Music Live - Acoustic - Melodic House 4||Harmonics & Chord Loops||pmlxot4 pol harmonic loop nostalgic brass,domain_coverage_v1,20260910T171406,false,16.0,44100,2,
/Volumes/Jack_Gandy_1TB_SSD/Samples 2021 ->/Sample Packs/Production Music Live - Acoustic - Melodic House 4/Percussion Loops/PMLxOT4_POL_Percussion_Loop_Muye Toms_001_120BPM.wav,Samples 2021 ->/Sample Packs/Production Music Live - Acoustic - Melodic House 4/Percussion Loops/PMLxOT4_POL_Percussion_Loop_Muye Toms_001_120BPM.wav,Percussion Loop,,,,,,Percussion,Loop,,Production Music Live - Acoustic - Melodic House 4,Percussion Loops,Production Music Live - Acoustic - Melodic House 4||Percussion Loops||pmlxot4 pol percussion loop muye toms,granularity_v1,20260911T104816,false,4.0,44100,2,
/Volumes/Jack_Gandy_1TB_SSD/Samples 2021 ->/Sample Packs/Production Music Live - Acoustic - Melodic House 4/Percussion Loops/PMLxOT4_POL_Percussion_Loop_Spicy Hadd Adds_001_120BPM.wav,Samples 2021 ->/Sample Packs/Production Music Live - Acoustic - Melodic House 4/Percussion Loops/PMLxOT4_POL_Percussion_Loop_Spicy Hadd Adds_001_120BPM.wav,Percussion Loop,,,,,,Percussion,Loop,,Production Music Live - Acoustic - Melodic House 4,Percussion Loops,Production Music Live - Acoustic - Melodic House 4||Percussion Loops||pmlxot4 pol percussion loop spicy hadd adds,domain_coverage_v1,20260910T171406,false,4.0,44100,2,
/Volumes/Jack_Gandy_1TB_SSD/Samples 2021 ->/Sample Packs/Production Music Live - Acoustic - Melodic House 4/Percussion Loops/PMLxOT4_SV_Percussion_Loop_009a_123BPM.wav,Samples 2021 ->/Sample Packs/Production Music Live - Acoustic - Melodic House 4/Percussion Loops/PMLxOT4_SV_Percussion_Loop_009a_123BPM.wav,Percussion Loop,,,,,,Percussion,Loop,,Production Music Live - Acoustic - Melodic House 4,Percussion Loops,Production Music Live - Acoustic - Melodic House 4||Percussion Loops||pmlxot4 sv percussion loop 009a,granularity_v1,20260911T104816,false,15.6098,44100,2,
/Volumes/Jack_Gandy_1TB_SSD/Samples 2021 ->/Sample Packs/Production Music Live - Acoustic - Melodic House 4/Percussion Loops/PMLxOT4_SV_Percussion_Loop_012b_125BPM.wav,Samples 2021 ->/Sample Packs/Production Music Live - Acoustic - Melodic House 4/Percussion Loops/PMLxOT4_SV_Percussion_Loop_012b_125BPM.wav,Percussion Loop,,,,,,Percussion,Loop,,Production Music Live - Acoustic - Melodic House 4,Percussion Loops,Production Music Live - Acoustic - Melodic House 4||Percussion Loops||pmlxot4 sv percussion loop 012b,domain_coverage_v1,20260910T165711,false,7.68,44100,2,
/Volumes/Jack_Gandy_1TB_SSD/Samples 2021 ->/Sample Packs/Production Music Live - Acoustic - Melodic House 4/Percussion Loops/PMLxOT4_YU_Percussion_Loop_013_DrunkenCaveman_122BPM.wav,Samples 2021 ->/Sample Packs/Production Music Live - Acoustic - Melodic House 4/Percussion Loops/PMLxOT4_YU_Percussion_Loop_013_DrunkenCaveman_122BPM.wav,Percussion Loop,,,,,,Percussion,Loop,,Production Music Live - Acoustic - Melodic House 4,Percussion Loops,Production Music Live - Acoustic - Melodic House 4||Percussion Loops||pmlxot4 yu percussion loop 013 drunkencaveman,granularity_v1,20260911T104816,false,3.9344,44100,2,
/Volumes/Jack_Gandy_1TB_SSD/Samples 2021 ->/Sample Packs/Production Music Live - Acoustic - Melodic House 4/Sequences/PMLxOT4_POL_Sequence_5th_horny_Horns_120BPM_Emin.wav,Samples 2021 ->/Sample Packs/Production Music Live - Acoustic - Melodic House 4/Sequences/PMLxOT4_POL_Sequence_5th_horny_Horns_120BPM_Emin.wav,Synth Loop,,,,,,Synth,Loop,,Production Music Live - Acoustic - Melodic House 4,Sequences,Production Music Live - Acoustic - Melodic House 4||Sequences||pmlxot4 pol sequence 5th horny horns,domain_coverage_v1,20260910T171406,false,12.0,44100,2,
/Volumes/Jack_Gandy_1TB_SSD/Samples 2021 ->/Sample Packs/Production Music Live - Acoustic - Melodic House 4/Sequences/PMLxOT4_POL_Sequence_Poseidon_Harp_001_120BPM_Emin.wav,Samples 2021 ->/Sample Packs/Production Music Live - Acoustic - Melodic House 4/Sequences/PMLxOT4_POL_Sequence_Poseidon_Harp_001_120BPM_Emin.wav,Other/none,,mixed/full music,,,,Rejection,Rejection,,Production Music Live - Acoustic - Melodic House 4,Sequences,Production Music Live - Acoustic - Melodic House 4||Sequences||pmlxot4 pol sequence poseidon harp,domain_coverage_v1,20260910T165711,false,16.0,44100,2,
/Volumes/Jack_Gandy_1TB_SSD/Samples 2021 ->/Sample Packs/Production Music Live - Acoustic - Melodic House 4/Tonal Percussion Loops/PMLxOT4_LAR_Tonal_Percussion_Loop_001_122BPM_Amin.wav,Samples 2021 ->/Sample Packs/Production Music Live - Acoustic - Melodic House 4/Tonal Percussion Loops/PMLxOT4_LAR_Tonal_Percussion_Loop_001_122BPM_Amin.wav,Percussion Loop,,,,,,Percussion,Loop,,Production Music Live - Acoustic - Melodic House 4,Tonal Percussion Loops,Production Music Live - Acoustic - Melodic House 4||Tonal Percussion Loops||pmlxot4 lar tonal percussion loop,domain_coverage_v1,20260910T171406,false,7.8689,48000,2,
/Volumes/Jack_Gandy_1TB_SSD/Samples 2021 ->/Sample Packs/Production Music Live - Acoustic - Melodic House 4/Tonal Percussion Loops/PMLxOT4_LAR_Tonal_Percussion_Loop_014_123BPM_Gmin.wav,Samples 2021 ->/Sample Packs/Production Music Live - Acoustic - Melodic House 4/Tonal Percussion Loops/PMLxOT4_LAR_Tonal_Percussion_Loop_014_123BPM_Gmin.wav,Percussion Loop,,,,,,Percussion,Loop,,Production Music Live - Acoustic - Melodic House 4,Tonal Percussion Loops,Production Music Live - Acoustic - Melodic House 4||Tonal Percussion Loops||pmlxot4 lar tonal percussion loop,drums_v1,,false,7.8049,44100,2,
/Volumes/Jack_Gandy_1TB_SSD/Samples 2021 ->/Sample Packs/Production Music Live - Acoustic - Melodic House 4/Tonal Percussion Loops/PMLxOT4_LAR_Tonal_Percussion_Loop_015_123BPM.wav,Samples 2021 ->/Sample Packs/Production Music Live - Acoustic - Melodic House 4/Tonal Percussion Loops/PMLxOT4_LAR_Tonal_Percussion_Loop_015_123BPM.wav,Top Loop,,,,,,Percussion,Loop,,Production Music Live - Acoustic - Melodic House 4,Tonal Percussion Loops,Production Music Live - Acoustic - Melodic House 4||Tonal Percussion Loops||pmlxot4 lar tonal percussion loop,granularity_v1,20260911T104816,false,7.8049,44100,2,
/Volumes/Jack_Gandy_1TB_SSD/Samples 2021 ->/Sample Packs/Production Music Live - Acoustic - Melodic House 4/Tonal Percussion Loops/PMLxOT4_SOL_Tonal_Percussion_Loop_009_122BPM_Amin.wav,Samples 2021 ->/Sample Packs/Production Music Live - Acoustic - Melodic House 4/Tonal Percussion Loops/PMLxOT4_SOL_Tonal_Percussion_Loop_009_122BPM_Amin.wav,Percussion Loop,,,,,,Percussion,Loop,,Production Music Live - Acoustic - Melodic House 4,Tonal Percussion Loops,Production Music Live - Acoustic - Melodic House 4||Tonal Percussion Loops||pmlxot4 sol tonal percussion loop,granularity_v1,20260911T104816,false,15.7377,48000,2,
/Volumes/Jack_Gandy_1TB_SSD/Samples 2021 ->/Sample Packs/Production Music Live - Acoustic - Melodic House 4/Tonal Percussion Loops/PMLxOT4_SV_Tonal_Percussion_Loop_004_125BPM_Fmin.wav,Samples 2021 ->/Sample Packs/Production Music Live - Acoustic - Melodic House 4/Tonal Percussion Loops/PMLxOT4_SV_Tonal_Percussion_Loop_004_125BPM_Fmin.wav,Percussion Loop,,,,,,Percussion,Loop,,Production Music Live - Acoustic - Melodic House 4,Tonal Percussion Loops,Production Music Live - Acoustic - Melodic House 4||Tonal Percussion Loops||pmlxot4 sv tonal percussion loop,drums_v1,,false,15.36,44100,2,
/Volumes/Jack_Gandy_1TB_SSD/Samples 2021 ->/Sample Packs/Production Music Live - Acoustic - Melodic House 4/Tonal Percussion Loops/PMLxOT4_TE_Tonal_Percussion_Loop_003_123BPM_G#.wav,Samples 2021 ->/Sample Packs/Production Music Live - Acoustic - Melodic House 4/Tonal Percussion Loops/PMLxOT4_TE_Tonal_Percussion_Loop_003_123BPM_G#.wav,Percussion Loop,,,,,,Percussion,Loop,,Production Music Live - Acoustic - Melodic House 4,Tonal Percussion Loops,Production Music Live - Acoustic - Melodic House 4||Tonal Percussion Loops||pmlxot4 te tonal percussion loop 003 g#,domain_coverage_v1,20260910T165711,false,7.8049,44100,2,
/Volumes/Jack_Gandy_1TB_SSD/Samples 2021 ->/Sample Packs/Production Music Live - Acoustic - Melodic House 4/Tonal Percussion Loops/PMLxOT4_TE_Tonal_Percussion_Loop_022_124BPM_Cmin.wav,Samples 2021 ->/Sample Packs/Production Music Live - Acoustic - Melodic House 4/Tonal Percussion Loops/PMLxOT4_TE_Tonal_Percussion_Loop_022_124BPM_Cmin.wav,Percussion Loop,,,,,,Percussion,Loop,,Production Music Live - Acoustic - Melodic House 4,Tonal Percussion Loops,Production Music Live - Acoustic - Melodic House 4||Tonal Percussion Loops||pmlxot4 te tonal percussion loop,granularity_v1,20260911T104816,false,7.742,44100,2,
/Volumes/Jack_Gandy_1TB_SSD/Samples 2021 ->/Sample Packs/Production Music Live - Ben Böhmer - Sound Pack/Ableton Templates/PML - Balloon - Melodic Deep Template (Ben Style) Project/Samples/Imported/PML_DPV2_SHAKER_015.wav,Samples 2021 ->/Sample Packs/Production Music Live - Ben Böhmer - Sound Pack/Ableton Templates/PML - Balloon - Melodic Deep Template (Ben Style) Project/Samples/Imported/PML_DPV2_SHAKER_015.wav,Percussion,Shaker/Tambourine,,,,,Percussion,One-Shot,sprint_label=Shaker/Tambourine,Production Music Live - Ben Böhmer - Sound Pack,Ableton Templates,Production Music Live - Ben Böhmer - Sound Pack||Ableton Templates||pml dpv2 shaker,granularity_v1,20260911T104816,false,0.375,44100,2,1696bfb332ee6fb5b3ff2b8bab78ef89b07e21884a23d2d62af7d770a2cdab9b
/Volumes/Jack_Gandy_1TB_SSD/Samples 2021 ->/Sample Packs/Production Music Live - Ben Böhmer - Sound Pack/Ableton Templates/PML - Balloon - Melodic Deep Template (Ben Style) Project/Samples/Imported/PML_DPV3_PERC_TAMBOURINE_001.wav,Samples 2021 ->/Sample Packs/Production Music Live - Ben Böhmer - Sound Pack/Ableton Templates/PML - Balloon - Melodic Deep Template (Ben Style) Project/Samples/Imported/PML_DPV3_PERC_TAMBOURINE_001.wav,Percussion,Shaker/Tambourine,,,,,Percussion,One-Shot,sprint_label=Shaker/Tambourine,Production Music Live - Ben Böhmer - Sound Pack,Ableton Templates,Production Music Live - Ben Böhmer - Sound Pack||Ableton Templates||pml dpv3 perc tambourine,granularity_v1,20260911T104816,false,0.5854,44100,2,
/Volumes/Jack_Gandy_1TB_SSD/Samples 2021 ->/Sample Packs/Production Music Live - Ben Böhmer - Sound Pack/Ableton Templates/PML - Balloon - Melodic Deep Template (Ben Style) Project/Samples/Processed/Consolidate/EDM Pre Kick Zap.wav,Samples 2021 ->/Sample Packs/Production Music Live - Ben Böhmer - Sound Pack/Ableton Templates/PML - Balloon - Melodic Deep Template (Ben Style) Project/Samples/Processed/Consolidate/EDM Pre Kick Zap.wav,Foley Loop,,,,,,Foley,Loop,,Production Music Live - Ben Böhmer - Sound Pack,Ableton Templates,Production Music Live - Ben Böhmer - Sound Pack||Ableton Templates||edm pre kick zap,domain_coverage_v1,20260910T171406,false,1.875,44100,2,397a5a9de537f7e7705895d5859f64027a7c71d8430d8f2eb814f5b5f451ab18
/Volumes/Jack_Gandy_1TB_SSD/Samples 2021 ->/Sample Packs/Production Music Live - Ben Böhmer - Sound Pack/Ableton Templates/PML - Balloon - Melodic Deep Template (Ben Style) Project/Samples/Processed/Reverse/Intro Hit [2020-03-03 131102] R.wav,Samples 2021 ->/Sample Packs/Production Music Live - Ben Böhmer - Sound Pack/Ableton Templates/PML - Balloon - Melodic Deep Template (Ben Style) Project/Samples/Processed/Reverse/Intro Hit [2020-03-03 131102] R.wav,SFX,,,,,,FX,One-Shot,,Production Music Live - Ben Böhmer - Sound Pack,Ableton Templates,Production Music Live - Ben Böhmer - Sound Pack||Ableton Templates||intro hit r,domain_coverage_v1,20260910T165519,false,7.8689,48000,2,8383d8fcfedf9d10fadbb9d6742aa866a2ecaa3dcd62b581dd7e813a49c406ea
/Volumes/Jack_Gandy_1TB_SSD/Samples 2021 ->/Sample Packs/Production Music Live - Ben Böhmer - Sound Pack/Ableton Templates/PML - Blue Circle - Melodic Deep Template (Ben Style) Project/Samples/Imported/DPV1_CHH_DRY_004.wav,Samples 2021 ->/Sample Packs/Production Music Live - Ben Böhmer - Sound Pack/Ableton Templates/PML - Blue Circle - Melodic Deep Template (Ben Style) Project/Samples/Imported/DPV1_CHH_DRY_004.wav,Hi-Hat,,,,,,Hi-Hat,One-Shot,,Production Music Live - Ben Böhmer - Sound Pack,Ableton Templates,Production Music Live - Ben Böhmer - Sound Pack||Ableton Templates||dpv1 chh dry,granularity_v1,20260911T104121,false,0.1875,44100,2,ae629d09f80c1229e12b292fc02ff8a6b19f402c857c53cc0149cb7378ea7f1a
/Volumes/Jack_Gandy_1TB_SSD/Samples 2021 ->/Sample Packs/Production Music Live - Ben Böhmer - Sound Pack/Ableton Templates/PML - Blue Circle - Melodic Deep Template (Ben Style) Project/Samples/Imported/DPV4_RIDE_02.wav,Samples 2021 ->/Sample Packs/Production Music Live - Ben Böhmer - Sound Pack/Ableton Templates/PML - Blue Circle - Melodic Deep Template (Ben Style) Project/Samples/Imported/DPV4_RIDE_02.wav,Crash,,,,,,Crash,One-Shot,,Production Music Live - Ben Böhmer - Sound Pack,Ableton Templates,Production Music Live - Ben Böhmer - Sound Pack||Ableton Templates||dpv4 ride,domain_coverage_v1,20260910T171406,false,3.9024,44100,2,
/Volumes/Jack_Gandy_1TB_SSD/Samples 2021 ->/Sample Packs/Production Music Live - Ben Böhmer - Sound Pack/Sample Pack V1.0/Loops/Perc Loops/PML_BOEHMER_PERCLOOP_006_123BPM.wav,Samples 2021 ->/Sample Packs/Production Music Live - Ben Böhmer - Sound Pack/Sample Pack V1.0/Loops/Perc Loops/PML_BOEHMER_PERCLOOP_006_123BPM.wav,Percussion Loop,,,,,,Percussion,Loop,,Production Music Live - Ben Böhmer - Sound Pack,Sample Pack V1.0,Production Music Live - Ben Böhmer - Sound Pack||Sample Pack V1.0||pml boehmer percloop,domain_coverage_v1,20260910T165711,false,3.9024,44100,2,
/Volumes/Jack_Gandy_1TB_SSD/Samples 2021 ->/Sample Packs/Production Music Live - Ben Böhmer - Sound Pack/Sample Pack V1.0/Loops/Top Loops/PML_BOEHMER_TOPLOOP_001_120BPM.wav,Samples 2021 ->/Sample Packs/Production Music Live - Ben Böhmer - Sound Pack/Sample Pack V1.0/Loops/Top Loops/PML_BOEHMER_TOPLOOP_001_120BPM.wav,Hi-Hat Loop,,,,,,Hi-Hat,Loop,,Production Music Live - Ben Böhmer - Sound Pack,Sample Pack V1.0,Production Music Live - Ben Böhmer - Sound Pack||Sample Pack V1.0||pml boehmer toploop,domain_coverage_v1,20260910T171406,false,4.0,44100,2,
/Volumes/Jack_Gandy_1TB_SSD/Samples 2021 ->/Sample Packs/Production Music Live - Ben Böhmer - Sound Pack/Sample Pack V1.0/One Shots/Hats/PML_BOEHMER_HAT_013.wav,Samples 2021 ->/Sample Packs/Production Music Live - Ben Böhmer - Sound Pack/Sample Pack V1.0/One Shots/Hats/PML_BOEHMER_HAT_013.wav,Hi-Hat,,,,,,Hi-Hat,One-Shot,,Production Music Live - Ben Böhmer - Sound Pack,Sample Pack V1.0,Production Music Live - Ben Böhmer - Sound Pack||Sample Pack V1.0||pml boehmer hat,granularity_v1,20260911T104121,false,0.5573,44100,2,
/Volumes/Jack_Gandy_1TB_SSD/Samples 2021 ->/Sample Packs/Production Music Live - Ben Böhmer - Sound Pack/Sample Pack V1.0/One Shots/Snaps/PML_BOEHMER_SNAP_001.wav,Samples 2021 ->/Sample Packs/Production Music Live - Ben Böhmer - Sound Pack/Sample Pack V1.0/One Shots/Snaps/PML_BOEHMER_SNAP_001.wav,Foley,,,,,,Foley,One-Shot,,Production Music Live - Ben Böhmer - Sound Pack,Sample Pack V1.0,Production Music Live - Ben Böhmer - Sound Pack||Sample Pack V1.0||pml boehmer snap,domain_coverage_v1,20260910T173709,false,0.5573,44100,2,
/Volumes/Jack_Gandy_1TB_SSD/Samples 2021 ->/Sample Packs/R&B Diamonds/PL0316_WAV_ACID_RnB_Diamonds/Prime_Loops_-_R_B_Diamonds/R_B_Drum_Loops/Bpm90_RadioHit.wav,Samples 2021 ->/Sample Packs/R&B Diamonds/PL0316_WAV_ACID_RnB_Diamonds/Prime_Loops_-_R_B_Diamonds/R_B_Drum_Loops/Bpm90_RadioHit.wav,Drum Loop,,,,,,Drum,Loop,,R&B Diamonds,PL0316_WAV_ACID_RnB_Diamonds,R&B Diamonds||PL0316_WAV_ACID_RnB_Diamonds||radiohit,domain_coverage_v1,20260910T165711,false,10.6667,44100,2,
/Volumes/Jack_Gandy_1TB_SSD/Samples 2021 ->/Sample Packs/R&B Progressions/WAV_ACID_RnB_Progressions/RnB_Progressions/Instrumental_Loops/Pop_Ballad_Sad_75_Cm_PL_1.wav,Samples 2021 ->/Sample Packs/R&B Progressions/WAV_ACID_RnB_Progressions/RnB_Progressions/Instrumental_Loops/Pop_Ballad_Sad_75_Cm_PL_1.wav,Other/none,,mixed/full music,,,,Rejection,Rejection,,R&B Progressions,WAV_ACID_RnB_Progressions,R&B Progressions||WAV_ACID_RnB_Progressions||pop ballad sad 75 cm pl,domain_coverage_v1,20260910T165711,false,25.6,44100,2,
/Volumes/Jack_Gandy_1TB_SSD/Samples 2021 ->/Sample Packs/Regret the Hour - Indie Rock/splice-export__regret-the-hour-distance_edited/loop/Drums/RT_Regret_the_Hour_Drums_2_Drums_Anders_Fleming_147_loop.wav,Samples 2021 ->/Sample Packs/Regret the Hour - Indie Rock/splice-export__regret-the-hour-distance_edited/loop/Drums/RT_Regret_the_Hour_Drums_2_Drums_Anders_Fleming_147_loop.wav,Drum Loop,,,,,,Drum,Loop,,Regret the Hour - Indie Rock,splice-export__regret-the-hour-distance_edited,Regret the Hour - Indie Rock||splice-export__regret-the-hour-distance_edited||rt regret the hour drums 2 drums anders fleming 147 loop,domain_coverage_v1,20260910T171406,false,3.2653,44100,2,
/Volumes/Jack_Gandy_1TB_SSD/Samples 2021 ->/Sample Packs/Regret the Hour - Indie Rock/splice-export__regret-the-hour-distance_edited/one_shot/Drums/Tom/RT_Regret_the_Hour_Floor_Tom_1_Drums_Anders_Fleming_one_shot.wav,Samples 2021 ->/Sample Packs/Regret the Hour - Indie Rock/splice-export__regret-the-hour-distance_edited/one_shot/Drums/Tom/RT_Regret_the_Hour_Floor_Tom_1_Drums_Anders_Fleming_one_shot.wav,Kick,,,,,,Kick,One-Shot,,Regret the Hour - Indie Rock,splice-export__regret-the-hour-distance_edited,Regret the Hour - Indie Rock||splice-export__regret-the-hour-distance_edited||rt regret the hour floor tom 1 drums anders fleming one shot,domain_coverage_v1,20260910T165711,false,0.1973,44100,1,
/Volumes/Jack_Gandy_1TB_SSD/Samples 2021 ->/Sample Packs/Rooftop Afterhours/Splice_Sounds_-_Rooftop_Afterhours/RA_KIT_5_119_Dm/16_RA_KIT_05_PAD_119_Dm.wav,Samples 2021 ->/Sample Packs/Rooftop Afterhours/Splice_Sounds_-_Rooftop_Afterhours/RA_KIT_5_119_Dm/16_RA_KIT_05_PAD_119_Dm.wav,Pad,,,,,,Synth,One-Shot,ground_truth_override=Other/none,Rooftop Afterhours,Splice_Sounds_-_Rooftop_Afterhours,Rooftop Afterhours||Splice_Sounds_-_Rooftop_Afterhours||16 ra kit 05 pad 119 dm,granularity_v1,20260911T111240,false,16.1345,44100,2,
/Volumes/Jack_Gandy_1TB_SSD/Samples 2021 ->/Sample Packs/Rooftop Afterhours/Splice_Sounds_-_Rooftop_Afterhours/RA_KIT_6_120_Gm/14_RA_KIT_06_CHORD_120_Gm.wav,Samples 2021 ->/Sample Packs/Rooftop Afterhours/Splice_Sounds_-_Rooftop_Afterhours/RA_KIT_6_120_Gm/14_RA_KIT_06_CHORD_120_Gm.wav,Synth Loop,,,,,,Synth,Loop,,Rooftop Afterhours,Splice_Sounds_-_Rooftop_Afterhours,Rooftop Afterhours||Splice_Sounds_-_Rooftop_Afterhours||14 ra kit 06 chord 120 gm,domain_coverage_v1,20260910T171406,false,8.0,44100,2,
/Volumes/Jack_Gandy_1TB_SSD/Samples 2021 ->/Sample Packs/Rosentricks - Essentials/Ambience/RT_Ambience_Night_Sky_C_105.wav,Samples 2021 ->/Sample Packs/Rosentricks - Essentials/Ambience/RT_Ambience_Night_Sky_C_105.wav,Atmosphere,,,,,,FX,Loop,,Rosentricks - Essentials,Ambience,Rosentricks - Essentials||Ambience||rt ambience night sky c,domain_coverage_v1,20260910T165711,false,32.0,44100,2,
/Volumes/Jack_Gandy_1TB_SSD/Samples 2021 ->/Sample Packs/Rosentricks - Essentials/Chords/RT_Chord_Brass_Nostalgia_C_maj_seven_105.wav,Samples 2021 ->/Sample Packs/Rosentricks - Essentials/Chords/RT_Chord_Brass_Nostalgia_C_maj_seven_105.wav,Synth One-Shot,,,,,,Synth,One-Shot,,Rosentricks - Essentials,Chords,Rosentricks - Essentials||Chords||rt chord brass nostalgia seven,domain_coverage_v1,20260910T173709,false,2.6022,44100,2,
/Volumes/Jack_Gandy_1TB_SSD/Samples 2021 ->/Sample Packs/Rosentricks - Essentials/Chords/RT_Chord_Piano_Moonwake_C_Major_Open.wav,Samples 2021 ->/Sample Packs/Rosentricks - Essentials/Chords/RT_Chord_Piano_Moonwake_C_Major_Open.wav,Other/none,,unsupported instrument,,,,Rejection,Rejection,,Rosentricks - Essentials,Chords,Rosentricks - Essentials||Chords||rt chord piano moonwake open,domain_coverage_v1,20260910T165711,false,13.3924,44100,2,
/Volumes/Jack_Gandy_1TB_SSD/Samples 2021 ->/Sample Packs/Rosentricks - Essentials/Chords/RT_Chord_Synth_Tape_Lofi_Rain_Csus2.wav,Samples 2021 ->/Sample Packs/Rosentricks - Essentials/Chords/RT_Chord_Synth_Tape_Lofi_Rain_Csus2.wav,Synth One-Shot,,,,,,Synth,One-Shot,,Rosentricks - Essentials,Chords,Rosentricks - Essentials||Chords||rt chord synth tape lofi rain csus2,domain_coverage_v1,20260910T171406,false,8.2857,44100,2,
/Volumes/Jack_Gandy_1TB_SSD/Samples 2021 ->/Sample Packs/Rosentricks - Essentials/Drums & Aux Percussion/Hi-Hats/RT_High_Hat_Bit.wav,Samples 2021 ->/Sample Packs/Rosentricks - Essentials/Drums & Aux Percussion/Hi-Hats/RT_High_Hat_Bit.wav,Hi-Hat,,,,,,Hi-Hat,One-Shot,,Rosentricks - Essentials,Drums & Aux Percussion,Rosentricks - Essentials||Drums & Aux Percussion||rt high hat bit,domain_coverage_v1,20260910T171406,false,0.0587,44100,2,
/Volumes/Jack_Gandy_1TB_SSD/Samples 2021 ->/Sample Packs/Rosentricks - Essentials/Drums & Aux Percussion/Snare & Clap/RT_Clap_Flow.wav,Samples 2021 ->/Sample Packs/Rosentricks - Essentials/Drums & Aux Percussion/Snare & Clap/RT_Clap_Flow.wav,Clap,,,,,,Clap,One-Shot,,Rosentricks - Essentials,Drums & Aux Percussion,Rosentricks - Essentials||Drums & Aux Percussion||rt clap flow,domain_coverage_v1,20260910T165643,false,0.6976,44100,2,
/Volumes/Jack_Gandy_1TB_SSD/Samples 2021 ->/Sample Packs/Rosentricks - Essentials/Drums & Aux Percussion/Snare & Clap/RT_Clap_Wide.wav,Samples 2021 ->/Sample Packs/Rosentricks - Essentials/Drums & Aux Percussion/Snare & Clap/RT_Clap_Wide.wav,Clap,,,,,,Clap,One-Shot,,Rosentricks - Essentials,Drums & Aux Percussion,Rosentricks - Essentials||Drums & Aux Percussion||rt clap wide,domain_coverage_v1,20260910T171406,false,0.5324,44100,2,
/Volumes/Jack_Gandy_1TB_SSD/Samples 2021 ->/Sample Packs/Rosentricks - Essentials/Extras/RT_Field_Recording_Sunday_Suburb.wav,Samples 2021 ->/Sample Packs/Rosentricks - Essentials/Extras/RT_Field_Recording_Sunday_Suburb.wav,Weather/Nature Atmos,,,,,,FX,Loop,,Rosentricks - Essentials,Extras,Rosentricks - Essentials||Extras||rt field recording sunday suburb,domain_coverage_v1,20260910T165711,false,13.7802,44100,2,
/Volumes/Jack_Gandy_1TB_SSD/Samples 2021 ->/Sample Packs/Rosentricks - Essentials/Melodic Oneshots/RT_One_Shot_Ambient_Chiptune_C.wav,Samples 2021 ->/Sample Packs/Rosentricks - Essentials/Melodic Oneshots/RT_One_Shot_Ambient_Chiptune_C.wav,Synth One-Shot,,,,,,Synth,One-Shot,,Rosentricks - Essentials,Melodic Oneshots,Rosentricks - Essentials||Melodic Oneshots||rt one shot ambient chiptune c,granularity_v1,20260911T111240,false,10.3036,44100,2,
/Volumes/Jack_Gandy_1TB_SSD/Samples 2021 ->/Sample Packs/Rosentricks - Essentials/Melodic Oneshots/RT_One_Shot_Bass_Synth_Upright_C.wav,Samples 2021 ->/Sample Packs/Rosentricks - Essentials/Melodic Oneshots/RT_One_Shot_Bass_Synth_Upright_C.wav,Bass Hit,,,,,,Bass,One-Shot,,Rosentricks - Essentials,Melodic Oneshots,Rosentricks - Essentials||Melodic Oneshots||rt one shot bass synth upright c,granularity_v1,20260911T104352,false,0.9633,44100,2,
/Volumes/Jack_Gandy_1TB_SSD/Samples 2021 ->/Sample Packs/Rosentricks - Essentials/Melodic Oneshots/RT_One_Shot_Cassette_Pluck_C.wav,Samples 2021 ->/Sample Packs/Rosentricks - Essentials/Melodic Oneshots/RT_One_Shot_Cassette_Pluck_C.wav,Synth One-Shot,,,,,,Synth,One-Shot,,Rosentricks - Essentials,Melodic Oneshots,Rosentricks - Essentials||Melodic Oneshots||rt one shot cassette pluck c,domain_coverage_v1,20260910T165711,false,0.6477,44100,2,
/Volumes/Jack_Gandy_1TB_SSD/Samples 2021 ->/Sample Packs/Rosentricks - Essentials/Melodic Oneshots/RT_One_Shot_Squeak_80s_Synth_C.wav,Samples 2021 ->/Sample Packs/Rosentricks - Essentials/Melodic Oneshots/RT_One_Shot_Squeak_80s_Synth_C.wav,Synth One-Shot,,,,,,Synth,One-Shot,,Rosentricks - Essentials,Melodic Oneshots,Rosentricks - Essentials||Melodic Oneshots||rt one shot squeak 80s synth c,domain_coverage_v1,20260910T171406,false,6.9168,44100,2,
/Volumes/Jack_Gandy_1TB_SSD/Samples 2021 ->/Sample Packs/Rosentricks - Essentials/Melodic Oneshots/RT_One_Shot_Valley_Synth_C.wav,Samples 2021 ->/Sample Packs/Rosentricks - Essentials/Melodic Oneshots/RT_One_Shot_Valley_Synth_C.wav,Synth One-Shot,,,,,,Synth,One-Shot,,Rosentricks - Essentials,Melodic Oneshots,Rosentricks - Essentials||Melodic Oneshots||rt one shot valley synth c,domain_coverage_v1,20260910T171406,false,3.2379,44100,2,
/Volumes/Jack_Gandy_1TB_SSD/Samples 2021 ->/Sample Packs/SIIK Sounds - Eclipse (Full Pack)/SIIK Sounds Eclipse (Construction Kits & FLPs)/Kit 01 - Emin (168BPM)/ECLIPSE Construction Kit 01 - Emin 168BPM (FLP)/Track 31 (consolidated)_2.wav,Samples 2021 ->/Sample Packs/SIIK Sounds - Eclipse (Full Pack)/SIIK Sounds Eclipse (Construction Kits & FLPs)/Kit 01 - Emin (168BPM)/ECLIPSE Construction Kit 01 - Emin 168BPM (FLP)/Track 31 (consolidated)_2.wav,Synth Loop,,,,,,Synth,Loop,,SIIK Sounds - Eclipse (Full Pack),SIIK Sounds Eclipse (Construction Kits & FLPs),SIIK Sounds - Eclipse (Full Pack)||SIIK Sounds Eclipse (Construction Kits & FLPs)||track 31 (consolidated),domain_coverage_v1,20260910T171406,false,11.7857,44100,2,
/Volumes/Jack_Gandy_1TB_SSD/Samples 2021 ->/Sample Packs/SIIK Sounds - Eclipse (Full Pack)/SIIK Sounds Eclipse (Construction Kits & FLPs)/Kit 03 - F#min (172BPM)/ECLIPSE Kit 03 - F#min 172BPM (FLP)/ECLIPSE Drum Loop 15 172BPM - Kick.wav,Samples 2021 ->/Sample Packs/SIIK Sounds - Eclipse (Full Pack)/SIIK Sounds Eclipse (Construction Kits & FLPs)/Kit 03 - F#min (172BPM)/ECLIPSE Kit 03 - F#min 172BPM (FLP)/ECLIPSE Drum Loop 15 172BPM - Kick.wav,Kick,,,,,,Kick,One-Shot,,SIIK Sounds - Eclipse (Full Pack),SIIK Sounds Eclipse (Construction Kits & FLPs),SIIK Sounds - Eclipse (Full Pack)||SIIK Sounds Eclipse (Construction Kits & FLPs)||eclipse drum loop 15 kick,domain_coverage_v1,20260910T165711,false,5.5814,44100,2,0d92073d9dd70b07faf1d9e01424ef84bd942204a52d996c48a58d0c40d4256c
/Volumes/Jack_Gandy_1TB_SSD/Samples 2021 ->/Sample Packs/SIIK Sounds - Eclipse (Full Pack)/SIIK Sounds Eclipse (Construction Kits & FLPs)/Kit 03 - F#min (172BPM)/ECLIPSE Kit 03 - F#min 172BPM (FLP)/ECLIPSE Drum Loop 15 172BPM - Percussion 02.wav,Samples 2021 ->/Sample Packs/SIIK Sounds - Eclipse (Full Pack)/SIIK Sounds Eclipse (Construction Kits & FLPs)/Kit 03 - F#min (172BPM)/ECLIPSE Kit 03 - F#min 172BPM (FLP)/ECLIPSE Drum Loop 15 172BPM - Percussion 02.wav,Percussion Loop,,,,,,Percussion,Loop,,SIIK Sounds - Eclipse (Full Pack),SIIK Sounds Eclipse (Construction Kits & FLPs),SIIK Sounds - Eclipse (Full Pack)||SIIK Sounds Eclipse (Construction Kits & FLPs)||eclipse drum loop 15 percussion,granularity_v1,20260911T104816,false,5.5814,44100,2,8b84f0763e84be72f70465836880a516c1ccf70750c1d956712b116ba658a91c
/Volumes/Jack_Gandy_1TB_SSD/Samples 2021 ->/Sample Packs/SIIK Sounds - Eclipse (Full Pack)/SIIK Sounds Eclipse (Construction Kits & FLPs)/Kit 04 - Emin (174BPM)/ECLIPSE Construction Kit 04 - Emin 174BPM (FLP)/ECLIPSE Kick 23.wav,Samples 2021 ->/Sample Packs/SIIK Sounds - Eclipse (Full Pack)/SIIK Sounds Eclipse (Construction Kits & FLPs)/Kit 04 - Emin (174BPM)/ECLIPSE Construction Kit 04 - Emin 174BPM (FLP)/ECLIPSE Kick 23.wav,Kick,,,,,,Kick,One-Shot,,SIIK Sounds - Eclipse (Full Pack),SIIK Sounds Eclipse (Construction Kits & FLPs),SIIK Sounds - Eclipse (Full Pack)||SIIK Sounds Eclipse (Construction Kits & FLPs)||eclipse kick,drums_v1,,false,0.1868,44100,2,004ea0935d1187bdf4a68569f48ba1a0c694acc91e030de26be8ec4161e41174
/Volumes/Jack_Gandy_1TB_SSD/Samples 2021 ->/Sample Packs/SIIK Sounds - Eclipse (Full Pack)/SIIK Sounds Eclipse (Construction Kits & FLPs)/Kit 05 - Fmin (175BPM)/ECLIPSE Construction Kit 05 - FX.wav,Samples 2021 ->/Sample Packs/SIIK Sounds - Eclipse (Full Pack)/SIIK Sounds Eclipse (Construction Kits & FLPs)/Kit 05 - Fmin (175BPM)/ECLIPSE Construction Kit 05 - FX.wav,Percussion Loop,,,,,,Percussion,Loop,,SIIK Sounds - Eclipse (Full Pack),SIIK Sounds Eclipse (Construction Kits & FLPs),SIIK Sounds - Eclipse (Full Pack)||SIIK Sounds Eclipse (Construction Kits & FLPs)||eclipse construction kit 05 fx,drums_v1,,false,128.9143,48000,2,
/Volumes/Jack_Gandy_1TB_SSD/Samples 2021 ->/Sample Packs/SIIK Sounds - Eclipse (Full Pack)/SIIK Sounds Eclipse (Construction Kits & FLPs)/Kit 05 - Fmin (175BPM)/ECLIPSE Construction Kit 05 - Fills.wav,Samples 2021 ->/Sample Packs/SIIK Sounds - Eclipse (Full Pack)/SIIK Sounds Eclipse (Construction Kits & FLPs)/Kit 05 - Fmin (175BPM)/ECLIPSE Construction Kit 05 - Fills.wav,Other/none,,,,,,Rejection,Rejection,,SIIK Sounds - Eclipse (Full Pack),SIIK Sounds Eclipse (Construction Kits & FLPs),SIIK Sounds - Eclipse (Full Pack)||SIIK Sounds Eclipse (Construction Kits & FLPs)||eclipse construction kit 05 fills,drums_v1,,false,128.9143,48000,2,
/Volumes/Jack_Gandy_1TB_SSD/Samples 2021 ->/Sample Packs/SIIK Sounds - Eclipse (Full Pack)/SIIK Sounds Eclipse (Construction Kits & FLPs)/Kit 06 - Fmin (175BPM)/ECLIPSE Construction Kit 06 - FX.wav,Samples 2021 ->/Sample Packs/SIIK Sounds - Eclipse (Full Pack)/SIIK Sounds Eclipse (Construction Kits & FLPs)/Kit 06 - Fmin (175BPM)/ECLIPSE Construction Kit 06 - FX.wav,Percussion Loop,,,,,,Percussion,Loop,,SIIK Sounds - Eclipse (Full Pack),SIIK Sounds Eclipse (Construction Kits & FLPs),SIIK Sounds - Eclipse (Full Pack)||SIIK Sounds Eclipse (Construction Kits & FLPs)||eclipse construction kit 06 fx,drums_v1,,false,112.4571,48000,2,
/Volumes/Jack_Gandy_1TB_SSD/Samples 2021 ->/Sample Packs/SIIK Sounds - Eclipse (Full Pack)/SIIK Sounds Eclipse (Serum Presets)/Noises/User/SIIK Sounds Eclipse - Noises/Vinyl.wav,Samples 2021 ->/Sample Packs/SIIK Sounds - Eclipse (Full Pack)/SIIK Sounds Eclipse (Serum Presets)/Noises/User/SIIK Sounds Eclipse - Noises/Vinyl.wav,SFX,,,,,,FX,One-Shot,,SIIK Sounds - Eclipse (Full Pack),SIIK Sounds Eclipse (Serum Presets),SIIK Sounds - Eclipse (Full Pack)||SIIK Sounds Eclipse (Serum Presets)||vinyl,domain_coverage_v1,20260910T171406,false,8.3589,44100,2,
/Volumes/Jack_Gandy_1TB_SSD/Samples 2021 ->/Sample Packs/SIIK Sounds - Eclipse (Full Pack)/SIIK Sounds Eclipse (Serum Presets)/Noises/User/SIIK Sounds Eclipse - Noises/male vox 1.wav,Samples 2021 ->/Sample Packs/SIIK Sounds - Eclipse (Full Pack)/SIIK Sounds Eclipse (Serum Presets)/Noises/User/SIIK Sounds Eclipse - Noises/male vox 1.wav,Vocal One-Shot,,,,,,Vocal,One-Shot,,SIIK Sounds - Eclipse (Full Pack),SIIK Sounds Eclipse (Serum Presets),SIIK Sounds - Eclipse (Full Pack)||SIIK Sounds Eclipse (Serum Presets)||male vox,domain_coverage_v1,20260910T165711,false,0.9,44100,2,
/Volumes/Jack_Gandy_1TB_SSD/Samples 2021 ->/Sample Packs/SIIK Sounds - Eclipse (Full Pack)/SIIK Sounds Eclipse (WAV Samples)/Drum Loops/Drum Loop Kits/ECLIPSE Drum Loop 02 175BPM - Shakers.wav,Samples 2021 ->/Sample Packs/SIIK Sounds - Eclipse (Full Pack)/SIIK Sounds Eclipse (WAV Samples)/Drum Loops/Drum Loop Kits/ECLIPSE Drum Loop 02 175BPM - Shakers.wav,Drum Loop,,,,,,Drum,Loop,,SIIK Sounds - Eclipse (Full Pack),SIIK Sounds Eclipse (WAV Samples),SIIK Sounds - Eclipse (Full Pack)||SIIK Sounds Eclipse (WAV Samples)||eclipse drum loop 02 shakers,drums_v1,,false,5.4857,44100,2,
/Volumes/Jack_Gandy_1TB_SSD/Samples 2021 ->/Sample Packs/SIIK Sounds - Eclipse (Full Pack)/SIIK Sounds Eclipse (WAV Samples)/Drum Loops/Drum Loop Kits/ECLIPSE Drum Loop 06 172BPM - Snare.wav,Samples 2021 ->/Sample Packs/SIIK Sounds - Eclipse (Full Pack)/SIIK Sounds Eclipse (WAV Samples)/Drum Loops/Drum Loop Kits/ECLIPSE Drum Loop 06 172BPM - Snare.wav,Percussion Loop,,,,,,Percussion,Loop,,SIIK Sounds - Eclipse (Full Pack),SIIK Sounds Eclipse (WAV Samples),SIIK Sounds - Eclipse (Full Pack)||SIIK Sounds Eclipse (WAV Samples)||eclipse drum loop 06 snare,drums_v1,,false,5.5814,44100,2,
/Volumes/Jack_Gandy_1TB_SSD/Samples 2021 ->/Sample Packs/SIIK Sounds - Eclipse (Full Pack)/SIIK Sounds Eclipse (WAV Samples)/Drum Loops/Drum Loop Kits/ECLIPSE Drum Loop 13 174BPM - Snare.wav,Samples 2021 ->/Sample Packs/SIIK Sounds - Eclipse (Full Pack)/SIIK Sounds Eclipse (WAV Samples)/Drum Loops/Drum Loop Kits/ECLIPSE Drum Loop 13 174BPM - Snare.wav,Percussion Loop,,,,,,Percussion,Loop,,SIIK Sounds - Eclipse (Full Pack),SIIK Sounds Eclipse (WAV Samples),SIIK Sounds - Eclipse (Full Pack)||SIIK Sounds Eclipse (WAV Samples)||eclipse drum loop 13 snare,drums_v1,,false,5.5172,44100,2,
/Volumes/Jack_Gandy_1TB_SSD/Samples 2021 ->/Sample Packs/SIIK Sounds - Eclipse (Full Pack)/SIIK Sounds Eclipse (WAV Samples)/Drums/Percussion/ECLIPSE Percussion 14 G#.wav,Samples 2021 ->/Sample Packs/SIIK Sounds - Eclipse (Full Pack)/SIIK Sounds Eclipse (WAV Samples)/Drums/Percussion/ECLIPSE Percussion 14 G#.wav,Percussion,Other Percussive Hit,,,,,Percussion,One-Shot,,SIIK Sounds - Eclipse (Full Pack),SIIK Sounds Eclipse (WAV Samples),SIIK Sounds - Eclipse (Full Pack)||SIIK Sounds Eclipse (WAV Samples)||eclipse percussion 14 g#,domain_coverage_v1,20260910T165711,false,0.1163,48000,2,
/Volumes/Jack_Gandy_1TB_SSD/Samples 2021 ->/Sample Packs/SIIK Sounds - Eclipse (Full Pack)/SIIK Sounds Eclipse (WAV Samples)/FX/Impacts/ECLIPSE Impact 03.wav,Samples 2021 ->/Sample Packs/SIIK Sounds - Eclipse (Full Pack)/SIIK Sounds Eclipse (WAV Samples)/FX/Impacts/ECLIPSE Impact 03.wav,Impact,,,,,,FX,One-Shot,,SIIK Sounds - Eclipse (Full Pack),SIIK Sounds Eclipse (WAV Samples),SIIK Sounds - Eclipse (Full Pack)||SIIK Sounds Eclipse (WAV Samples)||eclipse impact,granularity_v1,20260911T105134,false,5.5814,48000,2,
/Volumes/Jack_Gandy_1TB_SSD/Samples 2021 ->/Sample Packs/SIIK Sounds - Eclipse (Full Pack)/SIIK Sounds Eclipse (WAV Samples)/Synth Shots/Bass Shots/ECLIPSE Bass Shot 04 F.wav,Samples 2021 ->/Sample Packs/SIIK Sounds - Eclipse (Full Pack)/SIIK Sounds Eclipse (WAV Samples)/Synth Shots/Bass Shots/ECLIPSE Bass Shot 04 F.wav,Bass Hit,,,,,,Bass,One-Shot,,SIIK Sounds - Eclipse (Full Pack),SIIK Sounds Eclipse (WAV Samples),SIIK Sounds - Eclipse (Full Pack)||SIIK Sounds Eclipse (WAV Samples)||eclipse bass shot 04 f,domain_coverage_v1,20260910T171406,false,0.4667,44100,2,
/Volumes/Jack_Gandy_1TB_SSD/Samples 2021 ->/Sample Packs/SIIK Sounds - Eclipse (Full Pack)/SIIK Sounds Eclipse (WAV Samples)/Synth Shots/Bass Shots/ECLIPSE Bass Shot 08 F#.wav,Samples 2021 ->/Sample Packs/SIIK Sounds - Eclipse (Full Pack)/SIIK Sounds Eclipse (WAV Samples)/Synth Shots/Bass Shots/ECLIPSE Bass Shot 08 F#.wav,Bass Hit,,,,,,Bass,One-Shot,,SIIK Sounds - Eclipse (Full Pack),SIIK Sounds Eclipse (WAV Samples),SIIK Sounds - Eclipse (Full Pack)||SIIK Sounds Eclipse (WAV Samples)||eclipse bass shot 08 f#,granularity_v1,20260911T104352,false,1.2498,44100,2,
/Volumes/Jack_Gandy_1TB_SSD/Samples 2021 ->/Sample Packs/Senegal Sessions/Loops/Melodic_Loops/SS_SS_90_melodic_loop_dakar_kora_C.wav,Samples 2021 ->/Sample Packs/Senegal Sessions/Loops/Melodic_Loops/SS_SS_90_melodic_loop_dakar_kora_C.wav,Other/none,,mixed/full music,,,,Rejection,Rejection,,Senegal Sessions,Loops,Senegal Sessions||Loops||ss ss 90 melodic loop dakar kora c,drums_v1,,false,21.3333,44100,2,
/Volumes/Jack_Gandy_1TB_SSD/Samples 2021 ->/Sample Packs/Senegal Sessions/Loops/Percussion/SS_SS_100_perc_loop_mbour_full.wav,Samples 2021 ->/Sample Packs/Senegal Sessions/Loops/Percussion/SS_SS_100_perc_loop_mbour_full.wav,Percussion Loop,,,,,,Percussion,Loop,,Senegal Sessions,Loops,Senegal Sessions||Loops||ss ss 100 perc loop mbour full,drums_v1,,false,9.6,44100,2,
/Volumes/Jack_Gandy_1TB_SSD/Samples 2021 ->/Sample Packs/Senegal Sessions/Loops/Percussion/SS_SS_105_perc_loop_kongoma_touba_busy.wav,Samples 2021 ->/Sample Packs/Senegal Sessions/Loops/Percussion/SS_SS_105_perc_loop_kongoma_touba_busy.wav,Percussion Loop,,,,,,Percussion,Loop,,Senegal Sessions,Loops,Senegal Sessions||Loops||ss ss 105 perc loop kongoma touba busy,drums_v1,,false,18.2857,44100,2,
/Volumes/Jack_Gandy_1TB_SSD/Samples 2021 ->/Sample Packs/Senegal Sessions/Loops/Percussion/SS_SS_130_perc_loop_tama_rufisque.wav,Samples 2021 ->/Sample Packs/Senegal Sessions/Loops/Percussion/SS_SS_130_perc_loop_tama_rufisque.wav,Percussion Loop,,,,,,Percussion,Loop,,Senegal Sessions,Loops,Senegal Sessions||Loops||ss ss 130 perc loop tama rufisque,drums_v1,,false,7.3846,44100,2,
/Volumes/Jack_Gandy_1TB_SSD/Samples 2021 ->/Sample Packs/Senegal Sessions/Loops/Percussion/SS_SS_90_perc_loop_kongoma.wav,Samples 2021 ->/Sample Packs/Senegal Sessions/Loops/Percussion/SS_SS_90_perc_loop_kongoma.wav,Percussion Loop,,,,,,Percussion,Loop,,Senegal Sessions,Loops,Senegal Sessions||Loops||ss ss 90 perc loop kongoma,drums_v1,,false,10.6667,44100,2,
/Volumes/Jack_Gandy_1TB_SSD/Samples 2021 ->/Sample Packs/Senegal Sessions/One_Shots/Drums/Claps/SS_SS_clap_shaker.wav,Samples 2021 ->/Sample Packs/Senegal Sessions/One_Shots/Drums/Claps/SS_SS_clap_shaker.wav,Clap,,,,,,Clap,One-Shot,,Senegal Sessions,One_Shots,Senegal Sessions||One_Shots||ss ss clap shaker,domain_coverage_v1,20260910T171406,false,0.3654,44100,2,
/Volumes/Jack_Gandy_1TB_SSD/Samples 2021 ->/Sample Packs/Senegal Sessions/One_Shots/Drums/Percussion/SS_SS_perc_kongoma_hit_mboro.wav,Samples 2021 ->/Sample Packs/Senegal Sessions/One_Shots/Drums/Percussion/SS_SS_perc_kongoma_hit_mboro.wav,Percussion,Other Percussive Hit,,,,,Percussion,One-Shot,sprint_label=Other Percussive Hit,Senegal Sessions,One_Shots,Senegal Sessions||One_Shots||ss ss perc kongoma hit mboro,granularity_v1,20260911T104816,false,0.7697,44100,2,
/Volumes/Jack_Gandy_1TB_SSD/Samples 2021 ->/Sample Packs/Senegal Sessions/One_Shots/Drums/Snares__Rims/SS_SS_rim_goudomp.wav,Samples 2021 ->/Sample Packs/Senegal Sessions/One_Shots/Drums/Snares__Rims/SS_SS_rim_goudomp.wav,Rimshot,,,,,,Rimshot,One-Shot,,Senegal Sessions,One_Shots,Senegal Sessions||One_Shots||ss ss rim goudomp,granularity_v1,20260911T104816,false,0.12,44100,2,
/Volumes/Jack_Gandy_1TB_SSD/Samples 2021 ->/Sample Packs/Senegal Sessions/One_Shots/Vocals/SS_SS_vocals_riff_gossas_Am.wav,Samples 2021 ->/Sample Packs/Senegal Sessions/One_Shots/Vocals/SS_SS_vocals_riff_gossas_Am.wav,Vocal Loop,,,,,,Vocal,Loop,,Senegal Sessions,One_Shots,Senegal Sessions||One_Shots||ss ss vocals riff gossas am,domain_coverage_v1,20260910T165711,false,2.7015,44100,2,
"/Volumes/Jack_Gandy_1TB_SSD/Samples 2021 ->/Sample Packs/Soundbox - Impacts, Risers & Drops 7 (2021)/SB_IR&D_7_120_DROPS/SB_IR&D_7_120_DROP_001.wav","Samples 2021 ->/Sample Packs/Soundbox - Impacts, Risers & Drops 7 (2021)/SB_IR&D_7_120_DROPS/SB_IR&D_7_120_DROP_001.wav",Impact,,,,,,FX,One-Shot,,"Soundbox - Impacts, Risers & Drops 7 (2021)",SB_IR&D_7_120_DROPS,"Soundbox - Impacts, Risers & Drops 7 (2021)||SB_IR&D_7_120_DROPS||sb ir&d 7 120 drop",domain_coverage_v1,20260910T165711,false,32.0,44100,2,
"/Volumes/Jack_Gandy_1TB_SSD/Samples 2021 ->/Sample Packs/Soundbox - Impacts, Risers & Drops 7 (2021)/SB_IR&D_7_120_IMPACTS/SB_IR&D_7_120_IMPACT_001.wav","Samples 2021 ->/Sample Packs/Soundbox - Impacts, Risers & Drops 7 (2021)/SB_IR&D_7_120_IMPACTS/SB_IR&D_7_120_IMPACT_001.wav",Impact,,,,,,FX,One-Shot,,"Soundbox - Impacts, Risers & Drops 7 (2021)",SB_IR&D_7_120_IMPACTS,"Soundbox - Impacts, Risers & Drops 7 (2021)||SB_IR&D_7_120_IMPACTS||sb ir&d 7 120 impact",domain_coverage_v1,20260910T165711,false,16.0,44100,2,
"/Volumes/Jack_Gandy_1TB_SSD/Samples 2021 ->/Sample Packs/Soundbox - Impacts, Risers & Drops 7 (2021)/SB_IR&D_7_120_RISERS/SB_IR&D_7_120_RISER_001.wav","Samples 2021 ->/Sample Packs/Soundbox - Impacts, Risers & Drops 7 (2021)/SB_IR&D_7_120_RISERS/SB_IR&D_7_120_RISER_001.wav",Riser,,,,,,FX,One-Shot,,"Soundbox - Impacts, Risers & Drops 7 (2021)",SB_IR&D_7_120_RISERS,"Soundbox - Impacts, Risers & Drops 7 (2021)||SB_IR&D_7_120_RISERS||sb ir&d 7 120 riser",domain_coverage_v1,20260910T165711,false,32.0,44100,2,
"/Volumes/Jack_Gandy_1TB_SSD/Samples 2021 ->/Sample Packs/Soundbox - Impacts, Risers & Drops 7 (2021)/SB_IR&D_7_120_RISERS/SB_IR&D_7_120_RISER_002.wav","Samples 2021 ->/Sample Packs/Soundbox - Impacts, Risers & Drops 7 (2021)/SB_IR&D_7_120_RISERS/SB_IR&D_7_120_RISER_002.wav",Riser,,,,,,FX,One-Shot,,"Soundbox - Impacts, Risers & Drops 7 (2021)",SB_IR&D_7_120_RISERS,"Soundbox - Impacts, Risers & Drops 7 (2021)||SB_IR&D_7_120_RISERS||sb ir&d 7 120 riser",granularity_v1,20260911T105134,false,32.0,44100,2,
"/Volumes/Jack_Gandy_1TB_SSD/Samples 2021 ->/Sample Packs/Soundbox - Impacts, Risers & Drops 7 (2021)/SB_IR&D_7_120_RISERS/SB_IR&D_7_120_RISER_014.wav","Samples 2021 ->/Sample Packs/Soundbox - Impacts, Risers & Drops 7 (2021)/SB_IR&D_7_120_RISERS/SB_IR&D_7_120_RISER_014.wav",Riser,,,,,,FX,One-Shot,,"Soundbox - Impacts, Risers & Drops 7 (2021)",SB_IR&D_7_120_RISERS,"Soundbox - Impacts, Risers & Drops 7 (2021)||SB_IR&D_7_120_RISERS||sb ir&d 7 120 riser",granularity_v1,20260911T105134,false,32.0,44100,2,
"/Volumes/Jack_Gandy_1TB_SSD/Samples 2021 ->/Sample Packs/Soundbox - Impacts, Risers & Drops 7 (2021)/SB_IR&D_7_120_RISERS/SB_IR&D_7_120_RISER_035.wav","Samples 2021 ->/Sample Packs/Soundbox - Impacts, Risers & Drops 7 (2021)/SB_IR&D_7_120_RISERS/SB_IR&D_7_120_RISER_035.wav",Riser,,,,,,FX,One-Shot,,"Soundbox - Impacts, Risers & Drops 7 (2021)",SB_IR&D_7_120_RISERS,"Soundbox - Impacts, Risers & Drops 7 (2021)||SB_IR&D_7_120_RISERS||sb ir&d 7 120 riser",granularity_v1,20260911T105134,false,16.0,44100,2,
"/Volumes/Jack_Gandy_1TB_SSD/Samples 2021 ->/Sample Packs/Soundbox - Impacts, Risers & Drops 7 (2021)/SB_IR&D_7_124_DROPS/SB_IR&D_7_124_DROP_001.wav","Samples 2021 ->/Sample Packs/Soundbox - Impacts, Risers & Drops 7 (2021)/SB_IR&D_7_124_DROPS/SB_IR&D_7_124_DROP_001.wav",Impact,,,,,,FX,One-Shot,,"Soundbox - Impacts, Risers & Drops 7 (2021)",SB_IR&D_7_124_DROPS,"Soundbox - Impacts, Risers & Drops 7 (2021)||SB_IR&D_7_124_DROPS||sb ir&d 7 124 drop",domain_coverage_v1,20260910T165711,false,30.9678,44100,2,
"/Volumes/Jack_Gandy_1TB_SSD/Samples 2021 ->/Sample Packs/Soundbox - Impacts, Risers & Drops 7 (2021)/SB_IR&D_7_124_IMPACTS/SB_IR&D_7_124_IMPACT_001.wav","Samples 2021 ->/Sample Packs/Soundbox - Impacts, Risers & Drops 7 (2021)/SB_IR&D_7_124_IMPACTS/SB_IR&D_7_124_IMPACT_001.wav",Riser,,,,,,FX,One-Shot,,"Soundbox - Impacts, Risers & Drops 7 (2021)",SB_IR&D_7_124_IMPACTS,"Soundbox - Impacts, Risers & Drops 7 (2021)||SB_IR&D_7_124_IMPACTS||sb ir&d 7 124 impact",domain_coverage_v1,20260910T165711,false,15.4839,44100,2,
"/Volumes/Jack_Gandy_1TB_SSD/Samples 2021 ->/Sample Packs/Soundbox - Impacts, Risers & Drops 7 (2021)/SB_IR&D_7_124_IMPACTS/SB_IR&D_7_124_IMPACT_068.wav","Samples 2021 ->/Sample Packs/Soundbox - Impacts, Risers & Drops 7 (2021)/SB_IR&D_7_124_IMPACTS/SB_IR&D_7_124_IMPACT_068.wav",Impact,,,,,,FX,One-Shot,,"Soundbox - Impacts, Risers & Drops 7 (2021)",SB_IR&D_7_124_IMPACTS,"Soundbox - Impacts, Risers & Drops 7 (2021)||SB_IR&D_7_124_IMPACTS||sb ir&d 7 124 impact",granularity_v1,20260911T105134,false,7.742,44100,2,
"/Volumes/Jack_Gandy_1TB_SSD/Samples 2021 ->/Sample Packs/Soundbox - Impacts, Risers & Drops 7 (2021)/SB_IR&D_7_124_RISERS/SB_IR&D_7_124_RISER_001.wav","Samples 2021 ->/Sample Packs/Soundbox - Impacts, Risers & Drops 7 (2021)/SB_IR&D_7_124_RISERS/SB_IR&D_7_124_RISER_001.wav",Riser,,,,,,FX,One-Shot,,"Soundbox - Impacts, Risers & Drops 7 (2021)",SB_IR&D_7_124_RISERS,"Soundbox - Impacts, Risers & Drops 7 (2021)||SB_IR&D_7_124_RISERS||sb ir&d 7 124 riser",domain_coverage_v1,20260910T165711,false,30.9678,44100,2,
"/Volumes/Jack_Gandy_1TB_SSD/Samples 2021 ->/Sample Packs/Soundbox - Impacts, Risers & Drops 7 (2021)/SB_IR&D_7_124_RISERS/SB_IR&D_7_124_RISER_059.wav","Samples 2021 ->/Sample Packs/Soundbox - Impacts, Risers & Drops 7 (2021)/SB_IR&D_7_124_RISERS/SB_IR&D_7_124_RISER_059.wav",Riser,,,,,,FX,One-Shot,,"Soundbox - Impacts, Risers & Drops 7 (2021)",SB_IR&D_7_124_RISERS,"Soundbox - Impacts, Risers & Drops 7 (2021)||SB_IR&D_7_124_RISERS||sb ir&d 7 124 riser",granularity_v1,20260911T105134,false,15.4839,44100,2,
"/Volumes/Jack_Gandy_1TB_SSD/Samples 2021 ->/Sample Packs/Soundbox - Impacts, Risers & Drops 7 (2021)/SB_IR&D_7_124_RISERS/SB_IR&D_7_124_RISER_094.wav","Samples 2021 ->/Sample Packs/Soundbox - Impacts, Risers & Drops 7 (2021)/SB_IR&D_7_124_RISERS/SB_IR&D_7_124_RISER_094.wav",Riser,,,,,,FX,One-Shot,,"Soundbox - Impacts, Risers & Drops 7 (2021)",SB_IR&D_7_124_RISERS,"Soundbox - Impacts, Risers & Drops 7 (2021)||SB_IR&D_7_124_RISERS||sb ir&d 7 124 riser",granularity_v1,20260911T105134,false,7.742,44100,2,
"/Volumes/Jack_Gandy_1TB_SSD/Samples 2021 ->/Sample Packs/Soundbox - Impacts, Risers & Drops 7 (2021)/SB_IR&D_7_128_DROPS/SB_IR&D_7_128_DROP_001.wav","Samples 2021 ->/Sample Packs/Soundbox - Impacts, Risers & Drops 7 (2021)/SB_IR&D_7_128_DROPS/SB_IR&D_7_128_DROP_001.wav",Impact,,,,,,FX,One-Shot,,"Soundbox - Impacts, Risers & Drops 7 (2021)",SB_IR&D_7_128_DROPS,"Soundbox - Impacts, Risers & Drops 7 (2021)||SB_IR&D_7_128_DROPS||sb ir&d 7 128 drop",domain_coverage_v1,20260910T165711,false,30.0,44100,2,
"/Volumes/Jack_Gandy_1TB_SSD/Samples 2021 ->/Sample Packs/Soundbox - Impacts, Risers & Drops 7 (2021)/SB_IR&D_7_128_IMPACTS/SB_IR&D_7_128_IMPACT_001.wav","Samples 2021 ->/Sample Packs/Soundbox - Impacts, Risers & Drops 7 (2021)/SB_IR&D_7_128_IMPACTS/SB_IR&D_7_128_IMPACT_001.wav",Impact,,,,,,FX,One-Shot,,"Soundbox - Impacts, Risers & Drops 7 (2021)",SB_IR&D_7_128_IMPACTS,"Soundbox - Impacts, Risers & Drops 7 (2021)||SB_IR&D_7_128_IMPACTS||sb ir&d 7 128 impact",domain_coverage_v1,20260910T165711,false,15.0,44100,2,
"/Volumes/Jack_Gandy_1TB_SSD/Samples 2021 ->/Sample Packs/Soundbox - Impacts, Risers & Drops 7 (2021)/SB_IR&D_7_128_IMPACTS/SB_IR&D_7_128_IMPACT_038.wav","Samples 2021 ->/Sample Packs/Soundbox - Impacts, Risers & Drops 7 (2021)/SB_IR&D_7_128_IMPACTS/SB_IR&D_7_128_IMPACT_038.wav",Impact,,,,,,FX,One-Shot,,"Soundbox - Impacts, Risers & Drops 7 (2021)",SB_IR&D_7_128_IMPACTS,"Soundbox - Impacts, Risers & Drops 7 (2021)||SB_IR&D_7_128_IMPACTS||sb ir&d 7 128 impact",granularity_v1,20260911T105134,false,15.0,44100,2,
"/Volumes/Jack_Gandy_1TB_SSD/Samples 2021 ->/Sample Packs/Soundbox - Impacts, Risers & Drops 7 (2021)/SB_IR&D_7_128_IMPACTS/SB_IR&D_7_128_IMPACT_074.wav","Samples 2021 ->/Sample Packs/Soundbox - Impacts, Risers & Drops 7 (2021)/SB_IR&D_7_128_IMPACTS/SB_IR&D_7_128_IMPACT_074.wav",Impact,,,,,,FX,One-Shot,,"Soundbox - Impacts, Risers & Drops 7 (2021)",SB_IR&D_7_128_IMPACTS,"Soundbox - Impacts, Risers & Drops 7 (2021)||SB_IR&D_7_128_IMPACTS||sb ir&d 7 128 impact",granularity_v1,20260911T105134,false,7.5,44100,2,
"/Volumes/Jack_Gandy_1TB_SSD/Samples 2021 ->/Sample Packs/Soundbox - Impacts, Risers & Drops 7 (2021)/SB_IR&D_7_128_IMPACTS/SB_IR&D_7_128_IMPACT_091.wav","Samples 2021 ->/Sample Packs/Soundbox - Impacts, Risers & Drops 7 (2021)/SB_IR&D_7_128_IMPACTS/SB_IR&D_7_128_IMPACT_091.wav",Impact,,,,,,FX,One-Shot,,"Soundbox - Impacts, Risers & Drops 7 (2021)",SB_IR&D_7_128_IMPACTS,"Soundbox - Impacts, Risers & Drops 7 (2021)||SB_IR&D_7_128_IMPACTS||sb ir&d 7 128 impact",granularity_v1,20260911T105134,false,3.75,44100,2,
"/Volumes/Jack_Gandy_1TB_SSD/Samples 2021 ->/Sample Packs/Soundbox - Impacts, Risers & Drops 7 (2021)/SB_IR&D_7_128_RISERS/SB_IR&D_7_128_RISER_001.wav","Samples 2021 ->/Sample Packs/Soundbox - Impacts, Risers & Drops 7 (2021)/SB_IR&D_7_128_RISERS/SB_IR&D_7_128_RISER_001.wav",Riser,,,,,,FX,One-Shot,,"Soundbox - Impacts, Risers & Drops 7 (2021)",SB_IR&D_7_128_RISERS,"Soundbox - Impacts, Risers & Drops 7 (2021)||SB_IR&D_7_128_RISERS||sb ir&d 7 128 riser",domain_coverage_v1,20260910T165711,false,15.0,44100,2,
/Volumes/Jack_Gandy_1TB_SSD/Samples 2021 ->/Sample Packs/Soundbox - Maximum FX (2019)/SB_MFX_124_LOOPS/SB_MFX_124_DROPS/SB_MFX_124_DROP_001.wav,Samples 2021 ->/Sample Packs/Soundbox - Maximum FX (2019)/SB_MFX_124_LOOPS/SB_MFX_124_DROPS/SB_MFX_124_DROP_001.wav,Impact,,,,,,FX,One-Shot,,Soundbox - Maximum FX (2019),SB_MFX_124_LOOPS,Soundbox - Maximum FX (2019)||SB_MFX_124_LOOPS||sb mfx 124 drop,domain_coverage_v1,20260910T165711,false,7.742,44100,2,
/Volumes/Jack_Gandy_1TB_SSD/Samples 2021 ->/Sample Packs/Soundbox - Maximum FX (2019)/SB_MFX_124_LOOPS/SB_MFX_124_IMPACTS/SB_MFX_124_IMPACT_001.wav,Samples 2021 ->/Sample Packs/Soundbox - Maximum FX (2019)/SB_MFX_124_LOOPS/SB_MFX_124_IMPACTS/SB_MFX_124_IMPACT_001.wav,Impact,,,,,,FX,One-Shot,,Soundbox - Maximum FX (2019),SB_MFX_124_LOOPS,Soundbox - Maximum FX (2019)||SB_MFX_124_LOOPS||sb mfx 124 impact,domain_coverage_v1,20260910T173709,false,7.742,44100,2,
/Volumes/Jack_Gandy_1TB_SSD/Samples 2021 ->/Sample Packs/Soundbox - Maximum FX (2019)/SB_MFX_124_LOOPS/SB_MFX_124_IMPACTS/SB_MFX_124_IMPACT_015.wav,Samples 2021 ->/Sample Packs/Soundbox - Maximum FX (2019)/SB_MFX_124_LOOPS/SB_MFX_124_IMPACTS/SB_MFX_124_IMPACT_015.wav,Impact,,,,,,FX,One-Shot,,Soundbox - Maximum FX (2019),SB_MFX_124_LOOPS,Soundbox - Maximum FX (2019)||SB_MFX_124_LOOPS||sb mfx 124 impact,granularity_v1,20260911T105134,false,30.9678,44100,2,
/Volumes/Jack_Gandy_1TB_SSD/Samples 2021 ->/Sample Packs/Soundbox - Maximum FX (2019)/SB_MFX_124_LOOPS/SB_MFX_124_IMPACTS/SB_MFX_124_IMPACT_075.wav,Samples 2021 ->/Sample Packs/Soundbox - Maximum FX (2019)/SB_MFX_124_LOOPS/SB_MFX_124_IMPACTS/SB_MFX_124_IMPACT_075.wav,Impact,,,,,,FX,One-Shot,,Soundbox - Maximum FX (2019),SB_MFX_124_LOOPS,Soundbox - Maximum FX (2019)||SB_MFX_124_LOOPS||sb mfx 124 impact,granularity_v1,20260911T105134,false,30.9678,44100,2,
/Volumes/Jack_Gandy_1TB_SSD/Samples 2021 ->/Sample Packs/Soundbox - Maximum FX (2019)/SB_MFX_124_LOOPS/SB_MFX_124_IMPACTS/SB_MFX_124_IMPACT_082.wav,Samples 2021 ->/Sample Packs/Soundbox - Maximum FX (2019)/SB_MFX_124_LOOPS/SB_MFX_124_IMPACTS/SB_MFX_124_IMPACT_082.wav,Impact,,,,,,FX,One-Shot,,Soundbox - Maximum FX (2019),SB_MFX_124_LOOPS,Soundbox - Maximum FX (2019)||SB_MFX_124_LOOPS||sb mfx 124 impact,granularity_v1,20260911T105134,false,7.742,44100,2,
/Volumes/Jack_Gandy_1TB_SSD/Samples 2021 ->/Sample Packs/Soundbox - Maximum FX (2019)/SB_MFX_124_LOOPS/SB_MFX_124_RISES/SB_MFX_124_RISE_001.wav,Samples 2021 ->/Sample Packs/Soundbox - Maximum FX (2019)/SB_MFX_124_LOOPS/SB_MFX_124_RISES/SB_MFX_124_RISE_001.wav,Riser,,,,,,FX,One-Shot,,Soundbox - Maximum FX (2019),SB_MFX_124_LOOPS,Soundbox - Maximum FX (2019)||SB_MFX_124_LOOPS||sb mfx 124 rise,domain_coverage_v1,20260910T171406,false,3.871,44100,2,
/Volumes/Jack_Gandy_1TB_SSD/Samples 2021 ->/Sample Packs/Soundbox - Maximum FX (2019)/SB_MFX_128_LOOPS/SB_MFX_128_DROPS/SB_MFX_128_DROP_001.wav,Samples 2021 ->/Sample Packs/Soundbox - Maximum FX (2019)/SB_MFX_128_LOOPS/SB_MFX_128_DROPS/SB_MFX_128_DROP_001.wav,Impact,,,,,,FX,One-Shot,,Soundbox - Maximum FX (2019),SB_MFX_128_LOOPS,Soundbox - Maximum FX (2019)||SB_MFX_128_LOOPS||sb mfx 128 drop,domain_coverage_v1,20260910T165711,false,7.5,44100,2,
/Volumes/Jack_Gandy_1TB_SSD/Samples 2021 ->/Sample Packs/Soundbox - Maximum FX (2019)/SB_MFX_128_LOOPS/SB_MFX_128_IMPACTS/SB_MFX_128_IMPACT_001.wav,Samples 2021 ->/Sample Packs/Soundbox - Maximum FX (2019)/SB_MFX_128_LOOPS/SB_MFX_128_IMPACTS/SB_MFX_128_IMPACT_001.wav,Impact,,,,,,FX,One-Shot,,Soundbox - Maximum FX (2019),SB_MFX_128_LOOPS,Soundbox - Maximum FX (2019)||SB_MFX_128_LOOPS||sb mfx 128 impact,domain_coverage_v1,20260910T171406,false,7.5,44100,2,
/Volumes/Jack_Gandy_1TB_SSD/Samples 2021 ->/Sample Packs/Soundbox - Maximum FX (2019)/SB_MFX_128_LOOPS/SB_MFX_128_IMPACTS/SB_MFX_128_IMPACT_006.wav,Samples 2021 ->/Sample Packs/Soundbox - Maximum FX (2019)/SB_MFX_128_LOOPS/SB_MFX_128_IMPACTS/SB_MFX_128_IMPACT_006.wav,Impact,,,,,,FX,One-Shot,,Soundbox - Maximum FX (2019),SB_MFX_128_LOOPS,Soundbox - Maximum FX (2019)||SB_MFX_128_LOOPS||sb mfx 128 impact,granularity_v1,20260911T105134,false,30.0,44100,2,
/Volumes/Jack_Gandy_1TB_SSD/Samples 2021 ->/Sample Packs/Soundbox - Maximum FX (2019)/SB_MFX_128_LOOPS/SB_MFX_128_IMPACTS/SB_MFX_128_IMPACT_030.wav,Samples 2021 ->/Sample Packs/Soundbox - Maximum FX (2019)/SB_MFX_128_LOOPS/SB_MFX_128_IMPACTS/SB_MFX_128_IMPACT_030.wav,Impact,,,,,,FX,One-Shot,,Soundbox - Maximum FX (2019),SB_MFX_128_LOOPS,Soundbox - Maximum FX (2019)||SB_MFX_128_LOOPS||sb mfx 128 impact,granularity_v1,20260911T105134,false,30.0,44100,2,
/Volumes/Jack_Gandy_1TB_SSD/Samples 2021 ->/Sample Packs/Soundbox - Maximum FX (2019)/SB_MFX_128_LOOPS/SB_MFX_128_RISES/SB_MFX_128_RISE_001.wav,Samples 2021 ->/Sample Packs/Soundbox - Maximum FX (2019)/SB_MFX_128_LOOPS/SB_MFX_128_RISES/SB_MFX_128_RISE_001.wav,Riser,,,,,,FX,One-Shot,,Soundbox - Maximum FX (2019),SB_MFX_128_LOOPS,Soundbox - Maximum FX (2019)||SB_MFX_128_LOOPS||sb mfx 128 rise,domain_coverage_v1,20260910T173709,false,3.75,44100,2,
/Volumes/Jack_Gandy_1TB_SSD/Samples 2021 ->/Sample Packs/Soundbox - Maximum FX (2019)/SB_MFX_140_LOOPS/SB_MFX_140_DROPS/SB_MFX_140_DROP_001.wav,Samples 2021 ->/Sample Packs/Soundbox - Maximum FX (2019)/SB_MFX_140_LOOPS/SB_MFX_140_DROPS/SB_MFX_140_DROP_001.wav,Impact,,,,,,FX,One-Shot,,Soundbox - Maximum FX (2019),SB_MFX_140_LOOPS,Soundbox - Maximum FX (2019)||SB_MFX_140_LOOPS||sb mfx 140 drop,domain_coverage_v1,20260910T171406,false,6.8571,44100,2,
/Volumes/Jack_Gandy_1TB_SSD/Samples 2021 ->/Sample Packs/Soundbox - Maximum FX (2019)/SB_MFX_140_LOOPS/SB_MFX_140_IMPACTS/SB_MFX_140_IMPACT_001.wav,Samples 2021 ->/Sample Packs/Soundbox - Maximum FX (2019)/SB_MFX_140_LOOPS/SB_MFX_140_IMPACTS/SB_MFX_140_IMPACT_001.wav,Impact,,,,,,FX,One-Shot,,Soundbox - Maximum FX (2019),SB_MFX_140_LOOPS,Soundbox - Maximum FX (2019)||SB_MFX_140_LOOPS||sb mfx 140 impact,domain_coverage_v1,20260910T165711,false,6.8571,44100,2,
/Volumes/Jack_Gandy_1TB_SSD/Samples 2021 ->/Sample Packs/Soundbox - Maximum FX (2019)/SB_MFX_140_LOOPS/SB_MFX_140_IMPACTS/SB_MFX_140_IMPACT_053.wav,Samples 2021 ->/Sample Packs/Soundbox - Maximum FX (2019)/SB_MFX_140_LOOPS/SB_MFX_140_IMPACTS/SB_MFX_140_IMPACT_053.wav,Impact,,,,,,FX,One-Shot,,Soundbox - Maximum FX (2019),SB_MFX_140_LOOPS,Soundbox - Maximum FX (2019)||SB_MFX_140_LOOPS||sb mfx 140 impact,granularity_v1,20260911T105134,false,13.7143,44100,2,
/Volumes/Jack_Gandy_1TB_SSD/Samples 2021 ->/Sample Packs/Soundbox - Maximum FX (2019)/SB_MFX_140_LOOPS/SB_MFX_140_IMPACTS/SB_MFX_140_IMPACT_065.wav,Samples 2021 ->/Sample Packs/Soundbox - Maximum FX (2019)/SB_MFX_140_LOOPS/SB_MFX_140_IMPACTS/SB_MFX_140_IMPACT_065.wav,Impact,,,,,,FX,One-Shot,,Soundbox - Maximum FX (2019),SB_MFX_140_LOOPS,Soundbox - Maximum FX (2019)||SB_MFX_140_LOOPS||sb mfx 140 impact,granularity_v1,20260911T105134,false,13.7143,44100,2,
/Volumes/Jack_Gandy_1TB_SSD/Samples 2021 ->/Sample Packs/Soundbox - Maximum FX (2019)/SB_MFX_140_LOOPS/SB_MFX_140_IMPACTS/SB_MFX_140_IMPACT_094.wav,Samples 2021 ->/Sample Packs/Soundbox - Maximum FX (2019)/SB_MFX_140_LOOPS/SB_MFX_140_IMPACTS/SB_MFX_140_IMPACT_094.wav,Impact,,,,,,FX,One-Shot,,Soundbox - Maximum FX (2019),SB_MFX_140_LOOPS,Soundbox - Maximum FX (2019)||SB_MFX_140_LOOPS||sb mfx 140 impact,granularity_v1,20260911T105134,false,6.8571,44100,2,
/Volumes/Jack_Gandy_1TB_SSD/Samples 2021 ->/Sample Packs/Soundbox - Maximum FX (2019)/SB_MFX_140_LOOPS/SB_MFX_140_RISES/SB_MFX_140_RISE_001.wav,Samples 2021 ->/Sample Packs/Soundbox - Maximum FX (2019)/SB_MFX_140_LOOPS/SB_MFX_140_RISES/SB_MFX_140_RISE_001.wav,Riser,,,,,,FX,One-Shot,,Soundbox - Maximum FX (2019),SB_MFX_140_LOOPS,Soundbox - Maximum FX (2019)||SB_MFX_140_LOOPS||sb mfx 140 rise,domain_coverage_v1,20260910T173709,false,3.4286,44100,2,
/Volumes/Jack_Gandy_1TB_SSD/Samples 2021 ->/Sample Packs/Sounds by MdL V1/Sounds_by_MdL_Volume_1/Drum_Loops/Drum_Loops/MdL_94_drum_loop_kittychop.wav,Samples 2021 ->/Sample Packs/Sounds by MdL V1/Sounds_by_MdL_Volume_1/Drum_Loops/Drum_Loops/MdL_94_drum_loop_kittychop.wav,Drum Loop,,,,,,Drum,Loop,,Sounds by MdL V1,Sounds_by_MdL_Volume_1,Sounds by MdL V1||Sounds_by_MdL_Volume_1||mdl 94 drum loop kittychop,domain_coverage_v1,20260910T171406,false,5.1063,44100,2,
/Volumes/Jack_Gandy_1TB_SSD/Samples 2021 ->/Sample Packs/Sounds by MdL V1/Sounds_by_MdL_Volume_1/Drum_Loops/Percussion_Loops/MdL_82_percussion_loop_paperhearts.wav,Samples 2021 ->/Sample Packs/Sounds by MdL V1/Sounds_by_MdL_Volume_1/Drum_Loops/Percussion_Loops/MdL_82_percussion_loop_paperhearts.wav,Percussion Loop,,,,,,Percussion,Loop,,Sounds by MdL V1,Sounds_by_MdL_Volume_1,Sounds by MdL V1||Sounds_by_MdL_Volume_1||mdl 82 percussion loop paperhearts,domain_coverage_v1,20260910T173709,false,5.8537,44100,2,
/Volumes/Jack_Gandy_1TB_SSD/Samples 2021 ->/Sample Packs/Sounds by MdL V1/Sounds_by_MdL_Volume_1/Drum_Loops/Percussion_Loops/MdL_84_percussion_loop_traveler.wav,Samples 2021 ->/Sample Packs/Sounds by MdL V1/Sounds_by_MdL_Volume_1/Drum_Loops/Percussion_Loops/MdL_84_percussion_loop_traveler.wav,Percussion Loop,,,,,,Percussion,Loop,,Sounds by MdL V1,Sounds_by_MdL_Volume_1,Sounds by MdL V1||Sounds_by_MdL_Volume_1||mdl 84 percussion loop traveler,domain_coverage_v1,20260910T165711,false,11.4286,44100,2,
/Volumes/Jack_Gandy_1TB_SSD/Samples 2021 ->/Sample Packs/Sounds by MdL V2/Sounds_by_MdL_Volume_2/Drum_One-Shots/Snares/MdL_snare_ballin.wav,Samples 2021 ->/Sample Packs/Sounds by MdL V2/Sounds_by_MdL_Volume_2/Drum_One-Shots/Snares/MdL_snare_ballin.wav,Snare,,,,,,Snare,One-Shot,,Sounds by MdL V2,Sounds_by_MdL_Volume_2,Sounds by MdL V2||Sounds_by_MdL_Volume_2||mdl snare ballin,domain_coverage_v1,20260910T165711,false,0.6741,44100,2,
/Volumes/Jack_Gandy_1TB_SSD/Samples 2021 ->/Sample Packs/Sounds of KSHMR Vol.3/KSHMR_Drums/KSHMR_Acoustic_Drums/KSHMR_Acoustic_Hats/KSHMR_Acoustic_Hats_Closed/KSHMR_Acoustic_Closed_Hat_12_Hard.wav,Samples 2021 ->/Sample Packs/Sounds of KSHMR Vol.3/KSHMR_Drums/KSHMR_Acoustic_Drums/KSHMR_Acoustic_Hats/KSHMR_Acoustic_Hats_Closed/KSHMR_Acoustic_Closed_Hat_12_Hard.wav,Hi-Hat,,,,,,Hi-Hat,One-Shot,,Sounds of KSHMR Vol.3,KSHMR_Drums,Sounds of KSHMR Vol.3||KSHMR_Drums||kshmr acoustic closed hat 12 hard,granularity_v1,20260911T104121,false,0.372,44100,2,bf833752bcec06a0a6894098194d6ddec63876775a47249a3aec19927592002a
/Volumes/Jack_Gandy_1TB_SSD/Samples 2021 ->/Sample Packs/Sounds of KSHMR Vol.3/KSHMR_Drums/KSHMR_Acoustic_Drums/KSHMR_Acoustic_Toms/KSHMR_Acoustic_Tom_04_Low_D.wav,Samples 2021 ->/Sample Packs/Sounds of KSHMR Vol.3/KSHMR_Drums/KSHMR_Acoustic_Drums/KSHMR_Acoustic_Toms/KSHMR_Acoustic_Tom_04_Low_D.wav,Percussion,Tom,,,,,Percussion,One-Shot,sprint_label=Tom,Sounds of KSHMR Vol.3,KSHMR_Drums,Sounds of KSHMR Vol.3||KSHMR_Drums||kshmr acoustic tom 04 low d,granularity_v1,20260911T104816,false,0.5853,44100,2,1c57e4e0266bb9a7ba340edb173d846068839d64a8b14847a1ffee5d2295213d
/Volumes/Jack_Gandy_1TB_SSD/Samples 2021 ->/Sample Packs/Sounds of KSHMR Vol.3/KSHMR_Drums/KSHMR_Claps/KSHMR_Clap_FX/KSHMR_Clap_FX_14_Sub_Clap.wav,Samples 2021 ->/Sample Packs/Sounds of KSHMR Vol.3/KSHMR_Drums/KSHMR_Claps/KSHMR_Clap_FX/KSHMR_Clap_FX_14_Sub_Clap.wav,Impact,,,,,,FX,One-Shot,,Sounds of KSHMR Vol.3,KSHMR_Drums,Sounds of KSHMR Vol.3||KSHMR_Drums||kshmr clap fx 14 sub clap,granularity_v1,20260911T105134,false,1.7045,44100,2,b6f4588ce2d90342e9262a55aed6b051dc90104756c27ea352acee99cd921ffb
/Volumes/Jack_Gandy_1TB_SSD/Samples 2021 ->/Sample Packs/Sounds of KSHMR Vol.3/KSHMR_Drums/KSHMR_Cymbals/KSHMR_Crashes/KSHMR_Crash_FX_01_Glitch_Out.wav,Samples 2021 ->/Sample Packs/Sounds of KSHMR Vol.3/KSHMR_Drums/KSHMR_Cymbals/KSHMR_Crashes/KSHMR_Crash_FX_01_Glitch_Out.wav,SFX,,,,,,FX,One-Shot,,Sounds of KSHMR Vol.3,KSHMR_Drums,Sounds of KSHMR Vol.3||KSHMR_Drums||kshmr crash fx 01 glitch out,domain_coverage_v1,20260910T171406,false,2.4234,44100,2,1b32fa108e548d7823901997004f8b350daf3141dbcb0b16f2d6905b8fa8606e
/Volumes/Jack_Gandy_1TB_SSD/Samples 2021 ->/Sample Packs/Sounds of KSHMR Vol.3/KSHMR_Drums/KSHMR_Cymbals/KSHMR_Hi_Hats_Closed/KSHMR_Closed_Hat_04_Clean.wav,Samples 2021 ->/Sample Packs/Sounds of KSHMR Vol.3/KSHMR_Drums/KSHMR_Cymbals/KSHMR_Hi_Hats_Closed/KSHMR_Closed_Hat_04_Clean.wav,Hi-Hat,,,,,,Hi-Hat,One-Shot,,Sounds of KSHMR Vol.3,KSHMR_Drums,Sounds of KSHMR Vol.3||KSHMR_Drums||kshmr closed hat 04 clean,granularity_v1,20260911T104121,false,0.2745,44100,2,3f8ef271162e8e0c72516ba3c36819b5cdcc2f6b7f4526c8f115424183223bd2
/Volumes/Jack_Gandy_1TB_SSD/Samples 2021 ->/Sample Packs/Sounds of KSHMR Vol.3/KSHMR_Drums/KSHMR_Cymbals/KSHMR_Hi_Hats_Closed/KSHMR_Closed_Hat_05_Clean.wav,Samples 2021 ->/Sample Packs/Sounds of KSHMR Vol.3/KSHMR_Drums/KSHMR_Cymbals/KSHMR_Hi_Hats_Closed/KSHMR_Closed_Hat_05_Clean.wav,Hi-Hat,,,,,,Hi-Hat,One-Shot,,Sounds of KSHMR Vol.3,KSHMR_Drums,Sounds of KSHMR Vol.3||KSHMR_Drums||kshmr closed hat 05 clean,granularity_v1,20260911T104121,false,0.2317,44100,2,6b5bd1554ddcc2cee6084634769a9ceba71c76af4448d349e52366ccd9e8e884
/Volumes/Jack_Gandy_1TB_SSD/Samples 2021 ->/Sample Packs/Sounds of KSHMR Vol.3/KSHMR_Drums/KSHMR_Cymbals/KSHMR_Hi_Hats_Closed/KSHMR_Closed_Hat_13_Dirty.wav,Samples 2021 ->/Sample Packs/Sounds of KSHMR Vol.3/KSHMR_Drums/KSHMR_Cymbals/KSHMR_Hi_Hats_Closed/KSHMR_Closed_Hat_13_Dirty.wav,Hi-Hat,,,,,,Hi-Hat,One-Shot,,Sounds of KSHMR Vol.3,KSHMR_Drums,Sounds of KSHMR Vol.3||KSHMR_Drums||kshmr closed hat 13 dirty,granularity_v1,20260911T104121,false,0.614,44100,2,1383a944597f8c8e3ad33237b37dc8368023db39076e16d8bc4ff638a01ff54e
/Volumes/Jack_Gandy_1TB_SSD/Samples 2021 ->/Sample Packs/Sounds of KSHMR Vol.3/KSHMR_Drums/KSHMR_Kicks/KSHMR_Hardstyle_Kicks/KSHMR_Sickdellz_Kick_Valkiria_All_Keys/KSHMR_x_SD_Valkiria_Kick_D#.wav,Samples 2021 ->/Sample Packs/Sounds of KSHMR Vol.3/KSHMR_Drums/KSHMR_Kicks/KSHMR_Hardstyle_Kicks/KSHMR_Sickdellz_Kick_Valkiria_All_Keys/KSHMR_x_SD_Valkiria_Kick_D#.wav,Kick,,,,,,Kick,One-Shot,,Sounds of KSHMR Vol.3,KSHMR_Drums,Sounds of KSHMR Vol.3||KSHMR_Drums||kshmr x sd valkiria kick d#,domain_coverage_v1,20260910T165711,false,0.5,44100,2,2872356728ec7d5d311c28aaa5f1658a0cdfdcd3a7491951b73d13ad988cea8c
/Volumes/Jack_Gandy_1TB_SSD/Samples 2021 ->/Sample Packs/Sounds of KSHMR Vol.3/KSHMR_Drums/KSHMR_Kicks/KSHMR_Top_Kicks/KSHMR_Top_Kick_14.wav,Samples 2021 ->/Sample Packs/Sounds of KSHMR Vol.3/KSHMR_Drums/KSHMR_Kicks/KSHMR_Top_Kicks/KSHMR_Top_Kick_14.wav,Kick,,,,,,Kick,One-Shot,recovered_from=Unknown; note=Kick,Sounds of KSHMR Vol.3,KSHMR_Drums,Sounds of KSHMR Vol.3||KSHMR_Drums||kshmr top kick,granularity_v1,20260911T104121,false,0.4073,44100,2,089d51173ee42e27b4e8379207658cbc677908389022d7776a52836fd93a58ef
/Volumes/Jack_Gandy_1TB_SSD/Samples 2021 ->/Sample Packs/Sounds of KSHMR Vol.3/KSHMR_Drums/KSHMR_Percussion/KSHMR_Flam_and_Rolls/KSHMR_Percussion_Flam_13_F.wav,Samples 2021 ->/Sample Packs/Sounds of KSHMR Vol.3/KSHMR_Drums/KSHMR_Percussion/KSHMR_Flam_and_Rolls/KSHMR_Percussion_Flam_13_F.wav,Percussion,Other Percussive Hit,,,,,Percussion,One-Shot,,Sounds of KSHMR Vol.3,KSHMR_Drums,Sounds of KSHMR Vol.3||KSHMR_Drums||kshmr percussion flam 13 f,drums_v1,,false,2.1429,44100,2,9a349a3b0501cbf1ecd0c22317f9743b808c06f4486299caf4354eeb1c7fc15a
/Volumes/Jack_Gandy_1TB_SSD/Samples 2021 ->/Sample Packs/Sounds of KSHMR Vol.3/KSHMR_Drums/KSHMR_Percussion/KSHMR_Percussion_High/KSHMR_Percussion_High_Slap_05_E.wav,Samples 2021 ->/Sample Packs/Sounds of KSHMR Vol.3/KSHMR_Drums/KSHMR_Percussion/KSHMR_Percussion_High/KSHMR_Percussion_High_Slap_05_E.wav,Percussion,Other Percussive Hit,,,,,Percussion,One-Shot,sprint_label=Other Percussive Hit,Sounds of KSHMR Vol.3,KSHMR_Drums,Sounds of KSHMR Vol.3||KSHMR_Drums||kshmr percussion high slap 05 e,granularity_v1,20260911T104816,false,0.6554,44100,2,ea38770417b80df8f730f892f858c20a2bce76148c7ed8b7b6a03ccf17b1e63b
/Volumes/Jack_Gandy_1TB_SSD/Samples 2021 ->/Sample Packs/Sounds of KSHMR Vol.3/KSHMR_Drums/KSHMR_Percussion/KSHMR_Shakers/KSHMR_Shaker_03_A.wav,Samples 2021 ->/Sample Packs/Sounds of KSHMR Vol.3/KSHMR_Drums/KSHMR_Percussion/KSHMR_Shakers/KSHMR_Shaker_03_A.wav,Percussion,Shaker/Tambourine,,,,,Percussion,One-Shot,sprint_label=Shaker/Tambourine,Sounds of KSHMR Vol.3,KSHMR_Drums,Sounds of KSHMR Vol.3||KSHMR_Drums||kshmr shaker 03 a,granularity_v1,20260911T104816,false,0.3378,44100,2,2de85ec725c587a7801474a08d75fc9b65a0ef27b0f564c70f1a1f271273a6c7
/Volumes/Jack_Gandy_1TB_SSD/Samples 2021 ->/Sample Packs/Sounds of KSHMR Vol.3/KSHMR_Drums/KSHMR_Percussion/KSHMR_Tambourines/KSHMR_Tambourine_15_Swish.wav,Samples 2021 ->/Sample Packs/Sounds of KSHMR Vol.3/KSHMR_Drums/KSHMR_Percussion/KSHMR_Tambourines/KSHMR_Tambourine_15_Swish.wav,Percussion,Shaker/Tambourine,,,,,Percussion,One-Shot,,Sounds of KSHMR Vol.3,KSHMR_Drums,Sounds of KSHMR Vol.3||KSHMR_Drums||kshmr tambourine 15 swish,drums_v1,,false,2.2675,44100,2,bcf0527fb3e924670a12edae8e7afca6a50bbceeb7e7115581b17d523698b045
/Volumes/Jack_Gandy_1TB_SSD/Samples 2021 ->/Sample Packs/Sounds of KSHMR Vol.3/KSHMR_Drums/KSHMR_Toms/KSHMR_Tom_Kits/KSHMR_Tom_Kit_01_01_Hi.wav,Samples 2021 ->/Sample Packs/Sounds of KSHMR Vol.3/KSHMR_Drums/KSHMR_Toms/KSHMR_Tom_Kits/KSHMR_Tom_Kit_01_01_Hi.wav,Percussion,Tom,,,,,Percussion,One-Shot,,Sounds of KSHMR Vol.3,KSHMR_Drums,Sounds of KSHMR Vol.3||KSHMR_Drums||kshmr tom kit 01 01 hi,drums_v1,,false,1.0,44100,2,abd27e0d3cb9b4b86edeb411293f1f1638bf90ece26604abce528c1d1effa8bb
/Volumes/Jack_Gandy_1TB_SSD/Samples 2021 ->/Sample Packs/Sounds of KSHMR Vol.3/KSHMR_Drums/KSHMR_Toms/KSHMR_Tom_Kits/KSHMR_Tom_Kit_10_02_Mid.wav,Samples 2021 ->/Sample Packs/Sounds of KSHMR Vol.3/KSHMR_Drums/KSHMR_Toms/KSHMR_Tom_Kits/KSHMR_Tom_Kit_10_02_Mid.wav,Percussion,Tom,,,,,Percussion,One-Shot,sprint_label=Tom,Sounds of KSHMR Vol.3,KSHMR_Drums,Sounds of KSHMR Vol.3||KSHMR_Drums||kshmr tom kit 10 02 mid,granularity_v1,20260911T104816,false,1.0,44100,2,93cb2c99fbd2b3f6b614bda6ebf488d01cd105366fdc4a3f87d73b5400674344
/Volumes/Jack_Gandy_1TB_SSD/Samples 2021 ->/Sample Packs/Sounds of KSHMR Vol.3/KSHMR_Drums/KSHMR_Transitions/KSHMR_Cymbal_Transitions/KSHMR_Cymbal_Transition_01.wav,Samples 2021 ->/Sample Packs/Sounds of KSHMR Vol.3/KSHMR_Drums/KSHMR_Transitions/KSHMR_Cymbal_Transitions/KSHMR_Cymbal_Transition_01.wav,Percussion,Shaker/Tambourine,,,,,Percussion,One-Shot,,Sounds of KSHMR Vol.3,KSHMR_Drums,Sounds of KSHMR Vol.3||KSHMR_Drums||kshmr cymbal transition,drums_v1,,false,5.1429,44100,2,9af939544d8c4b4329cd07c8efffd032ca774c79bfaf5c344d927a2f52f2b4b1
/Volumes/Jack_Gandy_1TB_SSD/Samples 2021 ->/Sample Packs/Sounds of KSHMR Vol.3/KSHMR_Drums/KSHMR_Transitions/KSHMR_Cymbal_Transitions/KSHMR_Cymbal_Transition_06.wav,Samples 2021 ->/Sample Packs/Sounds of KSHMR Vol.3/KSHMR_Drums/KSHMR_Transitions/KSHMR_Cymbal_Transitions/KSHMR_Cymbal_Transition_06.wav,Crash,,,,,,Crash,One-Shot,,Sounds of KSHMR Vol.3,KSHMR_Drums,Sounds of KSHMR Vol.3||KSHMR_Drums||kshmr cymbal transition,drums_v1,,false,8.3163,44100,2,eccba095757f35a0951295f2f7ec3933664c4110485fabba9e0a508109b61cc7
/Volumes/Jack_Gandy_1TB_SSD/Samples 2021 ->/Sample Packs/Sounds of KSHMR Vol.3/KSHMR_Drums_Loops/KSHMR_Drum_Loops_Full/KSHMR_Acoustic_Drum_Loops/KSHMR_Acoustic_Drum_Loop_09_115_Tom.wav,Samples 2021 ->/Sample Packs/Sounds of KSHMR Vol.3/KSHMR_Drums_Loops/KSHMR_Drum_Loops_Full/KSHMR_Acoustic_Drum_Loops/KSHMR_Acoustic_Drum_Loop_09_115_Tom.wav,Drum Loop,,,,,,Drum,Loop,,Sounds of KSHMR Vol.3,KSHMR_Drums_Loops,Sounds of KSHMR Vol.3||KSHMR_Drums_Loops||kshmr acoustic drum loop 09 115 tom,granularity_v1,20260911T104816,false,4.1739,44100,2,becd1b1e0bd9c8626714313624847e7ec4022c1100422addeb2b82e4aefa8f4d
/Volumes/Jack_Gandy_1TB_SSD/Samples 2021 ->/Sample Packs/Sounds of KSHMR Vol.3/KSHMR_Drums_Loops/KSHMR_Drum_Loops_Full/KSHMR_Break_Beat_Loops/KSHMR_Break_Beat_Loop_03_128.wav,Samples 2021 ->/Sample Packs/Sounds of KSHMR Vol.3/KSHMR_Drums_Loops/KSHMR_Drum_Loops_Full/KSHMR_Break_Beat_Loops/KSHMR_Break_Beat_Loop_03_128.wav,Drum Loop,,,,,,Drum,Loop,,Sounds of KSHMR Vol.3,KSHMR_Drums_Loops,Sounds of KSHMR Vol.3||KSHMR_Drums_Loops||kshmr break beat loop 03,drums_v1,,false,7.5,44100,2,8fc81c9bc37a139dfb5c0909037c011571a27d652ad9e500075a356408e5102e
/Volumes/Jack_Gandy_1TB_SSD/Samples 2021 ->/Sample Packs/Sounds of KSHMR Vol.3/KSHMR_Drums_Loops/KSHMR_Drum_Loops_Full/KSHMR_Cinematic_Drum_Loops/KSHMR_Cinematic_Drum_Loop_48_128_Triplet.wav,Samples 2021 ->/Sample Packs/Sounds of KSHMR Vol.3/KSHMR_Drums_Loops/KSHMR_Drum_Loops_Full/KSHMR_Cinematic_Drum_Loops/KSHMR_Cinematic_Drum_Loop_48_128_Triplet.wav,Drum Loop,,,,,,Drum,Loop,,Sounds of KSHMR Vol.3,KSHMR_Drums_Loops,Sounds of KSHMR Vol.3||KSHMR_Drums_Loops||kshmr cinematic drum loop 48 128 triplet,drums_v1,,false,7.5,44100,2,5eb2702830baf0a766b8c91b958fd6fc269d43e23249bbf54ba1b7b4ac99c6e9
/Volumes/Jack_Gandy_1TB_SSD/Samples 2021 ->/Sample Packs/Sounds of KSHMR Vol.3/KSHMR_Drums_Loops/KSHMR_Drum_Loops_Full/KSHMR_Ethnic_Drum_Loops/KSHMR_Ethnic_Drum_Loop_48_150.wav,Samples 2021 ->/Sample Packs/Sounds of KSHMR Vol.3/KSHMR_Drums_Loops/KSHMR_Drum_Loops_Full/KSHMR_Ethnic_Drum_Loops/KSHMR_Ethnic_Drum_Loop_48_150.wav,Drum Loop,,,,,,Drum,Loop,,Sounds of KSHMR Vol.3,KSHMR_Drums_Loops,Sounds of KSHMR Vol.3||KSHMR_Drums_Loops||kshmr ethnic drum loop 48,drums_v1,,false,6.4,44100,2,c92565557be51bd52b9f2c0dce0281d3916d47cd123492c5aa9bb93e65a2cc58
/Volumes/Jack_Gandy_1TB_SSD/Samples 2021 ->/Sample Packs/Sounds of KSHMR Vol.3/KSHMR_Drums_Loops/KSHMR_Drum_Loops_Full/KSHMR_Hip_Hop_Drum_Loops/KSHMR_Hip_Hop_Full_Loops/KSHMR_Hip_Hop_Drum_Loop_26_150.wav,Samples 2021 ->/Sample Packs/Sounds of KSHMR Vol.3/KSHMR_Drums_Loops/KSHMR_Drum_Loops_Full/KSHMR_Hip_Hop_Drum_Loops/KSHMR_Hip_Hop_Full_Loops/KSHMR_Hip_Hop_Drum_Loop_26_150.wav,Drum Loop,,,,,,Drum,Loop,,Sounds of KSHMR Vol.3,KSHMR_Drums_Loops,Sounds of KSHMR Vol.3||KSHMR_Drums_Loops||kshmr hip hop drum loop 26,drums_v1,,false,6.4,44100,2,c30f848935a4457bd4422e6261dbec880e07446ae480590cf1e5146ca512753a
/Volumes/Jack_Gandy_1TB_SSD/Samples 2021 ->/Sample Packs/Sounds of KSHMR Vol.3/KSHMR_Drums_Loops/KSHMR_Drum_Loops_Full/KSHMR_Hip_Hop_Drum_Loops/KSHMR_Hip_Hop_Top_Loops/KSHMR_Hip_Hop_Top_Loop_09_110.wav,Samples 2021 ->/Sample Packs/Sounds of KSHMR Vol.3/KSHMR_Drums_Loops/KSHMR_Drum_Loops_Full/KSHMR_Hip_Hop_Drum_Loops/KSHMR_Hip_Hop_Top_Loops/KSHMR_Hip_Hop_Top_Loop_09_110.wav,Hi-Hat Loop,,,,,,Hi-Hat,Loop,,Sounds of KSHMR Vol.3,KSHMR_Drums_Loops,Sounds of KSHMR Vol.3||KSHMR_Drums_Loops||kshmr hip hop top loop 09,granularity_v1,20260911T104121,false,8.7273,44100,2,c955e0e6f4478b9706bab2ead51bb9410b0487fe8541aa67bddecff99d1de9bd
/Volumes/Jack_Gandy_1TB_SSD/Samples 2021 ->/Sample Packs/Sounds of KSHMR Vol.3/KSHMR_Drums_Loops/KSHMR_Drum_Loops_Full/KSHMR_Hip_Hop_Drum_Loops/KSHMR_Hip_Hop_Top_Loops/KSHMR_Hip_Hop_Top_Loop_15_128.wav,Samples 2021 ->/Sample Packs/Sounds of KSHMR Vol.3/KSHMR_Drums_Loops/KSHMR_Drum_Loops_Full/KSHMR_Hip_Hop_Drum_Loops/KSHMR_Hip_Hop_Top_Loops/KSHMR_Hip_Hop_Top_Loop_15_128.wav,Percussion Loop,,,,,,Percussion,Loop,,Sounds of KSHMR Vol.3,KSHMR_Drums_Loops,Sounds of KSHMR Vol.3||KSHMR_Drums_Loops||kshmr hip hop top loop 15,granularity_v1,20260911T104121,false,7.5,44100,2,91306b0ff6f0649066d23bc8ecf7c7fa9483daa41e4b3284d217d24efac621f3
/Volumes/Jack_Gandy_1TB_SSD/Samples 2021 ->/Sample Packs/Sounds of KSHMR Vol.3/KSHMR_Drums_Loops/KSHMR_Drum_Loops_Full/KSHMR_Moombah_Loops/KSHMR_Moombah_Drum_Loop_13_120.wav,Samples 2021 ->/Sample Packs/Sounds of KSHMR Vol.3/KSHMR_Drums_Loops/KSHMR_Drum_Loops_Full/KSHMR_Moombah_Loops/KSHMR_Moombah_Drum_Loop_13_120.wav,Percussion Loop,,,,,,Percussion,Loop,,Sounds of KSHMR Vol.3,KSHMR_Drums_Loops,Sounds of KSHMR Vol.3||KSHMR_Drums_Loops||kshmr moombah drum loop 13,domain_coverage_v1,20260910T171406,false,8.0,44100,2,e6a807604b4a9f2f1a0f2b2546f3c317227b21007bd552879a9483e59791ba00
/Volumes/Jack_Gandy_1TB_SSD/Samples 2021 ->/Sample Packs/Sounds of KSHMR Vol.3/KSHMR_Drums_Loops/KSHMR_Drum_Loops_Full/KSHMR_Percussion_Loops/KSHMR_Percussion_Loop_16_105_Brazil.wav,Samples 2021 ->/Sample Packs/Sounds of KSHMR Vol.3/KSHMR_Drums_Loops/KSHMR_Drum_Loops_Full/KSHMR_Percussion_Loops/KSHMR_Percussion_Loop_16_105_Brazil.wav,Percussion Loop,,,,,,Percussion,Loop,,Sounds of KSHMR Vol.3,KSHMR_Drums_Loops,Sounds of KSHMR Vol.3||KSHMR_Drums_Loops||kshmr percussion loop 16 105 brazil,drums_v1,,false,4.573,44100,2,684a49676c91dc70848380c613edde9a698d0b41ecc37142a7125c1797a04dd7
/Volumes/Jack_Gandy_1TB_SSD/Samples 2021 ->/Sample Packs/Sounds of KSHMR Vol.3/KSHMR_Drums_Loops/KSHMR_Drum_Loops_Full/KSHMR_Percussion_Loops/KSHMR_Percussion_Loop_28_128.wav,Samples 2021 ->/Sample Packs/Sounds of KSHMR Vol.3/KSHMR_Drums_Loops/KSHMR_Drum_Loops_Full/KSHMR_Percussion_Loops/KSHMR_Percussion_Loop_28_128.wav,Percussion Loop,,,,,,Percussion,Loop,,Sounds of KSHMR Vol.3,KSHMR_Drums_Loops,Sounds of KSHMR Vol.3||KSHMR_Drums_Loops||kshmr percussion loop 28,drums_v1,,false,1.875,44100,2,06ad5899d5aeaf36d1186e6b61d3645a51bfdd9be3683ce5bc14016adc9784d2
/Volumes/Jack_Gandy_1TB_SSD/Samples 2021 ->/Sample Packs/Sounds of KSHMR Vol.3/KSHMR_Drums_Loops/KSHMR_Drum_Loops_Full/KSHMR_Stadium_Loops/KSHMR_Stadium_Loop_03_128.wav,Samples 2021 ->/Sample Packs/Sounds of KSHMR Vol.3/KSHMR_Drums_Loops/KSHMR_Drum_Loops_Full/KSHMR_Stadium_Loops/KSHMR_Stadium_Loop_03_128.wav,Vocal Loop,,,,,,Vocal,Loop,,Sounds of KSHMR Vol.3,KSHMR_Drums_Loops,Sounds of KSHMR Vol.3||KSHMR_Drums_Loops||kshmr stadium loop 03,domain_coverage_v1,20260910T165711,false,7.5,44100,2,8b7b56e3445c662f8154b3bf9793a8c0116886db0ee6893ca54082f91381343c
/Volumes/Jack_Gandy_1TB_SSD/Samples 2021 ->/Sample Packs/Sounds of KSHMR Vol.3/KSHMR_Drums_Loops/KSHMR_Drum_Loops_Full/KSHMR_Top_Loops/KSHMR_Top_Loops_120-128/KSHMR_Top_Loop_13_128.wav,Samples 2021 ->/Sample Packs/Sounds of KSHMR Vol.3/KSHMR_Drums_Loops/KSHMR_Drum_Loops_Full/KSHMR_Top_Loops/KSHMR_Top_Loops_120-128/KSHMR_Top_Loop_13_128.wav,Top Loop,,,,,,Percussion,Loop,,Sounds of KSHMR Vol.3,KSHMR_Drums_Loops,Sounds of KSHMR Vol.3||KSHMR_Drums_Loops||kshmr top loop 13,granularity_v1,20260911T104121,false,7.5,44100,2,165a7325980ffd2f1df4fe85486c802ed0122850ef94e122ba3c871fb7a97027
/Volumes/Jack_Gandy_1TB_SSD/Samples 2021 ->/Sample Packs/Sounds of KSHMR Vol.3/KSHMR_Drums_Loops/KSHMR_Drum_Loops_Full/KSHMR_Top_Loops/KSHMR_Top_Loops_120-128/KSHMR_Top_Loop_20_128.wav,Samples 2021 ->/Sample Packs/Sounds of KSHMR Vol.3/KSHMR_Drums_Loops/KSHMR_Drum_Loops_Full/KSHMR_Top_Loops/KSHMR_Top_Loops_120-128/KSHMR_Top_Loop_20_128.wav,Top Loop,,,,,,Percussion,Loop,,Sounds of KSHMR Vol.3,KSHMR_Drums_Loops,Sounds of KSHMR Vol.3||KSHMR_Drums_Loops||kshmr top loop 20,granularity_v1,20260911T104121,false,1.875,44100,2,cab08bf1ee8e70892a2991c3868242b01028cf463d92377e8db0f75531e74ced
/Volumes/Jack_Gandy_1TB_SSD/Samples 2021 ->/Sample Packs/Sounds of KSHMR Vol.3/KSHMR_Drums_Loops/KSHMR_Drum_Loops_Full/KSHMR_Top_Loops/KSHMR_Top_Loops_129-200/KSHMR_Top_Loop_01_129.wav,Samples 2021 ->/Sample Packs/Sounds of KSHMR Vol.3/KSHMR_Drums_Loops/KSHMR_Drum_Loops_Full/KSHMR_Top_Loops/KSHMR_Top_Loops_129-200/KSHMR_Top_Loop_01_129.wav,Top Loop,,,,,,Percussion,Loop,,Sounds of KSHMR Vol.3,KSHMR_Drums_Loops,Sounds of KSHMR Vol.3||KSHMR_Drums_Loops||kshmr top loop 01,drums_v1,,false,3.721,44100,2,83c6854a4610884586d8c32b6a01815a694b88053ac990db86d2b530d07cdd0b
/Volumes/Jack_Gandy_1TB_SSD/Samples 2021 ->/Sample Packs/Sounds of KSHMR Vol.3/KSHMR_Drums_Loops/KSHMR_Drum_Loops_Full/KSHMR_Vintage_Soul_Loops/KSHMR_Vintage_Soul_Loop_15_110.wav,Samples 2021 ->/Sample Packs/Sounds of KSHMR Vol.3/KSHMR_Drums_Loops/KSHMR_Drum_Loops_Full/KSHMR_Vintage_Soul_Loops/KSHMR_Vintage_Soul_Loop_15_110.wav,Drum Loop,,,,,,Drum,Loop,,Sounds of KSHMR Vol.3,KSHMR_Drums_Loops,Sounds of KSHMR Vol.3||KSHMR_Drums_Loops||kshmr vintage soul loop 15,drums_v1,,false,8.7273,44100,2,ce0162b6a98f138d0535d831a33b1e1e6ff6b8b7a15a1043e1164e607157af17
/Volumes/Jack_Gandy_1TB_SSD/Samples 2021 ->/Sample Packs/Sounds of KSHMR Vol.3/KSHMR_Drums_Loops/KSHMR_Drum_Loops_Solo/KSHMR_Hihat_and_Cymbal_Loops/KSHMR_Acoustic_Hat_Loops/KSHMR_Acoustic_Hat_Loop_14_120.wav,Samples 2021 ->/Sample Packs/Sounds of KSHMR Vol.3/KSHMR_Drums_Loops/KSHMR_Drum_Loops_Solo/KSHMR_Hihat_and_Cymbal_Loops/KSHMR_Acoustic_Hat_Loops/KSHMR_Acoustic_Hat_Loop_14_120.wav,Hi-Hat Loop,,,,,,Hi-Hat,Loop,,Sounds of KSHMR Vol.3,KSHMR_Drums_Loops,Sounds of KSHMR Vol.3||KSHMR_Drums_Loops||kshmr acoustic hat loop 14,drums_v1,,false,4.0,44100,1,79ccb8db08ebe0890b1447eff96bd8612840a5dda382b3b22c5b681f925d4118
/Volumes/Jack_Gandy_1TB_SSD/Samples 2021 ->/Sample Packs/Sounds of KSHMR Vol.3/KSHMR_FX_Elements/KSHMR_Ambiance_and_Foley/KSHMR_Ambiance_Designed/KSHMR_Pretty_Strikes/KSHMR_Ambiance_Pretty_Strike_03_D#.wav,Samples 2021 ->/Sample Packs/Sounds of KSHMR Vol.3/KSHMR_FX_Elements/KSHMR_Ambiance_and_Foley/KSHMR_Ambiance_Designed/KSHMR_Pretty_Strikes/KSHMR_Ambiance_Pretty_Strike_03_D#.wav,Synth One-Shot,,,,,,Synth,One-Shot,,Sounds of KSHMR Vol.3,KSHMR_FX_Elements,Sounds of KSHMR Vol.3||KSHMR_FX_Elements||kshmr ambiance pretty strike 03 d#,domain_coverage_v1,20260910T171406,false,6.3659,44100,2,e626fff8893a146c6212e5aa2fbf4713d6493535b44ff4f4d6b154113198d9f6
/Volumes/Jack_Gandy_1TB_SSD/Samples 2021 ->/Sample Packs/Sounds of KSHMR Vol.3/KSHMR_FX_Elements/KSHMR_Glitches_and_Industrial/KSHMR_Industrial_Grime/KSHMR_Industrial_Grime_11_130_F.wav,Samples 2021 ->/Sample Packs/Sounds of KSHMR Vol.3/KSHMR_FX_Elements/KSHMR_Glitches_and_Industrial/KSHMR_Industrial_Grime/KSHMR_Industrial_Grime_11_130_F.wav,Drum Loop,,,,,,Drum,Loop,,Sounds of KSHMR Vol.3,KSHMR_FX_Elements,Sounds of KSHMR Vol.3||KSHMR_FX_Elements||kshmr industrial grime 11 130 f,granularity_v1,20260911T104816,false,3.6923,44100,2,1223480119557371e1739dca28d117a8cd447ffc602f9921cc7277f700fdd8d4
/Volumes/Jack_Gandy_1TB_SSD/Samples 2021 ->/Sample Packs/Sounds of KSHMR Vol.3/KSHMR_FX_Elements/KSHMR_War_Horns_and_Alarms/KSHMR_Air_Horns/KSHMR_Air_Horn_05_C#.wav,Samples 2021 ->/Sample Packs/Sounds of KSHMR Vol.3/KSHMR_FX_Elements/KSHMR_War_Horns_and_Alarms/KSHMR_Air_Horns/KSHMR_Air_Horn_05_C#.wav,Synth One-Shot,,,,,,Synth,One-Shot,,Sounds of KSHMR Vol.3,KSHMR_FX_Elements,Sounds of KSHMR Vol.3||KSHMR_FX_Elements||kshmr air horn 05 c#,domain_coverage_v1,20260910T165711,false,6.0,44100,2,4fd77225d8b90a533a4fdf3fb8150754ceddb377cc96e0b40f6de70bf1dc19fb
/Volumes/Jack_Gandy_1TB_SSD/Samples 2021 ->/Sample Packs/Sounds of KSHMR Vol.3/KSHMR_Fills/KSHMR_Acoustic_Fills/KSHMR_Acoustic_Fill_15_116.wav,Samples 2021 ->/Sample Packs/Sounds of KSHMR Vol.3/KSHMR_Fills/KSHMR_Acoustic_Fills/KSHMR_Acoustic_Fill_15_116.wav,Drum Fill,,,,,,Drum,Fill,,Sounds of KSHMR Vol.3,KSHMR_Fills,Sounds of KSHMR Vol.3||KSHMR_Fills||kshmr acoustic fill 15,domain_coverage_v1,20260910T171406,false,2.069,44100,2,dea054de92d4cbc89920027976f84aa6ffa6ab28e5a583d117d18e7b6c8e89eb
/Volumes/Jack_Gandy_1TB_SSD/Samples 2021 ->/Sample Packs/Sounds of KSHMR Vol.3/KSHMR_Fills/KSHMR_Signature_Fills/KSHMR_Signature_Fill_16_Doonka_2_128.wav,Samples 2021 ->/Sample Packs/Sounds of KSHMR Vol.3/KSHMR_Fills/KSHMR_Signature_Fills/KSHMR_Signature_Fill_16_Doonka_2_128.wav,Drum Fill,,,,,,Drum,Fill,,Sounds of KSHMR Vol.3,KSHMR_Fills,Sounds of KSHMR Vol.3||KSHMR_Fills||kshmr signature fill 16 doonka 2,domain_coverage_v1,20260910T171333,false,1.875,44100,2,e0b0c488a8a190ba24870e772f58bb8a0d8fe3c1feb1786ad4a8ccc979f6fec8
/Volumes/Jack_Gandy_1TB_SSD/Samples 2021 ->/Sample Packs/Sounds of KSHMR Vol.3/KSHMR_Fills/KSHMR_Tom_Fills/KSHMR3_Tom_Fill_11_110_Cinematic.wav,Samples 2021 ->/Sample Packs/Sounds of KSHMR Vol.3/KSHMR_Fills/KSHMR_Tom_Fills/KSHMR3_Tom_Fill_11_110_Cinematic.wav,Other/none,,other,,,,Rejection,Rejection,,Sounds of KSHMR Vol.3,KSHMR_Fills,Sounds of KSHMR Vol.3||KSHMR_Fills||kshmr3 tom fill 11 110 cinematic,granularity_v1,20260911T104816,false,1.0909,44100,2,65b76023199273b0cb995fad21ac2eac1d7307e4525fac234561de44c4a53774
/Volumes/Jack_Gandy_1TB_SSD/Samples 2021 ->/Sample Packs/Sounds of KSHMR Vol.3/KSHMR_Live_Instruments/KSHMR_Main_Instruments/KSHMR_Trumpet/KSHMR_Trumpet_04_104_Bm.wav,Samples 2021 ->/Sample Packs/Sounds of KSHMR Vol.3/KSHMR_Live_Instruments/KSHMR_Main_Instruments/KSHMR_Trumpet/KSHMR_Trumpet_04_104_Bm.wav,Percussion Loop,,,,,,Percussion,Loop,,Sounds of KSHMR Vol.3,KSHMR_Live_Instruments,Sounds of KSHMR Vol.3||KSHMR_Live_Instruments||kshmr trumpet 04 104 bm,domain_coverage_v1,20260910T165711,false,4.6154,44100,2,4db896fce655f89e820c9b5f9af4cbea9dbb1e36434db4b06b0fbad73f2d1a41
/Volumes/Jack_Gandy_1TB_SSD/Samples 2021 ->/Sample Packs/Sounds of KSHMR Vol.3/KSHMR_Live_Instruments/KSHMR_Main_Instruments/KSHMR_Violin/KSHMR_Violin_FX_04_Scary_C.wav,Samples 2021 ->/Sample Packs/Sounds of KSHMR Vol.3/KSHMR_Live_Instruments/KSHMR_Main_Instruments/KSHMR_Violin/KSHMR_Violin_FX_04_Scary_C.wav,SFX,,,,,,FX,One-Shot,,Sounds of KSHMR Vol.3,KSHMR_Live_Instruments,Sounds of KSHMR Vol.3||KSHMR_Live_Instruments||kshmr violin fx 04 scary c,granularity_v1,20260911T105134,false,3.4286,44100,2,25f85682f8cf8dff8d0da9f32c23e19ec6ae7f8fc2a05adde4f3e5e1badb6e51
/Volumes/Jack_Gandy_1TB_SSD/Samples 2021 ->/Sample Packs/Sounds of KSHMR Vol.3/KSHMR_Live_Instruments/KSHMR_Orchestral_Instruments/KSHMR_Brass/KSHMR_Brass_Sustains/KSHMR_Brass_Sustain_12_G.wav,Samples 2021 ->/Sample Packs/Sounds of KSHMR Vol.3/KSHMR_Live_Instruments/KSHMR_Orchestral_Instruments/KSHMR_Brass/KSHMR_Brass_Sustains/KSHMR_Brass_Sustain_12_G.wav,Bass Hit,,,,,,Bass,One-Shot,,Sounds of KSHMR Vol.3,KSHMR_Live_Instruments,Sounds of KSHMR Vol.3||KSHMR_Live_Instruments||kshmr brass sustain 12 g,domain_coverage_v1,20260910T171406,false,5.5714,44100,2,57d1da526fdbdd60feebdaac991f12e4e8c9e5060af4706b953541fa004a0c00
/Volumes/Jack_Gandy_1TB_SSD/Samples 2021 ->/Sample Packs/Sounds of KSHMR Vol.3/KSHMR_Song_Starters/KSHMR_Song_Starters_Hip_Hop/KSHMR_Song_Starter_Hip_Hop_Lord_Help_Me_170_G#m_A.wav,Samples 2021 ->/Sample Packs/Sounds of KSHMR Vol.3/KSHMR_Song_Starters/KSHMR_Song_Starters_Hip_Hop/KSHMR_Song_Starter_Hip_Hop_Lord_Help_Me_170_G#m_A.wav,Other/none,,mixed/full music,,,,Rejection,Rejection,,Sounds of KSHMR Vol.3,KSHMR_Song_Starters,Sounds of KSHMR Vol.3||KSHMR_Song_Starters||kshmr song starter hip hop lord help me 170 g#m a,domain_coverage_v1,20260910T171406,false,22.5883,44100,2,e49d6a49da3c582dbe49925c3c041afda330f3d5cbc94ab11fd32c3fccb271fb
/Volumes/Jack_Gandy_1TB_SSD/Samples 2021 ->/Sample Packs/Sounds of KSHMR Vol.3/KSHMR_Song_Starters/KSHMR_Song_Starters_Hip_Hop/KSHMR_Song_Starter_Hip_Hop_Mustard_90_Am.wav,Samples 2021 ->/Sample Packs/Sounds of KSHMR Vol.3/KSHMR_Song_Starters/KSHMR_Song_Starters_Hip_Hop/KSHMR_Song_Starter_Hip_Hop_Mustard_90_Am.wav,Other/none,,mixed/full music,,,,Rejection,Rejection,,Sounds of KSHMR Vol.3,KSHMR_Song_Starters,Sounds of KSHMR Vol.3||KSHMR_Song_Starters||kshmr song starter hip hop mustard 90 am,domain_coverage_v1,20260910T171406,false,10.6667,44100,2,856fa5dba15c9856f3213d1ae2d5c6edd089e7e79ab8560d4c549f9ebb69ee4f
/Volumes/Jack_Gandy_1TB_SSD/Samples 2021 ->/Sample Packs/Sounds of KSHMR Vol.3/KSHMR_Synths/KSHMR_Bass_PsyTrance/KSHMR_Psy_Bass_One_Shots/KSHMR_Psy_Bass_02_A.wav,Samples 2021 ->/Sample Packs/Sounds of KSHMR Vol.3/KSHMR_Synths/KSHMR_Bass_PsyTrance/KSHMR_Psy_Bass_One_Shots/KSHMR_Psy_Bass_02_A.wav,Bass Hit,,,,,,Bass,One-Shot,,Sounds of KSHMR Vol.3,KSHMR_Synths,Sounds of KSHMR Vol.3||KSHMR_Synths||kshmr psy bass 02 a,granularity_v1,20260911T104352,false,0.2051,44100,2,1f2c13e3a5ede06214047441b8634c47bca770c2dfdbfba60d17216bae69d3b4
/Volumes/Jack_Gandy_1TB_SSD/Samples 2021 ->/Sample Packs/Sounds of KSHMR Vol.3/KSHMR_Synths/KSHMR_Bass_PsyTrance/KSHMR_Psy_Bass_One_Shots/KSHMR_Psy_Bass_15_D#.wav,Samples 2021 ->/Sample Packs/Sounds of KSHMR Vol.3/KSHMR_Synths/KSHMR_Bass_PsyTrance/KSHMR_Psy_Bass_One_Shots/KSHMR_Psy_Bass_15_D#.wav,Bass Hit,,,,,,Bass,One-Shot,,Sounds of KSHMR Vol.3,KSHMR_Synths,Sounds of KSHMR Vol.3||KSHMR_Synths||kshmr psy bass 15 d#,granularity_v1,20260911T104352,false,0.4332,44100,2,d991e8aebbae360c1df244f4d6d485e7510e55ef1d3f29ded8c8f89c1605712c
/Volumes/Jack_Gandy_1TB_SSD/Samples 2021 ->/Sample Packs/Sounds of KSHMR Vol.3/KSHMR_Synths/KSHMR_Bass_PsyTrance/KSHMR_Psy_Bass_One_Shots/KSHMR_Psy_Bass_39_F.wav,Samples 2021 ->/Sample Packs/Sounds of KSHMR Vol.3/KSHMR_Synths/KSHMR_Bass_PsyTrance/KSHMR_Psy_Bass_One_Shots/KSHMR_Psy_Bass_39_F.wav,Bass Hit,,,,,,Bass,One-Shot,,Sounds of KSHMR Vol.3,KSHMR_Synths,Sounds of KSHMR Vol.3||KSHMR_Synths||kshmr psy bass 39 f,granularity_v1,20260911T104352,false,0.3451,44100,2,4cc41246ea57beca8880481c7bb14eec85cd5391f5cb57cd58086fd17115fb97
/Volumes/Jack_Gandy_1TB_SSD/Samples 2021 ->/Sample Packs/Sounds of KSHMR Vol.3/KSHMR_Synths/KSHMR_Bass_PsyTrance/KSHMR_Psy_Bass_One_Shots/KSHMR_Psy_Bass_43_F.wav,Samples 2021 ->/Sample Packs/Sounds of KSHMR Vol.3/KSHMR_Synths/KSHMR_Bass_PsyTrance/KSHMR_Psy_Bass_One_Shots/KSHMR_Psy_Bass_43_F.wav,Bass Hit,,,,,,Bass,One-Shot,,Sounds of KSHMR Vol.3,KSHMR_Synths,Sounds of KSHMR Vol.3||KSHMR_Synths||kshmr psy bass 43 f,granularity_v1,20260911T104352,false,0.4056,44100,2,8d7c7b850d86a78040c253937a9d853041365517c0136914251ecb951f137ae8
/Volumes/Jack_Gandy_1TB_SSD/Samples 2021 ->/Sample Packs/Sounds of KSHMR Vol.3/KSHMR_Synths/KSHMR_Bass_Shots/KSHMR_Bass_FX/KSHMR_Bass_FX_07_G#.wav,Samples 2021 ->/Sample Packs/Sounds of KSHMR Vol.3/KSHMR_Synths/KSHMR_Bass_Shots/KSHMR_Bass_FX/KSHMR_Bass_FX_07_G#.wav,Bass Hit,,,,,,Bass,One-Shot,,Sounds of KSHMR Vol.3,KSHMR_Synths,Sounds of KSHMR Vol.3||KSHMR_Synths||kshmr bass fx 07 g#,granularity_v1,20260911T104352,false,1.6,44100,2,4537f6a1465499b1797a5a7975eade5a4ed458377976a60f20633bfcbbc71f0d
/Volumes/Jack_Gandy_1TB_SSD/Samples 2021 ->/Sample Packs/Sounds of KSHMR Vol.3/KSHMR_Synths/KSHMR_Bass_Shots/KSHMR_Bass_Growl/KSHMR_Bass_Growl_03_D.wav,Samples 2021 ->/Sample Packs/Sounds of KSHMR Vol.3/KSHMR_Synths/KSHMR_Bass_Shots/KSHMR_Bass_Growl/KSHMR_Bass_Growl_03_D.wav,Bass Hit,,,,,,Bass,One-Shot,,Sounds of KSHMR Vol.3,KSHMR_Synths,Sounds of KSHMR Vol.3||KSHMR_Synths||kshmr bass growl 03 d,domain_coverage_v1,20260910T171406,false,0.6,44100,2,a4d8899da5a152b72b9570b93671d860e1d0d1405c8446c2344d2914c271e315
/Volumes/Jack_Gandy_1TB_SSD/Samples 2021 ->/Sample Packs/Sounds of KSHMR Vol.3/KSHMR_Synths/KSHMR_Bass_Shots/KSHMR_Bass_Pluck/KSHMR_Bass_Pluck_05_C.wav,Samples 2021 ->/Sample Packs/Sounds of KSHMR Vol.3/KSHMR_Synths/KSHMR_Bass_Shots/KSHMR_Bass_Pluck/KSHMR_Bass_Pluck_05_C.wav,Bass Hit,,,,,,Bass,One-Shot,,Sounds of KSHMR Vol.3,KSHMR_Synths,Sounds of KSHMR Vol.3||KSHMR_Synths||kshmr bass pluck 05 c,granularity_v1,20260911T104352,false,0.2753,44100,2,bcea20bccfb71e0dcb2bf051aedd10a9f1f663bdb74a09ca9bf573d397614c42
/Volumes/Jack_Gandy_1TB_SSD/Samples 2021 ->/Sample Packs/Sounds of KSHMR Vol.3/KSHMR_Synths/KSHMR_Bass_Shots/KSHMR_Bass_Stab/KSHMR_Bass_Shot_05_A.wav,Samples 2021 ->/Sample Packs/Sounds of KSHMR Vol.3/KSHMR_Synths/KSHMR_Bass_Shots/KSHMR_Bass_Stab/KSHMR_Bass_Shot_05_A.wav,Bass Hit,,,,,,Bass,One-Shot,,Sounds of KSHMR Vol.3,KSHMR_Synths,Sounds of KSHMR Vol.3||KSHMR_Synths||kshmr bass shot 05 a,granularity_v1,20260911T104352,false,0.7688,44100,2,2e8687e125e79c1b6949655aefb7c8ed292f064dedae179f38dea704ab84de8e
/Volumes/Jack_Gandy_1TB_SSD/Samples 2021 ->/Sample Packs/Sounds of KSHMR Vol.3/KSHMR_Synths/KSHMR_Synth_Arps/KSHMR_Synth_Arp_21_150_D.wav,Samples 2021 ->/Sample Packs/Sounds of KSHMR Vol.3/KSHMR_Synths/KSHMR_Synth_Arps/KSHMR_Synth_Arp_21_150_D.wav,Other/none,,mixed/full music,,,,Rejection,Rejection,,Sounds of KSHMR Vol.3,KSHMR_Synths,Sounds of KSHMR Vol.3||KSHMR_Synths||kshmr synth arp 21 150 d,domain_coverage_v1,20260910T165711,false,3.2,48000,2,b34af7a3cb73d46139b08ff825a62cdcd98b58124e0604c7910e6938a43f35d9
/Volumes/Jack_Gandy_1TB_SSD/Samples 2021 ->/Sample Packs/Sounds of KSHMR Vol.3/KSHMR_VIP_Friends_of_KSHMR/CROSSNADERS/CROSSNADERS_Bass_Shot_Damn_1_E.wav,Samples 2021 ->/Sample Packs/Sounds of KSHMR Vol.3/KSHMR_VIP_Friends_of_KSHMR/CROSSNADERS/CROSSNADERS_Bass_Shot_Damn_1_E.wav,Bass Hit,,,,,,Bass,One-Shot,,Sounds of KSHMR Vol.3,KSHMR_VIP_Friends_of_KSHMR,Sounds of KSHMR Vol.3||KSHMR_VIP_Friends_of_KSHMR||crossnaders bass shot damn 1 e,granularity_v1,20260911T104352,false,0.501,44100,2,8d9d05e8f0943f4ad8b5a41a572705b4327af1c3b1d3d63a4c3849108bbda25a
/Volumes/Jack_Gandy_1TB_SSD/Samples 2021 ->/Sample Packs/Sounds of KSHMR Vol.3/KSHMR_VIP_Friends_of_KSHMR/CROSSNADERS/CROSSNADERS_Lead_Pound_That_Low_02_E.wav,Samples 2021 ->/Sample Packs/Sounds of KSHMR Vol.3/KSHMR_VIP_Friends_of_KSHMR/CROSSNADERS/CROSSNADERS_Lead_Pound_That_Low_02_E.wav,Synth One-Shot,,,,,,Synth,One-Shot,,Sounds of KSHMR Vol.3,KSHMR_VIP_Friends_of_KSHMR,Sounds of KSHMR Vol.3||KSHMR_VIP_Friends_of_KSHMR||crossnaders lead pound that low 02 e,domain_coverage_v1,20260910T171406,false,1.6,44100,2,0f75b00d7c4f7b56ab9dea0abb00b20c7f9e37fb463c863e8d39673b674f3b10
/Volumes/Jack_Gandy_1TB_SSD/Samples 2021 ->/Sample Packs/Sounds of KSHMR Vol.3/KSHMR_VIP_Friends_of_KSHMR/MRBLACK/MRBLACK_Pluck_F#.wav,Samples 2021 ->/Sample Packs/Sounds of KSHMR Vol.3/KSHMR_VIP_Friends_of_KSHMR/MRBLACK/MRBLACK_Pluck_F#.wav,Synth Loop,,,,,,Synth,Loop,,Sounds of KSHMR Vol.3,KSHMR_VIP_Friends_of_KSHMR,Sounds of KSHMR Vol.3||KSHMR_VIP_Friends_of_KSHMR||mrblack pluck f#,domain_coverage_v1,20260910T171406,false,15.0,44100,2,8125044972f16984ed617bfb1609d83395d7db41377575540c4bf1d85d916edd
/Volumes/Jack_Gandy_1TB_SSD/Samples 2021 ->/Sample Packs/Sounds of KSHMR Vol.3/KSHMR_VIP_Friends_of_KSHMR/SHAUN_FRANK/SHAUN_FRANK_Top_Loop_1_119_.wav,Samples 2021 ->/Sample Packs/Sounds of KSHMR Vol.3/KSHMR_VIP_Friends_of_KSHMR/SHAUN_FRANK/SHAUN_FRANK_Top_Loop_1_119_.wav,Top Loop,,,,,,Percussion,Loop,,Sounds of KSHMR Vol.3,KSHMR_VIP_Friends_of_KSHMR,Sounds of KSHMR Vol.3||KSHMR_VIP_Friends_of_KSHMR||shaun frank top loop 1,granularity_v1,20260911T104121,false,16.1345,44100,2,d0571e4e7473b12e571bfd63fb31338aad686be215c54050c133111bbfce4e48
/Volumes/Jack_Gandy_1TB_SSD/Samples 2021 ->/Sample Packs/Sounds of KSHMR Vol.3/KSHMR_Vocals/KSHMR_Vocals_Ethnic/KSHMR_Indian_Vocals/KSHMR_Indian_Vocal_Freestyles/KSHMR_Indian_Freestyle_Vocal_26_Gm.wav,Samples 2021 ->/Sample Packs/Sounds of KSHMR Vol.3/KSHMR_Vocals/KSHMR_Vocals_Ethnic/KSHMR_Indian_Vocals/KSHMR_Indian_Vocal_Freestyles/KSHMR_Indian_Freestyle_Vocal_26_Gm.wav,Vocal Loop,,,,,,Vocal,Loop,,Sounds of KSHMR Vol.3,KSHMR_Vocals,Sounds of KSHMR Vol.3||KSHMR_Vocals||kshmr indian freestyle vocal 26 gm,domain_coverage_v1,20260910T171406,false,10.3825,44100,2,15d31f8dc937dd3430ad8c6d0322a4543ba7682337240f7edd064cac41d81973
/Volumes/Jack_Gandy_1TB_SSD/Samples 2021 ->/Sample Packs/Sounds of KSHMR Vol.3/KSHMR_Vocals/KSHMR_Vocals_Words_And_Phrases/KSHMR_Hype_Vocals/KSHMR_Hype_Vocal_26_Let_Me_See_You_Bounce_To_This.wav,Samples 2021 ->/Sample Packs/Sounds of KSHMR Vol.3/KSHMR_Vocals/KSHMR_Vocals_Words_And_Phrases/KSHMR_Hype_Vocals/KSHMR_Hype_Vocal_26_Let_Me_See_You_Bounce_To_This.wav,Vocal Loop,,,,,,Vocal,Loop,,Sounds of KSHMR Vol.3,KSHMR_Vocals,Sounds of KSHMR Vol.3||KSHMR_Vocals||kshmr hype vocal 26 let me see you bounce to this,domain_coverage_v1,20260910T165711,false,1.7344,44100,2,8a0f3902e447e68dadd4c683e7fd950d6c574fa439d2693c391fb13c79cec652
/Volumes/Jack_Gandy_1TB_SSD/Samples 2021 ->/Sample Packs/Sounds of KSHMR Vol.3/KSHMR_Vocals/KSHMR_Vocals_Words_And_Phrases/KSHMR_Hype_Vocals/KSHMR_Hype_Vocal_46_They_Love_It_When_I_Turn_Up_The_Bass.wav,Samples 2021 ->/Sample Packs/Sounds of KSHMR Vol.3/KSHMR_Vocals/KSHMR_Vocals_Words_And_Phrases/KSHMR_Hype_Vocals/KSHMR_Hype_Vocal_46_They_Love_It_When_I_Turn_Up_The_Bass.wav,Vocal One-Shot,,,,,,Vocal,One-Shot,recovered_from=Unknown; note=Vocal Loop,Sounds of KSHMR Vol.3,KSHMR_Vocals,Sounds of KSHMR Vol.3||KSHMR_Vocals||kshmr hype vocal 46 they love it when i turn up the bass,granularity_v1,20260911T104352,false,2.1429,44100,2,603826a4f7df51e29e32848bf2fde7b2b5f482ebfb50d99d3969f7c371d584c8
/Volumes/Jack_Gandy_1TB_SSD/Samples 2021 ->/Sample Packs/Sounds of KSHMR Vol.3/KSHMR_World_Sounds/KSHMR_Africa/KSHMR_Africa_PL_Kora_120_G.wav,Samples 2021 ->/Sample Packs/Sounds of KSHMR Vol.3/KSHMR_World_Sounds/KSHMR_Africa/KSHMR_Africa_PL_Kora_120_G.wav,Other/none,,mixed/full music,,,,Rejection,Rejection,,Sounds of KSHMR Vol.3,KSHMR_World_Sounds,Sounds of KSHMR Vol.3||KSHMR_World_Sounds||kshmr africa pl kora 120 g,domain_coverage_v1,20260910T165711,false,8.0,44100,2,6768d47220ce24335a2476355d7ca42f5868bccb867d664c2e7f8894b6de6e6e
/Volumes/Jack_Gandy_1TB_SSD/Samples 2021 ->/Sample Packs/Sounds of KSHMR Vol.3/KSHMR_World_Sounds/KSHMR_India/KSHMR_India_PL_Sitar_and_Percussion_Loop_80_C#.wav,Samples 2021 ->/Sample Packs/Sounds of KSHMR Vol.3/KSHMR_World_Sounds/KSHMR_India/KSHMR_India_PL_Sitar_and_Percussion_Loop_80_C#.wav,Percussion Loop,,,,,,Percussion,Loop,,Sounds of KSHMR Vol.3,KSHMR_World_Sounds,Sounds of KSHMR Vol.3||KSHMR_World_Sounds||kshmr india pl sitar and percussion loop 80 c#,granularity_v1,20260911T104816,false,3.0,44100,2,65165a5f66522fb64c754b22b04db2426c8ba7f4a3fa6a242b37bea665bd1ae4
/Volumes/Jack_Gandy_1TB_SSD/Samples 2021 ->/Sample Packs/Sounds of KSHMR Vol.3/KSHMR_World_Sounds/KSHMR_Latin_America/KSHMR_Latin_MX_Carnival_Anthem_115_Fm_Guitar.wav,Samples 2021 ->/Sample Packs/Sounds of KSHMR Vol.3/KSHMR_World_Sounds/KSHMR_Latin_America/KSHMR_Latin_MX_Carnival_Anthem_115_Fm_Guitar.wav,Other/none,,mixed/full music,,,,Rejection,Rejection,,Sounds of KSHMR Vol.3,KSHMR_World_Sounds,Sounds of KSHMR Vol.3||KSHMR_World_Sounds||kshmr latin mx carnival anthem 115 fm guitar,domain_coverage_v1,20260910T171406,false,16.6957,44100,2,b951104c56a8d11146257fc8fdea914753fafcbba0e9c4c84ecbb9239977e610
/Volumes/Jack_Gandy_1TB_SSD/Samples 2021 ->/Sample Packs/Teddy Killerz/Pro Drums/TK Serum Noises/TK Noise 1.wav,Samples 2021 ->/Sample Packs/Teddy Killerz/Pro Drums/TK Serum Noises/TK Noise 1.wav,Weather/Nature Atmos,,,,,,FX,Loop,,Teddy Killerz,Pro Drums,Teddy Killerz||Pro Drums||tk noise,domain_coverage_v1,20260910T165711,false,0.5173,44100,2,
/Volumes/Jack_Gandy_1TB_SSD/Samples 2021 ->/Sample Packs/Teddy Killerz/Pro Drums/TK Serum Noises/TK White Noise Stereo.wav,Samples 2021 ->/Sample Packs/Teddy Killerz/Pro Drums/TK Serum Noises/TK White Noise Stereo.wav,SFX,,,,,,FX,One-Shot,,Teddy Killerz,Pro Drums,Teddy Killerz||Pro Drums||tk white noise stereo,domain_coverage_v1,20260910T171406,false,5.5173,44100,2,
/Volumes/Jack_Gandy_1TB_SSD/Samples 2021 ->/Sample Packs/Teddy Killerz/Producer Pack (1)/Samples/Bass 174 BPM Fm - 12.wav,Samples 2021 ->/Sample Packs/Teddy Killerz/Producer Pack (1)/Samples/Bass 174 BPM Fm - 12.wav,Other/none,,ambiguous,,,,Rejection,Rejection,,Teddy Killerz,Producer Pack (1),Teddy Killerz||Producer Pack (1)||bass fm,domain_coverage_v1,20260910T165711,false,5.5173,44100,2,
/Volumes/Jack_Gandy_1TB_SSD/Samples 2021 ->/Sample Packs/Teddy Killerz/Producer Pack (1)/Samples/Drums Fill 174 BPM - 1.wav,Samples 2021 ->/Sample Packs/Teddy Killerz/Producer Pack (1)/Samples/Drums Fill 174 BPM - 1.wav,Drum Fill,,,,,,Drum,Fill,,Teddy Killerz,Producer Pack (1),Teddy Killerz||Producer Pack (1)||drums fill,domain_coverage_v1,20260910T171406,false,1.3793,44100,2,
/Volumes/Jack_Gandy_1TB_SSD/Samples 2021 ->/Sample Packs/Teddy Killerz/Producer Pack (1)/Samples/FX 174 BPM  - 1.wav,Samples 2021 ->/Sample Packs/Teddy Killerz/Producer Pack (1)/Samples/FX 174 BPM  - 1.wav,SFX,,,,,,FX,One-Shot,,Teddy Killerz,Producer Pack (1),Teddy Killerz||Producer Pack (1)||fx,domain_coverage_v1,20260910T173709,false,2.7586,44100,2,
/Volumes/Jack_Gandy_1TB_SSD/Samples 2021 ->/Sample Packs/Teddy Killerz/Producer Pack/Samples/Bass D#m 174 BPM - 6.wav,Samples 2021 ->/Sample Packs/Teddy Killerz/Producer Pack/Samples/Bass D#m 174 BPM - 6.wav,Synth Loop,,,,,,Synth,Loop,,Teddy Killerz,Producer Pack,Teddy Killerz||Producer Pack||bass d#m,domain_coverage_v1,20260910T173709,false,2.7586,44100,2,
/Volumes/Jack_Gandy_1TB_SSD/Samples 2021 ->/Sample Packs/Teddy Killerz/Producer Pack/Samples/Bass Dm 174 BPM - 10.wav,Samples 2021 ->/Sample Packs/Teddy Killerz/Producer Pack/Samples/Bass Dm 174 BPM - 10.wav,Other/none,,unsupported instrument,,,,Rejection,Rejection,,Teddy Killerz,Producer Pack,Teddy Killerz||Producer Pack||bass dm,domain_coverage_v1,20260910T165711,false,2.7586,44100,2,
/Volumes/Jack_Gandy_1TB_SSD/Samples 2021 ->/Sample Packs/Teddy Killerz/Producer Pack/Samples/Bass Em 174 BPM - 1.wav,Samples 2021 ->/Sample Packs/Teddy Killerz/Producer Pack/Samples/Bass Em 174 BPM - 1.wav,Other/none,,mixed/full music,,,,Rejection,Rejection,,Teddy Killerz,Producer Pack,Teddy Killerz||Producer Pack||bass em,domain_coverage_v1,20260910T171406,false,2.7586,44100,2,
/Volumes/Jack_Gandy_1TB_SSD/Samples 2021 ->/Sample Packs/Test Press Modestep Presents Bass and Breaks Vol 1/loops/drum_loops/TSP_MODESTEP_V1_174_drum_extras.wav,Samples 2021 ->/Sample Packs/Test Press Modestep Presents Bass and Breaks Vol 1/loops/drum_loops/TSP_MODESTEP_V1_174_drum_extras.wav,Drum Loop,,,,,,Drum,Loop,,Test Press Modestep Presents Bass and Breaks Vol 1,loops,Test Press Modestep Presents Bass and Breaks Vol 1||loops||tsp modestep v1 174 drum extras,drums_v1,,false,5.5173,44100,2,
/Volumes/Jack_Gandy_1TB_SSD/Samples 2021 ->/Sample Packs/Test Press Modestep Presents Bass and Breaks Vol 1/loops/drum_loops/TSP_MODESTEP_V1_78_drum_holla.wav,Samples 2021 ->/Sample Packs/Test Press Modestep Presents Bass and Breaks Vol 1/loops/drum_loops/TSP_MODESTEP_V1_78_drum_holla.wav,Drum Loop,,,,,,Drum,Loop,,Test Press Modestep Presents Bass and Breaks Vol 1,loops,Test Press Modestep Presents Bass and Breaks Vol 1||loops||tsp modestep v1 78 drum holla,drums_v1,,false,6.1538,44100,2,
"/Volumes/Jack_Gandy_1TB_SSD/Samples 2021 ->/Sample Packs/Textures - Dust, Dirt & Crackle Vol. 1/CPA_TDDC/CPA_TDDC/TDDC_WAV_LPS/TDDC_INSPIRATION_LPS/TDDC_80_Vapor_Em/TDDC_80_Vapor_VoxClarinet_Em.wav","Samples 2021 ->/Sample Packs/Textures - Dust, Dirt & Crackle Vol. 1/CPA_TDDC/CPA_TDDC/TDDC_WAV_LPS/TDDC_INSPIRATION_LPS/TDDC_80_Vapor_Em/TDDC_80_Vapor_VoxClarinet_Em.wav",Vocal Loop,,,,,,Vocal,Loop,,"Textures - Dust, Dirt & Crackle Vol. 1",CPA_TDDC,"Textures - Dust, Dirt & Crackle Vol. 1||CPA_TDDC||tddc 80 vapor voxclarinet em",domain_coverage_v1,20260910T171406,false,12.0,44100,2,
"/Volumes/Jack_Gandy_1TB_SSD/Samples 2021 ->/Sample Packs/Textures - Dust, Dirt & Crackle Vol. 1/CPA_TDDC/CPA_TDDC/TDDC_WAV_LPS/TDDC_INSPIRATION_LPS/TDDC_90_PortoSound_Am/TDDC_90_PortoSound_Flute_Lead_Am.wav","Samples 2021 ->/Sample Packs/Textures - Dust, Dirt & Crackle Vol. 1/CPA_TDDC/CPA_TDDC/TDDC_WAV_LPS/TDDC_INSPIRATION_LPS/TDDC_90_PortoSound_Am/TDDC_90_PortoSound_Flute_Lead_Am.wav",Percussion Loop,,,,,,Percussion,Loop,,"Textures - Dust, Dirt & Crackle Vol. 1",CPA_TDDC,"Textures - Dust, Dirt & Crackle Vol. 1||CPA_TDDC||tddc 90 portosound flute lead am",domain_coverage_v1,20260910T165711,false,10.6667,44100,2,
/Volumes/Jack_Gandy_1TB_SSD/Samples 2021 ->/Sample Packs/The Alchemist - Drummo/Adam's Hat.wav,Samples 2021 ->/Sample Packs/The Alchemist - Drummo/Adam's Hat.wav,Drum Loop,,,,,,Drum,Loop,,The Alchemist - Drummo,The Alchemist - Drummo,The Alchemist - Drummo||The Alchemist - Drummo||adam's hat,domain_coverage_v1,20260910T165711,false,43.5358,48000,2,
/Volumes/Jack_Gandy_1TB_SSD/Samples 2021 ->/Sample Packs/Tropical House By Singular Sounds/SS_tropical_house_pack/SS_drum_loops/SS_98_carry_on_drum_loop_no_kick.wav,Samples 2021 ->/Sample Packs/Tropical House By Singular Sounds/SS_tropical_house_pack/SS_drum_loops/SS_98_carry_on_drum_loop_no_kick.wav,Top Loop,,,,,,Percussion,Loop,,Tropical House By Singular Sounds,SS_tropical_house_pack,Tropical House By Singular Sounds||SS_tropical_house_pack||ss 98 carry on drum loop no kick,domain_coverage_v1,20260910T171406,false,9.7959,44100,2,
/Volumes/Jack_Gandy_1TB_SSD/Samples 2021 ->/Sample Packs/Tropical House By Singular Sounds/SS_tropical_house_pack/SS_melody_loops/SS_100_Bbm_i_see_thunder_plucks.wav,Samples 2021 ->/Sample Packs/Tropical House By Singular Sounds/SS_tropical_house_pack/SS_melody_loops/SS_100_Bbm_i_see_thunder_plucks.wav,Synth Loop,,,,,,Synth,Loop,ground_truth_override=Other/none,Tropical House By Singular Sounds,SS_tropical_house_pack,Tropical House By Singular Sounds||SS_tropical_house_pack||ss 100 bbm i see thunder plucks,granularity_v1,20260911T111240,false,19.2,44100,2,
/Volumes/Jack_Gandy_1TB_SSD/Samples 2021 ->/Sample Packs/Tropical House/PL0423_ACID_WAV_Tropical_House/Prime_Loops_-_Tropical_House/Loops/Pad_Loops/Bpm100_F_Shore_Pads.wav,Samples 2021 ->/Sample Packs/Tropical House/PL0423_ACID_WAV_Tropical_House/Prime_Loops_-_Tropical_House/Loops/Pad_Loops/Bpm100_F_Shore_Pads.wav,Pad,,,,,,Synth,One-Shot,,Tropical House,PL0423_ACID_WAV_Tropical_House,Tropical House||PL0423_ACID_WAV_Tropical_House||f shore pads,domain_coverage_v1,20260910T165711,false,9.6,44100,2,
/Volumes/Jack_Gandy_1TB_SSD/Samples 2021 ->/Sample Packs/Virtual Riot/PATREON GOODIES/Virtual Riot Bass Hits 2/F_Sicko28.wav,Samples 2021 ->/Sample Packs/Virtual Riot/PATREON GOODIES/Virtual Riot Bass Hits 2/F_Sicko28.wav,Other/none,,mixed/full music,,,,Rejection,Rejection,,Virtual Riot,PATREON GOODIES,Virtual Riot||PATREON GOODIES||f sicko28,domain_coverage_v1,20260910T171406,false,0.8,44100,2,
/Volumes/Jack_Gandy_1TB_SSD/Samples 2021 ->/Sample Packs/Virtual Riot/PATREON GOODIES/Virtual Riot Bass Hits 3/F_RiddimShot14.wav,Samples 2021 ->/Sample Packs/Virtual Riot/PATREON GOODIES/Virtual Riot Bass Hits 3/F_RiddimShot14.wav,Percussion Loop,,,,,,Percussion,Loop,,Virtual Riot,PATREON GOODIES,Virtual Riot||PATREON GOODIES||f riddimshot14,domain_coverage_v1,20260910T165711,false,0.5357,44100,2,
/Volumes/Jack_Gandy_1TB_SSD/Samples 2021 ->/Sample Packs/Virtual Riot/Studio Time EP4 - Serum Hacks Files/Serum Wavetables/VR - Sine Remapped/Sine16.wav.wav,Samples 2021 ->/Sample Packs/Virtual Riot/Studio Time EP4 - Serum Hacks Files/Serum Wavetables/VR - Sine Remapped/Sine16.wav.wav,SFX,,,,,,FX,One-Shot,,Virtual Riot,Studio Time EP4 - Serum Hacks Files,Virtual Riot||Studio Time EP4 - Serum Hacks Files||sine16 wav,domain_coverage_v1,20260910T165711,false,11.8886,44100,1,
/Volumes/Jack_Gandy_1TB_SSD/Samples 2021 ->/Sample Packs/Virtual Riot/Studio Time EP4 - Serum Hacks Files/Studio Time EP4 Project File/Samples/Processed/Reverse/X_Bamboo8 R.wav,Samples 2021 ->/Sample Packs/Virtual Riot/Studio Time EP4 - Serum Hacks Files/Studio Time EP4 Project File/Samples/Processed/Reverse/X_Bamboo8 R.wav,SFX,,,,,,FX,One-Shot,,Virtual Riot,Studio Time EP4 - Serum Hacks Files,Virtual Riot||Studio Time EP4 - Serum Hacks Files||x bamboo8 r,domain_coverage_v1,20260910T171406,false,0.6,44100,2,
/Volumes/Jack_Gandy_1TB_SSD/Samples 2021 ->/Sample Packs/Virtual Riot/Studio Time S2 EP2 - Drums And More Episode Files/BONUS Kitchen Foley Recordings from Old House/foley_hit_plastic_pop.wav,Samples 2021 ->/Sample Packs/Virtual Riot/Studio Time S2 EP2 - Drums And More Episode Files/BONUS Kitchen Foley Recordings from Old House/foley_hit_plastic_pop.wav,Foley,,,,,,Foley,One-Shot,,Virtual Riot,Studio Time S2 EP2 - Drums And More Episode Files,Virtual Riot||Studio Time S2 EP2 - Drums And More Episode Files||foley hit plastic pop,drums_v1,,false,0.4,44100,2,
/Volumes/Jack_Gandy_1TB_SSD/Samples 2021 ->/Sample Packs/Virtual Riot/Studio Time S2 EP2 - Drums And More Episode Files/BONUS Kitchen Foley Recordings from Old House/foley_hit_rim_click5.wav,Samples 2021 ->/Sample Packs/Virtual Riot/Studio Time S2 EP2 - Drums And More Episode Files/BONUS Kitchen Foley Recordings from Old House/foley_hit_rim_click5.wav,Foley,,,,,,Foley,One-Shot,,Virtual Riot,Studio Time S2 EP2 - Drums And More Episode Files,Virtual Riot||Studio Time S2 EP2 - Drums And More Episode Files||foley hit rim click5,granularity_v1,20260911T111240,false,0.4,44100,2,
/Volumes/Jack_Gandy_1TB_SSD/Samples 2021 ->/Sample Packs/Virtual Riot/Studio Time S2 EP2 - Drums And More Episode Files/BONUS Kitchen Foley Recordings from Old House/foley_hit_thump_kick1.wav,Samples 2021 ->/Sample Packs/Virtual Riot/Studio Time S2 EP2 - Drums And More Episode Files/BONUS Kitchen Foley Recordings from Old House/foley_hit_thump_kick1.wav,Percussion Loop,,,,,,Percussion,Loop,,Virtual Riot,Studio Time S2 EP2 - Drums And More Episode Files,Virtual Riot||Studio Time S2 EP2 - Drums And More Episode Files||foley hit thump kick1,drums_v1,,false,0.4,44100,2,
/Volumes/Jack_Gandy_1TB_SSD/Samples 2021 ->/Sample Packs/Virtual Riot/Studio Time S2 EP2 - Drums And More Episode Files/Drum One Shots/VR_Operator_Hat_Open7.wav,Samples 2021 ->/Sample Packs/Virtual Riot/Studio Time S2 EP2 - Drums And More Episode Files/Drum One Shots/VR_Operator_Hat_Open7.wav,Hi-Hat,,,,,,Hi-Hat,One-Shot,,Virtual Riot,Studio Time S2 EP2 - Drums And More Episode Files,Virtual Riot||Studio Time S2 EP2 - Drums And More Episode Files||vr operator hat open7,granularity_v1,20260911T104121,false,0.8571,44100,2,
/Volumes/Jack_Gandy_1TB_SSD/Samples 2021 ->/Sample Packs/Virtual Riot/Studio Time S2 EP2 - Drums And More Episode Files/ENDING SONG PROJECT FILE/freezes (for ableton to find if missing samples message appears)/Freeze 15-VR_ST_Foley_glassNote [2023-01-16 210802].wav,Samples 2021 ->/Sample Packs/Virtual Riot/Studio Time S2 EP2 - Drums And More Episode Files/ENDING SONG PROJECT FILE/freezes (for ableton to find if missing samples message appears)/Freeze 15-VR_ST_Foley_glassNote [2023-01-16 210802].wav,Foley,,,,,,Foley,One-Shot,,Virtual Riot,Studio Time S2 EP2 - Drums And More Episode Files,Virtual Riot||Studio Time S2 EP2 - Drums And More Episode Files||freeze 15 vr st foley glassnote,granularity_v1,20260911T105134,false,19.702,48000,2,
/Volumes/Jack_Gandy_1TB_SSD/Samples 2021 ->/Sample Packs/Virtual Riot/Studio Time S2 EP2 - Drums And More Episode Files/Raw Kitchen Foley Recordings/VR_ST_Foley_bagTap3.wav,Samples 2021 ->/Sample Packs/Virtual Riot/Studio Time S2 EP2 - Drums And More Episode Files/Raw Kitchen Foley Recordings/VR_ST_Foley_bagTap3.wav,Foley,,,,,,Foley,One-Shot,,Virtual Riot,Studio Time S2 EP2 - Drums And More Episode Files,Virtual Riot||Studio Time S2 EP2 - Drums And More Episode Files||vr st foley bagtap3,granularity_v1,20260911T105134,false,0.4,44100,2,
/Volumes/Jack_Gandy_1TB_SSD/Samples 2021 ->/Sample Packs/Virtual Riot/Studio Time S2 EP2 - Drums And More Episode Files/Raw Kitchen Foley Recordings/VR_ST_Foley_crispShaker2.wav,Samples 2021 ->/Sample Packs/Virtual Riot/Studio Time S2 EP2 - Drums And More Episode Files/Raw Kitchen Foley Recordings/VR_ST_Foley_crispShaker2.wav,Foley,,,,,,Foley,One-Shot,,Virtual Riot,Studio Time S2 EP2 - Drums And More Episode Files,Virtual Riot||Studio Time S2 EP2 - Drums And More Episode Files||vr st foley crispshaker2,domain_coverage_v1,20260910T165711,false,0.4,44100,2,
/Volumes/Jack_Gandy_1TB_SSD/Samples 2021 ->/Sample Packs/Virtual Riot/Studio Time S2 EP2 - Drums And More Episode Files/Raw Kitchen Foley Recordings/VR_ST_Foley_dishesHit3.wav,Samples 2021 ->/Sample Packs/Virtual Riot/Studio Time S2 EP2 - Drums And More Episode Files/Raw Kitchen Foley Recordings/VR_ST_Foley_dishesHit3.wav,Foley,,,,,,Foley,One-Shot,,Virtual Riot,Studio Time S2 EP2 - Drums And More Episode Files,Virtual Riot||Studio Time S2 EP2 - Drums And More Episode Files||vr st foley disheshit3,granularity_v1,20260911T105134,false,0.55,44100,2,
/Volumes/Jack_Gandy_1TB_SSD/Samples 2021 ->/Sample Packs/Virtual Riot/Studio Time S2 EP2 - Drums And More Episode Files/Raw Kitchen Foley Recordings/VR_ST_Foley_dishesRustle3.wav,Samples 2021 ->/Sample Packs/Virtual Riot/Studio Time S2 EP2 - Drums And More Episode Files/Raw Kitchen Foley Recordings/VR_ST_Foley_dishesRustle3.wav,Foley,,,,,,Foley,One-Shot,,Virtual Riot,Studio Time S2 EP2 - Drums And More Episode Files,Virtual Riot||Studio Time S2 EP2 - Drums And More Episode Files||vr st foley dishesrustle3,granularity_v1,20260911T105134,false,0.9,44100,2,
/Volumes/Jack_Gandy_1TB_SSD/Samples 2021 ->/Sample Packs/Virtual Riot/Studio Time S2 EP2 - Drums And More Episode Files/Raw Kitchen Foley Recordings/VR_ST_Foley_hitThump8.wav,Samples 2021 ->/Sample Packs/Virtual Riot/Studio Time S2 EP2 - Drums And More Episode Files/Raw Kitchen Foley Recordings/VR_ST_Foley_hitThump8.wav,Foley,,,,,,Foley,One-Shot,,Virtual Riot,Studio Time S2 EP2 - Drums And More Episode Files,Virtual Riot||Studio Time S2 EP2 - Drums And More Episode Files||vr st foley hitthump8,granularity_v1,20260911T105134,false,0.4,44100,2,
/Volumes/Jack_Gandy_1TB_SSD/Samples 2021 ->/Sample Packs/Virtual Riot/Studio Time S2 EP2 - Drums And More Episode Files/Raw Kitchen Foley Recordings/VR_ST_Foley_hollowPlonk4.wav,Samples 2021 ->/Sample Packs/Virtual Riot/Studio Time S2 EP2 - Drums And More Episode Files/Raw Kitchen Foley Recordings/VR_ST_Foley_hollowPlonk4.wav,Foley,,,,,,Foley,One-Shot,,Virtual Riot,Studio Time S2 EP2 - Drums And More Episode Files,Virtual Riot||Studio Time S2 EP2 - Drums And More Episode Files||vr st foley hollowplonk4,granularity_v1,20260911T105134,false,0.6789,44100,2,
/Volumes/Jack_Gandy_1TB_SSD/Samples 2021 ->/Sample Packs/Virtual Riot/Studio Time S2 EP2 - Drums And More Episode Files/Raw Kitchen Foley Recordings/VR_ST_Foley_manyGlasses.wav,Samples 2021 ->/Sample Packs/Virtual Riot/Studio Time S2 EP2 - Drums And More Episode Files/Raw Kitchen Foley Recordings/VR_ST_Foley_manyGlasses.wav,Foley,,,,,,Foley,One-Shot,,Virtual Riot,Studio Time S2 EP2 - Drums And More Episode Files,Virtual Riot||Studio Time S2 EP2 - Drums And More Episode Files||vr st foley manyglasses,domain_coverage_v1,20260910T171406,false,0.4,44100,2,
/Volumes/Jack_Gandy_1TB_SSD/Samples 2021 ->/Sample Packs/Virtual Riot/Studio Time S2 EP2 - Drums And More Episode Files/Raw Kitchen Foley Recordings/VR_ST_Foley_randomPerc.wav,Samples 2021 ->/Sample Packs/Virtual Riot/Studio Time S2 EP2 - Drums And More Episode Files/Raw Kitchen Foley Recordings/VR_ST_Foley_randomPerc.wav,Rimshot,,,,,,Rimshot,One-Shot,,Virtual Riot,Studio Time S2 EP2 - Drums And More Episode Files,Virtual Riot||Studio Time S2 EP2 - Drums And More Episode Files||vr st foley randomperc,drums_v1,,false,0.4,44100,2,
/Volumes/Jack_Gandy_1TB_SSD/Samples 2021 ->/Sample Packs/Virtual Riot/Studio Time S2 EP2 - Drums And More Episode Files/Raw Kitchen Foley Recordings/VR_ST_Foley_rimHit3.wav,Samples 2021 ->/Sample Packs/Virtual Riot/Studio Time S2 EP2 - Drums And More Episode Files/Raw Kitchen Foley Recordings/VR_ST_Foley_rimHit3.wav,Rimshot,,,,,,Rimshot,One-Shot,,Virtual Riot,Studio Time S2 EP2 - Drums And More Episode Files,Virtual Riot||Studio Time S2 EP2 - Drums And More Episode Files||vr st foley rimhit3,granularity_v1,20260911T104816,false,0.4,44100,2,
/Volumes/Jack_Gandy_1TB_SSD/Samples 2021 ->/Sample Packs/Virtual Riot/Studio Time S2 EP2 - Drums And More Episode Files/Raw Kitchen Foley Recordings/VR_ST_Foley_shaker4.wav,Samples 2021 ->/Sample Packs/Virtual Riot/Studio Time S2 EP2 - Drums And More Episode Files/Raw Kitchen Foley Recordings/VR_ST_Foley_shaker4.wav,Foley,,,,,,Foley,One-Shot,,Virtual Riot,Studio Time S2 EP2 - Drums And More Episode Files,Virtual Riot||Studio Time S2 EP2 - Drums And More Episode Files||vr st foley shaker4,granularity_v1,20260911T105134,false,0.55,44100,2,
/Volumes/Jack_Gandy_1TB_SSD/Samples 2021 ->/Sample Packs/Virtual Riot/Studio Time S2 EP2 - Drums And More Episode Files/Raw Kitchen Foley Recordings/VR_ST_Foley_softShaker2.wav,Samples 2021 ->/Sample Packs/Virtual Riot/Studio Time S2 EP2 - Drums And More Episode Files/Raw Kitchen Foley Recordings/VR_ST_Foley_softShaker2.wav,Other/none,,other,,,,Rejection,Rejection,,Virtual Riot,Studio Time S2 EP2 - Drums And More Episode Files,Virtual Riot||Studio Time S2 EP2 - Drums And More Episode Files||vr st foley softshaker2,granularity_v1,20260911T104816,false,0.4,44100,2,
/Volumes/Jack_Gandy_1TB_SSD/Samples 2021 ->/Sample Packs/Virtual Riot/Studio Time S2 EP2 - Drums And More Episode Files/Raw Kitchen Foley Recordings/VR_ST_Foley_spiceShaker4.wav,Samples 2021 ->/Sample Packs/Virtual Riot/Studio Time S2 EP2 - Drums And More Episode Files/Raw Kitchen Foley Recordings/VR_ST_Foley_spiceShaker4.wav,Foley,,,,,,Foley,One-Shot,,Virtual Riot,Studio Time S2 EP2 - Drums And More Episode Files,Virtual Riot||Studio Time S2 EP2 - Drums And More Episode Files||vr st foley spiceshaker4,granularity_v1,20260911T105134,false,0.4,44100,2,
/Volumes/Jack_Gandy_1TB_SSD/Samples 2021 ->/Sample Packs/Virtual Riot/Studio Time S2 EP2 - Drums And More Episode Files/Raw Kitchen Foley Recordings/VR_ST_Foley_spiceShaker5.wav,Samples 2021 ->/Sample Packs/Virtual Riot/Studio Time S2 EP2 - Drums And More Episode Files/Raw Kitchen Foley Recordings/VR_ST_Foley_spiceShaker5.wav,Percussion,Other Percussive Hit,,,,,Percussion,One-Shot,sprint_label=Other Percussive Hit,Virtual Riot,Studio Time S2 EP2 - Drums And More Episode Files,Virtual Riot||Studio Time S2 EP2 - Drums And More Episode Files||vr st foley spiceshaker5,granularity_v1,20260911T104816,false,0.4,44100,2,
/Volumes/Jack_Gandy_1TB_SSD/Samples 2021 ->/Sample Packs/Virtual Riot/Studio Time S2 EP2 - Drums And More Episode Files/Raw Kitchen Foley Recordings/VR_ST_Foley_spiceShaker6.wav,Samples 2021 ->/Sample Packs/Virtual Riot/Studio Time S2 EP2 - Drums And More Episode Files/Raw Kitchen Foley Recordings/VR_ST_Foley_spiceShaker6.wav,Foley,,,,,,Foley,One-Shot,,Virtual Riot,Studio Time S2 EP2 - Drums And More Episode Files,Virtual Riot||Studio Time S2 EP2 - Drums And More Episode Files||vr st foley spiceshaker6,granularity_v1,20260911T105134,false,0.4375,44100,2,
/Volumes/Jack_Gandy_1TB_SSD/Samples 2021 ->/Sample Packs/Virtual Riot/VR - Generative Chords & Melodies (MIDI Racks and Project files)/Chords + 2 Arp Layers & random sample selection Project/Samples/Imported/Rob Late - Pluck - Marimba Rattle (C).wav,Samples 2021 ->/Sample Packs/Virtual Riot/VR - Generative Chords & Melodies (MIDI Racks and Project files)/Chords + 2 Arp Layers & random sample selection Project/Samples/Imported/Rob Late - Pluck - Marimba Rattle (C).wav,Synth One-Shot,,,,,,Synth,One-Shot,,Virtual Riot,VR - Generative Chords & Melodies (MIDI Racks and Project files),Virtual Riot||VR - Generative Chords & Melodies (MIDI Racks and Project files)||rob late pluck marimba rattle (c),domain_coverage_v1,20260910T171406,false,2.0962,44100,2,
/Volumes/Jack_Gandy_1TB_SSD/Samples 2021 ->/Sample Packs/Virtual Riot/VR - Generative Chords & Melodies (MIDI Racks and Project files)/Chords + 2 Arp Layers & random sample selection Project/Samples/Imported/Rob Late - Synth - Hard Flick (C).wav,Samples 2021 ->/Sample Packs/Virtual Riot/VR - Generative Chords & Melodies (MIDI Racks and Project files)/Chords + 2 Arp Layers & random sample selection Project/Samples/Imported/Rob Late - Synth - Hard Flick (C).wav,Synth One-Shot,,,,,,Synth,One-Shot,,Virtual Riot,VR - Generative Chords & Melodies (MIDI Racks and Project files),Virtual Riot||VR - Generative Chords & Melodies (MIDI Racks and Project files)||rob late synth hard flick (c),domain_coverage_v1,20260910T165711,false,1.8508,44100,2,
/Volumes/Jack_Gandy_1TB_SSD/Samples 2021 ->/Sample Packs/Virtual Riot/VR Patreon Kicks & Snares/snares/BrightSnare12.wav,Samples 2021 ->/Sample Packs/Virtual Riot/VR Patreon Kicks & Snares/snares/BrightSnare12.wav,Snare,,,,,,Snare,One-Shot,,Virtual Riot,VR Patreon Kicks & Snares,Virtual Riot||VR Patreon Kicks & Snares||brightsnare12,domain_coverage_v1,20260910T171406,false,0.5,44100,2,
/Volumes/Jack_Gandy_1TB_SSD/Samples 2021 ->/Sample Packs/Virtual Riot/VR Patreon Kicks & Snares/snares/Snare_SuperPushed_ploink.wav,Samples 2021 ->/Sample Packs/Virtual Riot/VR Patreon Kicks & Snares/snares/Snare_SuperPushed_ploink.wav,Snare,,,,,,Snare,One-Shot,,Virtual Riot,VR Patreon Kicks & Snares,Virtual Riot||VR Patreon Kicks & Snares||snare superpushed ploink,domain_coverage_v1,20260910T165711,false,0.4,44100,2,
/Volumes/Jack_Gandy_1TB_SSD/Samples 2021 ->/Sample Packs/ZO2-THAI BREAKBEAT KIT VOL.1/Drum Loops/ZO2-THBK-DRUMLOOP-001-C.wav,Samples 2021 ->/Sample Packs/ZO2-THAI BREAKBEAT KIT VOL.1/Drum Loops/ZO2-THBK-DRUMLOOP-001-C.wav,Drum Loop,,,,,,Drum,Loop,,ZO2-THAI BREAKBEAT KIT VOL.1,Drum Loops,ZO2-THAI BREAKBEAT KIT VOL.1||Drum Loops||zo2 thbk drumloop 001 c,drums_v1,,false,3.6923,44100,2,
/Volumes/Jack_Gandy_1TB_SSD/Samples 2021 ->/Sample Packs/ZO2-THAI BREAKBEAT KIT VOL.1/Drum Loops/ZO2-THBK-DRUMLOOP-003-A.wav,Samples 2021 ->/Sample Packs/ZO2-THAI BREAKBEAT KIT VOL.1/Drum Loops/ZO2-THBK-DRUMLOOP-003-A.wav,Drum Loop,,,,,,Drum,Loop,,ZO2-THAI BREAKBEAT KIT VOL.1,Drum Loops,ZO2-THAI BREAKBEAT KIT VOL.1||Drum Loops||zo2 thbk drumloop 003 a,domain_coverage_v1,20260910T165711,false,3.6923,44100,2,
/Volumes/Jack_Gandy_1TB_SSD/Samples 2021 ->/Sample Packs/ZO2-THAI BREAKBEAT KIT VOL.1/Drum Loops/ZO2-THBK-DRUMLOOP-008-D.wav,Samples 2021 ->/Sample Packs/ZO2-THAI BREAKBEAT KIT VOL.1/Drum Loops/ZO2-THBK-DRUMLOOP-008-D.wav,Drum Loop,,,,,,Drum,Loop,,ZO2-THAI BREAKBEAT KIT VOL.1,Drum Loops,ZO2-THAI BREAKBEAT KIT VOL.1||Drum Loops||zo2 thbk drumloop 008 d,domain_coverage_v1,20260910T171406,false,3.6923,44100,2,
/Volumes/Jack_Gandy_1TB_SSD/Samples 2021 ->/Sample Packs/ZO2-THAI BREAKBEAT KIT VOL.1/Drum Loops/ZO2-THBK-DRUMLOOP-015-A.wav,Samples 2021 ->/Sample Packs/ZO2-THAI BREAKBEAT KIT VOL.1/Drum Loops/ZO2-THBK-DRUMLOOP-015-A.wav,Drum Loop,,,,,,Drum,Loop,,ZO2-THAI BREAKBEAT KIT VOL.1,Drum Loops,ZO2-THAI BREAKBEAT KIT VOL.1||Drum Loops||zo2 thbk drumloop 015 a,domain_coverage_v1,20260910T173709,false,3.6923,44100,2,
/Volumes/Jack_Gandy_1TB_SSD/Samples 2021 ->/Sample Packs/ZO2-THAI BREAKBEAT KIT VOL.1/Lead Loops/ZO2-THBK-LEAD-004.wav,Samples 2021 ->/Sample Packs/ZO2-THAI BREAKBEAT KIT VOL.1/Lead Loops/ZO2-THBK-LEAD-004.wav,Synth Loop,,,,,,Synth,Loop,ground_truth_override=Other/none,ZO2-THAI BREAKBEAT KIT VOL.1,Lead Loops,ZO2-THAI BREAKBEAT KIT VOL.1||Lead Loops||zo2 thbk lead,granularity_v1,20260911T111240,false,14.7692,44100,2,
/Volumes/Jack_Gandy_1TB_SSD/Samples 2021 ->/Sound For Games/Archive/Freeze Foley Delay [2024-03-20 164525].wav,Samples 2021 ->/Sound For Games/Archive/Freeze Foley Delay [2024-03-20 164525].wav,Foley,,,,,,Foley,One-Shot,,personal:Sound For Games,personal:Sound For Games/Archive,personal:Sound For Games||personal:Sound For Games/Archive||freeze foley delay,domain_coverage_v1,20260910T165711,false,5.0,48000,2,
/Volumes/Jack_Gandy_1TB_SSD/Samples 2021 ->/Sound For Games/Audio/Cars/326400__mornedelport__key-turning-key-turning-in-car-ignition-sfx.wav,Samples 2021 ->/Sound For Games/Audio/Cars/326400__mornedelport__key-turning-key-turning-in-car-ignition-sfx.wav,Foley Loop,,,,,,Foley,Loop,,personal:Sound For Games,personal:Sound For Games/Audio,personal:Sound For Games||personal:Sound For Games/Audio||326400 mornedelport key turning key turning in car ignition sfx,domain_coverage_v1,20260910T171406,false,26.0,48000,2,
/Volumes/Jack_Gandy_1TB_SSD/Samples 2021 ->/Sound For Games/Audio/Packs/PB - Footstep SFX/Footstep SFX/Leaves_Rustling.wav,Samples 2021 ->/Sound For Games/Audio/Packs/PB - Footstep SFX/Footstep SFX/Leaves_Rustling.wav,Foley Loop,,,,,,Foley,Loop,,personal:Sound For Games,personal:Sound For Games/Audio,personal:Sound For Games||personal:Sound For Games/Audio||leaves rustling,domain_coverage_v1,20260910T165519,false,21.264,48000,1,
/Volumes/Jack_Gandy_1TB_SSD/Samples 2021 ->/Sound For Games/Audio/Packs/PB - Footstep SFX/Footstep SFX/Puddle_Walking.wav,Samples 2021 ->/Sound For Games/Audio/Packs/PB - Footstep SFX/Footstep SFX/Puddle_Walking.wav,Weather/Nature Atmos,,,,,,FX,Loop,,personal:Sound For Games,personal:Sound For Games/Audio,personal:Sound For Games||personal:Sound For Games/Audio||puddle walking,domain_coverage_v1,20260910T171406,false,40.8074,48000,2,
/Volumes/Jack_Gandy_1TB_SSD/Samples 2021 ->/Sound For Games/Grenade_Collision 28 [2025-05-28 134454].wav,Samples 2021 ->/Sound For Games/Grenade_Collision 28 [2025-05-28 134454].wav,Foley,,,,,,Foley,One-Shot,,personal:Sound For Games,personal:Sound For Games/_loose,personal:Sound For Games||personal:Sound For Games/_loose||grenade collision,domain_coverage_v1,20260910T173709,false,39.0601,48000,2,
/Volumes/Jack_Gandy_1TB_SSD/Samples 2021 ->/Sound For Games/ObjectCollision_Shotgun_Shell_Bounce 33 [2025-05-28 115334].wav,Samples 2021 ->/Sound For Games/ObjectCollision_Shotgun_Shell_Bounce 33 [2025-05-28 115334].wav,Foley Loop,,,,,,Foley,Loop,,personal:Sound For Games,personal:Sound For Games/_loose,personal:Sound For Games||personal:Sound For Games/_loose||objectcollision shotgun shell bounce,domain_coverage_v1,20260910T165711,false,22.7143,48000,2,
/Volumes/Jack_Gandy_1TB_SSD/Samples 2021 ->/Sound For Games/SampleScience_Modern_Scifi_Sfx_Sample_Pack/Door 1.wav,Samples 2021 ->/Sound For Games/SampleScience_Modern_Scifi_Sfx_Sample_Pack/Door 1.wav,Rimshot,,,,,,Rimshot,One-Shot,,personal:Sound For Games,personal:Sound For Games/SampleScience_Modern_Scifi_Sfx_Sample_Pack,personal:Sound For Games||personal:Sound For Games/SampleScience_Modern_Scifi_Sfx_Sample_Pack||door,domain_coverage_v1,20260910T165711,false,1.2915,44100,2,
/Volumes/Jack_Gandy_1TB_SSD/Samples 2021 ->/Sound For Games/SampleScience_Modern_Scifi_Sfx_Sample_Pack/Horror 1.wav,Samples 2021 ->/Sound For Games/SampleScience_Modern_Scifi_Sfx_Sample_Pack/Horror 1.wav,SFX,,,,,,FX,One-Shot,,personal:Sound For Games,personal:Sound For Games/SampleScience_Modern_Scifi_Sfx_Sample_Pack,personal:Sound For Games||personal:Sound For Games/SampleScience_Modern_Scifi_Sfx_Sample_Pack||horror,domain_coverage_v1,20260910T171406,false,8.1622,44100,2,
/Volumes/Jack_Gandy_1TB_SSD/Samples 2021 ->/Sound For Games/SampleScience_Modern_Scifi_Sfx_Sample_Pack/Impact 30.wav,Samples 2021 ->/Sound For Games/SampleScience_Modern_Scifi_Sfx_Sample_Pack/Impact 30.wav,Impact,,,,,,FX,One-Shot,,personal:Sound For Games,personal:Sound For Games/SampleScience_Modern_Scifi_Sfx_Sample_Pack,personal:Sound For Games||personal:Sound For Games/SampleScience_Modern_Scifi_Sfx_Sample_Pack||impact,granularity_v1,20260911T105134,false,0.7895,44100,2,
/Volumes/Jack_Gandy_1TB_SSD/Samples 2021 ->/Sound For Games/SampleScience_Modern_Scifi_Sfx_Sample_Pack/Landing.wav,Samples 2021 ->/Sound For Games/SampleScience_Modern_Scifi_Sfx_Sample_Pack/Landing.wav,SFX,,,,,,FX,One-Shot,,personal:Sound For Games,personal:Sound For Games/SampleScience_Modern_Scifi_Sfx_Sample_Pack,personal:Sound For Games||personal:Sound For Games/SampleScience_Modern_Scifi_Sfx_Sample_Pack||landing,domain_coverage_v1,20260910T173709,false,4.8704,44100,2,
/Volumes/Jack_Gandy_1TB_SSD/Samples 2021 ->/Sound For Games/SampleScience_Modern_Scifi_Sfx_Sample_Pack/Sfx 20.wav,Samples 2021 ->/Sound For Games/SampleScience_Modern_Scifi_Sfx_Sample_Pack/Sfx 20.wav,SFX,,,,,,FX,One-Shot,,personal:Sound For Games,personal:Sound For Games/SampleScience_Modern_Scifi_Sfx_Sample_Pack,personal:Sound For Games||personal:Sound For Games/SampleScience_Modern_Scifi_Sfx_Sample_Pack||sfx,granularity_v1,20260911T105134,false,9.2895,44100,2,
/Volumes/Jack_Gandy_1TB_SSD/Samples 2021 ->/Sound For Games/wood [2025-05-28 113838].wav,Samples 2021 ->/Sound For Games/wood [2025-05-28 113838].wav,Foley,,,,,,Foley,One-Shot,,personal:Sound For Games,personal:Sound For Games/_loose,personal:Sound For Games||personal:Sound For Games/_loose||wood,domain_coverage_v1,20260910T171406,false,42.141,48000,2,
/Volumes/Jack_Gandy_1TB_SSD/Samples 2021 ->/Vocalist_Samples/BT/Kick BT Vintage Modern 1.wav,Samples 2021 ->/Vocalist_Samples/BT/Kick BT Vintage Modern 1.wav,Kick,,,,,,Kick,One-Shot,,personal:Vocalist_Samples,personal:Vocalist_Samples/BT,personal:Vocalist_Samples||personal:Vocalist_Samples/BT||kick bt vintage modern,domain_coverage_v1,20260910T165711,false,0.313,44100,2,
/Volumes/Jack_Gandy_1TB_SSD/Samples 2021 ->/Vocalist_Samples/BT/Snare BT Vintage Modern 1.wav,Samples 2021 ->/Vocalist_Samples/BT/Snare BT Vintage Modern 1.wav,Snare,,,,,,Snare,One-Shot,,personal:Vocalist_Samples,personal:Vocalist_Samples/BT,personal:Vocalist_Samples||personal:Vocalist_Samples/BT||snare bt vintage modern,domain_coverage_v1,20260910T171406,false,0.1839,44100,2,
/Volumes/Jack_Gandy_1TB_SSD/Samples 2021 ->/Vocalist_Samples/DJ Dahi/Loops/Drums[125] DJ Dahi.wav,Samples 2021 ->/Vocalist_Samples/DJ Dahi/Loops/Drums[125] DJ Dahi.wav,Drum Loop,,,,,,Drum,Loop,,personal:Vocalist_Samples,personal:Vocalist_Samples/DJ Dahi,personal:Vocalist_Samples||personal:Vocalist_Samples/DJ Dahi||drums dj dahi,domain_coverage_v1,20260910T165711,false,7.68,44100,2,
/Volumes/Jack_Gandy_1TB_SSD/Samples 2021 ->/Vocalist_Samples/Georgia/Loops/Combo[91] Georgia GeeMoneyMagic 1.wav,Samples 2021 ->/Vocalist_Samples/Georgia/Loops/Combo[91] Georgia GeeMoneyMagic 1.wav,Synth Loop,,,,,,Synth,Loop,,personal:Vocalist_Samples,personal:Vocalist_Samples/Georgia,personal:Vocalist_Samples||personal:Vocalist_Samples/Georgia||combo georgia geemoneymagic,domain_coverage_v1,20260910T173709,false,21.0989,44100,2,
/Volumes/Jack_Gandy_1TB_SSD/Samples 2021 ->/Vocalist_Samples/Georgia/Loops/Keytar[89] Georgia Trademark.wav,Samples 2021 ->/Vocalist_Samples/Georgia/Loops/Keytar[89] Georgia Trademark.wav,Other/none,,unsupported instrument,,,,Rejection,Rejection,,personal:Vocalist_Samples,personal:Vocalist_Samples/Georgia,personal:Vocalist_Samples||personal:Vocalist_Samples/Georgia||keytar georgia trademark,domain_coverage_v1,20260910T165711,false,32.3595,44100,2,
/Volumes/Jack_Gandy_1TB_SSD/Samples 2021 ->/Vocalist_Samples/Georgia/Loops/SFX[92] Georgia Alhambra Rock.wav,Samples 2021 ->/Vocalist_Samples/Georgia/Loops/SFX[92] Georgia Alhambra Rock.wav,SFX,,,,,,FX,One-Shot,,personal:Vocalist_Samples,personal:Vocalist_Samples/Georgia,personal:Vocalist_Samples||personal:Vocalist_Samples/Georgia||sfx georgia alhambra rock,domain_coverage_v1,20260910T171406,false,22.8261,44100,2,
/Volumes/Jack_Gandy_1TB_SSD/Samples 2021 ->/Vocalist_Samples/JXL/Loops/LowToms[80] JXL Community.wav,Samples 2021 ->/Vocalist_Samples/JXL/Loops/LowToms[80] JXL Community.wav,Top Loop,,,,,,Percussion,Loop,,personal:Vocalist_Samples,personal:Vocalist_Samples/JXL,personal:Vocalist_Samples||personal:Vocalist_Samples/JXL||lowtoms jxl community,domain_coverage_v1,20260910T171406,false,12.0,48000,2,
/Volumes/Jack_Gandy_1TB_SSD/Samples 2021 ->/Vocalist_Samples/JXL/Loops/Modular[80] JXL Community 1.wav,Samples 2021 ->/Vocalist_Samples/JXL/Loops/Modular[80] JXL Community 1.wav,Percussion Loop,,,,,,Percussion,Loop,,personal:Vocalist_Samples,personal:Vocalist_Samples/JXL,personal:Vocalist_Samples||personal:Vocalist_Samples/JXL||modular jxl community,domain_coverage_v1,20260910T165711,false,12.0,48000,2,
/Volumes/Jack_Gandy_1TB_SSD/Samples 2021 ->/Vocalist_Samples/Just Blaze/Cymbal JB 1.wav,Samples 2021 ->/Vocalist_Samples/Just Blaze/Cymbal JB 1.wav,Crash,,,,,,Crash,One-Shot,,personal:Vocalist_Samples,personal:Vocalist_Samples/Just Blaze,personal:Vocalist_Samples||personal:Vocalist_Samples/Just Blaze||cymbal jb,domain_coverage_v1,20260910T171406,false,8.0302,44100,2,
/Volumes/Jack_Gandy_1TB_SSD/Samples 2021 ->/Vocalist_Samples/Just Blaze/Sub JB.wav,Samples 2021 ->/Vocalist_Samples/Just Blaze/Sub JB.wav,Kick,,,,,,Kick,One-Shot,,personal:Vocalist_Samples,personal:Vocalist_Samples/Just Blaze,personal:Vocalist_Samples||personal:Vocalist_Samples/Just Blaze||sub jb,domain_coverage_v1,20260910T165711,false,1.7227,44100,2,
/Volumes/Jack_Gandy_1TB_SSD/Samples 2021 ->/Vocalist_Samples/Laurel Halo/Loops/Chord[120] LH EPianoFilter.wav,Samples 2021 ->/Vocalist_Samples/Laurel Halo/Loops/Chord[120] LH EPianoFilter.wav,Synth Loop,,,,,,Synth,Loop,,personal:Vocalist_Samples,personal:Vocalist_Samples/Laurel Halo,personal:Vocalist_Samples||personal:Vocalist_Samples/Laurel Halo||chord lh epianofilter,domain_coverage_v1,20260910T173709,false,16.0,44100,2,
/Volumes/Jack_Gandy_1TB_SSD/Samples 2021 ->/Vocalist_Samples/Laurel Halo/Loops/Mallet[120] LH FourthyVibes.wav,Samples 2021 ->/Vocalist_Samples/Laurel Halo/Loops/Mallet[120] LH FourthyVibes.wav,Other/none,,unsupported instrument,,,,Rejection,Rejection,,personal:Vocalist_Samples,personal:Vocalist_Samples/Laurel Halo,personal:Vocalist_Samples||personal:Vocalist_Samples/Laurel Halo||mallet lh fourthyvibes,domain_coverage_v1,20260910T165711,false,4.0,44100,2,
/Volumes/Jack_Gandy_1TB_SSD/Samples 2021 ->/Vocalist_Samples/Laurel Halo/Loops/SFX[129] LH FourFourFieldRecording.wav,Samples 2021 ->/Vocalist_Samples/Laurel Halo/Loops/SFX[129] LH FourFourFieldRecording.wav,Kick Loop,,,,,,Kick,Loop,,personal:Vocalist_Samples,personal:Vocalist_Samples/Laurel Halo,personal:Vocalist_Samples||personal:Vocalist_Samples/Laurel Halo||sfx lh fourfourfieldrecording,domain_coverage_v1,20260910T171406,false,3.721,44100,2,
/Volumes/Jack_Gandy_1TB_SSD/Samples 2021 ->/Vocalist_Samples/Miquela/Vocal Miquela 1.wav,Samples 2021 ->/Vocalist_Samples/Miquela/Vocal Miquela 1.wav,Vocal Loop,,,,,,Vocal,Loop,,personal:Vocalist_Samples,personal:Vocalist_Samples/Miquela,personal:Vocalist_Samples||personal:Vocalist_Samples/Miquela||vocal miquela,domain_coverage_v1,20260910T165711,false,2.4343,44100,2,
/Volumes/Jack_Gandy_1TB_SSD/Samples 2021 ->/Vocalist_Samples/No Idle/Clap No Idle 1.wav,Samples 2021 ->/Vocalist_Samples/No Idle/Clap No Idle 1.wav,Clap,,,,,,Clap,One-Shot,,personal:Vocalist_Samples,personal:Vocalist_Samples/No Idle,personal:Vocalist_Samples||personal:Vocalist_Samples/No Idle||clap no idle,domain_coverage_v1,20260910T165711,false,0.1335,44100,2,
/Volumes/Jack_Gandy_1TB_SSD/Samples 2021 ->/Vocalist_Samples/No Idle/Loops/Bass[145] No Idle.wav,Samples 2021 ->/Vocalist_Samples/No Idle/Loops/Bass[145] No Idle.wav,Bass Hit,,,,,,Bass,One-Shot,,personal:Vocalist_Samples,personal:Vocalist_Samples/No Idle,personal:Vocalist_Samples||personal:Vocalist_Samples/No Idle||bass no idle,domain_coverage_v1,20260910T171406,false,13.2414,44100,2,
/Volumes/Jack_Gandy_1TB_SSD/Samples 2021 ->/Vocalist_Samples/Philomene Tsongui/ClosedHH PT Acoustic.wav,Samples 2021 ->/Vocalist_Samples/Philomene Tsongui/ClosedHH PT Acoustic.wav,Hi-Hat,,,,,,Hi-Hat,One-Shot,,personal:Vocalist_Samples,personal:Vocalist_Samples/Philomene Tsongui,personal:Vocalist_Samples||personal:Vocalist_Samples/Philomene Tsongui||closedhh pt acoustic,domain_coverage_v1,20260910T171406,false,1.8486,44100,1,
/Volumes/Jack_Gandy_1TB_SSD/Samples 2021 ->/Vocalist_Samples/Philomene Tsongui/Loops/Drums[120] Philomene Tsongui.wav,Samples 2021 ->/Vocalist_Samples/Philomene Tsongui/Loops/Drums[120] Philomene Tsongui.wav,Drum Loop,,,,,,Drum,Loop,,personal:Vocalist_Samples,personal:Vocalist_Samples/Philomene Tsongui,personal:Vocalist_Samples||personal:Vocalist_Samples/Philomene Tsongui||drums philomene tsongui,drums_v1,,false,4.0,44100,2,
/Volumes/Jack_Gandy_1TB_SSD/Samples 2021 ->/Vocalist_Samples/Philomene Tsongui/Noise PT Electric.wav,Samples 2021 ->/Vocalist_Samples/Philomene Tsongui/Noise PT Electric.wav,Hi-Hat,,,,,,Hi-Hat,One-Shot,,personal:Vocalist_Samples,personal:Vocalist_Samples/Philomene Tsongui,personal:Vocalist_Samples||personal:Vocalist_Samples/Philomene Tsongui||noise pt electric,domain_coverage_v1,20260910T165711,false,0.576,44100,1,
/Volumes/Jack_Gandy_1TB_SSD/Samples 2021 ->/Vocalist_Samples/Philomene Tsongui/Snare PT Acoustic 1.wav,Samples 2021 ->/Vocalist_Samples/Philomene Tsongui/Snare PT Acoustic 1.wav,Snare,,,,,,Snare,One-Shot,,personal:Vocalist_Samples,personal:Vocalist_Samples/Philomene Tsongui,personal:Vocalist_Samples||personal:Vocalist_Samples/Philomene Tsongui||snare pt acoustic,domain_coverage_v1,20260910T173709,false,1.667,44100,1,
/Volumes/Jack_Gandy_1TB_SSD/Samples 2021 ->/Vocalist_Samples/Richard Devine/DarkTime RD Modular.wav,Samples 2021 ->/Vocalist_Samples/Richard Devine/DarkTime RD Modular.wav,Foley,,,,,,Foley,One-Shot,,personal:Vocalist_Samples,personal:Vocalist_Samples/Richard Devine,personal:Vocalist_Samples||personal:Vocalist_Samples/Richard Devine||darktime rd modular,domain_coverage_v1,20260910T165711,false,5.0,44100,2,
/Volumes/Jack_Gandy_1TB_SSD/Samples 2021 ->/Vocalist_Samples/Richard Devine/Switch RD Modular.wav,Samples 2021 ->/Vocalist_Samples/Richard Devine/Switch RD Modular.wav,Foley,,,,,,Foley,One-Shot,,personal:Vocalist_Samples,personal:Vocalist_Samples/Richard Devine,personal:Vocalist_Samples||personal:Vocalist_Samples/Richard Devine||switch rd modular,domain_coverage_v1,20260910T173709,false,3.5,44100,2,
/Volumes/Jack_Gandy_1TB_SSD/Samples 2021 ->/Vocalist_Samples/Richard Devine/Wittle RD Modular.wav,Samples 2021 ->/Vocalist_Samples/Richard Devine/Wittle RD Modular.wav,SFX,,,,,,FX,One-Shot,,personal:Vocalist_Samples,personal:Vocalist_Samples/Richard Devine,personal:Vocalist_Samples||personal:Vocalist_Samples/Richard Devine||wittle rd modular,domain_coverage_v1,20260910T171406,false,2.069,44100,2,
/Volumes/Jack_Gandy_1TB_SSD/Samples 2021 ->/Vocalist_Samples/Sia/Vocal[125] Sia 2.wav,Samples 2021 ->/Vocalist_Samples/Sia/Vocal[125] Sia 2.wav,Vocal Loop,,,,,,Vocal,Loop,,personal:Vocalist_Samples,personal:Vocalist_Samples/Sia,personal:Vocalist_Samples||personal:Vocalist_Samples/Sia||vocal sia,domain_coverage_v1,20260910T165711,false,3.84,44100,2,
/Volumes/Jack_Gandy_1TB_SSD/Samples 2021 ->/c3_saw.wav,Samples 2021 ->/c3_saw.wav,Synth One-Shot,,,,,,Synth,One-Shot,,_loose@Samples2021,_loose,_loose@Samples2021||_loose||c3 saw,domain_coverage_v1,20260910T165711,false,13.7546,96000,2,
/Volumes/Jack_Gandy_1TB_SSD/testing-for-NITE-DSP/sample_pack_testing/Black Octopus Sound - Pure Analog Sweeps IV (2021)/Xtra One Shots/Diamaudix_Audio_PAS_IV_Chh_02.wav,testing-for-NITE-DSP/sample_pack_testing/Black Octopus Sound - Pure Analog Sweeps IV (2021)/Xtra One Shots/Diamaudix_Audio_PAS_IV_Chh_02.wav,Hi-Hat,,,,,,Hi-Hat,One-Shot,,Black Octopus Sound - Pure Analog Sweeps IV (2021),Xtra One Shots,Black Octopus Sound - Pure Analog Sweeps IV (2021)||Xtra One Shots||diamaudix audio pas iv chh,drums_v1,,false,0.5481,44100,2,1e4cbe60de78cdb2d3efe979918034e408ae3bc5533638228318027f4e32002e
/Volumes/Jack_Gandy_1TB_SSD/testing-for-NITE-DSP/sample_pack_testing/Black Octopus Sound - Pure Analog Sweeps IV (2021)/Xtra One Shots/Diamaudix_Audio_PAS_IV_Chh_03.wav,testing-for-NITE-DSP/sample_pack_testing/Black Octopus Sound - Pure Analog Sweeps IV (2021)/Xtra One Shots/Diamaudix_Audio_PAS_IV_Chh_03.wav,Hi-Hat,,,,,,Hi-Hat,One-Shot,,Black Octopus Sound - Pure Analog Sweeps IV (2021),Xtra One Shots,Black Octopus Sound - Pure Analog Sweeps IV (2021)||Xtra One Shots||diamaudix audio pas iv chh,drums_v1,,false,0.5256,44100,2,8d121e1f3655d8fe5cd61cc407359de5aa520fed0a1613149da9e5f2a082a4f5
/Volumes/Jack_Gandy_1TB_SSD/testing-for-NITE-DSP/sample_pack_testing/Black Octopus Sound - Pure Analog Sweeps IV (2021)/Xtra One Shots/Diamaudix_Audio_PAS_IV_Clap_05.wav,testing-for-NITE-DSP/sample_pack_testing/Black Octopus Sound - Pure Analog Sweeps IV (2021)/Xtra One Shots/Diamaudix_Audio_PAS_IV_Clap_05.wav,Clap,,,,,,Clap,One-Shot,,Black Octopus Sound - Pure Analog Sweeps IV (2021),Xtra One Shots,Black Octopus Sound - Pure Analog Sweeps IV (2021)||Xtra One Shots||diamaudix audio pas iv clap,drums_v1,,false,0.75,44100,2,95694a9578b52430ebaa9142713ef274d9ab2c7797398ee1be97f49e2ebdbb51
/Volumes/Jack_Gandy_1TB_SSD/testing-for-NITE-DSP/sample_pack_testing/Black Octopus Sound - Pure Analog Sweeps IV (2021)/Xtra One Shots/Diamaudix_Audio_PAS_IV_Snare_03.wav,testing-for-NITE-DSP/sample_pack_testing/Black Octopus Sound - Pure Analog Sweeps IV (2021)/Xtra One Shots/Diamaudix_Audio_PAS_IV_Snare_03.wav,Snare,,,,,,Snare,One-Shot,,Black Octopus Sound - Pure Analog Sweeps IV (2021),Xtra One Shots,Black Octopus Sound - Pure Analog Sweeps IV (2021)||Xtra One Shots||diamaudix audio pas iv snare,drums_v1,,false,0.4138,44100,2,ab8c5a90fdcfae76dfefbe8fc597c8152950c0264fc9f3120ae752a768545024
/Volumes/Jack_Gandy_1TB_SSD/testing-for-NITE-DSP/sample_pack_testing/Breaks/Dirty Arse Drum Breaks/Dirty Arse Drum Breaks 1/105 BPM/monosole_105bpm_13.wav,testing-for-NITE-DSP/sample_pack_testing/Breaks/Dirty Arse Drum Breaks/Dirty Arse Drum Breaks 1/105 BPM/monosole_105bpm_13.wav,Drum Loop,,,,,,Drum,Loop,,Breaks,Dirty Arse Drum Breaks,Breaks||Dirty Arse Drum Breaks||monosole,drums_v1,,false,9.1429,44100,2,d95164f6a267027a2c2a73cda078b3511afdf69d1d9115a2858e1b499a3a980c
/Volumes/Jack_Gandy_1TB_SSD/testing-for-NITE-DSP/sample_pack_testing/Breaks/Dirty Arse Drum Breaks/Dirty Arse Drum Breaks 1/110 BPM/monosole_110bpm_19.wav,testing-for-NITE-DSP/sample_pack_testing/Breaks/Dirty Arse Drum Breaks/Dirty Arse Drum Breaks 1/110 BPM/monosole_110bpm_19.wav,Drum Loop,,,,,,Drum,Loop,,Breaks,Dirty Arse Drum Breaks,Breaks||Dirty Arse Drum Breaks||monosole,drums_v1,,false,4.3636,44100,2,7c216f473ca8eb285095bbfc15ea7ba5268fb6e94ab152763d62716805babdbe
/Volumes/Jack_Gandy_1TB_SSD/testing-for-NITE-DSP/sample_pack_testing/Breaks/Dirty Arse Drum Breaks/Dirty Arse Drum Breaks 1/115 BPM/monosole_115bpm_9.wav,testing-for-NITE-DSP/sample_pack_testing/Breaks/Dirty Arse Drum Breaks/Dirty Arse Drum Breaks 1/115 BPM/monosole_115bpm_9.wav,Drum Loop,,,,,,Drum,Loop,,Breaks,Dirty Arse Drum Breaks,Breaks||Dirty Arse Drum Breaks||monosole,drums_v1,,false,8.3478,44100,2,d7743f2e955f8cdc2c2a6c974e9ec851066fac02beb10f29f34ca0d5f35908c3
/Volumes/Jack_Gandy_1TB_SSD/testing-for-NITE-DSP/sample_pack_testing/Breaks/Dirty Arse Drum Breaks/Dirty Arse Drum Breaks 1/85 BPM/monosole_85bpm_4.wav,testing-for-NITE-DSP/sample_pack_testing/Breaks/Dirty Arse Drum Breaks/Dirty Arse Drum Breaks 1/85 BPM/monosole_85bpm_4.wav,Drum Loop,,,,,,Drum,Loop,,Breaks,Dirty Arse Drum Breaks,Breaks||Dirty Arse Drum Breaks||monosole,drums_v1,,false,11.2941,44100,2,adcefb7eb7ad528ac8af811b222d8835693f7de3275644bff8b5490724fba24f
/Volumes/Jack_Gandy_1TB_SSD/testing-for-NITE-DSP/sample_pack_testing/Breaks/Dirty Arse Drum Breaks/Dirty Arse Drum Breaks 1/90 BPM/monosole_90bpm_snare 3.wav,testing-for-NITE-DSP/sample_pack_testing/Breaks/Dirty Arse Drum Breaks/Dirty Arse Drum Breaks 1/90 BPM/monosole_90bpm_snare 3.wav,Drum Loop,,,,,,Drum,Loop,ground_truth_override=Other/none,Breaks,Dirty Arse Drum Breaks,Breaks||Dirty Arse Drum Breaks||monosole snare,granularity_v1,20260911T105350,false,0.6487,44100,2,b843b3a021341cec288927d38aafae62ba4db438450301549abffd92f0d20b86
/Volumes/Jack_Gandy_1TB_SSD/testing-for-NITE-DSP/sample_pack_testing/Breaks/Dirty Arse Drum Breaks/Dirty Arse Drum Breaks 2/103 BPM/103BPM_2.wav,testing-for-NITE-DSP/sample_pack_testing/Breaks/Dirty Arse Drum Breaks/Dirty Arse Drum Breaks 2/103 BPM/103BPM_2.wav,Drum Loop,,,,,,Drum,Loop,,Breaks,Dirty Arse Drum Breaks,Breaks||Dirty Arse Drum Breaks||_unnamed,drums_v1,,false,4.6602,44100,1,4ead740e938c6971f78a7ca935d2a3bc5a206f7e76d5dfc8926d375520d7f7d4
/Volumes/Jack_Gandy_1TB_SSD/testing-for-NITE-DSP/sample_pack_testing/Breaks/Dirty Arse Drum Breaks/Dirty Arse Drum Breaks 2/113 BPM/113BPM_2.wav,testing-for-NITE-DSP/sample_pack_testing/Breaks/Dirty Arse Drum Breaks/Dirty Arse Drum Breaks 2/113 BPM/113BPM_2.wav,Drum Loop,,,,,,Drum,Loop,,Breaks,Dirty Arse Drum Breaks,Breaks||Dirty Arse Drum Breaks||_unnamed,drums_v1,,false,5.3098,44100,1,fdaf62cb2b3b3296e70017847dcd05fe3bb69a166ca8e81a0a70a6e2be42d02a
/Volumes/Jack_Gandy_1TB_SSD/testing-for-NITE-DSP/sample_pack_testing/Breaks/Dirty Arse Drum Breaks/Dirty Arse Drum Breaks 2/83 BPM/83BPM_9.wav,testing-for-NITE-DSP/sample_pack_testing/Breaks/Dirty Arse Drum Breaks/Dirty Arse Drum Breaks 2/83 BPM/83BPM_9.wav,Drum Loop,,,,,,Drum,Loop,,Breaks,Dirty Arse Drum Breaks,Breaks||Dirty Arse Drum Breaks||_unnamed,drums_v1,,false,4.3373,44100,1,5712a9ff006f86950f10ed4171237adbdb670cccf171d1dec4ad52f1b496df67
/Volumes/Jack_Gandy_1TB_SSD/testing-for-NITE-DSP/sample_pack_testing/Breaks/Gems From The Crates/Claps/AKT-CLP-A001_bip.wav,testing-for-NITE-DSP/sample_pack_testing/Breaks/Gems From The Crates/Claps/AKT-CLP-A001_bip.wav,Clap,,,,,,Clap,One-Shot,,Breaks,Gems From The Crates,Breaks||Gems From The Crates||akt clp a001 bip,drums_v1,,false,1.4861,44100,2,b19f98e272a90a5008025587578d6840cda263289bcc482046b2353d8ad37c59
/Volumes/Jack_Gandy_1TB_SSD/testing-for-NITE-DSP/sample_pack_testing/Breaks/Gems From The Crates/Claps/AKT-CLP-A005_bip.wav,testing-for-NITE-DSP/sample_pack_testing/Breaks/Gems From The Crates/Claps/AKT-CLP-A005_bip.wav,Clap,,,,,,Clap,One-Shot,,Breaks,Gems From The Crates,Breaks||Gems From The Crates||akt clp a005 bip,drums_v1,,false,0.743,44100,2,080c7b13baf350fe58c3881da3e82d24f40f6b4f5adba78a44e77adb0ab2c9da
/Volumes/Jack_Gandy_1TB_SSD/testing-for-NITE-DSP/sample_pack_testing/Breaks/Gems From The Crates/Claps/AKT-CLP-A009_bip.wav,testing-for-NITE-DSP/sample_pack_testing/Breaks/Gems From The Crates/Claps/AKT-CLP-A009_bip.wav,Clap,,,,,,Clap,One-Shot,,Breaks,Gems From The Crates,Breaks||Gems From The Crates||akt clp a009 bip,drums_v1,,false,1.4861,44100,2,dc585686f97106461398c4f1eb83b8e860b138aeb267b8db1fa23b4dc98194ab
/Volumes/Jack_Gandy_1TB_SSD/testing-for-NITE-DSP/sample_pack_testing/Breaks/Gems From The Crates/Claps/AKT-CLP-A026_bip.wav,testing-for-NITE-DSP/sample_pack_testing/Breaks/Gems From The Crates/Claps/AKT-CLP-A026_bip.wav,Clap,,,,,,Clap,One-Shot,,Breaks,Gems From The Crates,Breaks||Gems From The Crates||akt clp a026 bip,drums_v1,,false,0.743,44100,2,d0074d8646fc87f2f87cc6626c61dd5390963ec66909eb05fb895213bf3df003
/Volumes/Jack_Gandy_1TB_SSD/testing-for-NITE-DSP/sample_pack_testing/Breaks/Gems From The Crates/Claps/AKT-CLP-A027_bip.wav,testing-for-NITE-DSP/sample_pack_testing/Breaks/Gems From The Crates/Claps/AKT-CLP-A027_bip.wav,Clap,,,,,,Clap,One-Shot,,Breaks,Gems From The Crates,Breaks||Gems From The Crates||akt clp a027 bip,drums_v1,,false,0.743,44100,2,4b3944ed4cef9ea1a15d67418b920a5cbcde61e8900498faf92137eb6c66b8bd
/Volumes/Jack_Gandy_1TB_SSD/testing-for-NITE-DSP/sample_pack_testing/Breaks/Gems From The Crates/Claps/AKT-CLP-A028_bip.wav,testing-for-NITE-DSP/sample_pack_testing/Breaks/Gems From The Crates/Claps/AKT-CLP-A028_bip.wav,Clap,,,,,,Clap,One-Shot,,Breaks,Gems From The Crates,Breaks||Gems From The Crates||akt clp a028 bip,drums_v1,,false,0.743,44100,2,1bcb7024c3b430e5621a7f956723f4d025a15648628186fbbf7c67264ad08558
/Volumes/Jack_Gandy_1TB_SSD/testing-for-NITE-DSP/sample_pack_testing/Breaks/Gems From The Crates/Kicks/AKT-KCK-A030_bip.wav,testing-for-NITE-DSP/sample_pack_testing/Breaks/Gems From The Crates/Kicks/AKT-KCK-A030_bip.wav,Kick,,,,,,Kick,One-Shot,,Breaks,Gems From The Crates,Breaks||Gems From The Crates||akt kck a030 bip,drums_v1,,false,0.743,44100,2,cfa92836088317d3b47263aa7667c7797ee462c544f69dbf9d4e33f605a9fae6
/Volumes/Jack_Gandy_1TB_SSD/testing-for-NITE-DSP/sample_pack_testing/Breaks/Gems From The Crates/Snares/AKT-SNR-A005_bip.wav,testing-for-NITE-DSP/sample_pack_testing/Breaks/Gems From The Crates/Snares/AKT-SNR-A005_bip.wav,Snare,,,,,,Snare,One-Shot,,Breaks,Gems From The Crates,Breaks||Gems From The Crates||akt snr a005 bip,drums_v1,,false,0.743,44100,2,2cdd52a822678955815d1db7402a2d5637ce938cbc88f9ce54ba623c5ad3fccd
/Volumes/Jack_Gandy_1TB_SSD/testing-for-NITE-DSP/sample_pack_testing/Breaks/Gems From The Crates/Snares/AKT-SNR-A028_bip.wav,testing-for-NITE-DSP/sample_pack_testing/Breaks/Gems From The Crates/Snares/AKT-SNR-A028_bip.wav,Snare,,,,,,Snare,One-Shot,,Breaks,Gems From The Crates,Breaks||Gems From The Crates||akt snr a028 bip,drums_v1,,false,0.743,44100,2,e46b18c4978060021c2a95e6a461586377b5a9e1b21bc2e1f8866f5d79e08a8a
/Volumes/Jack_Gandy_1TB_SSD/testing-for-NITE-DSP/sample_pack_testing/Breaks/The Drum Broker - International Breaks & Essential Kicks/The Drum Broker - Essential Kicks/Cookies.wav,testing-for-NITE-DSP/sample_pack_testing/Breaks/The Drum Broker - International Breaks & Essential Kicks/The Drum Broker - Essential Kicks/Cookies.wav,Kick,,,,,,Kick,One-Shot,,Breaks,The Drum Broker - International Breaks & Essential Kicks,Breaks||The Drum Broker - International Breaks & Essential Kicks||cookies,drums_v1,,false,3.2506,44100,2,d57f90f2a13fbeb29c386b7db79c5080205d7063bd9634a75746f42c89e0e426
/Volumes/Jack_Gandy_1TB_SSD/testing-for-NITE-DSP/sample_pack_testing/Breaks/The Drum Broker - International Breaks & Essential Kicks/The Drum Broker - Essential Kicks/Regret.wav,testing-for-NITE-DSP/sample_pack_testing/Breaks/The Drum Broker - International Breaks & Essential Kicks/The Drum Broker - Essential Kicks/Regret.wav,Kick,,,,,,Kick,One-Shot,,Breaks,The Drum Broker - International Breaks & Essential Kicks,Breaks||The Drum Broker - International Breaks & Essential Kicks||regret,drums_v1,,false,1.1581,44100,2,c5d56a7adb2187dba64d577049c9332a3f5416e35f7e743bf48028e2c0a88ff3
/Volumes/Jack_Gandy_1TB_SSD/testing-for-NITE-DSP/sample_pack_testing/Breaks/The Drum Broker - International Breaks & Essential Kicks/The Drum Broker - International Breaks 1/AMSTERDAM_2.wav,testing-for-NITE-DSP/sample_pack_testing/Breaks/The Drum Broker - International Breaks & Essential Kicks/The Drum Broker - International Breaks 1/AMSTERDAM_2.wav,Drum Loop,,,,,,Drum,Loop,ground_truth_override=Other/none,Breaks,The Drum Broker - International Breaks & Essential Kicks,Breaks||The Drum Broker - International Breaks & Essential Kicks||amsterdam,granularity_v1,20260911T105350,false,2.5424,44100,2,5610211bf22a72bb59c59fcd5d4458848aec6396c8b060e4ac1be0a307618776
/Volumes/Jack_Gandy_1TB_SSD/testing-for-NITE-DSP/sample_pack_testing/Breaks/The Drum Broker - International Breaks & Essential Kicks/The Drum Broker - International Breaks 1/CHOPS/WHITE KICK 2.wav,testing-for-NITE-DSP/sample_pack_testing/Breaks/The Drum Broker - International Breaks & Essential Kicks/The Drum Broker - International Breaks 1/CHOPS/WHITE KICK 2.wav,Kick,,,,,,Kick,One-Shot,,Breaks,The Drum Broker - International Breaks & Essential Kicks,Breaks||The Drum Broker - International Breaks & Essential Kicks||white kick,drums_v1,,false,0.7073,44100,2,5b9048aab868043225d8b2ee764a10c2091652f3de9c6204e59b5ced9a94ff13
/Volumes/Jack_Gandy_1TB_SSD/testing-for-NITE-DSP/sample_pack_testing/Breaks/The Drum Broker - International Breaks & Essential Kicks/The Drum Broker - International Breaks 1/CHOPS/WHITE SNARE 1.wav,testing-for-NITE-DSP/sample_pack_testing/Breaks/The Drum Broker - International Breaks & Essential Kicks/The Drum Broker - International Breaks 1/CHOPS/WHITE SNARE 1.wav,Snare,,,,,,Snare,One-Shot,,Breaks,The Drum Broker - International Breaks & Essential Kicks,Breaks||The Drum Broker - International Breaks & Essential Kicks||white snare,drums_v1,,false,0.7227,44100,2,183ff310dc58f385beb7207f9a458a7718827b28bec640e7d32e785d02f83d15
/Volumes/Jack_Gandy_1TB_SSD/testing-for-NITE-DSP/sample_pack_testing/Breaks/The Drum Broker - International Breaks & Essential Kicks/The Drum Broker - International Breaks 1/FOCUS .wav,testing-for-NITE-DSP/sample_pack_testing/Breaks/The Drum Broker - International Breaks & Essential Kicks/The Drum Broker - International Breaks 1/FOCUS .wav,Drum Loop,,,,,,Drum,Loop,ground_truth_override=Other/none,Breaks,The Drum Broker - International Breaks & Essential Kicks,Breaks||The Drum Broker - International Breaks & Essential Kicks||focus,granularity_v1,20260911T105350,false,8.143,44100,2,e04e330beca4bad9d39a90f2dd1c5e529bddad51cc4b0724e13a89ff48d9da6b
/Volumes/Jack_Gandy_1TB_SSD/testing-for-NITE-DSP/sample_pack_testing/Breaks/The Drum Broker - International Breaks & Essential Kicks/The Drum Broker - International Breaks 1/PAR.wav,testing-for-NITE-DSP/sample_pack_testing/Breaks/The Drum Broker - International Breaks & Essential Kicks/The Drum Broker - International Breaks 1/PAR.wav,Loop,,,,,,Unknown,Loop,,Breaks,The Drum Broker - International Breaks & Essential Kicks,Breaks||The Drum Broker - International Breaks & Essential Kicks||par,drums_v1,,false,5.548,44100,2,840ae20a72307117328d069a12b80882343ecc3e4a74904d8ac6ecaa84654914
/Volumes/Jack_Gandy_1TB_SSD/testing-for-NITE-DSP/sample_pack_testing/Breaks/The Drum Broker - International Breaks & Essential Kicks/The Drum Broker - International Breaks 1/THAI.wav,testing-for-NITE-DSP/sample_pack_testing/Breaks/The Drum Broker - International Breaks & Essential Kicks/The Drum Broker - International Breaks 1/THAI.wav,Loop,,,,,,Unknown,Loop,,Breaks,The Drum Broker - International Breaks & Essential Kicks,Breaks||The Drum Broker - International Breaks & Essential Kicks||thai,drums_v1,,false,10.7201,44100,2,9c184a8db6e4bb603bc9a1bf72e9eb40c4d898dcbe998b6dcbba1f65f6212a2e
/Volumes/Jack_Gandy_1TB_SSD/testing-for-NITE-DSP/sample_pack_testing/Breaks/The Drum Broker - International Breaks & Essential Kicks/The Drum Broker - International Breaks 1/VSAK BREAK.wav,testing-for-NITE-DSP/sample_pack_testing/Breaks/The Drum Broker - International Breaks & Essential Kicks/The Drum Broker - International Breaks 1/VSAK BREAK.wav,Drum Loop,,,,,,Drum,Loop,ground_truth_override=Other/none,Breaks,The Drum Broker - International Breaks & Essential Kicks,Breaks||The Drum Broker - International Breaks & Essential Kicks||vsak break,granularity_v1,20260911T105350,false,3.7172,44100,2,1d398d20d64a4f18e6b333a55c744b576028928445f2a0bcaa4b00a482339d27
/Volumes/Jack_Gandy_1TB_SSD/testing-for-NITE-DSP/sample_pack_testing/Breaks/The Drum Broker - International Breaks & Essential Kicks/The Drum Broker - International Breaks 2/Boom.wav,testing-for-NITE-DSP/sample_pack_testing/Breaks/The Drum Broker - International Breaks & Essential Kicks/The Drum Broker - International Breaks 2/Boom.wav,Kick,,,,,,Kick,One-Shot,,Breaks,The Drum Broker - International Breaks & Essential Kicks,Breaks||The Drum Broker - International Breaks & Essential Kicks||boom,drums_v1,,false,6.4565,44100,2,eeb50e25332d74d6814f1eefae73d1dcf6413053b56333b8c0dba20feb5f5b66
/Volumes/Jack_Gandy_1TB_SSD/testing-for-NITE-DSP/sample_pack_testing/Breaks/The Drum Broker - International Breaks & Essential Kicks/The Drum Broker - International Breaks 2/CHOPS/CRYSTAL SNARE 1.wav,testing-for-NITE-DSP/sample_pack_testing/Breaks/The Drum Broker - International Breaks & Essential Kicks/The Drum Broker - International Breaks 2/CHOPS/CRYSTAL SNARE 1.wav,Snare,,,,,,Snare,One-Shot,,Breaks,The Drum Broker - International Breaks & Essential Kicks,Breaks||The Drum Broker - International Breaks & Essential Kicks||crystal snare,drums_v1,,false,0.6787,44100,2,6a0ccedf5477dffe4a2c23eb383ea32c365df26a6f29fa00c80ecda7f58fc7d0
/Volumes/Jack_Gandy_1TB_SSD/testing-for-NITE-DSP/sample_pack_testing/Breaks/The Drum Broker - International Breaks & Essential Kicks/The Drum Broker - International Breaks 2/DITCJ_2 - 4.wav,testing-for-NITE-DSP/sample_pack_testing/Breaks/The Drum Broker - International Breaks & Essential Kicks/The Drum Broker - International Breaks 2/DITCJ_2 - 4.wav,Drum Loop,,,,,,Drum,Loop,ground_truth_override=Other/none,Breaks,The Drum Broker - International Breaks & Essential Kicks,Breaks||The Drum Broker - International Breaks & Essential Kicks||ditcj 2,granularity_v1,20260911T105350,false,1.3333,44100,2,2c6f2a743419750428f8e96d5a3593be0da6e42f546ff68558901904553f164c
/Volumes/Jack_Gandy_1TB_SSD/testing-for-NITE-DSP/sample_pack_testing/Breaks/The Drum Broker - International Breaks & Essential Kicks/The Drum Broker - International Breaks 2/Felly Fel.wav,testing-for-NITE-DSP/sample_pack_testing/Breaks/The Drum Broker - International Breaks & Essential Kicks/The Drum Broker - International Breaks 2/Felly Fel.wav,Loop,,,,,,Unknown,Loop,,Breaks,The Drum Broker - International Breaks & Essential Kicks,Breaks||The Drum Broker - International Breaks & Essential Kicks||felly fel,drums_v1,,false,6.1039,44100,2,23ab37594eb7653adc81d2bb79ac18c1e9d3872698f7f7d974bb368c052235cf
/Volumes/Jack_Gandy_1TB_SSD/testing-for-NITE-DSP/sample_pack_testing/Breaks/The Drum Broker - International Breaks & Essential Kicks/The Drum Broker - International Breaks 2/Guarana.wav,testing-for-NITE-DSP/sample_pack_testing/Breaks/The Drum Broker - International Breaks & Essential Kicks/The Drum Broker - International Breaks 2/Guarana.wav,Drum Loop,,,,,,Drum,Loop,ground_truth_override=Other/none,Breaks,The Drum Broker - International Breaks & Essential Kicks,Breaks||The Drum Broker - International Breaks & Essential Kicks||guarana,granularity_v1,20260911T105350,false,6.2978,44100,2,2b489fa499b7519512dabcdef84228e1a509b48a72034931c942ced71e3814c2
/Volumes/Jack_Gandy_1TB_SSD/testing-for-NITE-DSP/sample_pack_testing/Breaks/The Drum Broker - International Breaks & Essential Kicks/The Drum Broker - International Breaks 2/RollKtown.wav,testing-for-NITE-DSP/sample_pack_testing/Breaks/The Drum Broker - International Breaks & Essential Kicks/The Drum Broker - International Breaks 2/RollKtown.wav,Drum Loop,,,,,,Drum,Loop,ground_truth_override=Other/none,Breaks,The Drum Broker - International Breaks & Essential Kicks,Breaks||The Drum Broker - International Breaks & Essential Kicks||rollktown,granularity_v1,20260911T105350,false,1.9083,44100,2,cc9f227f83ad87bcd7c2a754a0b0cff464bbd7989e89cddcfab126b4e4b7d176
/Volumes/Jack_Gandy_1TB_SSD/testing-for-NITE-DSP/sample_pack_testing/Breaks/The Drum Broker - International Breaks & Essential Kicks/The Drum Broker - International Breaks 2/Venice.wav,testing-for-NITE-DSP/sample_pack_testing/Breaks/The Drum Broker - International Breaks & Essential Kicks/The Drum Broker - International Breaks 2/Venice.wav,Drum Loop,,,,,,Drum,Loop,ground_truth_override=Other/none,Breaks,The Drum Broker - International Breaks & Essential Kicks,Breaks||The Drum Broker - International Breaks & Essential Kicks||venice,granularity_v1,20260911T105350,false,3.5995,44100,1,7947ed640229a02da5a456531ec9df462abaf4b6fc3d9218b2c60d21d8106d61
/Volumes/Jack_Gandy_1TB_SSD/testing-for-NITE-DSP/sample_pack_testing/Breaks/The Drum Broker - International Breaks & Essential Kicks/The Drum Broker - International Breaks 2/frogs_3.wav,testing-for-NITE-DSP/sample_pack_testing/Breaks/The Drum Broker - International Breaks & Essential Kicks/The Drum Broker - International Breaks 2/frogs_3.wav,Drum Loop,,,,,,Drum,Loop,ground_truth_override=Other/none,Breaks,The Drum Broker - International Breaks & Essential Kicks,Breaks||The Drum Broker - International Breaks & Essential Kicks||frogs,granularity_v1,20260911T105350,false,0.8394,44100,2,59770b3e6df6c018b2cadc1397a80bff08dbf8d1644f4aea7990cdeffcfc1238
/Volumes/Jack_Gandy_1TB_SSD/testing-for-NITE-DSP/sample_pack_testing/Breaks/The Drum Broker - International Breaks & Essential Kicks/The Drum Broker - International Breaks 3/BAGUETTE .wav,testing-for-NITE-DSP/sample_pack_testing/Breaks/The Drum Broker - International Breaks & Essential Kicks/The Drum Broker - International Breaks 3/BAGUETTE .wav,Drum Loop,,,,,,Drum,Loop,ground_truth_override=Other/none,Breaks,The Drum Broker - International Breaks & Essential Kicks,Breaks||The Drum Broker - International Breaks & Essential Kicks||baguette,granularity_v1,20260911T105350,false,8.625,44100,2,087627ffb75f5e2dd0bde09ae09217901caa34ab312c8466fb8c1f0ee7db4945
/Volumes/Jack_Gandy_1TB_SSD/testing-for-NITE-DSP/sample_pack_testing/Breaks/The Drum Broker - International Breaks & Essential Kicks/The Drum Broker - International Breaks 3/CLOVER 2.wav,testing-for-NITE-DSP/sample_pack_testing/Breaks/The Drum Broker - International Breaks & Essential Kicks/The Drum Broker - International Breaks 3/CLOVER 2.wav,Drum Loop,,,,,,Drum,Loop,ground_truth_override=Other/none,Breaks,The Drum Broker - International Breaks & Essential Kicks,Breaks||The Drum Broker - International Breaks & Essential Kicks||clover,granularity_v1,20260911T105350,false,2.6931,44100,2,e23089df9af3af16fe407fde80351f9de649f5e0d418804df1ae8be9c7679fc3
/Volumes/Jack_Gandy_1TB_SSD/testing-for-NITE-DSP/sample_pack_testing/Breaks/The Drum Broker - International Breaks & Essential Kicks/The Drum Broker - International Breaks 3/DRAWK_3.wav,testing-for-NITE-DSP/sample_pack_testing/Breaks/The Drum Broker - International Breaks & Essential Kicks/The Drum Broker - International Breaks 3/DRAWK_3.wav,Snare,,,,,,Snare,One-Shot,,Breaks,The Drum Broker - International Breaks & Essential Kicks,Breaks||The Drum Broker - International Breaks & Essential Kicks||drawk,drums_v1,,false,0.6793,44100,2,9b5033257dfc6b36bc2e03741b6c14028d56ad81a5060156b666c954b4e4e093
/Volumes/Jack_Gandy_1TB_SSD/testing-for-NITE-DSP/sample_pack_testing/Breaks/The Drum Broker - International Breaks & Essential Kicks/The Drum Broker - International Breaks 3/FRANCAIS.wav,testing-for-NITE-DSP/sample_pack_testing/Breaks/The Drum Broker - International Breaks & Essential Kicks/The Drum Broker - International Breaks 3/FRANCAIS.wav,Drum Loop,,,,,,Drum,Loop,ground_truth_override=Other/none,Breaks,The Drum Broker - International Breaks & Essential Kicks,Breaks||The Drum Broker - International Breaks & Essential Kicks||francais,granularity_v1,20260911T105350,false,9.7615,44100,2,5211a4b1122b5c95968383e5581bd4c9e8e7f28302c8d55bb320690b449d3cd9
/Volumes/Jack_Gandy_1TB_SSD/testing-for-NITE-DSP/sample_pack_testing/Breaks/The Drum Broker - International Breaks & Essential Kicks/The Drum Broker - International Breaks 3/FRENCH3.wav,testing-for-NITE-DSP/sample_pack_testing/Breaks/The Drum Broker - International Breaks & Essential Kicks/The Drum Broker - International Breaks 3/FRENCH3.wav,Loop,,,,,,Unknown,Loop,,Breaks,The Drum Broker - International Breaks & Essential Kicks,Breaks||The Drum Broker - International Breaks & Essential Kicks||french3,drums_v1,,false,27.1437,44100,2,24fb7e34c02a1bf34ed6c2aa9d1400c8c724e8798f2a2ddcc0391c491d823c67
/Volumes/Jack_Gandy_1TB_SSD/testing-for-NITE-DSP/sample_pack_testing/Breaks/The Drum Broker - International Breaks & Essential Kicks/The Drum Broker - International Breaks 3/HAIDEE_5.wav,testing-for-NITE-DSP/sample_pack_testing/Breaks/The Drum Broker - International Breaks & Essential Kicks/The Drum Broker - International Breaks 3/HAIDEE_5.wav,Snare,,,,,,Snare,One-Shot,ground_truth_override=Other/none,Breaks,The Drum Broker - International Breaks & Essential Kicks,Breaks||The Drum Broker - International Breaks & Essential Kicks||haidee,granularity_v1,20260911T105350,false,3.1525,44100,2,de51c49b35a6aa438bb9624392e3aa9d2f3dbfda6771a8a02e407d8661077b75
/Volumes/Jack_Gandy_1TB_SSD/testing-for-NITE-DSP/sample_pack_testing/Breaks/The Drum Broker - International Breaks & Essential Kicks/The Drum Broker - International Breaks 3/RAPTASTIC.wav,testing-for-NITE-DSP/sample_pack_testing/Breaks/The Drum Broker - International Breaks & Essential Kicks/The Drum Broker - International Breaks 3/RAPTASTIC.wav,Drum Loop,,,,,,Drum,Loop,ground_truth_override=Other/none,Breaks,The Drum Broker - International Breaks & Essential Kicks,Breaks||The Drum Broker - International Breaks & Essential Kicks||raptastic,granularity_v1,20260911T105350,false,2.6922,44100,2,5855ab8c07707fd488891c9f722edb8ff9a8c7defdae74a3bbf41b7bb64b93d3
/Volumes/Jack_Gandy_1TB_SSD/testing-for-NITE-DSP/sample_pack_testing/Breaks/The Drum Broker - International Breaks & Essential Kicks/The Drum Broker - International Breaks 3/SAWASDEE_7.wav,testing-for-NITE-DSP/sample_pack_testing/Breaks/The Drum Broker - International Breaks & Essential Kicks/The Drum Broker - International Breaks 3/SAWASDEE_7.wav,Drum Loop,,,,,,Drum,Loop,ground_truth_override=Other/none,Breaks,The Drum Broker - International Breaks & Essential Kicks,Breaks||The Drum Broker - International Breaks & Essential Kicks||sawasdee,granularity_v1,20260911T105350,false,1.2892,44100,2,5f3e13b3cebe9e4a232f0285d11d39117bbf4d00682bea6e0872c5a7d2296c98
/Volumes/Jack_Gandy_1TB_SSD/testing-for-NITE-DSP/sample_pack_testing/Breaks/The Drum Broker - International Breaks & Essential Kicks/The Drum Broker - International Breaks 4/GOLD RUSH_4.wav,testing-for-NITE-DSP/sample_pack_testing/Breaks/The Drum Broker - International Breaks & Essential Kicks/The Drum Broker - International Breaks 4/GOLD RUSH_4.wav,Drum Loop,,,,,,Drum,Loop,ground_truth_override=Other/none,Breaks,The Drum Broker - International Breaks & Essential Kicks,Breaks||The Drum Broker - International Breaks & Essential Kicks||gold rush,granularity_v1,20260911T105350,false,0.6644,44100,2,826fee48ca18ca06ef4a1d666f532a84358716fb781aa17384479bcab7ae544e
/Volumes/Jack_Gandy_1TB_SSD/testing-for-NITE-DSP/sample_pack_testing/Breaks/The Drum Broker - International Breaks & Essential Kicks/The Drum Broker - International Breaks 4/HAGGIS.wav,testing-for-NITE-DSP/sample_pack_testing/Breaks/The Drum Broker - International Breaks & Essential Kicks/The Drum Broker - International Breaks 4/HAGGIS.wav,Drum Loop,,,,,,Drum,Loop,ground_truth_override=Other/none,Breaks,The Drum Broker - International Breaks & Essential Kicks,Breaks||The Drum Broker - International Breaks & Essential Kicks||haggis,granularity_v1,20260911T105350,false,8.2891,44100,2,c385d1c7eab2b288fe182003fce860585f33312edfe87a5412481f1b239f9d03
/Volumes/Jack_Gandy_1TB_SSD/testing-for-NITE-DSP/sample_pack_testing/Breaks/The Drum Broker - International Breaks & Essential Kicks/The Drum Broker - International Breaks 4/HAMPSHIRE_2.wav,testing-for-NITE-DSP/sample_pack_testing/Breaks/The Drum Broker - International Breaks & Essential Kicks/The Drum Broker - International Breaks 4/HAMPSHIRE_2.wav,Loop,,,,,,Unknown,Loop,,Breaks,The Drum Broker - International Breaks & Essential Kicks,Breaks||The Drum Broker - International Breaks & Essential Kicks||hampshire,drums_v1,,false,2.3035,44100,2,33b44d8302b0b830e94b9ce57485fac6b52a6422c4896b341d0971b4ee4034e9
/Volumes/Jack_Gandy_1TB_SSD/testing-for-NITE-DSP/sample_pack_testing/Breaks/The Drum Broker - International Breaks & Essential Kicks/The Drum Broker - International Breaks 4/MAPLE.wav,testing-for-NITE-DSP/sample_pack_testing/Breaks/The Drum Broker - International Breaks & Essential Kicks/The Drum Broker - International Breaks 4/MAPLE.wav,Drum Loop,,,,,,Drum,Loop,ground_truth_override=Other/none,Breaks,The Drum Broker - International Breaks & Essential Kicks,Breaks||The Drum Broker - International Breaks & Essential Kicks||maple,granularity_v1,20260911T105350,false,8.4057,44100,2,0f8e193467d2b2d55979089d35b8fc20a1b9fb17e15ef79242e951b533bb9b28
/Volumes/Jack_Gandy_1TB_SSD/testing-for-NITE-DSP/sample_pack_testing/Breaks/The Drum Broker - International Breaks & Essential Kicks/The Drum Broker - International Breaks 5/CHOPS/SUCHA HATS 2.wav,testing-for-NITE-DSP/sample_pack_testing/Breaks/The Drum Broker - International Breaks & Essential Kicks/The Drum Broker - International Breaks 5/CHOPS/SUCHA HATS 2.wav,Drum Loop,,,,,,Drum,Loop,ground_truth_override=Other/none,Breaks,The Drum Broker - International Breaks & Essential Kicks,Breaks||The Drum Broker - International Breaks & Essential Kicks||sucha hats,granularity_v1,20260911T111240,false,0.8975,44100,2,333e9b463a123d02eb6d427fa029865337becea8e29c3c656ab3979d2dd632b2
/Volumes/Jack_Gandy_1TB_SSD/testing-for-NITE-DSP/sample_pack_testing/Breaks/The Drum Broker - International Breaks & Essential Kicks/The Drum Broker - International Breaks 5/MIDDLE EAST PERC.wav,testing-for-NITE-DSP/sample_pack_testing/Breaks/The Drum Broker - International Breaks & Essential Kicks/The Drum Broker - International Breaks 5/MIDDLE EAST PERC.wav,Percussion Loop,,,,,,Percussion,Loop,,Breaks,The Drum Broker - International Breaks & Essential Kicks,Breaks||The Drum Broker - International Breaks & Essential Kicks||middle east perc,drums_v1,,false,8.0135,44100,2,b2eed12593c084b6266b816b138040841970c046546526e8bdf86a3dcd8a195d
/Volumes/Jack_Gandy_1TB_SSD/testing-for-NITE-DSP/sample_pack_testing/Breaks/The Drum Broker - International Breaks & Essential Kicks/The Drum Broker - International Breaks 5/PRISON.wav,testing-for-NITE-DSP/sample_pack_testing/Breaks/The Drum Broker - International Breaks & Essential Kicks/The Drum Broker - International Breaks 5/PRISON.wav,Loop,,,,,,Unknown,Loop,,Breaks,The Drum Broker - International Breaks & Essential Kicks,Breaks||The Drum Broker - International Breaks & Essential Kicks||prison,drums_v1,,false,5.4948,44100,2,a99f85eaa085c4cd774c575ac0a3433c46c4a4138d214d15db75a89edee2cb38
/Volumes/Jack_Gandy_1TB_SSD/testing-for-NITE-DSP/sample_pack_testing/Breaks/The Drum Broker - International Breaks & Essential Kicks/The Drum Broker - International Breaks 5/PRIVATE PRESS.wav,testing-for-NITE-DSP/sample_pack_testing/Breaks/The Drum Broker - International Breaks & Essential Kicks/The Drum Broker - International Breaks 5/PRIVATE PRESS.wav,Drum Loop,,,,,,Drum,Loop,ground_truth_override=Other/none,Breaks,The Drum Broker - International Breaks & Essential Kicks,Breaks||The Drum Broker - International Breaks & Essential Kicks||private press,granularity_v1,20260911T105350,false,6.775,44100,2,12af5212a45217e5df08f8fcf2158756af8acda8318daf1a53d84d9304073e1c
/Volumes/Jack_Gandy_1TB_SSD/testing-for-NITE-DSP/sample_pack_testing/Breaks/The Drum Broker - International Breaks & Essential Kicks/The Drum Broker - International Breaks 5/ROCKPOW.wav,testing-for-NITE-DSP/sample_pack_testing/Breaks/The Drum Broker - International Breaks & Essential Kicks/The Drum Broker - International Breaks 5/ROCKPOW.wav,Drum Loop,,,,,,Drum,Loop,ground_truth_override=Other/none,Breaks,The Drum Broker - International Breaks & Essential Kicks,Breaks||The Drum Broker - International Breaks & Essential Kicks||rockpow,granularity_v1,20260911T105350,false,6.599,44100,2,c078f50f3c6a90763ea5fb87f906b7b3caeb0fa513037830ec369ecc5a481ebc
/Volumes/Jack_Gandy_1TB_SSD/testing-for-NITE-DSP/sample_pack_testing/Capsun ProAudio - City Pop/Loops/Drum_Loops/Hihat/TCP_110_hihat_loop_ladies_night.wav,testing-for-NITE-DSP/sample_pack_testing/Capsun ProAudio - City Pop/Loops/Drum_Loops/Hihat/TCP_110_hihat_loop_ladies_night.wav,Hi-Hat,,,,,,Hi-Hat,One-Shot,,Capsun ProAudio - City Pop,Loops,Capsun ProAudio - City Pop||Loops||tcp 110 hihat loop ladies night,drums_v1,,false,34.9091,44100,2,7fdbe26e3fb43c7e5f4fdf514b22457eeb55c0d6ed4424644a62ed7f21602aa2
/Volumes/Jack_Gandy_1TB_SSD/testing-for-NITE-DSP/sample_pack_testing/Capsun ProAudio - City Pop/One_Shots/Drum_One_Shots/Hihats/CPA_TCP_hihat_glitterball.wav,testing-for-NITE-DSP/sample_pack_testing/Capsun ProAudio - City Pop/One_Shots/Drum_One_Shots/Hihats/CPA_TCP_hihat_glitterball.wav,Hi-Hat,,,,,,Hi-Hat,One-Shot,,Capsun ProAudio - City Pop,One_Shots,Capsun ProAudio - City Pop||One_Shots||cpa tcp hihat glitterball,drums_v1,,false,0.3272,44100,2,e156d137e5a45fa6e7e09144f309aa3fb4a0c9a6d6016505ac0105a00968da74
/Volumes/Jack_Gandy_1TB_SSD/testing-for-NITE-DSP/sample_pack_testing/Capsun ProAudio - City Pop/One_Shots/Drum_One_Shots/Hihats/CPA_TCP_hihat_power_stance.wav,testing-for-NITE-DSP/sample_pack_testing/Capsun ProAudio - City Pop/One_Shots/Drum_One_Shots/Hihats/CPA_TCP_hihat_power_stance.wav,Hi-Hat,,,,,,Hi-Hat,One-Shot,,Capsun ProAudio - City Pop,One_Shots,Capsun ProAudio - City Pop||One_Shots||cpa tcp hihat power stance,drums_v1,,false,0.157,44100,2,3b260b61b2d75bc3cb1106f2213d0de55715f14fb81bf475d0b83c938635da07
/Volumes/Jack_Gandy_1TB_SSD/testing-for-NITE-DSP/sample_pack_testing/Capsun ProAudio - City Pop/One_Shots/Drum_One_Shots/Snares/CPA_TCP_snare_arena.wav,testing-for-NITE-DSP/sample_pack_testing/Capsun ProAudio - City Pop/One_Shots/Drum_One_Shots/Snares/CPA_TCP_snare_arena.wav,Snare,,,,,,Snare,One-Shot,,Capsun ProAudio - City Pop,One_Shots,Capsun ProAudio - City Pop||One_Shots||cpa tcp snare arena,drums_v1,,false,1.1612,44100,2,d0f0f27774dc151eae167232a93544953c9d84b52ecd09da5d372bed2d147c98
/Volumes/Jack_Gandy_1TB_SSD/testing-for-NITE-DSP/sample_pack_testing/Drum Breaks/James Brown - Soul Pride (part1).wav,testing-for-NITE-DSP/sample_pack_testing/Drum Breaks/James Brown - Soul Pride (part1).wav,Drum Loop,,,,,,Drum,Loop,ground_truth_override=Other/none,Drum Breaks,Drum Breaks,Drum Breaks||Drum Breaks||james brown soul pride (part1),granularity_v1,20260911T105350,false,6.9876,44100,2,ba6e5937e847990672c06780dc548d88072511a3bbb7124604308a7d85048e2e
/Volumes/Jack_Gandy_1TB_SSD/testing-for-NITE-DSP/sample_pack_testing/Drum Recollection/2023 Drums (Demo)/(Clap) Air It Out.wav,testing-for-NITE-DSP/sample_pack_testing/Drum Recollection/2023 Drums (Demo)/(Clap) Air It Out.wav,Clap,,,,,,Clap,One-Shot,,Drum Recollection,2023 Drums (Demo),Drum Recollection||2023 Drums (Demo)||(clap) air it out,drums_v1,,false,0.8571,44100,2,76f45ecbfd72b37cc35fd0e80f9bff801a63665aca6592cf1a024da2ae367ea7
/Volumes/Jack_Gandy_1TB_SSD/testing-for-NITE-DSP/sample_pack_testing/Drum Recollection/2023 Drums (Demo)/(Clap) Ant-Man.wav,testing-for-NITE-DSP/sample_pack_testing/Drum Recollection/2023 Drums (Demo)/(Clap) Ant-Man.wav,Crash,,,,,,Crash,One-Shot,,Drum Recollection,2023 Drums (Demo),Drum Recollection||2023 Drums (Demo)||(clap) ant man,drums_v1,,false,1.7143,44100,2,edbefa26f580ce81840a3688a82a9c20334192e28fabb21d0dbf3e0288a8462c
/Volumes/Jack_Gandy_1TB_SSD/testing-for-NITE-DSP/sample_pack_testing/Drum Recollection/2023 Drums (Demo)/(Open Hat) Secret Santa.wav,testing-for-NITE-DSP/sample_pack_testing/Drum Recollection/2023 Drums (Demo)/(Open Hat) Secret Santa.wav,Hi-Hat,,,,,,Hi-Hat,One-Shot,,Drum Recollection,2023 Drums (Demo),Drum Recollection||2023 Drums (Demo)||(open hat) secret santa,drums_v1,,false,1.7143,44100,2,2817d386defd90740b6cf6e7a855d63bc9cb17fb2da5fe46ee5d2497f371c2d0
/Volumes/Jack_Gandy_1TB_SSD/testing-for-NITE-DSP/sample_pack_testing/Drum Recollection/2023 Drums/(Hi-Hat) Back To The Future.wav,testing-for-NITE-DSP/sample_pack_testing/Drum Recollection/2023 Drums/(Hi-Hat) Back To The Future.wav,Hi-Hat,,,,,,Hi-Hat,One-Shot,,Drum Recollection,2023 Drums,Drum Recollection||2023 Drums||(hi hat) back to the future,drums_v1,,false,0.4286,44100,2,77cdbbb74ef3ffc8785aae44c4716f7cbdb6774d48e528c1d1085f3f99c3175c
/Volumes/Jack_Gandy_1TB_SSD/testing-for-NITE-DSP/sample_pack_testing/Drum Recollection/2023 Drums/(Perc) Three United.wav,testing-for-NITE-DSP/sample_pack_testing/Drum Recollection/2023 Drums/(Perc) Three United.wav,Percussion,Shaker/Tambourine,,,,,Percussion,One-Shot,ground_truth_override=Other/none,Drum Recollection,2023 Drums,Drum Recollection||2023 Drums||(perc) three united,granularity_v1,20260911T105350,false,2.1429,44100,2,43a70262ee73e1b971928a4058c6d7c372c4dcf7c7809017649c00b421e56b96
/Volumes/Jack_Gandy_1TB_SSD/testing-for-NITE-DSP/sample_pack_testing/Drum Recollection/2023 Drums/(Snare) World Series.wav,testing-for-NITE-DSP/sample_pack_testing/Drum Recollection/2023 Drums/(Snare) World Series.wav,Snare,,,,,,Snare,One-Shot,,Drum Recollection,2023 Drums,Drum Recollection||2023 Drums||(snare) world series,drums_v1,,false,1.7143,44100,2,71db0b2a950dcb12d5898d40aa63c9e9ee75051f70d06da43b2f239ba46534c1
/Volumes/Jack_Gandy_1TB_SSD/testing-for-NITE-DSP/sample_pack_testing/Drum Recollection/Essentials Drum Kit Vol. 001/Claps/Updated Luger.wav,testing-for-NITE-DSP/sample_pack_testing/Drum Recollection/Essentials Drum Kit Vol. 001/Claps/Updated Luger.wav,Clap,,,,,,Clap,One-Shot,,Drum Recollection,Essentials Drum Kit Vol. 001,Drum Recollection||Essentials Drum Kit Vol. 001||updated luger,drums_v1,,false,1.8461,48000,2,cd0ee11545d32bdbbf9f5692cc678a0f6b431f84f64f387a8b031b85dc5899e8
/Volumes/Jack_Gandy_1TB_SSD/testing-for-NITE-DSP/sample_pack_testing/Drum Recollection/Essentials Drum Kit Vol. 001/Rim Shots/Comfy Rimshot.wav,testing-for-NITE-DSP/sample_pack_testing/Drum Recollection/Essentials Drum Kit Vol. 001/Rim Shots/Comfy Rimshot.wav,Rimshot,,,,,,Rimshot,One-Shot,,Drum Recollection,Essentials Drum Kit Vol. 001,Drum Recollection||Essentials Drum Kit Vol. 001||comfy rimshot,drums_v1,,false,1.8461,48000,2,ec9195ab4852fa6409c4150a5c2b147dc167a1a5c27188814f909b6b10264300
/Volumes/Jack_Gandy_1TB_SSD/testing-for-NITE-DSP/sample_pack_testing/Drum Recollection/Essentials Drum Kit Vol. 001/Rim Shots/Reverse Rimshot.wav,testing-for-NITE-DSP/sample_pack_testing/Drum Recollection/Essentials Drum Kit Vol. 001/Rim Shots/Reverse Rimshot.wav,Foley,,,,,,Foley,One-Shot,,Drum Recollection,Essentials Drum Kit Vol. 001,Drum Recollection||Essentials Drum Kit Vol. 001||reverse rimshot,drums_v1,,false,1.8461,48000,2,550a36d8cbe7ae7984f1f051fa035b184b1e78074201cfa8d14fddd4f6054f3d
/Volumes/Jack_Gandy_1TB_SSD/testing-for-NITE-DSP/sample_pack_testing/Drum Recollection/Essentials Drumkit Vol. 002/Claps/Fifty Bands Clap.wav,testing-for-NITE-DSP/sample_pack_testing/Drum Recollection/Essentials Drumkit Vol. 002/Claps/Fifty Bands Clap.wav,Clap,,,,,,Clap,One-Shot,,Drum Recollection,Essentials Drumkit Vol. 002,Drum Recollection||Essentials Drumkit Vol. 002||fifty bands clap,drums_v1,,false,1.8461,48000,2,2fb5c99f15e937adadb91a8142bf41e1c2c4ad4eafd7da051c2716daab48c58b
/Volumes/Jack_Gandy_1TB_SSD/testing-for-NITE-DSP/sample_pack_testing/Drum Recollection/Essentials Drumkit Vol. 002/Claps/Full Gear Clap.wav,testing-for-NITE-DSP/sample_pack_testing/Drum Recollection/Essentials Drumkit Vol. 002/Claps/Full Gear Clap.wav,Clap,,,,,,Clap,One-Shot,,Drum Recollection,Essentials Drumkit Vol. 002,Drum Recollection||Essentials Drumkit Vol. 002||full gear clap,drums_v1,,false,1.8461,48000,2,4a82dcb80e706d029811074776b3dede602f24f12e427c7e9da61d7e834621ca
/Volumes/Jack_Gandy_1TB_SSD/testing-for-NITE-DSP/sample_pack_testing/Drum Recollection/Essentials Drumkit Vol. 002/Claps/Real Sizzle Clap.wav,testing-for-NITE-DSP/sample_pack_testing/Drum Recollection/Essentials Drumkit Vol. 002/Claps/Real Sizzle Clap.wav,Clap,,,,,,Clap,One-Shot,,Drum Recollection,Essentials Drumkit Vol. 002,Drum Recollection||Essentials Drumkit Vol. 002||real sizzle clap,drums_v1,,false,1.8461,48000,2,380f073954c2f6b06f52f26542774b948c3f41677c45510347d5c7c14890eb8a
/Volumes/Jack_Gandy_1TB_SSD/testing-for-NITE-DSP/sample_pack_testing/Drum Recollection/Essentials Drumkit Vol. 002/Hi-Hats/Secret Kit Hi-Hat.wav,testing-for-NITE-DSP/sample_pack_testing/Drum Recollection/Essentials Drumkit Vol. 002/Hi-Hats/Secret Kit Hi-Hat.wav,Hi-Hat,,,,,,Hi-Hat,One-Shot,,Drum Recollection,Essentials Drumkit Vol. 002,Drum Recollection||Essentials Drumkit Vol. 002||secret kit hi hat,drums_v1,,false,1.8461,48000,2,da29adf318d9aa3bd674a5f1f8d7785f8f2b3c3d1b121704e0d7b14d4b39c228
/Volumes/Jack_Gandy_1TB_SSD/testing-for-NITE-DSP/sample_pack_testing/Drum Recollection/Essentials Drumkit Vol. 002/Kicks/Hate Kicks Kick.wav,testing-for-NITE-DSP/sample_pack_testing/Drum Recollection/Essentials Drumkit Vol. 002/Kicks/Hate Kicks Kick.wav,Kick,,,,,,Kick,One-Shot,,Drum Recollection,Essentials Drumkit Vol. 002,Drum Recollection||Essentials Drumkit Vol. 002||hate kicks kick,drums_v1,,false,0.9231,48000,2,911db335ee77a9275881003b9114e82160c0966beac92ccb056a43393cee682a
/Volumes/Jack_Gandy_1TB_SSD/testing-for-NITE-DSP/sample_pack_testing/Drum Recollection/Essentials Drumkit Vol. 002/Kicks/WTFIT Kick.wav,testing-for-NITE-DSP/sample_pack_testing/Drum Recollection/Essentials Drumkit Vol. 002/Kicks/WTFIT Kick.wav,Kick,,,,,,Kick,One-Shot,,Drum Recollection,Essentials Drumkit Vol. 002,Drum Recollection||Essentials Drumkit Vol. 002||wtfit kick,drums_v1,,false,0.4615,48000,2,f4ab7fe1f29d377471849fc115f4fc0dcc6f69807b7d30f2b84e0dd659bc899f
/Volumes/Jack_Gandy_1TB_SSD/testing-for-NITE-DSP/sample_pack_testing/Drum Recollection/Essentials Drumkit Vol. 002/Percs & Fx/Mindless Man Perc.wav,testing-for-NITE-DSP/sample_pack_testing/Drum Recollection/Essentials Drumkit Vol. 002/Percs & Fx/Mindless Man Perc.wav,Percussion,Other Percussive Hit,,,,,Percussion,One-Shot,foley,Drum Recollection,Essentials Drumkit Vol. 002,Drum Recollection||Essentials Drumkit Vol. 002||mindless man perc,drums_v1,,false,1.3846,48000,2,a3057f2b6d5ee65f22c08f006e01196ba63bee05665edf5724890dafb7ab2795
/Volumes/Jack_Gandy_1TB_SSD/testing-for-NITE-DSP/sample_pack_testing/Drum Recollection/Essentials Drumkit Vol. 002/Snares/Radars Snare.wav,testing-for-NITE-DSP/sample_pack_testing/Drum Recollection/Essentials Drumkit Vol. 002/Snares/Radars Snare.wav,Snare,,,,,,Snare,One-Shot,,Drum Recollection,Essentials Drumkit Vol. 002,Drum Recollection||Essentials Drumkit Vol. 002||radars snare,drums_v1,,false,0.9231,48000,2,8eb167dc61205772782c92ba0bbcdc4843ac3373ead82b805fc3e47878432821
/Volumes/Jack_Gandy_1TB_SSD/testing-for-NITE-DSP/sample_pack_testing/Drum Recollection/New Wave Drum Kit Vol. 1/New Wave Drum Kit/Claps/18veno Clap .wav,testing-for-NITE-DSP/sample_pack_testing/Drum Recollection/New Wave Drum Kit Vol. 1/New Wave Drum Kit/Claps/18veno Clap .wav,Clap,,,,,,Clap,One-Shot,,Drum Recollection,New Wave Drum Kit Vol. 1,Drum Recollection||New Wave Drum Kit Vol. 1||18veno clap,drums_v1,,false,0.0625,44100,2,9f821448fcda82c80857d24a5e53194f9f784e449e1f0095d571196c5681dcee
/Volumes/Jack_Gandy_1TB_SSD/testing-for-NITE-DSP/sample_pack_testing/Drum Recollection/New Wave Drum Kit Vol. 1/New Wave Drum Kit/Rims/Snakes Rim .wav,testing-for-NITE-DSP/sample_pack_testing/Drum Recollection/New Wave Drum Kit Vol. 1/New Wave Drum Kit/Rims/Snakes Rim .wav,Percussion,Other Percussive Hit,,,,,Percussion,One-Shot,,Drum Recollection,New Wave Drum Kit Vol. 1,Drum Recollection||New Wave Drum Kit Vol. 1||snakes rim,drums_v1,,false,7.4904,44100,2,d2520ea89703f2fde57484531d067ac50e21fbe67e5f82fd678c66b142df2361
/Volumes/Jack_Gandy_1TB_SSD/testing-for-NITE-DSP/sample_pack_testing/Drum Recollection/New Wave Drum Kit Vol. 2/Claps/Crispy Hi-Hat.wav,testing-for-NITE-DSP/sample_pack_testing/Drum Recollection/New Wave Drum Kit Vol. 2/Claps/Crispy Hi-Hat.wav,Hi-Hat,,,,,,Hi-Hat,One-Shot,,Drum Recollection,New Wave Drum Kit Vol. 2,Drum Recollection||New Wave Drum Kit Vol. 2||crispy hi hat,drums_v1,,false,0.4615,48000,2,bdad2f3807e12c9cad45ce500e21251e29bc1f4c6bf8199106a73256ebd9f02e
/Volumes/Jack_Gandy_1TB_SSD/testing-for-NITE-DSP/sample_pack_testing/Drum Recollection/New Wave Drum Kit Vol. 2/Claps/Spotify Hi-Hat (Delay).wav,testing-for-NITE-DSP/sample_pack_testing/Drum Recollection/New Wave Drum Kit Vol. 2/Claps/Spotify Hi-Hat (Delay).wav,Hi-Hat,,,,,,Hi-Hat,One-Shot,,Drum Recollection,New Wave Drum Kit Vol. 2,Drum Recollection||New Wave Drum Kit Vol. 2||spotify hi hat (delay),drums_v1,,false,1.8461,48000,2,8cdd47cc820270b9d24b8fd0f8b330abf207f99fb30cd7e5d2239366b18ef105
/Volumes/Jack_Gandy_1TB_SSD/testing-for-NITE-DSP/sample_pack_testing/Drum Recollection/New Wave Drum Kit Vol. 2/Kicks/Big Zay Kick.wav,testing-for-NITE-DSP/sample_pack_testing/Drum Recollection/New Wave Drum Kit Vol. 2/Kicks/Big Zay Kick.wav,Kick,,,,,,Kick,One-Shot,,Drum Recollection,New Wave Drum Kit Vol. 2,Drum Recollection||New Wave Drum Kit Vol. 2||big zay kick,drums_v1,,false,0.9231,48000,2,b70da8ac6dd30c2332d5199cf39331d0ec79ac6abc8e2947a07293b1e44a9314
/Volumes/Jack_Gandy_1TB_SSD/testing-for-NITE-DSP/sample_pack_testing/Drum Recollection/New Wave Drum Kit Vol. 2/Kicks/Racky Kick.wav,testing-for-NITE-DSP/sample_pack_testing/Drum Recollection/New Wave Drum Kit Vol. 2/Kicks/Racky Kick.wav,Kick,,,,,,Kick,One-Shot,,Drum Recollection,New Wave Drum Kit Vol. 2,Drum Recollection||New Wave Drum Kit Vol. 2||racky kick,drums_v1,,false,0.9231,48000,2,09eab32a43f483daba00a1f444a2a4751489ed26646561166e6198a683e49474
/Volumes/Jack_Gandy_1TB_SSD/testing-for-NITE-DSP/sample_pack_testing/Drum Recollection/New Wave Drum Kit Vol. 2/Open Hats/Guilty Open Hat.wav,testing-for-NITE-DSP/sample_pack_testing/Drum Recollection/New Wave Drum Kit Vol. 2/Open Hats/Guilty Open Hat.wav,Hi-Hat,,,,,,Hi-Hat,One-Shot,,Drum Recollection,New Wave Drum Kit Vol. 2,Drum Recollection||New Wave Drum Kit Vol. 2||guilty open hat,drums_v1,,false,1.7019,48000,2,92a8f2502419cf0d7d9ca2d91b552bfdeab4b873736e0c2ee50cd3d1a064e9e4
/Volumes/Jack_Gandy_1TB_SSD/testing-for-NITE-DSP/sample_pack_testing/Drum Recollection/New Wave Drum Kit Vol. 2/Open Hats/Rory x Yung Mal Open Hat.wav,testing-for-NITE-DSP/sample_pack_testing/Drum Recollection/New Wave Drum Kit Vol. 2/Open Hats/Rory x Yung Mal Open Hat.wav,Hi-Hat,,,,,,Hi-Hat,One-Shot,,Drum Recollection,New Wave Drum Kit Vol. 2,Drum Recollection||New Wave Drum Kit Vol. 2||rory x yung mal open hat,drums_v1,,false,0.9231,48000,2,e7168677d3c8c9648168a164004319865a3613472ba47145cdc0cf0cdf16b9f3
/Volumes/Jack_Gandy_1TB_SSD/testing-for-NITE-DSP/sample_pack_testing/Drum Recollection/New Wave Drum Kit Vol. 2/Snares/Creating Wavez Snare.wav,testing-for-NITE-DSP/sample_pack_testing/Drum Recollection/New Wave Drum Kit Vol. 2/Snares/Creating Wavez Snare.wav,Snare,,,,,,Snare,One-Shot,,Drum Recollection,New Wave Drum Kit Vol. 2,Drum Recollection||New Wave Drum Kit Vol. 2||creating wavez snare,drums_v1,,false,1.8461,48000,2,fae900dda376969c3adbef6a87d44cb3044110849d6ce6720b6f257a165c589e
/Volumes/Jack_Gandy_1TB_SSD/testing-for-NITE-DSP/sample_pack_testing/Drum Recollection/Official Drum Kit Vol. 1/Claps/Arcade Clap .wav,testing-for-NITE-DSP/sample_pack_testing/Drum Recollection/Official Drum Kit Vol. 1/Claps/Arcade Clap .wav,Clap,,,,,,Clap,One-Shot,,Drum Recollection,Official Drum Kit Vol. 1,Drum Recollection||Official Drum Kit Vol. 1||arcade clap,drums_v1,,false,1.8461,44100,2,7661e41cc12d18a246294b785d28c3dd2a7df005e826d774d2fc8a5522a8ee53
/Volumes/Jack_Gandy_1TB_SSD/testing-for-NITE-DSP/sample_pack_testing/Drum Recollection/Official Drum Kit Vol. 1/Claps/Pencil Clap .wav,testing-for-NITE-DSP/sample_pack_testing/Drum Recollection/Official Drum Kit Vol. 1/Claps/Pencil Clap .wav,Clap,,,,,,Clap,One-Shot,,Drum Recollection,Official Drum Kit Vol. 1,Drum Recollection||Official Drum Kit Vol. 1||pencil clap,drums_v1,,false,1.8461,44100,2,8db0031c71d63212e1aae8f4e6c43cf350dfef8b27599ec6affa742aae76c3a8
/Volumes/Jack_Gandy_1TB_SSD/testing-for-NITE-DSP/sample_pack_testing/Drum Recollection/Official Drum Kit Vol. 1/Hi Hats/Michael Jordan Hi Hat .wav,testing-for-NITE-DSP/sample_pack_testing/Drum Recollection/Official Drum Kit Vol. 1/Hi Hats/Michael Jordan Hi Hat .wav,Hi-Hat,,,,,,Hi-Hat,One-Shot,,Drum Recollection,Official Drum Kit Vol. 1,Drum Recollection||Official Drum Kit Vol. 1||michael jordan hi hat,drums_v1,,false,1.8461,44100,2,7b5deb3079c5bdbc2468cf2735f913b61953b84efdc878650f69fed84047c71a
/Volumes/Jack_Gandy_1TB_SSD/testing-for-NITE-DSP/sample_pack_testing/Drum Recollection/Official Drum Kit Vol. 1/Hi Hats/Orange Hi Hat .wav,testing-for-NITE-DSP/sample_pack_testing/Drum Recollection/Official Drum Kit Vol. 1/Hi Hats/Orange Hi Hat .wav,Hi-Hat,,,,,,Hi-Hat,One-Shot,,Drum Recollection,Official Drum Kit Vol. 1,Drum Recollection||Official Drum Kit Vol. 1||orange hi hat,drums_v1,,false,1.6442,44100,2,7f43cd1e2ba1122409db91eb96cde0ef197569b42303fe5a98958858f14e11d6
/Volumes/Jack_Gandy_1TB_SSD/testing-for-NITE-DSP/sample_pack_testing/Drum Recollection/Official Drum Kit Vol. 1/Rims/Kangaroo Rim .wav,testing-for-NITE-DSP/sample_pack_testing/Drum Recollection/Official Drum Kit Vol. 1/Rims/Kangaroo Rim .wav,Rimshot,,,,,,Rimshot,One-Shot,,Drum Recollection,Official Drum Kit Vol. 1,Drum Recollection||Official Drum Kit Vol. 1||kangaroo rim,drums_v1,,false,7.3846,44100,2,4ee92005b41bcc05bc2a22867da02d0d8506eece9a5055b6b13c6aa204c789a4
/Volumes/Jack_Gandy_1TB_SSD/testing-for-NITE-DSP/sample_pack_testing/Drum Recollection/Official Drum Kit Vol. 2/Claps/22 Clap.wav,testing-for-NITE-DSP/sample_pack_testing/Drum Recollection/Official Drum Kit Vol. 2/Claps/22 Clap.wav,Clap,,,,,,Clap,One-Shot,,Drum Recollection,Official Drum Kit Vol. 2,Drum Recollection||Official Drum Kit Vol. 2||22 clap,drums_v1,,false,1.726,48000,2,cda816406940e3420077b4e01c853ceb5c0cd9fce6995316a8c0c4d93977d55a
/Volumes/Jack_Gandy_1TB_SSD/testing-for-NITE-DSP/sample_pack_testing/Drum Recollection/Official Drum Kit Vol. 2/Claps/Lil Double 0 Clap.wav,testing-for-NITE-DSP/sample_pack_testing/Drum Recollection/Official Drum Kit Vol. 2/Claps/Lil Double 0 Clap.wav,Clap,,,,,,Clap,One-Shot,,Drum Recollection,Official Drum Kit Vol. 2,Drum Recollection||Official Drum Kit Vol. 2||lil double 0 clap,drums_v1,,false,2.0673,48000,2,2fe27202bef587587c7da56e3e37a1fe8faf52109128fa6547647e7f04ee28f0
/Volumes/Jack_Gandy_1TB_SSD/testing-for-NITE-DSP/sample_pack_testing/Drum Recollection/Official Drum Kit Vol. 2/Claps/Yayurr Clap.wav,testing-for-NITE-DSP/sample_pack_testing/Drum Recollection/Official Drum Kit Vol. 2/Claps/Yayurr Clap.wav,Clap,,,,,,Clap,One-Shot,,Drum Recollection,Official Drum Kit Vol. 2,Drum Recollection||Official Drum Kit Vol. 2||yayurr clap,drums_v1,,false,1.8558,48000,2,6bef823bcf9172e9bbfab8f6b9989849329338755b10c93f8c1b83cce165a0e0
/Volumes/Jack_Gandy_1TB_SSD/testing-for-NITE-DSP/sample_pack_testing/Drum Recollection/Official Drum Kit Vol. 2/Kicks/Kicked The Dog Kick.wav,testing-for-NITE-DSP/sample_pack_testing/Drum Recollection/Official Drum Kit Vol. 2/Kicks/Kicked The Dog Kick.wav,Kick,,,,,,Kick,One-Shot,,Drum Recollection,Official Drum Kit Vol. 2,Drum Recollection||Official Drum Kit Vol. 2||kicked the dog kick,drums_v1,,false,1.6202,48000,2,8287deb1c255ad589291dd5271affa4865e01683d1bab38f04d5f17ffdeaa8b1
/Volumes/Jack_Gandy_1TB_SSD/testing-for-NITE-DSP/sample_pack_testing/Drum Recollection/Official Drum Kit Vol. 2/Rims/Lightwork Rim.wav,testing-for-NITE-DSP/sample_pack_testing/Drum Recollection/Official Drum Kit Vol. 2/Rims/Lightwork Rim.wav,Rimshot,,,,,,Rimshot,One-Shot,,Drum Recollection,Official Drum Kit Vol. 2,Drum Recollection||Official Drum Kit Vol. 2||lightwork rim,drums_v1,,false,1.3846,48000,2,322aede8795ddc0acb5c07489fc842a4203cef47ae6fa61878247d06ec94b975
/Volumes/Jack_Gandy_1TB_SSD/testing-for-NITE-DSP/sample_pack_testing/Drum Recollection/Official Drum Kit Vol. 2/Rims/Triangular Rim.wav,testing-for-NITE-DSP/sample_pack_testing/Drum Recollection/Official Drum Kit Vol. 2/Rims/Triangular Rim.wav,Snare,,,,,,Snare,One-Shot,,Drum Recollection,Official Drum Kit Vol. 2,Drum Recollection||Official Drum Kit Vol. 2||triangular rim,drums_v1,,false,0.7115,48000,2,0ea8ec656ef44c7139c198ceab1472e1543d732aa94ebea8f3a3f4b25a5d6386
/Volumes/Jack_Gandy_1TB_SSD/testing-for-NITE-DSP/sample_pack_testing/Drum Recollection/Official Drum Kit Vol. 2/Rims/United Rim.wav,testing-for-NITE-DSP/sample_pack_testing/Drum Recollection/Official Drum Kit Vol. 2/Rims/United Rim.wav,Rimshot,,,,,,Rimshot,One-Shot,,Drum Recollection,Official Drum Kit Vol. 2,Drum Recollection||Official Drum Kit Vol. 2||united rim,drums_v1,,false,1.8461,48000,2,6bcb9e55819fc1a76ed44abdaa1291ce9e0aff54a30978c2396636b5e61e05a0
/Volumes/Jack_Gandy_1TB_SSD/testing-for-NITE-DSP/sample_pack_testing/Drum Recollection/Official Drum Kit Vol. 2/Snares/2048 Mans Snare.wav,testing-for-NITE-DSP/sample_pack_testing/Drum Recollection/Official Drum Kit Vol. 2/Snares/2048 Mans Snare.wav,Snare,,,,,,Snare,One-Shot,,Drum Recollection,Official Drum Kit Vol. 2,Drum Recollection||Official Drum Kit Vol. 2||2048 mans snare,drums_v1,,false,1.8029,48000,2,827bdb026809f6b78231c3e09d026c465de86309179257a77bedabaf4dd38a51
/Volumes/Jack_Gandy_1TB_SSD/testing-for-NITE-DSP/sample_pack_testing/IMANU/IMANU Patreon May 2022 Samples/what imanu and former would sound like probably Am 129.wav,testing-for-NITE-DSP/sample_pack_testing/IMANU/IMANU Patreon May 2022 Samples/what imanu and former would sound like probably Am 129.wav,Other/none,,,,,,Rejection,Rejection,,IMANU,IMANU Patreon May 2022 Samples,IMANU||IMANU Patreon May 2022 Samples||what imanu and former would sound like probably am,drums_v1,,false,14.8837,48000,2,88608215ba64d3f6e6e2fb4aa956853f18e4dcb06df97b1b1c2840eb8dceb1a9
/Volumes/Jack_Gandy_1TB_SSD/testing-for-NITE-DSP/sample_pack_testing/IMANU/es tu reel stems/etr_00_11 chord pitchbend experiments_3_IMANU 130 garage fukt_4.wav,testing-for-NITE-DSP/sample_pack_testing/IMANU/es tu reel stems/etr_00_11 chord pitchbend experiments_3_IMANU 130 garage fukt_4.wav,Other/none,,,,,,Rejection,Rejection,,IMANU,es tu reel stems,IMANU||es tu reel stems||etr 00 11 chord pitchbend experiments 3 imanu 130 garage fukt,drums_v1,,false,241.8461,48000,2,d085213e358ccde7d2bb80180575e967c3915a3623833feadfe5532b62a62004
/Volumes/Jack_Gandy_1TB_SSD/testing-for-NITE-DSP/sample_pack_testing/Just Jared - OP1 Drums/Snares/Just Jared - OP1 Drums Snare 14.wav,testing-for-NITE-DSP/sample_pack_testing/Just Jared - OP1 Drums/Snares/Just Jared - OP1 Drums Snare 14.wav,Snare,,,,,,Snare,One-Shot,,Just Jared - OP1 Drums,Snares,Just Jared - OP1 Drums||Snares||just jared op1 drums snare,drums_v1,,false,0.5356,44100,2,98e1c811a5a8718cfb0dfed4a1e32c7520a0aa3404a849902b1f046cb721a379
/Volumes/Jack_Gandy_1TB_SSD/testing-for-NITE-DSP/sample_pack_testing/Koan Sound/Koan Sound Samples/Foley Pack 01/Foley Drums/Rim 01.wav,testing-for-NITE-DSP/sample_pack_testing/Koan Sound/Koan Sound Samples/Foley Pack 01/Foley Drums/Rim 01.wav,Rimshot,,,,,,Rimshot,One-Shot,,Koan Sound,Koan Sound Samples,Koan Sound||Koan Sound Samples||rim,drums_v1,,false,0.125,44100,2,56c40e1e81e0a1d5ff0f8ce3d5d0f5ed64e8c6091a39ecaf9caf739ec98031d7
/Volumes/Jack_Gandy_1TB_SSD/testing-for-NITE-DSP/sample_pack_testing/Koan Sound/Koan Sound Samples/Foley Pack 01/Foley Drums/Rim 03.wav,testing-for-NITE-DSP/sample_pack_testing/Koan Sound/Koan Sound Samples/Foley Pack 01/Foley Drums/Rim 03.wav,Rimshot,,,,,,Rimshot,One-Shot,,Koan Sound,Koan Sound Samples,Koan Sound||Koan Sound Samples||rim,drums_v1,,false,0.125,44100,2,e35c462e3df5863f6409146470bbd524867e6902cbc5d053ee28608b08283230
/Volumes/Jack_Gandy_1TB_SSD/testing-for-NITE-DSP/sample_pack_testing/Koan Sound/Koan Sound Samples/Foley Pack 01/Foley Drums/Rim 07.wav,testing-for-NITE-DSP/sample_pack_testing/Koan Sound/Koan Sound Samples/Foley Pack 01/Foley Drums/Rim 07.wav,Rimshot,,,,,,Rimshot,One-Shot,,Koan Sound,Koan Sound Samples,Koan Sound||Koan Sound Samples||rim,drums_v1,,false,0.1689,44100,2,36452188f7322e56a1bc39b98984c69fceaef2f6e7b5973c6c2aa12d22965de8
/Volumes/Jack_Gandy_1TB_SSD/testing-for-NITE-DSP/sample_pack_testing/Koan Sound/Koan Sound Samples/Foley Pack 01/Foley Drums/Snare 02.wav,testing-for-NITE-DSP/sample_pack_testing/Koan Sound/Koan Sound Samples/Foley Pack 01/Foley Drums/Snare 02.wav,Snare,,,,,,Snare,One-Shot,,Koan Sound,Koan Sound Samples,Koan Sound||Koan Sound Samples||snare,drums_v1,,false,0.4004,44100,2,ac745e2e5c854d1e221c3c4b73c12357b4c2d2583a6cdaed20b6b88a4fb5bbce
/Volumes/Jack_Gandy_1TB_SSD/testing-for-NITE-DSP/sample_pack_testing/Koan Sound/Koan Sound Samples/Foley Pack 01/Foley Drums/Snare 08.wav,testing-for-NITE-DSP/sample_pack_testing/Koan Sound/Koan Sound Samples/Foley Pack 01/Foley Drums/Snare 08.wav,Snare,,,,,,Snare,One-Shot,,Koan Sound,Koan Sound Samples,Koan Sound||Koan Sound Samples||snare,drums_v1,,false,0.1719,44100,2,f523d23d1b80efcddb238423b87616eee87f715d3d5ba0b92315caf86fe53b94
/Volumes/Jack_Gandy_1TB_SSD/testing-for-NITE-DSP/sample_pack_testing/Koan Sound/Koan Sound Samples/Raw Drums/Raw/Raw Hat 12.wav,testing-for-NITE-DSP/sample_pack_testing/Koan Sound/Koan Sound Samples/Raw Drums/Raw/Raw Hat 12.wav,Hi-Hat,,,,,,Hi-Hat,One-Shot,,Koan Sound,Koan Sound Samples,Koan Sound||Koan Sound Samples||raw hat,drums_v1,,false,1.5,48000,2,fd4426c1613bc65b6c1819d8f02d154a9910a936abce4c04ca21010ae0a343b1
/Volumes/Jack_Gandy_1TB_SSD/testing-for-NITE-DSP/sample_pack_testing/Koan Sound/Koan Sound Samples/Raw Drums/Raw/Raw Snare 01.wav,testing-for-NITE-DSP/sample_pack_testing/Koan Sound/Koan Sound Samples/Raw Drums/Raw/Raw Snare 01.wav,Snare,,,,,,Snare,One-Shot,,Koan Sound,Koan Sound Samples,Koan Sound||Koan Sound Samples||raw snare,drums_v1,,false,1.0,48000,2,543d446adb447aab60b14c0d0dea613bdc0fcecf139f0e75e3d8cd8e937c75f9
/Volumes/Jack_Gandy_1TB_SSD/testing-for-NITE-DSP/sample_pack_testing/Koan Sound/Koan Sound Samples/Raw Drums/Raw/Raw Snare 04.wav,testing-for-NITE-DSP/sample_pack_testing/Koan Sound/Koan Sound Samples/Raw Drums/Raw/Raw Snare 04.wav,Snare,,,,,,Snare,One-Shot,,Koan Sound,Koan Sound Samples,Koan Sound||Koan Sound Samples||raw snare,drums_v1,,false,1.0,48000,2,73dcba3a35adda73c50660cb83b20c55c9ed4b241512c00b97681c67d343cf2d
/Volumes/Jack_Gandy_1TB_SSD/testing-for-NITE-DSP/sample_pack_testing/Koan Sound/Koan Sound Samples/Raw Drums/Raw/Raw Snare 11.wav,testing-for-NITE-DSP/sample_pack_testing/Koan Sound/Koan Sound Samples/Raw Drums/Raw/Raw Snare 11.wav,Snare,,,,,,Snare,One-Shot,,Koan Sound,Koan Sound Samples,Koan Sound||Koan Sound Samples||raw snare,drums_v1,,false,1.0,48000,2,60f62e17678e83549aedcdf3a6510ebc453f0c66e642b551d410562756dedd28
/Volumes/Jack_Gandy_1TB_SSD/testing-for-NITE-DSP/sample_pack_testing/Koan Sound/Koan_Sound_2025/Shaper Table Track Project/Samples/Imported/Snare Vinyl 04.wav,testing-for-NITE-DSP/sample_pack_testing/Koan Sound/Koan_Sound_2025/Shaper Table Track Project/Samples/Imported/Snare Vinyl 04.wav,Snare,,,,,,Snare,One-Shot,,Koan Sound,Koan_Sound_2025,Koan Sound||Koan_Sound_2025||snare vinyl,drums_v1,,false,0.1992,44100,1,6814a3b429d162370e6b6ed9dadc2b3005a48d6c1535a8062867e518057ddd6b
/Volumes/Jack_Gandy_1TB_SSD/testing-for-NITE-DSP/sample_pack_testing/Lex Luger Drumkit/Lex_Luger_Drumkit/LL_one_shots/LL_kick_pink_2.wav,testing-for-NITE-DSP/sample_pack_testing/Lex Luger Drumkit/Lex_Luger_Drumkit/LL_one_shots/LL_kick_pink_2.wav,Kick,,,,,,Kick,One-Shot,ground_truth_override=Other/none,Lex Luger Drumkit,Lex_Luger_Drumkit,Lex Luger Drumkit||Lex_Luger_Drumkit||ll kick pink,granularity_v1,20260911T105350,false,0.4661,44100,2,3cd205a8939115fb0b8cc3d0763c0e9a1b0010b88aa0987ff0a8199f30c39033
/Volumes/Jack_Gandy_1TB_SSD/testing-for-NITE-DSP/sample_pack_testing/Loaded Samples - Lo-Fi Memphis 2/DRUMS & PERC LOOPS/Drum Loop E [73BPM].wav,testing-for-NITE-DSP/sample_pack_testing/Loaded Samples - Lo-Fi Memphis 2/DRUMS & PERC LOOPS/Drum Loop E [73BPM].wav,Drum Loop,,,,,,Drum,Loop,,Loaded Samples - Lo-Fi Memphis 2,DRUMS & PERC LOOPS,Loaded Samples - Lo-Fi Memphis 2||DRUMS & PERC LOOPS||drum loop e,drums_v1,,false,6.5754,44100,2,c15298bc09455075a112beb2c2f3c6a36810229091c08a9821baa2c55dd8415a
/Volumes/Jack_Gandy_1TB_SSD/testing-for-NITE-DSP/sample_pack_testing/Loaded Samples - Lo-Fi Memphis 2/DRUMS & PERC LOOPS/Hi-Hat Loop #4 [65BPM].wav,testing-for-NITE-DSP/sample_pack_testing/Loaded Samples - Lo-Fi Memphis 2/DRUMS & PERC LOOPS/Hi-Hat Loop #4 [65BPM].wav,Hi-Hat Loop,,,,,,Hi-Hat,Loop,ground_truth_override=Other/none,Loaded Samples - Lo-Fi Memphis 2,DRUMS & PERC LOOPS,Loaded Samples - Lo-Fi Memphis 2||DRUMS & PERC LOOPS||hi hat loop,granularity_v1,20260911T111240,false,7.3846,44100,1,93542df2cb32bc6ac5d1c8e05c7345a455396663b65acae5d409ee4bb333e3c9
/Volumes/Jack_Gandy_1TB_SSD/testing-for-NITE-DSP/sample_pack_testing/Loaded Samples - Lo-Fi Memphis 2/DRUMS & PERC LOOPS/Hi-Hat Loop #5 [75BPM].wav,testing-for-NITE-DSP/sample_pack_testing/Loaded Samples - Lo-Fi Memphis 2/DRUMS & PERC LOOPS/Hi-Hat Loop #5 [75BPM].wav,Hi-Hat,,,,,,Hi-Hat,One-Shot,,Loaded Samples - Lo-Fi Memphis 2,DRUMS & PERC LOOPS,Loaded Samples - Lo-Fi Memphis 2||DRUMS & PERC LOOPS||hi hat loop,drums_v1,,false,6.4,44100,1,16b3b582f7910156636576a1f985d447069426e74405aefd3e77662dca6ebc5c
/Volumes/Jack_Gandy_1TB_SSD/testing-for-NITE-DSP/sample_pack_testing/Loaded Samples - Lo-Fi Memphis 2/DRUMS/Rim/LFM2_Rim (3).wav,testing-for-NITE-DSP/sample_pack_testing/Loaded Samples - Lo-Fi Memphis 2/DRUMS/Rim/LFM2_Rim (3).wav,Rimshot,,,,,,Rimshot,One-Shot,,Loaded Samples - Lo-Fi Memphis 2,DRUMS,Loaded Samples - Lo-Fi Memphis 2||DRUMS||lfm2 rim,drums_v1,,false,0.1517,44100,1,1034c0cf51e1913118b4baa00ccc963793a8aa1b69ad38ddbf075de3daf2e398
/Volumes/Jack_Gandy_1TB_SSD/testing-for-NITE-DSP/sample_pack_testing/Loaded Samples - Lo-Fi Memphis 2/DRUMS/Snares/LFM2_Snare Clap (2).wav,testing-for-NITE-DSP/sample_pack_testing/Loaded Samples - Lo-Fi Memphis 2/DRUMS/Snares/LFM2_Snare Clap (2).wav,Clap,,,,,,Clap,One-Shot,,Loaded Samples - Lo-Fi Memphis 2,DRUMS,Loaded Samples - Lo-Fi Memphis 2||DRUMS||lfm2 snare clap,drums_v1,,false,0.2642,44100,1,800eead467409e698e0a070c67603c934dd3a3869b4f3e1d91818a26633c1e4d
/Volumes/Jack_Gandy_1TB_SSD/testing-for-NITE-DSP/sample_pack_testing/Loaded Samples - Lo-Fi Memphis 2/MELODIES (X3 & DR5)/Loops (Cassette Processed)/Strap In the Ride #1 [72 BPM] (C#).wav,testing-for-NITE-DSP/sample_pack_testing/Loaded Samples - Lo-Fi Memphis 2/MELODIES (X3 & DR5)/Loops (Cassette Processed)/Strap In the Ride #1 [72 BPM] (C#).wav,Other/none,,,,,,Rejection,Rejection,,Loaded Samples - Lo-Fi Memphis 2,MELODIES (X3 & DR5),Loaded Samples - Lo-Fi Memphis 2||MELODIES (X3 & DR5)||strap in the ride (c#),drums_v1,,false,6.6667,44100,2,c8644774c8321c2e9eccd911eb76646a910f330a21d9e648b7252a94e52086bd
/Volumes/Jack_Gandy_1TB_SSD/testing-for-NITE-DSP/sample_pack_testing/Loaded Samples - Lo-Fi Memphis 2/MELODIES (X3 & DR5)/Stems (OG Versions)/OGSTEM_Bell Will Toll #1 [72BPM] (G).wav,testing-for-NITE-DSP/sample_pack_testing/Loaded Samples - Lo-Fi Memphis 2/MELODIES (X3 & DR5)/Stems (OG Versions)/OGSTEM_Bell Will Toll #1 [72BPM] (G).wav,Other/none,,other,,,,Rejection,Rejection,,Loaded Samples - Lo-Fi Memphis 2,MELODIES (X3 & DR5),Loaded Samples - Lo-Fi Memphis 2||MELODIES (X3 & DR5)||ogstem bell will toll (g),drums_v1,,false,8.3333,44100,2,8647fe5afce4c186e2e01bda1c6bfd207b498bc7c4466a36ddef7497c032ee69
/Volumes/Jack_Gandy_1TB_SSD/testing-for-NITE-DSP/sample_pack_testing/Loaded Samples - Lo-Fi Memphis 2/MELODIES (X3 & DR5)/Stems (OG Versions)/OGSTEM_Kickin' In Doors #2 [72 BPM] (E).wav,testing-for-NITE-DSP/sample_pack_testing/Loaded Samples - Lo-Fi Memphis 2/MELODIES (X3 & DR5)/Stems (OG Versions)/OGSTEM_Kickin' In Doors #2 [72 BPM] (E).wav,Synth Loop,,,,,,Synth,Loop,ground_truth_override=Other/none,Loaded Samples - Lo-Fi Memphis 2,MELODIES (X3 & DR5),Loaded Samples - Lo-Fi Memphis 2||MELODIES (X3 & DR5)||ogstem kickin' in doors (e),granularity_v1,20260911T111240,false,15.0,44100,2,b8962357f6854c94731af712271a78152f2a985b5815843a785e55e9500e7380
/Volumes/Jack_Gandy_1TB_SSD/testing-for-NITE-DSP/sample_pack_testing/MGF Mega Pack/Analogue Collection/Perc/MOD_KICK 08.wav,testing-for-NITE-DSP/sample_pack_testing/MGF Mega Pack/Analogue Collection/Perc/MOD_KICK 08.wav,Kick,,,,,,Kick,One-Shot,,MGF Mega Pack,Analogue Collection,MGF Mega Pack||Analogue Collection||mod kick,drums_v1,,false,3.5804,96000,1,9a1aca99f6c40ce07e8dd0e3587b340738374e32bd6514e6f401c357a4cc04a9
/Volumes/Jack_Gandy_1TB_SSD/testing-for-NITE-DSP/sample_pack_testing/MGF Mega Pack/Analogue Collection/Perc/MS20_OCT20_PERC_05.wav,testing-for-NITE-DSP/sample_pack_testing/MGF Mega Pack/Analogue Collection/Perc/MS20_OCT20_PERC_05.wav,Percussion,Metallic,,,,,Percussion,One-Shot,,MGF Mega Pack,Analogue Collection,MGF Mega Pack||Analogue Collection||ms20 oct20 perc,drums_v1,,false,0.3062,96000,1,a88252facf3bc7d88ae4ad2d718689dc443333b8d47d2016b20c2b2c25cc0c9f
/Volumes/Jack_Gandy_1TB_SSD/testing-for-NITE-DSP/sample_pack_testing/MGF Mega Pack/Analogue Collection/Perc/S37 NOV18_SFX_028.wav,testing-for-NITE-DSP/sample_pack_testing/MGF Mega Pack/Analogue Collection/Perc/S37 NOV18_SFX_028.wav,Foley,,,,,,Foley,One-Shot,,MGF Mega Pack,Analogue Collection,MGF Mega Pack||Analogue Collection||s37 nov18 sfx,drums_v1,,false,0.965,96000,1,c93e8ea42689d8a267d7b3bc76b5b66cf8bb99ad635a593049b740d6bca27e03
/Volumes/Jack_Gandy_1TB_SSD/testing-for-NITE-DSP/sample_pack_testing/MGF Mega Pack/Misc + Found Sound/Abstract Hits/MGF_ABS1_PERC_08.wav,testing-for-NITE-DSP/sample_pack_testing/MGF Mega Pack/Misc + Found Sound/Abstract Hits/MGF_ABS1_PERC_08.wav,Percussion,Other Percussive Hit,,,,,Percussion,One-Shot,,MGF Mega Pack,Misc + Found Sound,MGF Mega Pack||Misc + Found Sound||mgf abs1 perc,drums_v1,,false,0.3194,96000,2,743e0a907997410afb75d56aa8140907c0edd424ef98ad3304016389adfc1910
/Volumes/Jack_Gandy_1TB_SSD/testing-for-NITE-DSP/sample_pack_testing/MGF Mega Pack/Misc + Found Sound/Button Bash/Percussive/MGF_BB2_PERC_12.wav,testing-for-NITE-DSP/sample_pack_testing/MGF Mega Pack/Misc + Found Sound/Button Bash/Percussive/MGF_BB2_PERC_12.wav,Percussion,Other Percussive Hit,,,,,Percussion,One-Shot,,MGF Mega Pack,Misc + Found Sound,MGF Mega Pack||Misc + Found Sound||mgf bb2 perc,drums_v1,,false,0.0625,96000,1,eebdad73c09c60087a92a0feb6447133605bc4f49e6ddf58a61d8121749c16a4
/Volumes/Jack_Gandy_1TB_SSD/testing-for-NITE-DSP/sample_pack_testing/MGF Mega Pack/Misc + Found Sound/Button Bash/Percussive/MGF_BB_PERC_36.wav,testing-for-NITE-DSP/sample_pack_testing/MGF Mega Pack/Misc + Found Sound/Button Bash/Percussive/MGF_BB_PERC_36.wav,Percussion,Other Percussive Hit,,,,,Percussion,One-Shot,,MGF Mega Pack,Misc + Found Sound,MGF Mega Pack||Misc + Found Sound||mgf bb perc,drums_v1,,false,0.746,96000,2,3cde7f0da309c9a3fb1b3733990aa52e353bdca402a72f4ba3e2cab49e71658b
/Volumes/Jack_Gandy_1TB_SSD/testing-for-NITE-DSP/sample_pack_testing/MGF Mega Pack/Misc + Found Sound/Casiotone 501/Drums/Casiotone 501 KickHat 1.wav,testing-for-NITE-DSP/sample_pack_testing/MGF Mega Pack/Misc + Found Sound/Casiotone 501/Drums/Casiotone 501 KickHat 1.wav,Kick,,,,,,Kick,One-Shot,ground_truth_override=Other/none,MGF Mega Pack,Misc + Found Sound,MGF Mega Pack||Misc + Found Sound||casiotone 501 kickhat,granularity_v1,20260911T105350,false,0.1792,48000,1,02ca766cd943b4fd128b6f58c61c4700793ffcd548759a5ee70d89a660ff8ec3
/Volumes/Jack_Gandy_1TB_SSD/testing-for-NITE-DSP/sample_pack_testing/MGF Mega Pack/Misc + Found Sound/Chromaphone/Percussion/MGF_PHYS1_PERC_44.wav,testing-for-NITE-DSP/sample_pack_testing/MGF Mega Pack/Misc + Found Sound/Chromaphone/Percussion/MGF_PHYS1_PERC_44.wav,Percussion,Other Percussive Hit,,,,,Percussion,One-Shot,foley,MGF Mega Pack,Misc + Found Sound,MGF Mega Pack||Misc + Found Sound||mgf phys1 perc,drums_v1,,false,0.485,48000,2,6838e1753afc1b5bc9813b5bf797b4c7437eea14a87266aa52ae74888ac30a1f
/Volumes/Jack_Gandy_1TB_SSD/testing-for-NITE-DSP/sample_pack_testing/MGF Mega Pack/Misc + Found Sound/Household Percussion April 2016/HOUSEHOLD_065.wav,testing-for-NITE-DSP/sample_pack_testing/MGF Mega Pack/Misc + Found Sound/Household Percussion April 2016/HOUSEHOLD_065.wav,Percussion,Other Percussive Hit,,,,,Percussion,One-Shot,foley,MGF Mega Pack,Misc + Found Sound,MGF Mega Pack||Misc + Found Sound||household,drums_v1,,false,0.125,96000,1,16902b623ce3574d4040841378ba3ca8324a94031a2ec4326f3cfe001a3a1ae4
/Volumes/Jack_Gandy_1TB_SSD/testing-for-NITE-DSP/sample_pack_testing/MGF Mega Pack/Misc + Found Sound/Household Percussion April 2016/HOUSEHOLD_086.wav,testing-for-NITE-DSP/sample_pack_testing/MGF Mega Pack/Misc + Found Sound/Household Percussion April 2016/HOUSEHOLD_086.wav,Foley,,,,,,Foley,One-Shot,,MGF Mega Pack,Misc + Found Sound,MGF Mega Pack||Misc + Found Sound||household,drums_v1,,false,0.3125,96000,1,365b61a002ce0769e10f7243130e6c3231524305b384b20f85cec188233513d5
/Volumes/Jack_Gandy_1TB_SSD/testing-for-NITE-DSP/sample_pack_testing/MGF Mega Pack/Misc + Found Sound/Household Percussion April 2016/HOUSEHOLD_262.wav,testing-for-NITE-DSP/sample_pack_testing/MGF Mega Pack/Misc + Found Sound/Household Percussion April 2016/HOUSEHOLD_262.wav,Foley,,,,,,Foley,One-Shot,,MGF Mega Pack,Misc + Found Sound,MGF Mega Pack||Misc + Found Sound||household,drums_v1,,false,0.586,96000,1,3e43f6369025d8b0f611a503ff37a50921d91f1d5a055fc82fbb1f12328e043a
/Volumes/Jack_Gandy_1TB_SSD/testing-for-NITE-DSP/sample_pack_testing/MGF Mega Pack/Misc + Found Sound/Household Percussion April 2016/HOUSEHOLD_425.wav,testing-for-NITE-DSP/sample_pack_testing/MGF Mega Pack/Misc + Found Sound/Household Percussion April 2016/HOUSEHOLD_425.wav,Kick,,,,,,Kick,One-Shot,,MGF Mega Pack,Misc + Found Sound,MGF Mega Pack||Misc + Found Sound||household,drums_v1,,false,0.375,96000,1,a17c11fe75e84b672b2c6d79e3b5b2ac5436aad81195d3f1f2dce986518b4b20
/Volumes/Jack_Gandy_1TB_SSD/testing-for-NITE-DSP/sample_pack_testing/MGF Mega Pack/Misc + Found Sound/UTS Foley 1/Short/Foot Hat-2.wav,testing-for-NITE-DSP/sample_pack_testing/MGF Mega Pack/Misc + Found Sound/UTS Foley 1/Short/Foot Hat-2.wav,Hi-Hat,,,,,,Hi-Hat,One-Shot,,MGF Mega Pack,Misc + Found Sound,MGF Mega Pack||Misc + Found Sound||foot hat,drums_v1,,false,0.1875,48000,1,c6aa073254241166dbdc815faf0c1510ddd531c96b619b3b2910e33166726b39
/Volumes/Jack_Gandy_1TB_SSD/testing-for-NITE-DSP/sample_pack_testing/MGF Mega Pack/Misc + Found Sound/UTS Foley 1/Short/Leek Snap-1.wav,testing-for-NITE-DSP/sample_pack_testing/MGF Mega Pack/Misc + Found Sound/UTS Foley 1/Short/Leek Snap-1.wav,Clap,,,,,,Clap,One-Shot,,MGF Mega Pack,Misc + Found Sound,MGF Mega Pack||Misc + Found Sound||leek snap,drums_v1,,false,1.125,48000,1,84a554fcd276b1eb72502d97d7928b43d86942403a189ed719e6ece490b85a81
/Volumes/Jack_Gandy_1TB_SSD/testing-for-NITE-DSP/sample_pack_testing/MGF Mega Pack/Misc + Found Sound/UTS Foley 1/Short/Leek Snap.wav,testing-for-NITE-DSP/sample_pack_testing/MGF Mega Pack/Misc + Found Sound/UTS Foley 1/Short/Leek Snap.wav,Foley,,,,,,Foley,One-Shot,,MGF Mega Pack,Misc + Found Sound,MGF Mega Pack||Misc + Found Sound||leek snap,drums_v1,,false,1.25,48000,1,b34d4e16177ae090109913d14d1911b6d62338adae305ae172fd64235f1aee53
/Volumes/Jack_Gandy_1TB_SSD/testing-for-NITE-DSP/sample_pack_testing/MGF Mega Pack/Misc + Found Sound/UTS Foley 2/AV Stand-14.wav,testing-for-NITE-DSP/sample_pack_testing/MGF Mega Pack/Misc + Found Sound/UTS Foley 2/AV Stand-14.wav,Percussion Loop,,,,,,Percussion,Loop,,MGF Mega Pack,Misc + Found Sound,MGF Mega Pack||Misc + Found Sound||av stand,drums_v1,,false,10.7033,96000,1,fc43b5bbba834685a682128fe0701d4a92f7950ee30597ca63b59b7f6a347da1
/Volumes/Jack_Gandy_1TB_SSD/testing-for-NITE-DSP/sample_pack_testing/MGF Mega Pack/Misc + Found Sound/UTS Foley 2/Pasta Box.wav,testing-for-NITE-DSP/sample_pack_testing/MGF Mega Pack/Misc + Found Sound/UTS Foley 2/Pasta Box.wav,Foley,,,,,,Foley,One-Shot,,MGF Mega Pack,Misc + Found Sound,MGF Mega Pack||Misc + Found Sound||pasta box,drums_v1,,false,2.2311,96000,1,774989bf359a0ad430e5e0603c55dde1bb5981d068b9e511f30305eb5f5c5f34
/Volumes/Jack_Gandy_1TB_SSD/testing-for-NITE-DSP/sample_pack_testing/MGF Mega Pack/Retro Digital Collection/Chords - Stab + Short/XV Pilgrimage 14.wav,testing-for-NITE-DSP/sample_pack_testing/MGF Mega Pack/Retro Digital Collection/Chords - Stab + Short/XV Pilgrimage 14.wav,Other/none,,,,,,Rejection,Rejection,,MGF Mega Pack,Retro Digital Collection,MGF Mega Pack||Retro Digital Collection||xv pilgrimage,drums_v1,,false,5.1429,48000,2,7b874cc5d40fb338141751b1950857a0934effa93a9701787bc54b19c3923bda
/Volumes/Jack_Gandy_1TB_SSD/testing-for-NITE-DSP/sample_pack_testing/Mike Shinoda Drums/MPC 1000 Backup/Beat Bits 1/3-PiSh_01.L.wav,testing-for-NITE-DSP/sample_pack_testing/Mike Shinoda Drums/MPC 1000 Backup/Beat Bits 1/3-PiSh_01.L.wav,Drum Loop,,,,,,Drum,Loop,,Mike Shinoda Drums,MPC 1000 Backup,Mike Shinoda Drums||MPC 1000 Backup||3 pish 01 l,drums_v1,,false,2.545,48000,1,3beed05d9fb218e2d198bfc1bedc897e75698ed291b9a2dbf1bd0bcaf5f94b6a
/Volumes/Jack_Gandy_1TB_SSD/testing-for-NITE-DSP/sample_pack_testing/Mike Shinoda Drums/MPC 1000 Backup/Beat Bits 2/B28-PiSh_01.L.wav,testing-for-NITE-DSP/sample_pack_testing/Mike Shinoda Drums/MPC 1000 Backup/Beat Bits 2/B28-PiSh_01.L.wav,Kick,,,,,,Kick,One-Shot,,Mike Shinoda Drums,MPC 1000 Backup,Mike Shinoda Drums||MPC 1000 Backup||b28 pish 01 l,drums_v1,,false,1.024,48000,1,3663db25e16e8fcbb9a93dae8690c8663db5340beee3e47a3c08efddea829b68
/Volumes/Jack_Gandy_1TB_SSD/testing-for-NITE-DSP/sample_pack_testing/Mike Shinoda Drums/MPC 1000 Backup/Beat Bits 2/B7-PiSh_01.L.wav,testing-for-NITE-DSP/sample_pack_testing/Mike Shinoda Drums/MPC 1000 Backup/Beat Bits 2/B7-PiSh_01.L.wav,Foley,,,,,,Foley,One-Shot,,Mike Shinoda Drums,MPC 1000 Backup,Mike Shinoda Drums||MPC 1000 Backup||b7 pish 01 l,drums_v1,,false,1.0666,48000,1,69a1f4914c3da7ad13524f02150edc04fe7f1b9ba5e2597e59d268e2a3f878de
/Volumes/Jack_Gandy_1TB_SSD/testing-for-NITE-DSP/sample_pack_testing/Mike Shinoda Drums/MPC 1000 Backup/DRE SAMPLES/HAT_WR.wav,testing-for-NITE-DSP/sample_pack_testing/Mike Shinoda Drums/MPC 1000 Backup/DRE SAMPLES/HAT_WR.wav,Hi-Hat,,,,,,Hi-Hat,One-Shot,,Mike Shinoda Drums,MPC 1000 Backup,Mike Shinoda Drums||MPC 1000 Backup||hat wr,drums_v1,,false,0.5015,44100,1,3c052231d88c659a47f9bf8fe00468b8a64d8c2f2ad740632ff4f39874ce0745
/Volumes/Jack_Gandy_1TB_SSD/testing-for-NITE-DSP/sample_pack_testing/Mike Shinoda Drums/MPC 1000 Backup/IRIDESCENT/GB snd 61.WAV,testing-for-NITE-DSP/sample_pack_testing/Mike Shinoda Drums/MPC 1000 Backup/IRIDESCENT/GB snd 61.WAV,SFX,,,,,,FX,One-Shot,ground_truth_override=Other/none,Mike Shinoda Drums,MPC 1000 Backup,Mike Shinoda Drums||MPC 1000 Backup||gb snd,granularity_v1,20260911T111240,false,0.5889,44100,1,5cad19252e236ee4ba57d68b17858f3c92fcc1534c976bc8edfb3027a304a82f
/Volumes/Jack_Gandy_1TB_SSD/testing-for-NITE-DSP/sample_pack_testing/Mike Shinoda Drums/MPC 1000 Backup/LOOSESAMPLES/CYMBAL1.WAV,testing-for-NITE-DSP/sample_pack_testing/Mike Shinoda Drums/MPC 1000 Backup/LOOSESAMPLES/CYMBAL1.WAV,Crash,,,,,,Crash,One-Shot,,Mike Shinoda Drums,MPC 1000 Backup,Mike Shinoda Drums||MPC 1000 Backup||cymbal1,drums_v1,,false,1.0061,44100,1,ef751b5c057b453b7b5d9ffaa28b353f1b0bcdb4aaa5e4dec1be9f3b20dcca43
/Volumes/Jack_Gandy_1TB_SSD/testing-for-NITE-DSP/sample_pack_testing/Mike Shinoda Drums/MPC 1000 Backup/LOOSESAMPLES/TT_HHPDL.WAV,testing-for-NITE-DSP/sample_pack_testing/Mike Shinoda Drums/MPC 1000 Backup/LOOSESAMPLES/TT_HHPDL.WAV,Hi-Hat,,,,,,Hi-Hat,One-Shot,,Mike Shinoda Drums,MPC 1000 Backup,Mike Shinoda Drums||MPC 1000 Backup||tt hhpdl,drums_v1,,false,0.1792,44100,2,1c604107eefe8beb4b7106e3621e5ab65be9f68ea1df5a9e6c297c22713df566
/Volumes/Jack_Gandy_1TB_SSD/testing-for-NITE-DSP/sample_pack_testing/Mike Shinoda Drums/MPC 1000 Backup/MPC1000 FILES/PACMANNY/OLIVESIN.WAV,testing-for-NITE-DSP/sample_pack_testing/Mike Shinoda Drums/MPC 1000 Backup/MPC1000 FILES/PACMANNY/OLIVESIN.WAV,Hi-Hat,,,,,,Hi-Hat,One-Shot,,Mike Shinoda Drums,MPC 1000 Backup,Mike Shinoda Drums||MPC 1000 Backup||olivesin,drums_v1,,false,2.447,44100,1,158fae6a7aaf355391e182b8067ef124d590e7fa4e76876941862bd2bb614e29
/Volumes/Jack_Gandy_1TB_SSD/testing-for-NITE-DSP/sample_pack_testing/Mike Shinoda Drums/MPC 1000 Backup/Mike_s Beats #1/CRASHNEW.wav,testing-for-NITE-DSP/sample_pack_testing/Mike Shinoda Drums/MPC 1000 Backup/Mike_s Beats #1/CRASHNEW.wav,Crash,,,,,,Crash,One-Shot,,Mike Shinoda Drums,MPC 1000 Backup,Mike Shinoda Drums||MPC 1000 Backup||crashnew,drums_v1,,false,3.2087,44100,1,370a59cca209b41d6ab7e0aef2aff435c239a7705bb1ccc2dcb446e1ba19ea67
/Volumes/Jack_Gandy_1TB_SSD/testing-for-NITE-DSP/sample_pack_testing/Mike Shinoda Drums/MPC 1000 Backup/Mike_s Beats #1/D_SNARE2.wav,testing-for-NITE-DSP/sample_pack_testing/Mike Shinoda Drums/MPC 1000 Backup/Mike_s Beats #1/D_SNARE2.wav,Snare,,,,,,Snare,One-Shot,,Mike Shinoda Drums,MPC 1000 Backup,Mike Shinoda Drums||MPC 1000 Backup||d snare2,drums_v1,,false,0.4082,44100,1,4b14caa05efa055eae5aaf6c1f26e1fcafcb66ef7db4cd390eab2732a81ed8b5
/Volumes/Jack_Gandy_1TB_SSD/testing-for-NITE-DSP/sample_pack_testing/Mike Shinoda Drums/MPC 1000 Backup/NEPTUNES SAMPLES/CLAP candy.wav,testing-for-NITE-DSP/sample_pack_testing/Mike Shinoda Drums/MPC 1000 Backup/NEPTUNES SAMPLES/CLAP candy.wav,Clap,,,,,,Clap,One-Shot,,Mike Shinoda Drums,MPC 1000 Backup,Mike Shinoda Drums||MPC 1000 Backup||clap candy,drums_v1,,false,0.15,44100,1,e372d93a258e830f326e653e36c7e652322d901825470ffa2aae1f8ff871ab32
/Volumes/Jack_Gandy_1TB_SSD/testing-for-NITE-DSP/sample_pack_testing/Mike Shinoda Drums/MPC 1000 Backup/NEPTUNES SAMPLES/CLAP grindin.wav,testing-for-NITE-DSP/sample_pack_testing/Mike Shinoda Drums/MPC 1000 Backup/NEPTUNES SAMPLES/CLAP grindin.wav,Clap,,,,,,Clap,One-Shot,,Mike Shinoda Drums,MPC 1000 Backup,Mike Shinoda Drums||MPC 1000 Backup||clap grindin,drums_v1,,false,0.3109,44100,1,4e7bc2f8423334f465d94793885d8dff613735033a1a168860c2886e49a1a56b
/Volumes/Jack_Gandy_1TB_SSD/testing-for-NITE-DSP/sample_pack_testing/Mike Shinoda Drums/MPC 1000 Backup/NEPTUNES SAMPLES/CLAP mys.wav,testing-for-NITE-DSP/sample_pack_testing/Mike Shinoda Drums/MPC 1000 Backup/NEPTUNES SAMPLES/CLAP mys.wav,Clap,,,,,,Clap,One-Shot,,Mike Shinoda Drums,MPC 1000 Backup,Mike Shinoda Drums||MPC 1000 Backup||clap mys,drums_v1,,false,0.2019,44100,1,08e79395138610dbcf2df8c11be56e891e987b1aad9f283a430dbcdaf44300ae
/Volumes/Jack_Gandy_1TB_SSD/testing-for-NITE-DSP/sample_pack_testing/Mike Shinoda Drums/MPC 1000 Backup/NEPTUNES SAMPLES/HAT head.wav,testing-for-NITE-DSP/sample_pack_testing/Mike Shinoda Drums/MPC 1000 Backup/NEPTUNES SAMPLES/HAT head.wav,Hi-Hat,,,,,,Hi-Hat,One-Shot,,Mike Shinoda Drums,MPC 1000 Backup,Mike Shinoda Drums||MPC 1000 Backup||hat head,drums_v1,,false,0.0944,44100,1,5f5ec039f489c9e0187d68cf6f26db14e704044e67c6e404071ad1e6ae963430
/Volumes/Jack_Gandy_1TB_SSD/testing-for-NITE-DSP/sample_pack_testing/Mike Shinoda Drums/MPC 1000 Backup/NEPTUNES SAMPLES/HAT mys.wav,testing-for-NITE-DSP/sample_pack_testing/Mike Shinoda Drums/MPC 1000 Backup/NEPTUNES SAMPLES/HAT mys.wav,Hi-Hat,,,,,,Hi-Hat,One-Shot,,Mike Shinoda Drums,MPC 1000 Backup,Mike Shinoda Drums||MPC 1000 Backup||hat mys,drums_v1,,false,0.1583,44100,1,b8db96fa018c78eabf064eb48965130c516cd2d8a1a34e0bba676a82de4ffd52
/Volumes/Jack_Gandy_1TB_SSD/testing-for-NITE-DSP/sample_pack_testing/Mike Shinoda Drums/MPC 1000 Backup/NEPTUNES SAMPLES/bell HAT.wav,testing-for-NITE-DSP/sample_pack_testing/Mike Shinoda Drums/MPC 1000 Backup/NEPTUNES SAMPLES/bell HAT.wav,Hi-Hat,,,,,,Hi-Hat,One-Shot,,Mike Shinoda Drums,MPC 1000 Backup,Mike Shinoda Drums||MPC 1000 Backup||bell hat,drums_v1,,false,0.2861,44100,1,b9b5352eb5ff270433781d9c2454f4c283d764ac27ee7ce2721df6324fae32b8
/Volumes/Jack_Gandy_1TB_SSD/testing-for-NITE-DSP/sample_pack_testing/Mike Shinoda Drums/MPC 1000 Backup/NewFinishesA/CRASH1.wav,testing-for-NITE-DSP/sample_pack_testing/Mike Shinoda Drums/MPC 1000 Backup/NewFinishesA/CRASH1.wav,Crash,,,,,,Crash,One-Shot,,Mike Shinoda Drums,MPC 1000 Backup,Mike Shinoda Drums||MPC 1000 Backup||crash1,drums_v1,,false,0.7029,44100,1,5e49ae8eb9dd9d6dc2713ae63f4b478255116af629fc37bd14ce933e1b674670
/Volumes/Jack_Gandy_1TB_SSD/testing-for-NITE-DSP/sample_pack_testing/Mike Shinoda Drums/MPC 1000 Backup/NewFinishesA/EPMDCLAP.wav,testing-for-NITE-DSP/sample_pack_testing/Mike Shinoda Drums/MPC 1000 Backup/NewFinishesA/EPMDCLAP.wav,Crash,,,,,,Crash,One-Shot,,Mike Shinoda Drums,MPC 1000 Backup,Mike Shinoda Drums||MPC 1000 Backup||epmdclap,drums_v1,,false,0.4785,44100,1,1f7bef35c96716951919cfe3228d7050ebd497c0970145c91f4c2efb4a0eee25
/Volumes/Jack_Gandy_1TB_SSD/testing-for-NITE-DSP/sample_pack_testing/Mike Shinoda Drums/MPC 1000 Backup/WHATYOUHAVE/KMURR10.WAV,testing-for-NITE-DSP/sample_pack_testing/Mike Shinoda Drums/MPC 1000 Backup/WHATYOUHAVE/KMURR10.WAV,Clap,,,,,,Clap,One-Shot,,Mike Shinoda Drums,MPC 1000 Backup,Mike Shinoda Drums||MPC 1000 Backup||kmurr10,drums_v1,,false,0.2204,44100,1,9ec5067e7cc841d8cd378ca84190c2d40b99013fe0fbfd79a148aaa9c24b3d88
/Volumes/Jack_Gandy_1TB_SSD/testing-for-NITE-DSP/sample_pack_testing/Mike Shinoda Drums/MPC 1000 Backup/WHATYOUHAVE/PROCK3.WAV,testing-for-NITE-DSP/sample_pack_testing/Mike Shinoda Drums/MPC 1000 Backup/WHATYOUHAVE/PROCK3.WAV,Hi-Hat,,,,,,Hi-Hat,One-Shot,ground_truth_override=Other/none,Mike Shinoda Drums,MPC 1000 Backup,Mike Shinoda Drums||MPC 1000 Backup||prock3,granularity_v1,20260911T105350,false,0.441,44100,1,d4e28b2fb2b2da155d560eb7eb5c8e8df5d09df7b684ab7abc0561799331c641
/Volumes/Jack_Gandy_1TB_SSD/testing-for-NITE-DSP/sample_pack_testing/Mike Shinoda Drums/MPC 1000 Backup/WHATYOUHAVE/RECTNGL34.WAV,testing-for-NITE-DSP/sample_pack_testing/Mike Shinoda Drums/MPC 1000 Backup/WHATYOUHAVE/RECTNGL34.WAV,Snare,,,,,,Snare,One-Shot,ground_truth_override=Other/none,Mike Shinoda Drums,MPC 1000 Backup,Mike Shinoda Drums||MPC 1000 Backup||rectngl34,granularity_v1,20260911T105350,false,0.3363,44100,1,aae0387d97fabed8ed01ad9845d4bbf4b82aaf5346a3bbbd4606b7bd0c15a4d3
/Volumes/Jack_Gandy_1TB_SSD/testing-for-NITE-DSP/sample_pack_testing/Mike Shinoda Drums/MPC 1000 Backup/WHATYOUHAVE/SQRATCH48.WAV,testing-for-NITE-DSP/sample_pack_testing/Mike Shinoda Drums/MPC 1000 Backup/WHATYOUHAVE/SQRATCH48.WAV,Foley,,,,,,Foley,One-Shot,ground_truth_override=Other/none,Mike Shinoda Drums,MPC 1000 Backup,Mike Shinoda Drums||MPC 1000 Backup||sqratch48,granularity_v1,20260911T105350,false,0.3668,44100,1,788ed49e6e46cd98187b9c8ea5471d97be63d5044e17e612895fcf4c41abec88
/Volumes/Jack_Gandy_1TB_SSD/testing-for-NITE-DSP/sample_pack_testing/Mike Shinoda Drums/MPC 1000 Backup/Xero Current/A_KICK6.wav,testing-for-NITE-DSP/sample_pack_testing/Mike Shinoda Drums/MPC 1000 Backup/Xero Current/A_KICK6.wav,Kick,,,,,,Kick,One-Shot,,Mike Shinoda Drums,MPC 1000 Backup,Mike Shinoda Drums||MPC 1000 Backup||a kick6,drums_v1,,false,1.9048,44100,1,116251853c82ca3ffc8c3dea851702c7d6f1d3629ea1d59437e8a20df66a5e9e
/Volumes/Jack_Gandy_1TB_SSD/testing-for-NITE-DSP/sample_pack_testing/Mike Shinoda Drums/MS BEATS/Amethyst Samples/Clap AR60sLate V127 1.wav,testing-for-NITE-DSP/sample_pack_testing/Mike Shinoda Drums/MS BEATS/Amethyst Samples/Clap AR60sLate V127 1.wav,Clap,,,,,,Clap,One-Shot,,Mike Shinoda Drums,MS BEATS,Mike Shinoda Drums||MS BEATS||clap ar60slate v127,drums_v1,,false,0.5687,44100,2,0b04529716408aa7f09ef6bfd2fb5a917213e5be4be6e2fb634dfa4164831ba1
/Volumes/Jack_Gandy_1TB_SSD/testing-for-NITE-DSP/sample_pack_testing/Mike Shinoda Drums/MS BEATS/Amethyst Samples/Crash AR60sLate V108 1.wav,testing-for-NITE-DSP/sample_pack_testing/Mike Shinoda Drums/MS BEATS/Amethyst Samples/Crash AR60sLate V108 1.wav,Crash,,,,,,Crash,One-Shot,,Mike Shinoda Drums,MS BEATS,Mike Shinoda Drums||MS BEATS||crash ar60slate v108,drums_v1,,false,3.0303,44100,2,b7eaf3515881f6fb57a67370ebf2548d652ce841443896ad58807f8306f5cfc5
/Volumes/Jack_Gandy_1TB_SSD/testing-for-NITE-DSP/sample_pack_testing/Mike Shinoda Drums/MS BEATS/Amethyst Samples/OpenHH AR60sLate V88 1.wav,testing-for-NITE-DSP/sample_pack_testing/Mike Shinoda Drums/MS BEATS/Amethyst Samples/OpenHH AR60sLate V88 1.wav,Hi-Hat,,,,,,Hi-Hat,One-Shot,ground_truth_override=Other/none,Mike Shinoda Drums,MS BEATS,Mike Shinoda Drums||MS BEATS||openhh ar60slate v88,granularity_v1,20260911T105350,false,1.2018,44100,2,108cc185c1d8542d2afbd014af0353d58b660e72a68f1c56bf648847f61fa7f0
/Volumes/Jack_Gandy_1TB_SSD/testing-for-NITE-DSP/sample_pack_testing/Mike Shinoda Drums/MS BEATS/Amethyst Samples/Ride AR60sLate V54 1.wav,testing-for-NITE-DSP/sample_pack_testing/Mike Shinoda Drums/MS BEATS/Amethyst Samples/Ride AR60sLate V54 1.wav,Hi-Hat,,,,,,Hi-Hat,One-Shot,ground_truth_override=Other/none,Mike Shinoda Drums,MS BEATS,Mike Shinoda Drums||MS BEATS||ride ar60slate v54,granularity_v1,20260911T111240,false,0.933,44100,2,43a0581db35b56c15677dd82b711dc205b2b10100ae2d516ddee6407123252ca
/Volumes/Jack_Gandy_1TB_SSD/testing-for-NITE-DSP/sample_pack_testing/Mike Shinoda Drums/MS BEATS/Amethyst Samples/Snare AR60sLate V108 3.wav,testing-for-NITE-DSP/sample_pack_testing/Mike Shinoda Drums/MS BEATS/Amethyst Samples/Snare AR60sLate V108 3.wav,Snare,,,,,,Snare,One-Shot,,Mike Shinoda Drums,MS BEATS,Mike Shinoda Drums||MS BEATS||snare ar60slate v108,drums_v1,,false,0.2376,44100,2,28f0e1a4f42610c2d74bc0c6130c9d536bb58c8b43e3b7099435c1ea0b4195f6
/Volumes/Jack_Gandy_1TB_SSD/testing-for-NITE-DSP/sample_pack_testing/Mike Shinoda Drums/MS BEATS/Amethyst Samples/Snare AR60sLate V65 1.wav,testing-for-NITE-DSP/sample_pack_testing/Mike Shinoda Drums/MS BEATS/Amethyst Samples/Snare AR60sLate V65 1.wav,Snare,,,,,,Snare,One-Shot,,Mike Shinoda Drums,MS BEATS,Mike Shinoda Drums||MS BEATS||snare ar60slate v65,drums_v1,,false,0.2541,44100,2,0ae4cf9bb7fe96f01a3a943261e2be02f2de779befd8ecf68fe4246ccd24d36c
/Volumes/Jack_Gandy_1TB_SSD/testing-for-NITE-DSP/sample_pack_testing/Mike Shinoda Drums/MS BEATS/Amethyst Samples/Snare AR60sLate V65 3.wav,testing-for-NITE-DSP/sample_pack_testing/Mike Shinoda Drums/MS BEATS/Amethyst Samples/Snare AR60sLate V65 3.wav,Snare,,,,,,Snare,One-Shot,,Mike Shinoda Drums,MS BEATS,Mike Shinoda Drums||MS BEATS||snare ar60slate v65,drums_v1,,false,0.206,44100,2,6d74011e8dcfba6ba4b8d69086ffc8d2c16d4c05ff2caea3297e42b7e3997d9a
/Volumes/Jack_Gandy_1TB_SSD/testing-for-NITE-DSP/sample_pack_testing/Mike Shinoda Drums/MS BEATS/Amethyst Samples/SnareFlam AR60sLate V77 1.wav,testing-for-NITE-DSP/sample_pack_testing/Mike Shinoda Drums/MS BEATS/Amethyst Samples/SnareFlam AR60sLate V77 1.wav,Snare,,,,,,Snare,One-Shot,,Mike Shinoda Drums,MS BEATS,Mike Shinoda Drums||MS BEATS||snareflam ar60slate v77,drums_v1,,false,0.3522,44100,2,a2084b626606d52daae8865fe670ea36939f1633846e45750c693dec7847be68
/Volumes/Jack_Gandy_1TB_SSD/testing-for-NITE-DSP/sample_pack_testing/Mike Shinoda Drums/MS BEATS/Andes Samples/Clap AllOver.wav,testing-for-NITE-DSP/sample_pack_testing/Mike Shinoda Drums/MS BEATS/Andes Samples/Clap AllOver.wav,Clap,,,,,,Clap,One-Shot,,Mike Shinoda Drums,MS BEATS,Mike Shinoda Drums||MS BEATS||clap allover,drums_v1,,false,0.3164,44100,2,533d2c8aaec39b1a493259f1aca5181ee052781b74bfab083d1ddb57e7a521ee
/Volumes/Jack_Gandy_1TB_SSD/testing-for-NITE-DSP/sample_pack_testing/Mike Shinoda Drums/MS BEATS/Andes Samples/ClosedHH Chardro 5.wav,testing-for-NITE-DSP/sample_pack_testing/Mike Shinoda Drums/MS BEATS/Andes Samples/ClosedHH Chardro 5.wav,Hi-Hat,,,,,,Hi-Hat,One-Shot,,Mike Shinoda Drums,MS BEATS,Mike Shinoda Drums||MS BEATS||closedhh chardro,drums_v1,,false,0.0598,44100,2,443ec9bba2aa1d83ef70592182db1f9e2d623aff3d5508609066254503dc0314
/Volumes/Jack_Gandy_1TB_SSD/testing-for-NITE-DSP/sample_pack_testing/Mike Shinoda Drums/MS BEATS/Andes Samples/Kick AR60sLate V127 1.wav,testing-for-NITE-DSP/sample_pack_testing/Mike Shinoda Drums/MS BEATS/Andes Samples/Kick AR60sLate V127 1.wav,Kick,,,,,,Kick,One-Shot,,Mike Shinoda Drums,MS BEATS,Mike Shinoda Drums||MS BEATS||kick ar60slate v127,drums_v1,,false,0.1367,44100,2,7143d0d5528a643a1f793cff67d3d34cc4c1d2cdcc08ff7d01b467fe732c4234
/Volumes/Jack_Gandy_1TB_SSD/testing-for-NITE-DSP/sample_pack_testing/Mike Shinoda Drums/MS BEATS/Animals Beat Samples/Clap_LastMin2st_SP12R.wav,testing-for-NITE-DSP/sample_pack_testing/Mike Shinoda Drums/MS BEATS/Animals Beat Samples/Clap_LastMin2st_SP12R.wav,Clap,,,,,,Clap,One-Shot,,Mike Shinoda Drums,MS BEATS,Mike Shinoda Drums||MS BEATS||clap lastmin2st sp12r,drums_v1,,false,0.4005,44100,2,925d9497e75099ca5c4a3097ba4414280a6127c024b54f3d5e14b3cf5b159f5b
/Volumes/Jack_Gandy_1TB_SSD/testing-for-NITE-DSP/sample_pack_testing/Mike Shinoda Drums/MS BEATS/Auckland2013 Samples/45bpmSD9_SP1200F.wav,testing-for-NITE-DSP/sample_pack_testing/Mike Shinoda Drums/MS BEATS/Auckland2013 Samples/45bpmSD9_SP1200F.wav,Snare,,,,,,Snare,One-Shot,,Mike Shinoda Drums,MS BEATS,Mike Shinoda Drums||MS BEATS||45bpmsd9 sp1200f,drums_v1,,false,0.4212,44100,1,167e9c15b6dd37ecdf5463ce2d469f8e272c53501a0179c7fe142e0ae193fc6c
/Volumes/Jack_Gandy_1TB_SSD/testing-for-NITE-DSP/sample_pack_testing/Mike Shinoda Drums/MS BEATS/Auckland2013 Samples/Kick Gamsay 2.wav,testing-for-NITE-DSP/sample_pack_testing/Mike Shinoda Drums/MS BEATS/Auckland2013 Samples/Kick Gamsay 2.wav,Kick,,,,,,Kick,One-Shot,,Mike Shinoda Drums,MS BEATS,Mike Shinoda Drums||MS BEATS||kick gamsay,drums_v1,,false,0.4585,44100,2,879948d0e42829db4b3a0e1fc71639617bcc59d5dfaa9859ee03337e69984d22
/Volumes/Jack_Gandy_1TB_SSD/testing-for-NITE-DSP/sample_pack_testing/Mike Shinoda Drums/MS BEATS/Bottles Samples/Clap Bionic 1.wav,testing-for-NITE-DSP/sample_pack_testing/Mike Shinoda Drums/MS BEATS/Bottles Samples/Clap Bionic 1.wav,Clap,,,,,,Clap,One-Shot,,Mike Shinoda Drums,MS BEATS,Mike Shinoda Drums||MS BEATS||clap bionic,drums_v1,,false,0.4688,44100,2,2cb7f393a5eca6705620cd13d0c79347a8c00cda9ffc70f4a2ef74d0cb3c0411
/Volumes/Jack_Gandy_1TB_SSD/testing-for-NITE-DSP/sample_pack_testing/Mike Shinoda Drums/MS BEATS/Burberry-Space Station Samples/Clap_LastMin3st_SP12R.wav,testing-for-NITE-DSP/sample_pack_testing/Mike Shinoda Drums/MS BEATS/Burberry-Space Station Samples/Clap_LastMin3st_SP12R.wav,Clap,,,,,,Clap,One-Shot,,Mike Shinoda Drums,MS BEATS,Mike Shinoda Drums||MS BEATS||clap lastmin3st sp12r,drums_v1,,false,0.2844,44100,2,5dd41a8b9883f704ecc14fc4f5c1b005617841e74d0d79130b713a1843ba418e
/Volumes/Jack_Gandy_1TB_SSD/testing-for-NITE-DSP/sample_pack_testing/Mike Shinoda Drums/MS BEATS/Castle Of Glass Remix2 Samples/Clap Quasi.wav,testing-for-NITE-DSP/sample_pack_testing/Mike Shinoda Drums/MS BEATS/Castle Of Glass Remix2 Samples/Clap Quasi.wav,Clap,,,,,,Clap,One-Shot,,Mike Shinoda Drums,MS BEATS,Mike Shinoda Drums||MS BEATS||clap quasi,drums_v1,,false,0.9199,44100,2,96ce7daf2d87357294f661df6c49ff4e9f5680e4860a03faaedf50398a74f18a
/Volumes/Jack_Gandy_1TB_SSD/testing-for-NITE-DSP/sample_pack_testing/Mike Shinoda Drums/MS BEATS/Castle Of Glass Remix2 Samples/ClosedHH Catmando.wav,testing-for-NITE-DSP/sample_pack_testing/Mike Shinoda Drums/MS BEATS/Castle Of Glass Remix2 Samples/ClosedHH Catmando.wav,Hi-Hat,,,,,,Hi-Hat,One-Shot,,Mike Shinoda Drums,MS BEATS,Mike Shinoda Drums||MS BEATS||closedhh catmando,drums_v1,,false,0.9349,44100,2,9947904eed9da84cf1bb44f5eef9263cd5563d17f25bc30256518ebae0617869
/Volumes/Jack_Gandy_1TB_SSD/testing-for-NITE-DSP/sample_pack_testing/Mike Shinoda Drums/MS BEATS/Castle Of Glass Remix2 Samples/ClosedHH Cronotilus.wav,testing-for-NITE-DSP/sample_pack_testing/Mike Shinoda Drums/MS BEATS/Castle Of Glass Remix2 Samples/ClosedHH Cronotilus.wav,Hi-Hat,,,,,,Hi-Hat,One-Shot,,Mike Shinoda Drums,MS BEATS,Mike Shinoda Drums||MS BEATS||closedhh cronotilus,drums_v1,,false,0.0981,44100,2,ed36f070c9fa39e6a78ab7b2c17daae13f805ced34903c0fd998e9fa91ef3ea8
/Volumes/Jack_Gandy_1TB_SSD/testing-for-NITE-DSP/sample_pack_testing/Mike Shinoda Drums/MS BEATS/Castle Of Glass Remix2 Samples/ClosedHH DayDreamer 1.wav,testing-for-NITE-DSP/sample_pack_testing/Mike Shinoda Drums/MS BEATS/Castle Of Glass Remix2 Samples/ClosedHH DayDreamer 1.wav,Hi-Hat,,,,,,Hi-Hat,One-Shot,,Mike Shinoda Drums,MS BEATS,Mike Shinoda Drums||MS BEATS||closedhh daydreamer,drums_v1,,false,0.0675,44100,2,e83c101995e1625f6af077bd61a82fbf0096f3380c3d03b720010197bee75c5b
/Volumes/Jack_Gandy_1TB_SSD/testing-for-NITE-DSP/sample_pack_testing/Mike Shinoda Drums/MS BEATS/Castle Of Glass Remix2 Samples/KEYZ15.WAV,testing-for-NITE-DSP/sample_pack_testing/Mike Shinoda Drums/MS BEATS/Castle Of Glass Remix2 Samples/KEYZ15.WAV,Synth One-Shot,,,,,,Synth,One-Shot,ground_truth_override=Other/none,Mike Shinoda Drums,MS BEATS,Mike Shinoda Drums||MS BEATS||keyz15,granularity_v1,20260911T111240,false,0.4097,44100,1,7cc476fff61271bbd69e4b42a527074dccca4ddbc4193965273cf6f32bbe22a6
/Volumes/Jack_Gandy_1TB_SSD/testing-for-NITE-DSP/sample_pack_testing/Mike Shinoda Drums/MS BEATS/Confetti Samples/BD_GoldDust008_MPC60.wav,testing-for-NITE-DSP/sample_pack_testing/Mike Shinoda Drums/MS BEATS/Confetti Samples/BD_GoldDust008_MPC60.wav,Kick,,,,,,Kick,One-Shot,,Mike Shinoda Drums,MS BEATS,Mike Shinoda Drums||MS BEATS||bd golddust008 mpc60,drums_v1,,false,0.4039,44100,1,c4899375bb3b532aa3b905c8aa21ed352e5135c3d39d47bdb135e5cb0ad450a9
/Volumes/Jack_Gandy_1TB_SSD/testing-for-NITE-DSP/sample_pack_testing/Mike Shinoda Drums/MS BEATS/Dance Rock Samples/ClosedHH Chardro 11.wav,testing-for-NITE-DSP/sample_pack_testing/Mike Shinoda Drums/MS BEATS/Dance Rock Samples/ClosedHH Chardro 11.wav,Hi-Hat,,,,,,Hi-Hat,One-Shot,,Mike Shinoda Drums,MS BEATS,Mike Shinoda Drums||MS BEATS||closedhh chardro,drums_v1,,false,0.3267,44100,1,fec6ec98db4ce04cb193caf2057493f74829d827e13406a605930661c5f3b839
/Volumes/Jack_Gandy_1TB_SSD/testing-for-NITE-DSP/sample_pack_testing/Mike Shinoda Drums/MS BEATS/Dance Rock Samples/Kick AR70sTight V127 3.wav,testing-for-NITE-DSP/sample_pack_testing/Mike Shinoda Drums/MS BEATS/Dance Rock Samples/Kick AR70sTight V127 3.wav,Snare,,,,,,Snare,One-Shot,,Mike Shinoda Drums,MS BEATS,Mike Shinoda Drums||MS BEATS||kick ar70stight v127,drums_v1,,false,0.8428,44100,2,2096b3fa6690cb4064cb9279dd7108a496fe43d21aa5caa462e14c4e761ada61
/Volumes/Jack_Gandy_1TB_SSD/testing-for-NITE-DSP/sample_pack_testing/Mike Shinoda Drums/MS BEATS/Digi folk Samples/BD_DirtMunga60_03.wav,testing-for-NITE-DSP/sample_pack_testing/Mike Shinoda Drums/MS BEATS/Digi folk Samples/BD_DirtMunga60_03.wav,Kick,,,,,,Kick,One-Shot,,Mike Shinoda Drums,MS BEATS,Mike Shinoda Drums||MS BEATS||bd dirtmunga60,drums_v1,,false,0.2624,44100,1,491bd5c0f97117321094ccaf51e02cc87f5ff1181bf71443822f5042115c887c
/Volumes/Jack_Gandy_1TB_SSD/testing-for-NITE-DSP/sample_pack_testing/Mike Shinoda Drums/MS BEATS/Digi folk Samples/BD_GoldBar001_MPC60.wav,testing-for-NITE-DSP/sample_pack_testing/Mike Shinoda Drums/MS BEATS/Digi folk Samples/BD_GoldBar001_MPC60.wav,Kick,,,,,,Kick,One-Shot,,Mike Shinoda Drums,MS BEATS,Mike Shinoda Drums||MS BEATS||bd goldbar001 mpc60,drums_v1,,false,0.2278,44100,1,b083c16539fbe295297562311d40813b26e4d9303fe8c8d83a44b3e249882dc1
/Volumes/Jack_Gandy_1TB_SSD/testing-for-NITE-DSP/sample_pack_testing/Mike Shinoda Drums/MS BEATS/Dubby Samples/Kick Absynth B 3.wav,testing-for-NITE-DSP/sample_pack_testing/Mike Shinoda Drums/MS BEATS/Dubby Samples/Kick Absynth B 3.wav,Kick,,,,,,Kick,One-Shot,,Mike Shinoda Drums,MS BEATS,Mike Shinoda Drums||MS BEATS||kick absynth,drums_v1,,false,0.4187,44100,2,a9682ef987e379cc2ee1036462037dc412d96ddf5ccee93c9e0fc2bd75da274e
/Volumes/Jack_Gandy_1TB_SSD/testing-for-NITE-DSP/sample_pack_testing/Mike Shinoda Drums/MS BEATS/Gyoza Samples/Snare Bodzin 1.wav,testing-for-NITE-DSP/sample_pack_testing/Mike Shinoda Drums/MS BEATS/Gyoza Samples/Snare Bodzin 1.wav,Snare,,,,,,Snare,One-Shot,,Mike Shinoda Drums,MS BEATS,Mike Shinoda Drums||MS BEATS||snare bodzin,drums_v1,,false,0.1422,44100,2,5b575f8b0bba9e3e2e78602928a2a09e5315693b6a02eaff21b82e2c4d5cdcc7
/Volumes/Jack_Gandy_1TB_SSD/testing-for-NITE-DSP/sample_pack_testing/Mike Shinoda Drums/MS BEATS/Horizons Samples/ClosedHH AncientAliens.wav,testing-for-NITE-DSP/sample_pack_testing/Mike Shinoda Drums/MS BEATS/Horizons Samples/ClosedHH AncientAliens.wav,Hi-Hat,,,,,,Hi-Hat,One-Shot,,Mike Shinoda Drums,MS BEATS,Mike Shinoda Drums||MS BEATS||closedhh ancientaliens,drums_v1,,false,0.5,44100,2,4276ed0b6396c8156b698a58fd1d5547c2120056e62bb293f0be06020a7844a4
/Volumes/Jack_Gandy_1TB_SSD/testing-for-NITE-DSP/sample_pack_testing/Mike Shinoda Drums/MS BEATS/Killing Fields Samples/Crash UpInSmoke.wav,testing-for-NITE-DSP/sample_pack_testing/Mike Shinoda Drums/MS BEATS/Killing Fields Samples/Crash UpInSmoke.wav,Crash,,,,,,Crash,One-Shot,,Mike Shinoda Drums,MS BEATS,Mike Shinoda Drums||MS BEATS||crash upinsmoke,drums_v1,,false,4.2249,44100,2,466bd890a1c58f7567f94e5ecde40069b593178871770082658d37794d24a463
/Volumes/Jack_Gandy_1TB_SSD/testing-for-NITE-DSP/sample_pack_testing/Mike Shinoda Drums/MS BEATS/Killing Fields Samples/HHo_PeaceCorp.wav,testing-for-NITE-DSP/sample_pack_testing/Mike Shinoda Drums/MS BEATS/Killing Fields Samples/HHo_PeaceCorp.wav,Hi-Hat,,,,,,Hi-Hat,One-Shot,,Mike Shinoda Drums,MS BEATS,Mike Shinoda Drums||MS BEATS||hho peacecorp,drums_v1,,false,0.3101,44100,1,8658733685f621c3b04a2da8dbea2e3749f0ac62fd62119eca32cfa5700d9516
/Volumes/Jack_Gandy_1TB_SSD/testing-for-NITE-DSP/sample_pack_testing/Mike Shinoda Drums/MS BEATS/Lil Swing Samples/RZ1_SD_Tattoo1_Fat.wav,testing-for-NITE-DSP/sample_pack_testing/Mike Shinoda Drums/MS BEATS/Lil Swing Samples/RZ1_SD_Tattoo1_Fat.wav,Clap,,,,,,Clap,One-Shot,ground_truth_override=Other/none,Mike Shinoda Drums,MS BEATS,Mike Shinoda Drums||MS BEATS||rz1 sd tattoo1 fat,granularity_v1,20260911T105350,false,0.1183,44100,1,49134bd9926f3ef80b194190b5fbc4686a9f256121eb2d66f542f06accaa8c40
/Volumes/Jack_Gandy_1TB_SSD/testing-for-NITE-DSP/sample_pack_testing/Mike Shinoda Drums/MS BEATS/Mirrors Samples/Shaker Bodzin 3.wav,testing-for-NITE-DSP/sample_pack_testing/Mike Shinoda Drums/MS BEATS/Mirrors Samples/Shaker Bodzin 3.wav,Hi-Hat,,,,,,Hi-Hat,One-Shot,,Mike Shinoda Drums,MS BEATS,Mike Shinoda Drums||MS BEATS||shaker bodzin,drums_v1,,false,0.0333,44100,2,23d8835d84b79f304e449c881f593278b21135c0c386455378e5cd7bacfa95a9
/Volumes/Jack_Gandy_1TB_SSD/testing-for-NITE-DSP/sample_pack_testing/Mike Shinoda Drums/MS BEATS/PaperWeight Samples/OHKICK2.wav,testing-for-NITE-DSP/sample_pack_testing/Mike Shinoda Drums/MS BEATS/PaperWeight Samples/OHKICK2.wav,Kick,,,,,,Kick,One-Shot,,Mike Shinoda Drums,MS BEATS,Mike Shinoda Drums||MS BEATS||ohkick2,drums_v1,,false,0.3107,44100,1,7073eeb0fd7ce5c70797dffce36a1dd6826bf41a89f21918cea8444a9b816b5f
/Volumes/Jack_Gandy_1TB_SSD/testing-for-NITE-DSP/sample_pack_testing/Mike Shinoda Drums/MS BEATS/PizzaBeatz Samples/Clap CoolKid.wav,testing-for-NITE-DSP/sample_pack_testing/Mike Shinoda Drums/MS BEATS/PizzaBeatz Samples/Clap CoolKid.wav,Clap,,,,,,Clap,One-Shot,,Mike Shinoda Drums,MS BEATS,Mike Shinoda Drums||MS BEATS||clap coolkid,drums_v1,,false,0.3747,44100,2,a61bcdd47f8d075b8d5e44c51758214a09b17af6fb67c1d62975ab0825302fed
/Volumes/Jack_Gandy_1TB_SSD/testing-for-NITE-DSP/sample_pack_testing/Mike Shinoda Drums/MS BEATS/PizzaBeatz Samples/Clap Dexterity 1.wav,testing-for-NITE-DSP/sample_pack_testing/Mike Shinoda Drums/MS BEATS/PizzaBeatz Samples/Clap Dexterity 1.wav,Clap,,,,,,Clap,One-Shot,,Mike Shinoda Drums,MS BEATS,Mike Shinoda Drums||MS BEATS||clap dexterity,drums_v1,,false,0.2493,44100,2,a49be678c71cbc82af0cdae1631b53ce9df3e4e6e282213b030435b6773cce44
/Volumes/Jack_Gandy_1TB_SSD/testing-for-NITE-DSP/sample_pack_testing/Mike Shinoda Drums/MS BEATS/Pizzaria Samples/Clap YeahRight 2.wav,testing-for-NITE-DSP/sample_pack_testing/Mike Shinoda Drums/MS BEATS/Pizzaria Samples/Clap YeahRight 2.wav,Clap,,,,,,Clap,One-Shot,,Mike Shinoda Drums,MS BEATS,Mike Shinoda Drums||MS BEATS||clap yeahright,drums_v1,,false,0.2795,44100,2,d0b92a0a71247925dc5f20c4d4441c78f0b57254c1f8126a8e2fe0f9e59377d4
/Volumes/Jack_Gandy_1TB_SSD/testing-for-NITE-DSP/sample_pack_testing/Mike Shinoda Drums/MS BEATS/Pizzaria Samples/Kick Vertical 1.wav,testing-for-NITE-DSP/sample_pack_testing/Mike Shinoda Drums/MS BEATS/Pizzaria Samples/Kick Vertical 1.wav,Kick,,,,,,Kick,One-Shot,,Mike Shinoda Drums,MS BEATS,Mike Shinoda Drums||MS BEATS||kick vertical,drums_v1,,false,0.5413,44100,2,584621df20136d75850e8b54b8df06fc86d95ec12ac8c83c8e4fc2a7c868c390
/Volumes/Jack_Gandy_1TB_SSD/testing-for-NITE-DSP/sample_pack_testing/Mike Shinoda Drums/MS BEATS/RYU 1 Turtles3 Samples/Analog_BD4_MPC60.wav,testing-for-NITE-DSP/sample_pack_testing/Mike Shinoda Drums/MS BEATS/RYU 1 Turtles3 Samples/Analog_BD4_MPC60.wav,Kick,,,,,,Kick,One-Shot,,Mike Shinoda Drums,MS BEATS,Mike Shinoda Drums||MS BEATS||analog bd4 mpc60,drums_v1,,false,3.014,44100,1,55abab7e19c9fcc4014cd1dbbbc7dfc0f782c8f4969424600468527428f5ddd3
/Volumes/Jack_Gandy_1TB_SSD/testing-for-NITE-DSP/sample_pack_testing/Mike Shinoda Drums/MS BEATS/RYU 2 Samples/SQRATCH53.WAV,testing-for-NITE-DSP/sample_pack_testing/Mike Shinoda Drums/MS BEATS/RYU 2 Samples/SQRATCH53.WAV,Hi-Hat,,,,,,Hi-Hat,One-Shot,,Mike Shinoda Drums,MS BEATS,Mike Shinoda Drums||MS BEATS||sqratch53,drums_v1,,false,0.3736,44100,1,54be2a3fe4acefe1b63933fdfd0192f641c55d34d62dbfc63eacd95d8795b10f
/Volumes/Jack_Gandy_1TB_SSD/testing-for-NITE-DSP/sample_pack_testing/Mike Shinoda Drums/MS BEATS/Regalia Samples/ClosedHH 70sDnB.wav,testing-for-NITE-DSP/sample_pack_testing/Mike Shinoda Drums/MS BEATS/Regalia Samples/ClosedHH 70sDnB.wav,Hi-Hat,,,,,,Hi-Hat,One-Shot,,Mike Shinoda Drums,MS BEATS,Mike Shinoda Drums||MS BEATS||closedhh 70sdnb,drums_v1,,false,0.1618,44100,1,a3ca448afc222a408cf0239e70ae0dfc9a319265d85241e73a20dc0e76952c60
/Volumes/Jack_Gandy_1TB_SSD/testing-for-NITE-DSP/sample_pack_testing/Mike Shinoda Drums/MS BEATS/Regalia Samples/Snare Porter 3.wav,testing-for-NITE-DSP/sample_pack_testing/Mike Shinoda Drums/MS BEATS/Regalia Samples/Snare Porter 3.wav,Snare,,,,,,Snare,One-Shot,,Mike Shinoda Drums,MS BEATS,Mike Shinoda Drums||MS BEATS||snare porter,drums_v1,,false,0.119,44100,2,7e169a37caf52a694e641498b2b342263b0b7862b97deb447c3a6c51def5598b
/Volumes/Jack_Gandy_1TB_SSD/testing-for-NITE-DSP/sample_pack_testing/Mike Shinoda Drums/MS BEATS/Ride Or Die Samples/B23-PiSh_01.L.wav,testing-for-NITE-DSP/sample_pack_testing/Mike Shinoda Drums/MS BEATS/Ride Or Die Samples/B23-PiSh_01.L.wav,Snare,,,,,,Snare,One-Shot,,Mike Shinoda Drums,MS BEATS,Mike Shinoda Drums||MS BEATS||b23 pish 01 l,drums_v1,,false,1.5146,48000,1,2b9fd3bca3817e94725051d1f08f02c288bedf8342524714e805f1ef7bcb6f0b
/Volumes/Jack_Gandy_1TB_SSD/testing-for-NITE-DSP/sample_pack_testing/Mike Shinoda Drums/MS BEATS/Ryu 3 Samples/Clap_Layered004_MPC60_st.wav,testing-for-NITE-DSP/sample_pack_testing/Mike Shinoda Drums/MS BEATS/Ryu 3 Samples/Clap_Layered004_MPC60_st.wav,Clap,,,,,,Clap,One-Shot,,Mike Shinoda Drums,MS BEATS,Mike Shinoda Drums||MS BEATS||clap layered004 mpc60 st,drums_v1,,false,0.2334,44100,2,1a11ed02ae78f6c007350856f085421c6873772b9aeb9945d5248c5d339ad1ea
/Volumes/Jack_Gandy_1TB_SSD/testing-for-NITE-DSP/sample_pack_testing/Mike Shinoda Drums/MS BEATS/Swingy One Samples/Snare Absynth B 1.wav,testing-for-NITE-DSP/sample_pack_testing/Mike Shinoda Drums/MS BEATS/Swingy One Samples/Snare Absynth B 1.wav,Snare,,,,,,Snare,One-Shot,,Mike Shinoda Drums,MS BEATS,Mike Shinoda Drums||MS BEATS||snare absynth,drums_v1,,false,0.0995,44100,2,e7d9956f57b66fab4f634ae89746d7f33409bf388a5737456eb328d7baad2b7b
/Volumes/Jack_Gandy_1TB_SSD/testing-for-NITE-DSP/sample_pack_testing/Mike Shinoda Drums/MS BEATS/Turtles3 Samples/Clap AllGotIt.wav,testing-for-NITE-DSP/sample_pack_testing/Mike Shinoda Drums/MS BEATS/Turtles3 Samples/Clap AllGotIt.wav,Clap,,,,,,Clap,One-Shot,,Mike Shinoda Drums,MS BEATS,Mike Shinoda Drums||MS BEATS||clap allgotit,drums_v1,,false,1.3714,44100,2,0adb6d90c68b07f4a533777673bfe910ab9a5129278e83e259a57c2186e1f44b
/Volumes/Jack_Gandy_1TB_SSD/testing-for-NITE-DSP/sample_pack_testing/Mike Shinoda Drums/MS BEATS/Turtles3 Samples/Clap HugeGroup.wav,testing-for-NITE-DSP/sample_pack_testing/Mike Shinoda Drums/MS BEATS/Turtles3 Samples/Clap HugeGroup.wav,Clap,,,,,,Clap,One-Shot,,Mike Shinoda Drums,MS BEATS,Mike Shinoda Drums||MS BEATS||clap hugegroup,drums_v1,,false,0.8204,44100,2,62430f8eebca655c9ed773f1693d8530c666368a66341a8e1dbde335052101e7
/Volumes/Jack_Gandy_1TB_SSD/testing-for-NITE-DSP/sample_pack_testing/Mike Shinoda Drums/MS BEATS/Turtles3 Samples/Snare Ektl A 1.wav,testing-for-NITE-DSP/sample_pack_testing/Mike Shinoda Drums/MS BEATS/Turtles3 Samples/Snare Ektl A 1.wav,Snare,,,,,,Snare,One-Shot,,Mike Shinoda Drums,MS BEATS,Mike Shinoda Drums||MS BEATS||snare ektl,drums_v1,,false,0.2467,44100,2,820a992fa1d6c21970db2756bd8c5069cb72b2c644143388369dde7a4924c5ed
/Volumes/Jack_Gandy_1TB_SSD/testing-for-NITE-DSP/sample_pack_testing/Mike Shinoda Drums/MS BEATS/Victimized Remix Samples/BD_AlienAnalog002.wav,testing-for-NITE-DSP/sample_pack_testing/Mike Shinoda Drums/MS BEATS/Victimized Remix Samples/BD_AlienAnalog002.wav,Kick,,,,,,Kick,One-Shot,,Mike Shinoda Drums,MS BEATS,Mike Shinoda Drums||MS BEATS||bd alienanalog002,drums_v1,,false,0.5843,44100,1,36ac07bff4c72085ad895fd0a4c30f8c261580135d2f59a4dde99deaf8131a9f
/Volumes/Jack_Gandy_1TB_SSD/testing-for-NITE-DSP/sample_pack_testing/Mike Shinoda Drums/MS BEATS/Victory March Samples/GB snd 11.WAV,testing-for-NITE-DSP/sample_pack_testing/Mike Shinoda Drums/MS BEATS/Victory March Samples/GB snd 11.WAV,Bass Hit,,,,,,Bass,One-Shot,ground_truth_override=Other/none,Mike Shinoda Drums,MS BEATS,Mike Shinoda Drums||MS BEATS||gb snd,granularity_v1,20260911T111240,false,0.7936,44100,1,67b2afd88a95e10779645712521c21d89ce0fc6176f57adb8de56db1203142e2
/Volumes/Jack_Gandy_1TB_SSD/testing-for-NITE-DSP/sample_pack_testing/Mike Shinoda Drums/MS BEATS/Victory March Samples/HH_AlienSoul2_60s.wav,testing-for-NITE-DSP/sample_pack_testing/Mike Shinoda Drums/MS BEATS/Victory March Samples/HH_AlienSoul2_60s.wav,Hi-Hat,,,,,,Hi-Hat,One-Shot,,Mike Shinoda Drums,MS BEATS,Mike Shinoda Drums||MS BEATS||hh aliensoul2 60s,drums_v1,,false,0.1678,44100,2,131fd897ccff8baa3d009d260de5ec8441b084f275fbd6aaeb0d731475772a67
/Volumes/Jack_Gandy_1TB_SSD/testing-for-NITE-DSP/sample_pack_testing/Mike Shinoda Drums/MS BEATS/Victory March Samples/SD_Slowwww2_H3500Fat.wav,testing-for-NITE-DSP/sample_pack_testing/Mike Shinoda Drums/MS BEATS/Victory March Samples/SD_Slowwww2_H3500Fat.wav,Snare,,,,,,Snare,One-Shot,ground_truth_override=Other/none,Mike Shinoda Drums,MS BEATS,Mike Shinoda Drums||MS BEATS||sd slowwww2 h3500fat,granularity_v1,20260911T105350,false,0.2868,44100,2,21777f7aa8f8659414a598a302b4b42bbc3ed8cba7217f024e53067609aba4ee
/Volumes/Jack_Gandy_1TB_SSD/testing-for-NITE-DSP/sample_pack_testing/Mike Shinoda Drums/MS BEATS/Victory March Samples/Snare BigBusiness 1.wav,testing-for-NITE-DSP/sample_pack_testing/Mike Shinoda Drums/MS BEATS/Victory March Samples/Snare BigBusiness 1.wav,Snare,,,,,,Snare,One-Shot,,Mike Shinoda Drums,MS BEATS,Mike Shinoda Drums||MS BEATS||snare bigbusiness,drums_v1,,false,0.2627,44100,2,b1c71b9de361cfb94e31f46079fc63da79e941c7890a9c2c2be28a05b9475b74
/Volumes/Jack_Gandy_1TB_SSD/testing-for-NITE-DSP/sample_pack_testing/Mike Shinoda Drums/MS BEATS/Vinyl Kit Samples/Kick AwakeArise 1.wav,testing-for-NITE-DSP/sample_pack_testing/Mike Shinoda Drums/MS BEATS/Vinyl Kit Samples/Kick AwakeArise 1.wav,Kick,,,,,,Kick,One-Shot,,Mike Shinoda Drums,MS BEATS,Mike Shinoda Drums||MS BEATS||kick awakearise,drums_v1,,false,0.1933,44100,2,586468fef4d71092e5a3bb635a10712aebbbf63c2a8d4ae78d712eae2d81912b
/Volumes/Jack_Gandy_1TB_SSD/testing-for-NITE-DSP/sample_pack_testing/Mike Shinoda Drums/MS BEATS/bitty loop Samples/Drumulator_SD2_MPC60.wav,testing-for-NITE-DSP/sample_pack_testing/Mike Shinoda Drums/MS BEATS/bitty loop Samples/Drumulator_SD2_MPC60.wav,Snare,,,,,,Snare,One-Shot,,Mike Shinoda Drums,MS BEATS,Mike Shinoda Drums||MS BEATS||drumulator sd2 mpc60,drums_v1,,false,0.2619,44100,1,52c16387bbee19213a5299e077b21eb2537e28889c12874c78f59d01dc446649
/Volumes/Jack_Gandy_1TB_SSD/testing-for-NITE-DSP/sample_pack_testing/Mike Shinoda Drums/MS BEATS/maschine ms test 1 Samples/Snare Gold 7.wav,testing-for-NITE-DSP/sample_pack_testing/Mike Shinoda Drums/MS BEATS/maschine ms test 1 Samples/Snare Gold 7.wav,Snare,,,,,,Snare,One-Shot,,Mike Shinoda Drums,MS BEATS,Mike Shinoda Drums||MS BEATS||snare gold,drums_v1,,false,0.1538,44100,1,f9503d1150c7efaad5a592424776011f041ebf316a4f3d90c82a39e73e450a33
/Volumes/Jack_Gandy_1TB_SSD/testing-for-NITE-DSP/sample_pack_testing/Minimal Audio/ELEMENT/1 - Drums/3 - Snare/Snare - Tight Organic.wav,testing-for-NITE-DSP/sample_pack_testing/Minimal Audio/ELEMENT/1 - Drums/3 - Snare/Snare - Tight Organic.wav,Snare,,,,,,Snare,One-Shot,,Minimal Audio,ELEMENT,Minimal Audio||ELEMENT||snare tight organic,drums_v1,,false,0.4,48000,2,526493ddcf9cb26656ccd4d2ffe328b677cd6aacafbd70baa60886ae5e1d7bad
/Volumes/Jack_Gandy_1TB_SSD/testing-for-NITE-DSP/sample_pack_testing/Minimal Audio/ELEMENT/5 - Deep Textures/Texture - Bowed Cymbal Low.wav,testing-for-NITE-DSP/sample_pack_testing/Minimal Audio/ELEMENT/5 - Deep Textures/Texture - Bowed Cymbal Low.wav,Crash,,,,,,Crash,One-Shot,,Minimal Audio,ELEMENT,Minimal Audio||ELEMENT||texture bowed cymbal low,drums_v1,,false,30.848,48000,2,67e7f30c5a78c26d00c9bfd2706c0a21aa069574bd42d426d6cbefedc776f6aa
/Volumes/Jack_Gandy_1TB_SSD/testing-for-NITE-DSP/sample_pack_testing/Minimal Audio/MICROTECH/1 - Loops/1 - Kick - 172 BPM/Kick - Short Term 2 - 172 BPM.wav,testing-for-NITE-DSP/sample_pack_testing/Minimal Audio/MICROTECH/1 - Loops/1 - Kick - 172 BPM/Kick - Short Term 2 - 172 BPM.wav,Kick Loop,,,,,,Kick,Loop,,Minimal Audio,MICROTECH,Minimal Audio||MICROTECH||kick short term,drums_v1,,false,5.5814,44100,2,27e2f400d89df158095a60db2c9ed3fd2b27c6febadc774301799055c38f41c7
/Volumes/Jack_Gandy_1TB_SSD/testing-for-NITE-DSP/sample_pack_testing/Minimal Audio/MICROTECH/1 - Loops/2 - Snare - 172 BPM/Snare - Tek Sync - 172 BPM.wav,testing-for-NITE-DSP/sample_pack_testing/Minimal Audio/MICROTECH/1 - Loops/2 - Snare - 172 BPM/Snare - Tek Sync - 172 BPM.wav,Percussion Loop,,,,,,Percussion,Loop,,Minimal Audio,MICROTECH,Minimal Audio||MICROTECH||snare tek sync,drums_v1,,false,5.5814,44100,2,904bd377a74e289e3c289758ea8491af8e263bd0857f6bb04be3f489cd4b606e
/Volumes/Jack_Gandy_1TB_SSD/testing-for-NITE-DSP/sample_pack_testing/Minimal Audio/MICROTECH/1 - Loops/4 - Hi Hat - 172 BPM/Hi Hat - Spec Metal 1 - 172 BPM.wav,testing-for-NITE-DSP/sample_pack_testing/Minimal Audio/MICROTECH/1 - Loops/4 - Hi Hat - 172 BPM/Hi Hat - Spec Metal 1 - 172 BPM.wav,Hi-Hat,,,,,,Hi-Hat,One-Shot,,Minimal Audio,MICROTECH,Minimal Audio||MICROTECH||hi hat spec metal,drums_v1,,false,5.5814,44100,2,c0e34bf5ede16d3821c6afd9c631d64e90f776f4ef7bab2159e820abb473bdc0
/Volumes/Jack_Gandy_1TB_SSD/testing-for-NITE-DSP/sample_pack_testing/Minimal Audio/MICROTECH/2 - One Shots/1 - Kick/Kick - Deep Chunk 2.wav,testing-for-NITE-DSP/sample_pack_testing/Minimal Audio/MICROTECH/2 - One Shots/1 - Kick/Kick - Deep Chunk 2.wav,Kick,,,,,,Kick,One-Shot,,Minimal Audio,MICROTECH,Minimal Audio||MICROTECH||kick deep chunk,drums_v1,,false,0.1744,44100,2,f4cc32ac39b2e96b4486d0baebb3806fe0531446f8c73f6e824ac8389a3c19ff
/Volumes/Jack_Gandy_1TB_SSD/testing-for-NITE-DSP/sample_pack_testing/Minimal Audio/MICROTECH/2 - One Shots/1 - Kick/Kick - Terminate.wav,testing-for-NITE-DSP/sample_pack_testing/Minimal Audio/MICROTECH/2 - One Shots/1 - Kick/Kick - Terminate.wav,Kick,,,,,,Kick,One-Shot,,Minimal Audio,MICROTECH,Minimal Audio||MICROTECH||kick terminate,drums_v1,,false,0.1959,44100,2,afc630348a94ed6abcc27210e383d76a8336198c7ce1e532ddda0bad3f99589d
/Volumes/Jack_Gandy_1TB_SSD/testing-for-NITE-DSP/sample_pack_testing/Minimal Audio/MICROTECH/2 - One Shots/2 - Snare/Snare - Metal Spread 1.wav,testing-for-NITE-DSP/sample_pack_testing/Minimal Audio/MICROTECH/2 - One Shots/2 - Snare/Snare - Metal Spread 1.wav,Snare,,,,,,Snare,One-Shot,,Minimal Audio,MICROTECH,Minimal Audio||MICROTECH||snare metal spread,drums_v1,,false,0.3488,44100,2,57a2cf95a7ce20455354d4c77c185c9205b1a213eb07fd85a26bb80d75e91d23
/Volumes/Jack_Gandy_1TB_SSD/testing-for-NITE-DSP/sample_pack_testing/Minimal Audio/REFLECT/1 - Drums/1 - Loops/4 - Hi Hats/Hi Hat - Creek 1 - 130 BPM.wav,testing-for-NITE-DSP/sample_pack_testing/Minimal Audio/REFLECT/1 - Drums/1 - Loops/4 - Hi Hats/Hi Hat - Creek 1 - 130 BPM.wav,Hi-Hat Loop,,,,,,Hi-Hat,Loop,,Minimal Audio,REFLECT,Minimal Audio||REFLECT||hi hat creek,drums_v1,,false,7.3846,48000,2,f331338f41c4fe8736d2acd2c5aeeccf6f7effa8f644ff56446f2db000142569
/Volumes/Jack_Gandy_1TB_SSD/testing-for-NITE-DSP/sample_pack_testing/Minimal Audio/REFLECT/1 - Drums/2 - Kick /Kick - Taupe.wav,testing-for-NITE-DSP/sample_pack_testing/Minimal Audio/REFLECT/1 - Drums/2 - Kick /Kick - Taupe.wav,Kick,,,,,,Kick,One-Shot,,Minimal Audio,REFLECT,Minimal Audio||REFLECT||kick taupe,drums_v1,,false,0.3125,48000,2,323caddac49a978d5e139a66d511bde141d3d8b97f52cbf064392c35774e8047
/Volumes/Jack_Gandy_1TB_SSD/testing-for-NITE-DSP/sample_pack_testing/Minimal Audio/REFLECT/1 - Drums/2 - Kick /Kick - Topaz.wav,testing-for-NITE-DSP/sample_pack_testing/Minimal Audio/REFLECT/1 - Drums/2 - Kick /Kick - Topaz.wav,Kick,,,,,,Kick,One-Shot,,Minimal Audio,REFLECT,Minimal Audio||REFLECT||kick topaz,drums_v1,,false,0.2616,48000,2,899879d02a8ff6d8ed4161de740d46529cd8aa9f3f46b4cddfa939760740c124
/Volumes/Jack_Gandy_1TB_SSD/testing-for-NITE-DSP/sample_pack_testing/Minimal Audio/REFLECT/1 - Drums/3 - Snare/Snare - Mettle.wav,testing-for-NITE-DSP/sample_pack_testing/Minimal Audio/REFLECT/1 - Drums/3 - Snare/Snare - Mettle.wav,Snare,,,,,,Snare,One-Shot,,Minimal Audio,REFLECT,Minimal Audio||REFLECT||snare mettle,drums_v1,,false,0.2636,48000,2,ad49629090f0d5802a15937eef0e76583b8e5eeb5ddb7cfab7d937c89b5843e7
/Volumes/Jack_Gandy_1TB_SSD/testing-for-NITE-DSP/sample_pack_testing/Minimal Audio/REFLECT/1 - Drums/4 - Claps/Clap - Acacia.wav,testing-for-NITE-DSP/sample_pack_testing/Minimal Audio/REFLECT/1 - Drums/4 - Claps/Clap - Acacia.wav,Clap,,,,,,Clap,One-Shot,,Minimal Audio,REFLECT,Minimal Audio||REFLECT||clap acacia,drums_v1,,false,0.3489,48000,2,3bd9b8a8c3d7fe2bf78c889c3886640c06c2e2143ea3e1ff1bead88c856679ac
/Volumes/Jack_Gandy_1TB_SSD/testing-for-NITE-DSP/sample_pack_testing/Minimal Audio/REFLECT/1 - Drums/4 - Claps/Clap - Bark.wav,testing-for-NITE-DSP/sample_pack_testing/Minimal Audio/REFLECT/1 - Drums/4 - Claps/Clap - Bark.wav,Clap,,,,,,Clap,One-Shot,,Minimal Audio,REFLECT,Minimal Audio||REFLECT||clap bark,drums_v1,,false,0.4238,48000,2,6230a5c50cc0a48a60ee5bc8d20f8178b46d76b860fd067926478b5e03b1188a
/Volumes/Jack_Gandy_1TB_SSD/testing-for-NITE-DSP/sample_pack_testing/Minimal Audio/REFLECT/1 - Drums/4 - Claps/Clap - Elm.wav,testing-for-NITE-DSP/sample_pack_testing/Minimal Audio/REFLECT/1 - Drums/4 - Claps/Clap - Elm.wav,Clap,,,,,,Clap,One-Shot,,Minimal Audio,REFLECT,Minimal Audio||REFLECT||clap elm,drums_v1,,false,0.397,48000,2,b99a1770d26dab82a27afbdb77ceaa35933e44babad1898aa7950a81690d69b1
/Volumes/Jack_Gandy_1TB_SSD/testing-for-NITE-DSP/sample_pack_testing/Minimal Audio/REFLECT/1 - Drums/4 - Claps/Clap - Hollowed.wav,testing-for-NITE-DSP/sample_pack_testing/Minimal Audio/REFLECT/1 - Drums/4 - Claps/Clap - Hollowed.wav,Clap,,,,,,Clap,One-Shot,,Minimal Audio,REFLECT,Minimal Audio||REFLECT||clap hollowed,drums_v1,,false,0.7142,48000,2,52d1b000fe7d5b165816177a15f7453187b8f7fb2b1b661999d29565a9cba8ac
/Volumes/Jack_Gandy_1TB_SSD/testing-for-NITE-DSP/sample_pack_testing/Minimal Audio/REFLECT/1 - Drums/5 - Hats & Cymbals/Hi Hat - Pine.wav,testing-for-NITE-DSP/sample_pack_testing/Minimal Audio/REFLECT/1 - Drums/5 - Hats & Cymbals/Hi Hat - Pine.wav,Hi-Hat,,,,,,Hi-Hat,One-Shot,,Minimal Audio,REFLECT,Minimal Audio||REFLECT||hi hat pine,drums_v1,,false,0.1744,48000,2,6d5e18fc76bc6e32049902be861e7b07b7c0d83d45fe178b1fd42655596f4f4c
/Volumes/Jack_Gandy_1TB_SSD/testing-for-NITE-DSP/sample_pack_testing/Minimal Audio/REFLECT/1 - Drums/5 - Hats & Cymbals/Hi Hat - Sliver.wav,testing-for-NITE-DSP/sample_pack_testing/Minimal Audio/REFLECT/1 - Drums/5 - Hats & Cymbals/Hi Hat - Sliver.wav,Hi-Hat,,,,,,Hi-Hat,One-Shot,,Minimal Audio,REFLECT,Minimal Audio||REFLECT||hi hat sliver,drums_v1,,false,0.3489,48000,2,255ca85ff10281b63baf3e77a6cd0241b927d56c20cb3cac2083020b13de9401
/Volumes/Jack_Gandy_1TB_SSD/testing-for-NITE-DSP/sample_pack_testing/Minimal Audio/REFLECT/1 - Drums/5 - Hats & Cymbals/Ride - Choked.wav,testing-for-NITE-DSP/sample_pack_testing/Minimal Audio/REFLECT/1 - Drums/5 - Hats & Cymbals/Ride - Choked.wav,Hi-Hat,,,,,,Hi-Hat,One-Shot,,Minimal Audio,REFLECT,Minimal Audio||REFLECT||ride choked,drums_v1,,false,0.3636,48000,2,7bcd3259c7d4302465b3ccd5a341e26da30c3af0876a822077c67abf1dea660c
/Volumes/Jack_Gandy_1TB_SSD/testing-for-NITE-DSP/sample_pack_testing/Old Movies 1 - Vintage Collection (Drum Kit)/Foley & Percussion (Old Movies)/HHH_Cork 1.wav,testing-for-NITE-DSP/sample_pack_testing/Old Movies 1 - Vintage Collection (Drum Kit)/Foley & Percussion (Old Movies)/HHH_Cork 1.wav,Percussion,Other Percussive Hit,,,,,Percussion,One-Shot,foley,Old Movies 1 - Vintage Collection (Drum Kit),Foley & Percussion (Old Movies),Old Movies 1 - Vintage Collection (Drum Kit)||Foley & Percussion (Old Movies)||hhh cork,drums_v1,,false,0.7221,44100,2,b5204b5f16e2f43fa403a41b1ff6b6a582847c8606f6fbf8a5ed81b4bfd5c0ba
/Volumes/Jack_Gandy_1TB_SSD/testing-for-NITE-DSP/sample_pack_testing/Old Movies 1 - Vintage Collection (Drum Kit)/Foley & Percussion (Old Movies)/HHH_Foley 14.wav,testing-for-NITE-DSP/sample_pack_testing/Old Movies 1 - Vintage Collection (Drum Kit)/Foley & Percussion (Old Movies)/HHH_Foley 14.wav,Foley,,,,,,Foley,One-Shot,,Old Movies 1 - Vintage Collection (Drum Kit),Foley & Percussion (Old Movies),Old Movies 1 - Vintage Collection (Drum Kit)||Foley & Percussion (Old Movies)||hhh foley,drums_v1,,false,1.1762,44100,2,e0d141c54b2e57eb38bd066da2f49ef7ae365b8932fca18269e9e654d017e40a
/Volumes/Jack_Gandy_1TB_SSD/testing-for-NITE-DSP/sample_pack_testing/Old Movies 1 - Vintage Collection (Drum Kit)/Foley & Percussion (Old Movies)/HHH_Foley 8.wav,testing-for-NITE-DSP/sample_pack_testing/Old Movies 1 - Vintage Collection (Drum Kit)/Foley & Percussion (Old Movies)/HHH_Foley 8.wav,Foley,,,,,,Foley,One-Shot,,Old Movies 1 - Vintage Collection (Drum Kit),Foley & Percussion (Old Movies),Old Movies 1 - Vintage Collection (Drum Kit)||Foley & Percussion (Old Movies)||hhh foley,drums_v1,,false,0.8183,44100,2,c107e35ee6be39e0bb30718b83ab1d824dbd2be69f525ecd5935d5ca9f07e103
/Volumes/Jack_Gandy_1TB_SSD/testing-for-NITE-DSP/sample_pack_testing/Old Movies 1 - Vintage Collection (Drum Kit)/Foley & Percussion (Old Movies)/HHH_Foley 9.wav,testing-for-NITE-DSP/sample_pack_testing/Old Movies 1 - Vintage Collection (Drum Kit)/Foley & Percussion (Old Movies)/HHH_Foley 9.wav,Foley,,,,,,Foley,One-Shot,,Old Movies 1 - Vintage Collection (Drum Kit),Foley & Percussion (Old Movies),Old Movies 1 - Vintage Collection (Drum Kit)||Foley & Percussion (Old Movies)||hhh foley,drums_v1,,false,0.5475,44100,2,90f545ddd0709a5b7534e84e946e75e408757f7484087ed58dde390f421bb5eb
/Volumes/Jack_Gandy_1TB_SSD/testing-for-NITE-DSP/sample_pack_testing/Old Movies 1 - Vintage Collection (Drum Kit)/Foley & Percussion (Old Movies)/HHH_Knocks 1.wav,testing-for-NITE-DSP/sample_pack_testing/Old Movies 1 - Vintage Collection (Drum Kit)/Foley & Percussion (Old Movies)/HHH_Knocks 1.wav,Drum Loop,,,,,,Drum,Loop,ground_truth_override=Other/none,Old Movies 1 - Vintage Collection (Drum Kit),Foley & Percussion (Old Movies),Old Movies 1 - Vintage Collection (Drum Kit)||Foley & Percussion (Old Movies)||hhh knocks,granularity_v1,20260911T105350,false,1.4311,44100,2,c9c184ddfc16c0d143a8da9a385f3eea4266ec3df1aebdc9a68fb083dfbe41e4
/Volumes/Jack_Gandy_1TB_SSD/testing-for-NITE-DSP/sample_pack_testing/Old Movies 1 - Vintage Collection (Drum Kit)/Hats/Hat 19.wav,testing-for-NITE-DSP/sample_pack_testing/Old Movies 1 - Vintage Collection (Drum Kit)/Hats/Hat 19.wav,Hi-Hat,,,,,,Hi-Hat,One-Shot,,Old Movies 1 - Vintage Collection (Drum Kit),Hats,Old Movies 1 - Vintage Collection (Drum Kit)||Hats||hat,drums_v1,,false,0.1476,44100,2,6969df1d89148f0974d6dde6a632ddb9183d02877ce1812262ba07075554a90b
/Volumes/Jack_Gandy_1TB_SSD/testing-for-NITE-DSP/sample_pack_testing/Old Movies 1 - Vintage Collection (Drum Kit)/Hats/Hat 2.wav,testing-for-NITE-DSP/sample_pack_testing/Old Movies 1 - Vintage Collection (Drum Kit)/Hats/Hat 2.wav,Hi-Hat,,,,,,Hi-Hat,One-Shot,,Old Movies 1 - Vintage Collection (Drum Kit),Hats,Old Movies 1 - Vintage Collection (Drum Kit)||Hats||hat,drums_v1,,false,0.2463,44100,2,ac64b4c0500fb5ff9748a582854ce0a534d892756374cafa0b1735efa83e88c3
/Volumes/Jack_Gandy_1TB_SSD/testing-for-NITE-DSP/sample_pack_testing/Old Movies 1 - Vintage Collection (Drum Kit)/Kicks/Kick 11.wav,testing-for-NITE-DSP/sample_pack_testing/Old Movies 1 - Vintage Collection (Drum Kit)/Kicks/Kick 11.wav,Kick,,,,,,Kick,One-Shot,,Old Movies 1 - Vintage Collection (Drum Kit),Kicks,Old Movies 1 - Vintage Collection (Drum Kit)||Kicks||kick,drums_v1,,false,0.5008,44100,2,f43d9f4b080dad0f35eb6b317f1edc6491fdd126a45069344a8475ddef092fd2
/Volumes/Jack_Gandy_1TB_SSD/testing-for-NITE-DSP/sample_pack_testing/Old Movies 1 - Vintage Collection (Drum Kit)/Kicks/Kick 29.wav,testing-for-NITE-DSP/sample_pack_testing/Old Movies 1 - Vintage Collection (Drum Kit)/Kicks/Kick 29.wav,Kick,,,,,,Kick,One-Shot,,Old Movies 1 - Vintage Collection (Drum Kit),Kicks,Old Movies 1 - Vintage Collection (Drum Kit)||Kicks||kick,drums_v1,,false,0.4792,44100,2,b9a2cfc8aef75a0dffe09c65620162db11ba17c599813a9ef878e544fc7fecdf
/Volumes/Jack_Gandy_1TB_SSD/testing-for-NITE-DSP/sample_pack_testing/Old Movies 1 - Vintage Collection (Drum Kit)/Noise & Texture (Old Movies)/ACR_Noise Foley.wav,testing-for-NITE-DSP/sample_pack_testing/Old Movies 1 - Vintage Collection (Drum Kit)/Noise & Texture (Old Movies)/ACR_Noise Foley.wav,Foley,,,,,,Foley,One-Shot,,Old Movies 1 - Vintage Collection (Drum Kit),Noise & Texture (Old Movies),Old Movies 1 - Vintage Collection (Drum Kit)||Noise & Texture (Old Movies)||acr noise foley,drums_v1,,false,14.3343,44100,2,bd3816055e5afcddd4abe6d1745429e964bee9d18f79c99aa9fb5b290ca76fe2
/Volumes/Jack_Gandy_1TB_SSD/testing-for-NITE-DSP/sample_pack_testing/Old Movies 1 - Vintage Collection (Drum Kit)/Noise & Texture (Old Movies)/HHH_Texture 4.wav,testing-for-NITE-DSP/sample_pack_testing/Old Movies 1 - Vintage Collection (Drum Kit)/Noise & Texture (Old Movies)/HHH_Texture 4.wav,Foley,,,,,,Foley,One-Shot,ground_truth_override=Other/none,Old Movies 1 - Vintage Collection (Drum Kit),Noise & Texture (Old Movies),Old Movies 1 - Vintage Collection (Drum Kit)||Noise & Texture (Old Movies)||hhh texture,granularity_v1,20260911T111240,false,3.1943,44100,2,dfecf56eb628c82319c3095da4646533684fa7660e284559f68906f7091952e6
/Volumes/Jack_Gandy_1TB_SSD/testing-for-NITE-DSP/sample_pack_testing/Old Movies 1 - Vintage Collection (Drum Kit)/Noise & Texture (Old Movies)/HHH_Texture 5.wav,testing-for-NITE-DSP/sample_pack_testing/Old Movies 1 - Vintage Collection (Drum Kit)/Noise & Texture (Old Movies)/HHH_Texture 5.wav,Foley,,,,,,Foley,One-Shot,ground_truth_override=Other/none,Old Movies 1 - Vintage Collection (Drum Kit),Noise & Texture (Old Movies),Old Movies 1 - Vintage Collection (Drum Kit)||Noise & Texture (Old Movies)||hhh texture,granularity_v1,20260911T111240,false,9.9521,44100,2,4d1f83f5a6c6ae6a354edc5280fd9a8c85d07e97763a510bcfbf523a74934fcf
/Volumes/Jack_Gandy_1TB_SSD/testing-for-NITE-DSP/sample_pack_testing/Old Movies 1 - Vintage Collection (Drum Kit)/Percs/HHH_Jingle Reverb 1.wav,testing-for-NITE-DSP/sample_pack_testing/Old Movies 1 - Vintage Collection (Drum Kit)/Percs/HHH_Jingle Reverb 1.wav,Foley,,,,,,Foley,One-Shot,,Old Movies 1 - Vintage Collection (Drum Kit),Percs,Old Movies 1 - Vintage Collection (Drum Kit)||Percs||hhh jingle reverb,drums_v1,,false,7.7324,44100,2,aaee79e6c99a39a6aa47c67204a2e9ec67c1241461d512b6df1630a83c5a497f
/Volumes/Jack_Gandy_1TB_SSD/testing-for-NITE-DSP/sample_pack_testing/Old Movies 1 - Vintage Collection (Drum Kit)/Snares/Snare 12.wav,testing-for-NITE-DSP/sample_pack_testing/Old Movies 1 - Vintage Collection (Drum Kit)/Snares/Snare 12.wav,Snare,,,,,,Snare,One-Shot,,Old Movies 1 - Vintage Collection (Drum Kit),Snares,Old Movies 1 - Vintage Collection (Drum Kit)||Snares||snare,drums_v1,,false,0.682,44100,2,472e4387474b6b43cdbc6eed8de594c68af4110d2559f0430bd10c5e1db4b0a9
/Volumes/Jack_Gandy_1TB_SSD/testing-for-NITE-DSP/sample_pack_testing/Old Movies 1 - Vintage Collection (Drum Kit)/Snares/Snare 14.wav,testing-for-NITE-DSP/sample_pack_testing/Old Movies 1 - Vintage Collection (Drum Kit)/Snares/Snare 14.wav,Snare,,,,,,Snare,One-Shot,,Old Movies 1 - Vintage Collection (Drum Kit),Snares,Old Movies 1 - Vintage Collection (Drum Kit)||Snares||snare,drums_v1,,false,0.3118,44100,2,9c9520e5ff15885a832b34ac02b39d5e3823e3fed6ec490855fea80716937670
/Volumes/Jack_Gandy_1TB_SSD/testing-for-NITE-DSP/sample_pack_testing/Old Movies 1 - Vintage Collection (Drum Kit)/Snares/Snare 29.wav,testing-for-NITE-DSP/sample_pack_testing/Old Movies 1 - Vintage Collection (Drum Kit)/Snares/Snare 29.wav,Snare,,,,,,Snare,One-Shot,,Old Movies 1 - Vintage Collection (Drum Kit),Snares,Old Movies 1 - Vintage Collection (Drum Kit)||Snares||snare,drums_v1,,false,0.4527,44100,2,e59221ecdb51cd10c9c58c66b59503f7977957d3c388ebd57d24ffc8bb14ed9f
/Volumes/Jack_Gandy_1TB_SSD/testing-for-NITE-DSP/sample_pack_testing/Old Movies 1 - Vintage Collection (Drum Kit)/Snares/Snare 3.wav,testing-for-NITE-DSP/sample_pack_testing/Old Movies 1 - Vintage Collection (Drum Kit)/Snares/Snare 3.wav,Snare,,,,,,Snare,One-Shot,,Old Movies 1 - Vintage Collection (Drum Kit),Snares,Old Movies 1 - Vintage Collection (Drum Kit)||Snares||snare,drums_v1,,false,0.3382,44100,2,eb5390cbd4e930f6b1c23a747b4aacb5f9440caefcd02daae26427f8508d482b
/Volumes/Jack_Gandy_1TB_SSD/testing-for-NITE-DSP/sample_pack_testing/Old Movies 1 - Vintage Collection (Drum Kit)/Snares/Snare 4.wav,testing-for-NITE-DSP/sample_pack_testing/Old Movies 1 - Vintage Collection (Drum Kit)/Snares/Snare 4.wav,Snare,,,,,,Snare,One-Shot,,Old Movies 1 - Vintage Collection (Drum Kit),Snares,Old Movies 1 - Vintage Collection (Drum Kit)||Snares||snare,drums_v1,,false,1.808,44100,2,4797ec90136da8db8a1a91e107b119acdb0cf3966315063b6a58e447a1a7f1f7
/Volumes/Jack_Gandy_1TB_SSD/testing-for-NITE-DSP/sample_pack_testing/Organic Drum Kit/1 Kicks/Organic - Kick (17).wav,testing-for-NITE-DSP/sample_pack_testing/Organic Drum Kit/1 Kicks/Organic - Kick (17).wav,Kick,,,,,,Kick,One-Shot,,Organic Drum Kit,1 Kicks,Organic Drum Kit||1 Kicks||organic kick,drums_v1,,false,1.1009,44100,2,d87175f68eae709f44ea4938b6a1b0eb08ced2098404284dead3acf182b919b7
/Volumes/Jack_Gandy_1TB_SSD/testing-for-NITE-DSP/sample_pack_testing/Organic Drum Kit/1 Kicks/Organic - Kick (38).wav,testing-for-NITE-DSP/sample_pack_testing/Organic Drum Kit/1 Kicks/Organic - Kick (38).wav,Kick,,,,,,Kick,One-Shot,,Organic Drum Kit,1 Kicks,Organic Drum Kit||1 Kicks||organic kick,drums_v1,,false,1.3761,44100,2,938bb87ed30150ea302fcc2237660edf19e3721640be9ca88a9a76415766cdd0
/Volumes/Jack_Gandy_1TB_SSD/testing-for-NITE-DSP/sample_pack_testing/Organic Drum Kit/1 Kicks/Organic - Kick (6).wav,testing-for-NITE-DSP/sample_pack_testing/Organic Drum Kit/1 Kicks/Organic - Kick (6).wav,Kick,,,,,,Kick,One-Shot,,Organic Drum Kit,1 Kicks,Organic Drum Kit||1 Kicks||organic kick,drums_v1,,false,0.7481,44100,2,d8ad95a8f2440a5b5a9b3807b164e2b51a727ce71b61a74453c7690f76093463
/Volumes/Jack_Gandy_1TB_SSD/testing-for-NITE-DSP/sample_pack_testing/Organic Drum Kit/1 Kicks/Organic - Kick (71).wav,testing-for-NITE-DSP/sample_pack_testing/Organic Drum Kit/1 Kicks/Organic - Kick (71).wav,Kick,,,,,,Kick,One-Shot,,Organic Drum Kit,1 Kicks,Organic Drum Kit||1 Kicks||organic kick,drums_v1,,false,0.7017,44100,2,cc1437b4afefb401e650a1d54f319f7ac1896f48e13cd42be441a1760f6a1fe8
/Volumes/Jack_Gandy_1TB_SSD/testing-for-NITE-DSP/sample_pack_testing/Organic Drum Kit/2 Snares/Organic - Snare (115).wav,testing-for-NITE-DSP/sample_pack_testing/Organic Drum Kit/2 Snares/Organic - Snare (115).wav,Snare,,,,,,Snare,One-Shot,,Organic Drum Kit,2 Snares,Organic Drum Kit||2 Snares||organic snare,drums_v1,,false,1.0,44100,2,4bce7f2e6b48a27ae5c34fbc31f6def736b29769e55c58d886aceccf253f4cf4
/Volumes/Jack_Gandy_1TB_SSD/testing-for-NITE-DSP/sample_pack_testing/Organic Drum Kit/2 Snares/Organic - Snare (15).wav,testing-for-NITE-DSP/sample_pack_testing/Organic Drum Kit/2 Snares/Organic - Snare (15).wav,Snare,,,,,,Snare,One-Shot,,Organic Drum Kit,2 Snares,Organic Drum Kit||2 Snares||organic snare,drums_v1,,false,1.1009,44100,2,d373889a8b71c6fe8d07aea51e58eeae8d79327e9f0784c5700ee85939bc9a15
/Volumes/Jack_Gandy_1TB_SSD/testing-for-NITE-DSP/sample_pack_testing/Organic Drum Kit/2 Snares/Organic - Snare (4).wav,testing-for-NITE-DSP/sample_pack_testing/Organic Drum Kit/2 Snares/Organic - Snare (4).wav,Snare,,,,,,Snare,One-Shot,,Organic Drum Kit,2 Snares,Organic Drum Kit||2 Snares||organic snare,drums_v1,,false,0.8702,44100,2,9a0ee2dbb58d7376b6671ac928ac3cd2f6d8110628d8128ce51c0600988f6973
/Volumes/Jack_Gandy_1TB_SSD/testing-for-NITE-DSP/sample_pack_testing/Organic Drum Kit/2 Snares/Organic - Snare (45).wav,testing-for-NITE-DSP/sample_pack_testing/Organic Drum Kit/2 Snares/Organic - Snare (45).wav,Snare,,,,,,Snare,One-Shot,,Organic Drum Kit,2 Snares,Organic Drum Kit||2 Snares||organic snare,drums_v1,,false,0.5878,44100,2,9a118fc54cb3dd8d4334d695707e83908ec442434639a6148894090eabdb9e03
/Volumes/Jack_Gandy_1TB_SSD/testing-for-NITE-DSP/sample_pack_testing/Organic Drum Kit/2 Snares/Organic - Snare (46).wav,testing-for-NITE-DSP/sample_pack_testing/Organic Drum Kit/2 Snares/Organic - Snare (46).wav,Snare,,,,,,Snare,One-Shot,,Organic Drum Kit,2 Snares,Organic Drum Kit||2 Snares||organic snare,drums_v1,,false,0.4985,44100,2,9611731da711b46f708b79affba7d60cf2b745c654054f19ef68181c12c30c1f
/Volumes/Jack_Gandy_1TB_SSD/testing-for-NITE-DSP/sample_pack_testing/Organic Drum Kit/2 Snares/Organic - Snare (53).wav,testing-for-NITE-DSP/sample_pack_testing/Organic Drum Kit/2 Snares/Organic - Snare (53).wav,Snare,,,,,,Snare,One-Shot,,Organic Drum Kit,2 Snares,Organic Drum Kit||2 Snares||organic snare,drums_v1,,false,1.6083,44100,2,e54a295adf6fbe114165cf2ff034168880fc36f4a974e2b94669c2ea1354fefd
/Volumes/Jack_Gandy_1TB_SSD/testing-for-NITE-DSP/sample_pack_testing/Organic Drum Kit/2 Snares/Organic - Snare (56).wav,testing-for-NITE-DSP/sample_pack_testing/Organic Drum Kit/2 Snares/Organic - Snare (56).wav,Snare,,,,,,Snare,One-Shot,,Organic Drum Kit,2 Snares,Organic Drum Kit||2 Snares||organic snare,drums_v1,,false,1.6083,44100,2,0d586e68c5ca13e473cc309fae73777b7197fe9623ca7980c2349f2a2f9f1a0d
/Volumes/Jack_Gandy_1TB_SSD/testing-for-NITE-DSP/sample_pack_testing/Organic Drum Kit/2 Snares/Organic - Snare (7).wav,testing-for-NITE-DSP/sample_pack_testing/Organic Drum Kit/2 Snares/Organic - Snare (7).wav,Snare,,,,,,Snare,One-Shot,,Organic Drum Kit,2 Snares,Organic Drum Kit||2 Snares||organic snare,drums_v1,,false,1.1009,44100,2,fd9366880a20bd54e45253c7819a518a3fa2fe82a00b1fe71870f1ff786684e1
/Volumes/Jack_Gandy_1TB_SSD/testing-for-NITE-DSP/sample_pack_testing/Organic Drum Kit/2 Snares/Organic - Snare (76).wav,testing-for-NITE-DSP/sample_pack_testing/Organic Drum Kit/2 Snares/Organic - Snare (76).wav,Snare,,,,,,Snare,One-Shot,,Organic Drum Kit,2 Snares,Organic Drum Kit||2 Snares||organic snare,drums_v1,,false,0.976,44100,2,ccbb23890f3f859c36304723512dc949fd9510e49fe604001b55dbc5c0ffee11
/Volumes/Jack_Gandy_1TB_SSD/testing-for-NITE-DSP/sample_pack_testing/Organic Drum Kit/2 Snares/Organic - Snare (91).wav,testing-for-NITE-DSP/sample_pack_testing/Organic Drum Kit/2 Snares/Organic - Snare (91).wav,Snare,,,,,,Snare,One-Shot,,Organic Drum Kit,2 Snares,Organic Drum Kit||2 Snares||organic snare,drums_v1,,false,0.4092,44100,2,a8a57369ab5c8803fc560103e90790fc64a062a88de0303e2adb59ac2115af5f
/Volumes/Jack_Gandy_1TB_SSD/testing-for-NITE-DSP/sample_pack_testing/Organic Drum Kit/3 Claps/Organic - Clap (10).wav,testing-for-NITE-DSP/sample_pack_testing/Organic Drum Kit/3 Claps/Organic - Clap (10).wav,Clap,,,,,,Clap,One-Shot,,Organic Drum Kit,3 Claps,Organic Drum Kit||3 Claps||organic clap,drums_v1,,false,1.6216,44100,2,0c524e683048236afbc0a62223221607b556f3a13e383cce0fce1b8cbd7137b8
/Volumes/Jack_Gandy_1TB_SSD/testing-for-NITE-DSP/sample_pack_testing/Organic Drum Kit/3 Claps/Organic - Clap (16).wav,testing-for-NITE-DSP/sample_pack_testing/Organic Drum Kit/3 Claps/Organic - Clap (16).wav,Clap,,,,,,Clap,One-Shot,,Organic Drum Kit,3 Claps,Organic Drum Kit||3 Claps||organic clap,drums_v1,,false,1.3793,44100,2,c9052a061d3796881e006dd999d6d7ecdd416519e63fa5633635845b0f10e0b3
/Volumes/Jack_Gandy_1TB_SSD/testing-for-NITE-DSP/sample_pack_testing/Organic Drum Kit/3 Claps/Organic - Clap (17).wav,testing-for-NITE-DSP/sample_pack_testing/Organic Drum Kit/3 Claps/Organic - Clap (17).wav,Clap,,,,,,Clap,One-Shot,,Organic Drum Kit,3 Claps,Organic Drum Kit||3 Claps||organic clap,drums_v1,,false,1.6216,44100,2,6e16a4811690ca3ddb4c993f2aaa5964ec34485ef00501e10cafdabd987c5238
/Volumes/Jack_Gandy_1TB_SSD/testing-for-NITE-DSP/sample_pack_testing/Organic Drum Kit/3 Claps/Organic - Clap (27).wav,testing-for-NITE-DSP/sample_pack_testing/Organic Drum Kit/3 Claps/Organic - Clap (27).wav,Clap,,,,,,Clap,One-Shot,,Organic Drum Kit,3 Claps,Organic Drum Kit||3 Claps||organic clap,drums_v1,,false,1.6216,44100,2,b1878c1647dd6ee3497511b8b2a799e98caf0773148e2d199c20814a239b2abc
/Volumes/Jack_Gandy_1TB_SSD/testing-for-NITE-DSP/sample_pack_testing/Organic Drum Kit/3 Claps/Organic - Clap (33).wav,testing-for-NITE-DSP/sample_pack_testing/Organic Drum Kit/3 Claps/Organic - Clap (33).wav,Clap,,,,,,Clap,One-Shot,,Organic Drum Kit,3 Claps,Organic Drum Kit||3 Claps||organic clap,drums_v1,,false,1.6216,44100,2,356b0af3195f42c974e525c142c1c90384b2bc677e05e8f501e7edfa1ca80e75
/Volumes/Jack_Gandy_1TB_SSD/testing-for-NITE-DSP/sample_pack_testing/Organic Drum Kit/3 Claps/Organic - Clap (40).wav,testing-for-NITE-DSP/sample_pack_testing/Organic Drum Kit/3 Claps/Organic - Clap (40).wav,Clap,,,,,,Clap,One-Shot,,Organic Drum Kit,3 Claps,Organic Drum Kit||3 Claps||organic clap,drums_v1,,false,1.5,44100,2,41531b92382a258415d0ee136ff289fa2d2cb269f75b0553c1eaeda41e762969
/Volumes/Jack_Gandy_1TB_SSD/testing-for-NITE-DSP/sample_pack_testing/Organic Drum Kit/3 Claps/Organic - Clap (64).wav,testing-for-NITE-DSP/sample_pack_testing/Organic Drum Kit/3 Claps/Organic - Clap (64).wav,Clap,,,,,,Clap,One-Shot,,Organic Drum Kit,3 Claps,Organic Drum Kit||3 Claps||organic clap,drums_v1,,false,1.5625,44100,2,dddde705a7de71e2ec534e9b2f83d619ff17acbf4044aa67f4c9ada593d127f6
/Volumes/Jack_Gandy_1TB_SSD/testing-for-NITE-DSP/sample_pack_testing/Organic Drum Kit/3 Claps/Organic - Clap (67).wav,testing-for-NITE-DSP/sample_pack_testing/Organic Drum Kit/3 Claps/Organic - Clap (67).wav,Clap,,,,,,Clap,One-Shot,,Organic Drum Kit,3 Claps,Organic Drum Kit||3 Claps||organic clap,drums_v1,,false,1.4062,44100,2,2311d0c025c3b59a920585c7d429c546f0aee884bcd23e33764e4747948e5e6f
/Volumes/Jack_Gandy_1TB_SSD/testing-for-NITE-DSP/sample_pack_testing/Organic Drum Kit/3 Claps/Organic - Clap (74).wav,testing-for-NITE-DSP/sample_pack_testing/Organic Drum Kit/3 Claps/Organic - Clap (74).wav,Crash,,,,,,Crash,One-Shot,,Organic Drum Kit,3 Claps,Organic Drum Kit||3 Claps||organic clap,drums_v1,,false,2.5,44100,2,8ab8fe0d2e3d01683bc0829e896239aec87d80cb7123534086d05d71a8dc8323
/Volumes/Jack_Gandy_1TB_SSD/testing-for-NITE-DSP/sample_pack_testing/Organic Drum Kit/3 Claps/Organic - Clap (79).wav,testing-for-NITE-DSP/sample_pack_testing/Organic Drum Kit/3 Claps/Organic - Clap (79).wav,Clap,,,,,,Clap,One-Shot,,Organic Drum Kit,3 Claps,Organic Drum Kit||3 Claps||organic clap,drums_v1,,false,1.25,44100,2,3252f337ced6322116990576e59578f72810cf73acb3dd2d9567668a902d998a
/Volumes/Jack_Gandy_1TB_SSD/testing-for-NITE-DSP/sample_pack_testing/Organic Drum Kit/4 Hi-Hats/1 Closed Hats/Organic - HiHat_A (4).wav,testing-for-NITE-DSP/sample_pack_testing/Organic Drum Kit/4 Hi-Hats/1 Closed Hats/Organic - HiHat_A (4).wav,Hi-Hat,,,,,,Hi-Hat,One-Shot,,Organic Drum Kit,4 Hi-Hats,Organic Drum Kit||4 Hi-Hats||organic hihat a,drums_v1,,false,1.0,44100,2,66aa23af89a84b135b0a91e15b7bfb6bfdd38c61c6f2ae7c538dc0c47bd8ef24
/Volumes/Jack_Gandy_1TB_SSD/testing-for-NITE-DSP/sample_pack_testing/Organic Drum Kit/4 Hi-Hats/1 Closed Hats/Organic - HiHat_E (1).wav,testing-for-NITE-DSP/sample_pack_testing/Organic Drum Kit/4 Hi-Hats/1 Closed Hats/Organic - HiHat_E (1).wav,Hi-Hat,,,,,,Hi-Hat,One-Shot,,Organic Drum Kit,4 Hi-Hats,Organic Drum Kit||4 Hi-Hats||organic hihat e,drums_v1,,false,1.0,44100,2,d4431d6990ab85fd08a8f4e481b085a9f1105ae0ad6b3b4defcf106359449f51
/Volumes/Jack_Gandy_1TB_SSD/testing-for-NITE-DSP/sample_pack_testing/Organic Drum Kit/4 Hi-Hats/1 Closed Hats/Organic - HiHat_E (3).wav,testing-for-NITE-DSP/sample_pack_testing/Organic Drum Kit/4 Hi-Hats/1 Closed Hats/Organic - HiHat_E (3).wav,Hi-Hat,,,,,,Hi-Hat,One-Shot,,Organic Drum Kit,4 Hi-Hats,Organic Drum Kit||4 Hi-Hats||organic hihat e,drums_v1,,false,1.0,44100,2,adcdbc040fd48cece51ff6b169cee345dea4a05ef1ce73955199c4b3f0e2bbcc
/Volumes/Jack_Gandy_1TB_SSD/testing-for-NITE-DSP/sample_pack_testing/Organic Drum Kit/4 Hi-Hats/1 Closed Hats/Organic - HiHat_J (2).wav,testing-for-NITE-DSP/sample_pack_testing/Organic Drum Kit/4 Hi-Hats/1 Closed Hats/Organic - HiHat_J (2).wav,Hi-Hat,,,,,,Hi-Hat,One-Shot,,Organic Drum Kit,4 Hi-Hats,Organic Drum Kit||4 Hi-Hats||organic hihat j,drums_v1,,false,1.6216,44100,2,1d5dd541d26e16d13fbff1fa4f73e0463b2f7fd3f2d3470490672d967c359afb
/Volumes/Jack_Gandy_1TB_SSD/testing-for-NITE-DSP/sample_pack_testing/Organic Drum Kit/4 Hi-Hats/1 Closed Hats/Organic - HiHat_M (1).wav,testing-for-NITE-DSP/sample_pack_testing/Organic Drum Kit/4 Hi-Hats/1 Closed Hats/Organic - HiHat_M (1).wav,Hi-Hat,,,,,,Hi-Hat,One-Shot,,Organic Drum Kit,4 Hi-Hats,Organic Drum Kit||4 Hi-Hats||organic hihat m,drums_v1,,false,1.2903,44100,2,81b6623f28ff831f0532f28f56a479156e48e53380873d4bd99b554d2db78a12
/Volumes/Jack_Gandy_1TB_SSD/testing-for-NITE-DSP/sample_pack_testing/Organic Drum Kit/4 Hi-Hats/2 Open Hats/Organic - O.HiHat_(9).wav,testing-for-NITE-DSP/sample_pack_testing/Organic Drum Kit/4 Hi-Hats/2 Open Hats/Organic - O.HiHat_(9).wav,Hi-Hat,,,,,,Hi-Hat,One-Shot,,Organic Drum Kit,4 Hi-Hats,Organic Drum Kit||4 Hi-Hats||organic o hihat,drums_v1,,false,1.75,44100,2,9565bfa6c0d374934c19909ba931569f9867890e129cbdd6a5c097f62ede4239
/Volumes/Jack_Gandy_1TB_SSD/testing-for-NITE-DSP/sample_pack_testing/Organic Drum Kit/5 Percussion/1 Hand Drums/2 Bongo Drum/1 Bongo A/Organic - Bongo A (18).wav,testing-for-NITE-DSP/sample_pack_testing/Organic Drum Kit/5 Percussion/1 Hand Drums/2 Bongo Drum/1 Bongo A/Organic - Bongo A (18).wav,Percussion,Other Percussive Hit,,,,,Percussion,One-Shot,,Organic Drum Kit,5 Percussion,Organic Drum Kit||5 Percussion||organic bongo a,drums_v1,,false,1.35,44100,2,3d6946c0fd3deeefecf33bfb1059ca78456df22a63610a115a940ec84ad32a40
/Volumes/Jack_Gandy_1TB_SSD/testing-for-NITE-DSP/sample_pack_testing/Organic Drum Kit/5 Percussion/2 Cajon Box/1 Cajon Box/2 Snare Slap/Organic - Cajon Snare_A (11).wav,testing-for-NITE-DSP/sample_pack_testing/Organic Drum Kit/5 Percussion/2 Cajon Box/1 Cajon Box/2 Snare Slap/Organic - Cajon Snare_A (11).wav,Snare,,,,,,Snare,One-Shot,,Organic Drum Kit,5 Percussion,Organic Drum Kit||5 Percussion||organic cajon snare a,drums_v1,,false,0.9836,44100,2,f24c192cc179e6da330aad53c5f4bcfdd47429a8b068001b98c3f30ac89b4824
/Volumes/Jack_Gandy_1TB_SSD/testing-for-NITE-DSP/sample_pack_testing/Organic Drum Kit/5 Percussion/2 Cajon Box/1 Cajon Box/2 Snare Slap/Organic - Cajon Snare_A (12).wav,testing-for-NITE-DSP/sample_pack_testing/Organic Drum Kit/5 Percussion/2 Cajon Box/1 Cajon Box/2 Snare Slap/Organic - Cajon Snare_A (12).wav,Snare,,,,,,Snare,One-Shot,,Organic Drum Kit,5 Percussion,Organic Drum Kit||5 Percussion||organic cajon snare a,drums_v1,,false,0.9836,44100,2,ea791cb49c9b05815b6e4e570f03bf477600df380fe5b82e6d63f2fc19610fa4
/Volumes/Jack_Gandy_1TB_SSD/testing-for-NITE-DSP/sample_pack_testing/Organic Drum Kit/5 Percussion/2 Cajon Box/1 Cajon Box/2 Snare Slap/Organic - Cajon Snare_A (19).wav,testing-for-NITE-DSP/sample_pack_testing/Organic Drum Kit/5 Percussion/2 Cajon Box/1 Cajon Box/2 Snare Slap/Organic - Cajon Snare_A (19).wav,Snare,,,,,,Snare,One-Shot,,Organic Drum Kit,5 Percussion,Organic Drum Kit||5 Percussion||organic cajon snare a,drums_v1,,false,0.9836,44100,2,fb1bb73a0d78b5b6635a06d35bf5d4512b98800b7adcab03890fa2cb5403bef4
/Volumes/Jack_Gandy_1TB_SSD/testing-for-NITE-DSP/sample_pack_testing/Organic Drum Kit/5 Percussion/2 Cajon Box/1 Cajon Box/2 Snare Slap/Organic - Cajon Snare_A (2).wav,testing-for-NITE-DSP/sample_pack_testing/Organic Drum Kit/5 Percussion/2 Cajon Box/1 Cajon Box/2 Snare Slap/Organic - Cajon Snare_A (2).wav,Snare,,,,,,Snare,One-Shot,,Organic Drum Kit,5 Percussion,Organic Drum Kit||5 Percussion||organic cajon snare a,drums_v1,,false,0.9836,44100,2,6e3631f110bdaf6e99d3e1b547fb0a69e4dae1e2fdbfd6827dae00fd0b86125b
/Volumes/Jack_Gandy_1TB_SSD/testing-for-NITE-DSP/sample_pack_testing/Organic Drum Kit/5 Percussion/2 Cajon Box/1 Cajon Box/2 Snare Slap/Organic - Cajon Snare_A (5).wav,testing-for-NITE-DSP/sample_pack_testing/Organic Drum Kit/5 Percussion/2 Cajon Box/1 Cajon Box/2 Snare Slap/Organic - Cajon Snare_A (5).wav,Snare,,,,,,Snare,One-Shot,,Organic Drum Kit,5 Percussion,Organic Drum Kit||5 Percussion||organic cajon snare a,drums_v1,,false,0.9836,44100,2,e2c93e5cae3a6405758e9755d8bdbfbd7de48d53be6cea7d1dd4f353bb6ab52e
/Volumes/Jack_Gandy_1TB_SSD/testing-for-NITE-DSP/sample_pack_testing/Organic Drum Kit/5 Percussion/3 Various Percussion/Organic - Various Perc (6).wav,testing-for-NITE-DSP/sample_pack_testing/Organic Drum Kit/5 Percussion/3 Various Percussion/Organic - Various Perc (6).wav,Percussion,Other Percussive Hit,,,,,Percussion,One-Shot,,Organic Drum Kit,5 Percussion,Organic Drum Kit||5 Percussion||organic various perc,drums_v1,,false,1.4919,44100,2,ec5fa46b50f74dd10baff51e9fd501ecb0f607c50bf331ae76600fd87e7a4441
/Volumes/Jack_Gandy_1TB_SSD/testing-for-NITE-DSP/sample_pack_testing/Organic Drum Kit/5 Percussion/4 Metalic/1 Mazhar Tambourines/Organic - Mazhar Tambourine (19).wav,testing-for-NITE-DSP/sample_pack_testing/Organic Drum Kit/5 Percussion/4 Metalic/1 Mazhar Tambourines/Organic - Mazhar Tambourine (19).wav,Percussion,Other Percussive Hit,,,,,Percussion,One-Shot,,Organic Drum Kit,5 Percussion,Organic Drum Kit||5 Percussion||organic mazhar tambourine,drums_v1,,false,1.5,44100,2,7c87ff2e7a0cd29bb0b4ab7e710410478c4b16c56e56e0f16bfcc7679f024068
/Volumes/Jack_Gandy_1TB_SSD/testing-for-NITE-DSP/sample_pack_testing/Organic Drum Kit/5 Percussion/4 Metalic/1 Mazhar Tambourines/Organic - Mazhar Tambourine (3).wav,testing-for-NITE-DSP/sample_pack_testing/Organic Drum Kit/5 Percussion/4 Metalic/1 Mazhar Tambourines/Organic - Mazhar Tambourine (3).wav,Percussion,Shaker/Tambourine,,,,,Percussion,One-Shot,,Organic Drum Kit,5 Percussion,Organic Drum Kit||5 Percussion||organic mazhar tambourine,drums_v1,,false,1.2903,44100,2,5a1850f6c4ade9f56c06c0b93647b0a84bbd63e33a7f33a957c620cd62da401e
/Volumes/Jack_Gandy_1TB_SSD/testing-for-NITE-DSP/sample_pack_testing/Organic Drum Kit/5 Percussion/4 Metalic/3 Zill Finger Cymbals/Organic - Zill Finger Cymbal (15).wav,testing-for-NITE-DSP/sample_pack_testing/Organic Drum Kit/5 Percussion/4 Metalic/3 Zill Finger Cymbals/Organic - Zill Finger Cymbal (15).wav,Hi-Hat,,,,,,Hi-Hat,One-Shot,ground_truth_override=Other/none,Organic Drum Kit,5 Percussion,Organic Drum Kit||5 Percussion||organic zill finger cymbal,granularity_v1,20260911T105350,false,0.9375,44100,2,399b8def02abbe2f9961810a971818ca6490543b93a1425e6d6a046f5c7e7244
/Volumes/Jack_Gandy_1TB_SSD/testing-for-NITE-DSP/sample_pack_testing/Organic Drum Kit/5 Percussion/5 Shakers/3 Shaker Set B/Organic - Shaker_B (7).wav,testing-for-NITE-DSP/sample_pack_testing/Organic Drum Kit/5 Percussion/5 Shakers/3 Shaker Set B/Organic - Shaker_B (7).wav,Percussion,Shaker/Tambourine,,,,,Percussion,One-Shot,,Organic Drum Kit,5 Percussion,Organic Drum Kit||5 Percussion||organic shaker b,drums_v1,,false,1.0,44100,2,5182845dd38f7c217e4a4dd53dae25ee890f1fc3f7acf7e1f3dcaea20b30604d
/Volumes/Jack_Gandy_1TB_SSD/testing-for-NITE-DSP/sample_pack_testing/Organic Drum Kit/5 Percussion/5 Shakers/4 Shaker Set C/Organic - Shaker_C (8).wav,testing-for-NITE-DSP/sample_pack_testing/Organic Drum Kit/5 Percussion/5 Shakers/4 Shaker Set C/Organic - Shaker_C (8).wav,Percussion,Shaker/Tambourine,,,,,Percussion,One-Shot,,Organic Drum Kit,5 Percussion,Organic Drum Kit||5 Percussion||organic shaker c,drums_v1,,false,1.3483,44100,2,933133d6a6e23d60142ed392bbf49b9f3cb670ba8d869979a484d9c11de17513
/Volumes/Jack_Gandy_1TB_SSD/testing-for-NITE-DSP/sample_pack_testing/Organic Drum Kit/6 Cymbals & Toms/2 Toms/Organic - Tom_A (4).wav,testing-for-NITE-DSP/sample_pack_testing/Organic Drum Kit/6 Cymbals & Toms/2 Toms/Organic - Tom_A (4).wav,Percussion,Tom,,,,,Percussion,One-Shot,,Organic Drum Kit,6 Cymbals & Toms,Organic Drum Kit||6 Cymbals & Toms||organic tom a,drums_v1,,false,1.7143,44100,2,8819c693e3b03c9b94359306c578ba9a8132305fcccdcac57c61b8514d3a9f01
/Volumes/Jack_Gandy_1TB_SSD/testing-for-NITE-DSP/sample_pack_testing/Organic Drum Kit/8 Drum Loops/Drum Loops/Drum Loop 12 - 83 BPM (C).wav,testing-for-NITE-DSP/sample_pack_testing/Organic Drum Kit/8 Drum Loops/Drum Loops/Drum Loop 12 - 83 BPM (C).wav,Drum Loop,,,,,,Drum,Loop,,Organic Drum Kit,8 Drum Loops,Organic Drum Kit||8 Drum Loops||drum loop 12 (c),drums_v1,,false,5.7831,44100,2,fbb65d56277b9f6354467cab2cca7ccc37a9bb4e1f0874c8d0e0eeb208f392fe
/Volumes/Jack_Gandy_1TB_SSD/testing-for-NITE-DSP/sample_pack_testing/Organic Drum Kit/8 Drum Loops/Drum Loops/Drum Loop 20 - 105 BPM (B).wav,testing-for-NITE-DSP/sample_pack_testing/Organic Drum Kit/8 Drum Loops/Drum Loops/Drum Loop 20 - 105 BPM (B).wav,Drum Loop,,,,,,Drum,Loop,,Organic Drum Kit,8 Drum Loops,Organic Drum Kit||8 Drum Loops||drum loop 20 (b),drums_v1,,false,9.1428,44100,2,9c1b6251e8b92f28ff728e9e5d8a085005ec399f9a13a6c74c25a0dd0628760f
/Volumes/Jack_Gandy_1TB_SSD/testing-for-NITE-DSP/sample_pack_testing/Organic Drum Kit/Maschine Kits/Coast2coast Kit Samples/Organic - Kick (109).wav,testing-for-NITE-DSP/sample_pack_testing/Organic Drum Kit/Maschine Kits/Coast2coast Kit Samples/Organic - Kick (109).wav,Kick,,,,,,Kick,One-Shot,,Organic Drum Kit,Maschine Kits,Organic Drum Kit||Maschine Kits||organic kick,drums_v1,,false,1.125,44100,2,fd6529be66898a49f732d63410e12600838b9d09017b26d078cdc201b38f1353
/Volumes/Jack_Gandy_1TB_SSD/testing-for-NITE-DSP/sample_pack_testing/Organic Drum Kit/Maschine Kits/Demolition Kit Samples/Organic - Clap (43).wav,testing-for-NITE-DSP/sample_pack_testing/Organic Drum Kit/Maschine Kits/Demolition Kit Samples/Organic - Clap (43).wav,Clap,,,,,,Clap,One-Shot,,Organic Drum Kit,Maschine Kits,Organic Drum Kit||Maschine Kits||organic clap,drums_v1,,false,1.125,44100,2,eb3abb742ac4a02aee7f334494ea0db477a5b3177b4f2a1e78dedefba23a8893
/Volumes/Jack_Gandy_1TB_SSD/testing-for-NITE-DSP/sample_pack_testing/Organic Drum Kit/Maschine Kits/Demolition Kit Samples/Organic - Cymbal (23).wav,testing-for-NITE-DSP/sample_pack_testing/Organic Drum Kit/Maschine Kits/Demolition Kit Samples/Organic - Cymbal (23).wav,Crash,,,,,,Crash,One-Shot,,Organic Drum Kit,Maschine Kits,Organic Drum Kit||Maschine Kits||organic cymbal,drums_v1,,false,2.3684,44100,2,f6bc86cbde1e005d4e0a89c92e427ede8dc938234bb7379fcae0a329bdf62388
/Volumes/Jack_Gandy_1TB_SSD/testing-for-NITE-DSP/sample_pack_testing/Organic Drum Kit/Maschine Kits/Domination Kit Samples/Organic - Clap (44).wav,testing-for-NITE-DSP/sample_pack_testing/Organic Drum Kit/Maschine Kits/Domination Kit Samples/Organic - Clap (44).wav,Clap,,,,,,Clap,One-Shot,,Organic Drum Kit,Maschine Kits,Organic Drum Kit||Maschine Kits||organic clap,drums_v1,,false,1.125,44100,2,22c3d6674de143bd32251cfcac11cc8a92913676670095e76405c1277ed3eb9a
/Volumes/Jack_Gandy_1TB_SSD/testing-for-NITE-DSP/sample_pack_testing/Organic Drum Kit/Maschine Kits/Earthquake Kit Samples/Organic - Kick (111).wav,testing-for-NITE-DSP/sample_pack_testing/Organic Drum Kit/Maschine Kits/Earthquake Kit Samples/Organic - Kick (111).wav,Kick,,,,,,Kick,One-Shot,,Organic Drum Kit,Maschine Kits,Organic Drum Kit||Maschine Kits||organic kick,drums_v1,,false,1.3333,44100,2,c98d327eba90c99ff13c28d6852465c3d83441fbc59635b83542f6778c668d95
/Volumes/Jack_Gandy_1TB_SSD/testing-for-NITE-DSP/sample_pack_testing/Organic Drum Kit/Maschine Kits/Ethnic Stomp Kit Samples/Organic - Clap (14).wav,testing-for-NITE-DSP/sample_pack_testing/Organic Drum Kit/Maschine Kits/Ethnic Stomp Kit Samples/Organic - Clap (14).wav,Clap,,,,,,Clap,One-Shot,,Organic Drum Kit,Maschine Kits,Organic Drum Kit||Maschine Kits||organic clap,drums_v1,,false,1.3793,44100,2,3b935546fb4655266a41b08c186ef85bd835fd6d29682bdbbcb8d13b5a7716b5
/Volumes/Jack_Gandy_1TB_SSD/testing-for-NITE-DSP/sample_pack_testing/Organic Drum Kit/Maschine Kits/Ethnic Stomp Kit Samples/Organic - Clap (15).wav,testing-for-NITE-DSP/sample_pack_testing/Organic Drum Kit/Maschine Kits/Ethnic Stomp Kit Samples/Organic - Clap (15).wav,Clap,,,,,,Clap,One-Shot,,Organic Drum Kit,Maschine Kits,Organic Drum Kit||Maschine Kits||organic clap,drums_v1,,false,1.3793,44100,2,86b43e698790e32c8ed749d27d6947ec48b597a4febef5a28a3ac7b0f6f76ae5
/Volumes/Jack_Gandy_1TB_SSD/testing-for-NITE-DSP/sample_pack_testing/Organic Drum Kit/Maschine Kits/Grungy Kit Samples/Organic - Clap (76).wav,testing-for-NITE-DSP/sample_pack_testing/Organic Drum Kit/Maschine Kits/Grungy Kit Samples/Organic - Clap (76).wav,Clap,,,,,,Clap,One-Shot,,Organic Drum Kit,Maschine Kits,Organic Drum Kit||Maschine Kits||organic clap,drums_v1,,false,0.62,44100,2,f516a087335fa49c545bea29bfb5957c8c787087efdcd435811186ef2fe86ce7
/Volumes/Jack_Gandy_1TB_SSD/testing-for-NITE-DSP/sample_pack_testing/Organic Drum Kit/Maschine Kits/Grungy Kit Samples/Organic - Tom_D (3).wav,testing-for-NITE-DSP/sample_pack_testing/Organic Drum Kit/Maschine Kits/Grungy Kit Samples/Organic - Tom_D (3).wav,Percussion,Tom,,,,,Percussion,One-Shot,,Organic Drum Kit,Maschine Kits,Organic Drum Kit||Maschine Kits||organic tom d,drums_v1,,false,1.2931,44100,2,0fb3c610c7b4ed1c930c9fa8a5a6210df55a5490afc6ba90f3ba4f7f8cbdde49
/Volumes/Jack_Gandy_1TB_SSD/testing-for-NITE-DSP/sample_pack_testing/Organic Drum Kit/Maschine Kits/Head Trauma Kit Samples/Organic - Clap (47).wav,testing-for-NITE-DSP/sample_pack_testing/Organic Drum Kit/Maschine Kits/Head Trauma Kit Samples/Organic - Clap (47).wav,Clap,,,,,,Clap,One-Shot,,Organic Drum Kit,Maschine Kits,Organic Drum Kit||Maschine Kits||organic clap,drums_v1,,false,1.25,44100,2,708206e5c1096ae38f1234084bbe54a5de764c2f4449a55df25de42ee816b866
/Volumes/Jack_Gandy_1TB_SSD/testing-for-NITE-DSP/sample_pack_testing/Organic Drum Kit/Maschine Kits/Head Trauma Kit Samples/Organic - HiHat_A (2).wav,testing-for-NITE-DSP/sample_pack_testing/Organic Drum Kit/Maschine Kits/Head Trauma Kit Samples/Organic - HiHat_A (2).wav,Hi-Hat,,,,,,Hi-Hat,One-Shot,,Organic Drum Kit,Maschine Kits,Organic Drum Kit||Maschine Kits||organic hihat a,drums_v1,,false,1.0,44100,2,65bd8d6e74d30265e221e256ba363b1af131eec2f0af2ad9a91a0136d0fdae9a
/Volumes/Jack_Gandy_1TB_SSD/testing-for-NITE-DSP/sample_pack_testing/Organic Drum Kit/Maschine Kits/Imagination Kit Samples/Organic - Clap (49).wav,testing-for-NITE-DSP/sample_pack_testing/Organic Drum Kit/Maschine Kits/Imagination Kit Samples/Organic - Clap (49).wav,Clap,,,,,,Clap,One-Shot,,Organic Drum Kit,Maschine Kits,Organic Drum Kit||Maschine Kits||organic clap,drums_v1,,false,1.0619,44100,2,3de56fc82473a1dbd1494d009e84ff5894368a6b0785d37292855d53c65d0061
/Volumes/Jack_Gandy_1TB_SSD/testing-for-NITE-DSP/sample_pack_testing/Organic Drum Kit/Maschine Kits/Imperial Kit Samples/Organic - Kick (104).wav,testing-for-NITE-DSP/sample_pack_testing/Organic Drum Kit/Maschine Kits/Imperial Kit Samples/Organic - Kick (104).wav,Kick,,,,,,Kick,One-Shot,,Organic Drum Kit,Maschine Kits,Organic Drum Kit||Maschine Kits||organic kick,drums_v1,,false,0.3477,44100,2,7c1c1156171a68e49b54304d4f63fea8e6a0bce6cf7a4b99b9070d0cbbd8cc9b
/Volumes/Jack_Gandy_1TB_SSD/testing-for-NITE-DSP/sample_pack_testing/Organic Drum Kit/Maschine Kits/Imperial Kit Samples/Organic - Snare (27).wav,testing-for-NITE-DSP/sample_pack_testing/Organic Drum Kit/Maschine Kits/Imperial Kit Samples/Organic - Snare (27).wav,Snare,,,,,,Snare,One-Shot,,Organic Drum Kit,Maschine Kits,Organic Drum Kit||Maschine Kits||organic snare,drums_v1,,false,1.5137,44100,2,a5cf878fb7420b5ee08375a06264433332d97192cc1204be0cec840469f13482
/Volumes/Jack_Gandy_1TB_SSD/testing-for-NITE-DSP/sample_pack_testing/Organic Drum Kit/Maschine Kits/Imperial Kit Samples/Organic - Tom_D (4).wav,testing-for-NITE-DSP/sample_pack_testing/Organic Drum Kit/Maschine Kits/Imperial Kit Samples/Organic - Tom_D (4).wav,Percussion,Tom,,,,,Percussion,One-Shot,,Organic Drum Kit,Maschine Kits,Organic Drum Kit||Maschine Kits||organic tom d,drums_v1,,false,1.2931,44100,2,976c7e9415994a01a11977d5df5e79cb4cb32efe4f567e54c419b33725f85ef4
/Volumes/Jack_Gandy_1TB_SSD/testing-for-NITE-DSP/sample_pack_testing/Organic Drum Kit/Maschine Kits/Juggernaut Kit Samples/Organic - Cymbal (13).wav,testing-for-NITE-DSP/sample_pack_testing/Organic Drum Kit/Maschine Kits/Juggernaut Kit Samples/Organic - Cymbal (13).wav,Crash,,,,,,Crash,One-Shot,,Organic Drum Kit,Maschine Kits,Organic Drum Kit||Maschine Kits||organic cymbal,drums_v1,,false,15.25,44100,2,38ac8c31d79a250034f39a62984ab7a51ddd6f452b425b7e0ce5818e701239a5
/Volumes/Jack_Gandy_1TB_SSD/testing-for-NITE-DSP/sample_pack_testing/Organic Drum Kit/Maschine Kits/Jungle Thump Kit Samples/Organic - Clap (56).wav,testing-for-NITE-DSP/sample_pack_testing/Organic Drum Kit/Maschine Kits/Jungle Thump Kit Samples/Organic - Clap (56).wav,Clap,,,,,,Clap,One-Shot,,Organic Drum Kit,Maschine Kits,Organic Drum Kit||Maschine Kits||organic clap,drums_v1,,false,1.25,44100,2,c4e5eb0a007ae0f3fcc3cde441d7dc8a0c3913751040f89031acaf5ae6db1876
/Volumes/Jack_Gandy_1TB_SSD/testing-for-NITE-DSP/sample_pack_testing/Organic Drum Kit/Maschine Kits/Jungle Thump Kit Samples/Organic - Snare (24).wav,testing-for-NITE-DSP/sample_pack_testing/Organic Drum Kit/Maschine Kits/Jungle Thump Kit Samples/Organic - Snare (24).wav,Snare,,,,,,Snare,One-Shot,,Organic Drum Kit,Maschine Kits,Organic Drum Kit||Maschine Kits||organic snare,drums_v1,,false,1.1009,44100,2,e16ed7bb885db2ed6845d8f7045858d9b61c25a02aa855ba95b3fb29d71a1e1d
/Volumes/Jack_Gandy_1TB_SSD/testing-for-NITE-DSP/sample_pack_testing/Organic Drum Kit/Maschine Kits/Motivation Kit Samples/Organic - Clap (9).wav,testing-for-NITE-DSP/sample_pack_testing/Organic Drum Kit/Maschine Kits/Motivation Kit Samples/Organic - Clap (9).wav,Clap,,,,,,Clap,One-Shot,,Organic Drum Kit,Maschine Kits,Organic Drum Kit||Maschine Kits||organic clap,drums_v1,,false,1.6216,44100,2,857469bd210d24e45c9bf2809d484c487948416c6dd6b1c1cab6732bc683913c
/Volumes/Jack_Gandy_1TB_SSD/testing-for-NITE-DSP/sample_pack_testing/Organic Drum Kit/Maschine Kits/Neptune Kit Samples/Organic - Kick (45).wav,testing-for-NITE-DSP/sample_pack_testing/Organic Drum Kit/Maschine Kits/Neptune Kit Samples/Organic - Kick (45).wav,Kick,,,,,,Kick,One-Shot,,Organic Drum Kit,Maschine Kits,Organic Drum Kit||Maschine Kits||organic kick,drums_v1,,false,1.5137,44100,2,24fb721c75f8a09bbec52683fdd856ce7225de8f8dd4580b83fd16ed5921b6d9
/Volumes/Jack_Gandy_1TB_SSD/testing-for-NITE-DSP/sample_pack_testing/Organic Drum Kit/Maschine Kits/New Age Kit 1 Samples/Organic - Clap (4).wav,testing-for-NITE-DSP/sample_pack_testing/Organic Drum Kit/Maschine Kits/New Age Kit 1 Samples/Organic - Clap (4).wav,Clap,,,,,,Clap,One-Shot,,Organic Drum Kit,Maschine Kits,Organic Drum Kit||Maschine Kits||organic clap,drums_v1,,false,2.5714,44100,2,5011ab611386084add976bbba4366813ef57fe760fce631f12d868be8c920bd1
/Volumes/Jack_Gandy_1TB_SSD/testing-for-NITE-DSP/sample_pack_testing/Organic Drum Kit/Maschine Kits/New Age Kit 1 Samples/Organic - HiHat (3).wav,testing-for-NITE-DSP/sample_pack_testing/Organic Drum Kit/Maschine Kits/New Age Kit 1 Samples/Organic - HiHat (3).wav,Hi-Hat,,,,,,Hi-Hat,One-Shot,,Organic Drum Kit,Maschine Kits,Organic Drum Kit||Maschine Kits||organic hihat,drums_v1,,false,1.6216,44100,2,de77344743d5899808f514f3f11ba780aadb4296dab19ce07e3d7d63e46f02df
/Volumes/Jack_Gandy_1TB_SSD/testing-for-NITE-DSP/sample_pack_testing/Organic Drum Kit/Maschine Kits/New Age Kit 2 Samples/Organic - Cymbal (1).wav,testing-for-NITE-DSP/sample_pack_testing/Organic Drum Kit/Maschine Kits/New Age Kit 2 Samples/Organic - Cymbal (1).wav,Crash,,,,,,Crash,One-Shot,,Organic Drum Kit,Maschine Kits,Organic Drum Kit||Maschine Kits||organic cymbal,drums_v1,,false,6.0,44100,2,d30c3ed7a37228f8afaffcd167a5f223cba08e54aa618754d140cbfb8115a612
/Volumes/Jack_Gandy_1TB_SSD/testing-for-NITE-DSP/sample_pack_testing/Organic Drum Kit/Maschine Kits/New Age Kit 2 Samples/Organic - Snare (78).wav,testing-for-NITE-DSP/sample_pack_testing/Organic Drum Kit/Maschine Kits/New Age Kit 2 Samples/Organic - Snare (78).wav,Snare,,,,,,Snare,One-Shot,,Organic Drum Kit,Maschine Kits,Organic Drum Kit||Maschine Kits||organic snare,drums_v1,,false,0.573,44100,2,0ddd7b5b627680a310be65119708715a41d9609f95d0d577ec3d9d1344ffb915
/Volumes/Jack_Gandy_1TB_SSD/testing-for-NITE-DSP/sample_pack_testing/Organic Drum Kit/Maschine Kits/Stadium Kit Samples/Organic - O.HiHat_A (1).wav,testing-for-NITE-DSP/sample_pack_testing/Organic Drum Kit/Maschine Kits/Stadium Kit Samples/Organic - O.HiHat_A (1).wav,Hi-Hat,,,,,,Hi-Hat,One-Shot,,Organic Drum Kit,Maschine Kits,Organic Drum Kit||Maschine Kits||organic o hihat a,drums_v1,,false,1.625,44100,2,c14d0f67ee54e309179a73dfa1f6268bcd7e26b7de11a9fc7b6962510a508d44
/Volumes/Jack_Gandy_1TB_SSD/testing-for-NITE-DSP/sample_pack_testing/Organic Drum Kit/Maschine Kits/Studio Kit Samples/Organic - Clap (55).wav,testing-for-NITE-DSP/sample_pack_testing/Organic Drum Kit/Maschine Kits/Studio Kit Samples/Organic - Clap (55).wav,Clap,,,,,,Clap,One-Shot,,Organic Drum Kit,Maschine Kits,Organic Drum Kit||Maschine Kits||organic clap,drums_v1,,false,1.875,44100,2,3fc3fd6a51bf497a0467409a625a79d06a010dfec726a08d993c9acfacd6602a
/Volumes/Jack_Gandy_1TB_SSD/testing-for-NITE-DSP/sample_pack_testing/Organic Drum Kit/Maschine Kits/Sun Tzu Kit Samples/Organic - Clap (32).wav,testing-for-NITE-DSP/sample_pack_testing/Organic Drum Kit/Maschine Kits/Sun Tzu Kit Samples/Organic - Clap (32).wav,Clap,,,,,,Clap,One-Shot,,Organic Drum Kit,Maschine Kits,Organic Drum Kit||Maschine Kits||organic clap,drums_v1,,false,1.6216,44100,2,48d2f7edec7c2668a3c290177259d156c3f725c589e62d8e3c1e9a3895a1b25c
/Volumes/Jack_Gandy_1TB_SSD/testing-for-NITE-DSP/sample_pack_testing/Organic Drum Kit/Maschine Kits/Sun Tzu Kit Samples/Organic - Kick (108).wav,testing-for-NITE-DSP/sample_pack_testing/Organic Drum Kit/Maschine Kits/Sun Tzu Kit Samples/Organic - Kick (108).wav,Kick,,,,,,Kick,One-Shot,,Organic Drum Kit,Maschine Kits,Organic Drum Kit||Maschine Kits||organic kick,drums_v1,,false,1.2295,44100,2,8417b51bc725e46531cc2f75062b4ea3dd0da777e9513c0125a1ebad16248ea1
/Volumes/Jack_Gandy_1TB_SSD/testing-for-NITE-DSP/sample_pack_testing/Organic Drum Kit/Maschine Kits/Sun Tzu Kit Samples/Organic - Tom_G (1).wav,testing-for-NITE-DSP/sample_pack_testing/Organic Drum Kit/Maschine Kits/Sun Tzu Kit Samples/Organic - Tom_G (1).wav,Percussion,Tom,,,,,Percussion,One-Shot,,Organic Drum Kit,Maschine Kits,Organic Drum Kit||Maschine Kits||organic tom g,drums_v1,,false,1.3513,44100,2,445c9a33d6a82bf5233d39c367cf0c2c60f91ffa62923eb9f685506f7248a556
/Volumes/Jack_Gandy_1TB_SSD/testing-for-NITE-DSP/sample_pack_testing/Organic Drum Kit/Maschine Kits/Sun Tzu Kit Samples/Organic - Zill Finger Cymbal (17).wav,testing-for-NITE-DSP/sample_pack_testing/Organic Drum Kit/Maschine Kits/Sun Tzu Kit Samples/Organic - Zill Finger Cymbal (17).wav,Crash,,,,,,Crash,One-Shot,,Organic Drum Kit,Maschine Kits,Organic Drum Kit||Maschine Kits||organic zill finger cymbal,drums_v1,,false,1.6875,44100,2,0f79a48c7b2dfb8d16ba0f51bb8e583dd1afbc9d018d428c45078473fe467b8e
/Volumes/Jack_Gandy_1TB_SSD/testing-for-NITE-DSP/sample_pack_testing/Organic Drum Kit/Maschine Kits/Vintage Kit Samples/Organic - Clap (42).wav,testing-for-NITE-DSP/sample_pack_testing/Organic Drum Kit/Maschine Kits/Vintage Kit Samples/Organic - Clap (42).wav,Clap,,,,,,Clap,One-Shot,,Organic Drum Kit,Maschine Kits,Organic Drum Kit||Maschine Kits||organic clap,drums_v1,,false,1.4117,44100,2,6cc57c63b77fea4572f7636dc9cbb211fc2ecaa579dece50a0a71059f84574df
/Volumes/Jack_Gandy_1TB_SSD/testing-for-NITE-DSP/sample_pack_testing/Organic Drum Kit/Maschine Kits/Vintage Kit Samples/Organic - Cymbal (3).wav,testing-for-NITE-DSP/sample_pack_testing/Organic Drum Kit/Maschine Kits/Vintage Kit Samples/Organic - Cymbal (3).wav,Crash,,,,,,Crash,One-Shot,,Organic Drum Kit,Maschine Kits,Organic Drum Kit||Maschine Kits||organic cymbal,drums_v1,,false,6.0,44100,2,f7abccf2d80a5732b0f628be3c482e02c5894e4e7828f47d1a99eaaeb576d5ee
/Volumes/Jack_Gandy_1TB_SSD/testing-for-NITE-DSP/sample_pack_testing/Organic Drum Kit/Maschine Kits/Vintage Kit Samples/Organic - Kick (27).wav,testing-for-NITE-DSP/sample_pack_testing/Organic Drum Kit/Maschine Kits/Vintage Kit Samples/Organic - Kick (27).wav,Kick,,,,,,Kick,One-Shot,,Organic Drum Kit,Maschine Kits,Organic Drum Kit||Maschine Kits||organic kick,drums_v1,,false,1.0,44100,2,a661e098274a100a533f38337543c8aaf7c65c3a6af0757f5969456fd27925bf
/Volumes/Jack_Gandy_1TB_SSD/testing-for-NITE-DSP/sample_pack_testing/Organic Electronics 2 J.Views/JVIEWS_city/JVIEWS_city_loops/JVIEWS_clock_shop_soft_bounce_125.wav,testing-for-NITE-DSP/sample_pack_testing/Organic Electronics 2 J.Views/JVIEWS_city/JVIEWS_city_loops/JVIEWS_clock_shop_soft_bounce_125.wav,Foley Loop,,,,,,Foley,Loop,,Organic Electronics 2 J.Views,JVIEWS_city,Organic Electronics 2 J.Views||JVIEWS_city||jviews clock shop soft bounce,drums_v1,,false,15.36,44100,2,5a5816c9052c14e078a55d4447f97dd7cf2d23740ad2b0ebc9010d3c5601bda6
/Volumes/Jack_Gandy_1TB_SSD/testing-for-NITE-DSP/sample_pack_testing/Organic Electronics 2 J.Views/JVIEWS_city/JVIEWS_city_loops/JVIEWS_clock_shop_thick_110.wav,testing-for-NITE-DSP/sample_pack_testing/Organic Electronics 2 J.Views/JVIEWS_city/JVIEWS_city_loops/JVIEWS_clock_shop_thick_110.wav,Foley Loop,,,,,,Foley,Loop,,Organic Electronics 2 J.Views,JVIEWS_city,Organic Electronics 2 J.Views||JVIEWS_city||jviews clock shop thick,drums_v1,,false,8.7273,44100,2,88a9878c92dfec4fb778ffee8838a939d7f532463920af22a9238cff52e5e174
/Volumes/Jack_Gandy_1TB_SSD/testing-for-NITE-DSP/sample_pack_testing/Organic Electronics 2 J.Views/JVIEWS_city/JVIEWS_city_loops/JVIEWS_hihat_alternative_clock_shop_130.wav,testing-for-NITE-DSP/sample_pack_testing/Organic Electronics 2 J.Views/JVIEWS_city/JVIEWS_city_loops/JVIEWS_hihat_alternative_clock_shop_130.wav,Hi-Hat,,,,,,Hi-Hat,One-Shot,,Organic Electronics 2 J.Views,JVIEWS_city,Organic Electronics 2 J.Views||JVIEWS_city||jviews hihat alternative clock shop,drums_v1,,false,7.3846,44100,2,2f677c0ba1a07c82b585ec923b5c706309e57c56bed8402a7ac5b90c08557fe9
/Volumes/Jack_Gandy_1TB_SSD/testing-for-NITE-DSP/sample_pack_testing/Organic Electronics 2 J.Views/JVIEWS_countryside/JVIEWS_countryside_loops/JVIEWS_hollow_tree_reflections_85.wav,testing-for-NITE-DSP/sample_pack_testing/Organic Electronics 2 J.Views/JVIEWS_countryside/JVIEWS_countryside_loops/JVIEWS_hollow_tree_reflections_85.wav,Foley Loop,,,,,,Foley,Loop,,Organic Electronics 2 J.Views,JVIEWS_countryside,Organic Electronics 2 J.Views||JVIEWS_countryside||jviews hollow tree reflections,drums_v1,,false,11.2941,44100,2,0a21e2a8f327eb7a1b5bc5ca2f88d029525fca752c10e3ae27aa1f5a5ccfc64a
/Volumes/Jack_Gandy_1TB_SSD/testing-for-NITE-DSP/sample_pack_testing/Organic Electronics 2 J.Views/JVIEWS_countryside/JVIEWS_countryside_one_shots/JVIEWS_antique_shop_snap.wav,testing-for-NITE-DSP/sample_pack_testing/Organic Electronics 2 J.Views/JVIEWS_countryside/JVIEWS_countryside_one_shots/JVIEWS_antique_shop_snap.wav,Foley,,,,,,Foley,One-Shot,,Organic Electronics 2 J.Views,JVIEWS_countryside,Organic Electronics 2 J.Views||JVIEWS_countryside||jviews antique shop snap,drums_v1,,false,0.5356,44100,2,a34c55419c21bbe9f933aa0bee201413dcc3a8c1081e13bae247eb557a686b62
/Volumes/Jack_Gandy_1TB_SSD/testing-for-NITE-DSP/sample_pack_testing/Organic Electronics 2 J.Views/JVIEWS_countryside/JVIEWS_countryside_one_shots/JVIEWS_binaural_snap_in_tree_01.wav,testing-for-NITE-DSP/sample_pack_testing/Organic Electronics 2 J.Views/JVIEWS_countryside/JVIEWS_countryside_one_shots/JVIEWS_binaural_snap_in_tree_01.wav,Foley,,,,,,Foley,One-Shot,,Organic Electronics 2 J.Views,JVIEWS_countryside,Organic Electronics 2 J.Views||JVIEWS_countryside||jviews binaural snap in tree,drums_v1,,false,0.2734,44100,2,fdd8eaca1f1f63530b24d1e711284a36b9ab20a7f3e0f99439e00d01fe218357
/Volumes/Jack_Gandy_1TB_SSD/testing-for-NITE-DSP/sample_pack_testing/Organic Electronics 2 J.Views/JVIEWS_countryside/JVIEWS_countryside_one_shots/JVIEWS_hollow_tree_kick.wav,testing-for-NITE-DSP/sample_pack_testing/Organic Electronics 2 J.Views/JVIEWS_countryside/JVIEWS_countryside_one_shots/JVIEWS_hollow_tree_kick.wav,Kick,,,,,,Kick,One-Shot,,Organic Electronics 2 J.Views,JVIEWS_countryside,Organic Electronics 2 J.Views||JVIEWS_countryside||jviews hollow tree kick,drums_v1,,false,1.3721,44100,2,ac3e950d50ad9551e6afcbd38caaec3ce17dd11e0527d5b7598b80348b2abd28
/Volumes/Jack_Gandy_1TB_SSD/testing-for-NITE-DSP/sample_pack_testing/Organic Electronics 2 J.Views/JVIEWS_countryside/JVIEWS_countryside_one_shots/JVIEWS_kick_helper_crunchy_leaves_01.wav,testing-for-NITE-DSP/sample_pack_testing/Organic Electronics 2 J.Views/JVIEWS_countryside/JVIEWS_countryside_one_shots/JVIEWS_kick_helper_crunchy_leaves_01.wav,Kick,,,,,,Kick,One-Shot,,Organic Electronics 2 J.Views,JVIEWS_countryside,Organic Electronics 2 J.Views||JVIEWS_countryside||jviews kick helper crunchy leaves,drums_v1,,false,0.7055,44100,2,31322c88db42f8f8e159ea7a99094b8ca6f70a359309637d11ba564c2e5f249f
/Volumes/Jack_Gandy_1TB_SSD/testing-for-NITE-DSP/sample_pack_testing/Organic Electronics 2 J.Views/JVIEWS_desert/JVIEWS_desert_loops/JVIEWS_suitcase_and_amp_138.wav,testing-for-NITE-DSP/sample_pack_testing/Organic Electronics 2 J.Views/JVIEWS_desert/JVIEWS_desert_loops/JVIEWS_suitcase_and_amp_138.wav,Foley Loop,,,,,,Foley,Loop,,Organic Electronics 2 J.Views,JVIEWS_desert,Organic Electronics 2 J.Views||JVIEWS_desert||jviews suitcase and amp,drums_v1,,false,13.9131,44100,2,1088ac3f842df03b0a7d92906cccbf47d3cc7626c3580e416046a7ade6808dce
/Volumes/Jack_Gandy_1TB_SSD/testing-for-NITE-DSP/sample_pack_testing/Organic Electronics 2 J.Views/JVIEWS_desert/JVIEWS_desert_one_shots/JVIEWS_crackle_snare.wav,testing-for-NITE-DSP/sample_pack_testing/Organic Electronics 2 J.Views/JVIEWS_desert/JVIEWS_desert_one_shots/JVIEWS_crackle_snare.wav,Snare,,,,,,Snare,One-Shot,,Organic Electronics 2 J.Views,JVIEWS_desert,Organic Electronics 2 J.Views||JVIEWS_desert||jviews crackle snare,drums_v1,,false,0.5679,44100,2,3c177b4ad0112b1c1dcbf7a1d7349f687ae81aa1097507cd550a45ef224ba759
/Volumes/Jack_Gandy_1TB_SSD/testing-for-NITE-DSP/sample_pack_testing/Organic Electronics 2 J.Views/JVIEWS_desert/JVIEWS_desert_one_shots/JVIEWS_desertwood_clap_02.wav,testing-for-NITE-DSP/sample_pack_testing/Organic Electronics 2 J.Views/JVIEWS_desert/JVIEWS_desert_one_shots/JVIEWS_desertwood_clap_02.wav,Clap,,,,,,Clap,One-Shot,,Organic Electronics 2 J.Views,JVIEWS_desert,Organic Electronics 2 J.Views||JVIEWS_desert||jviews desertwood clap,drums_v1,,false,0.7112,44100,2,dd6a28d877ca9fbe3a20a83cbc70922eff1ab5793ad47c97d038557030dbc48e
/Volumes/Jack_Gandy_1TB_SSD/testing-for-NITE-DSP/sample_pack_testing/Organic Electronics 2 J.Views/JVIEWS_desert/JVIEWS_desert_one_shots/JVIEWS_desertwood_snare_rim_02.wav,testing-for-NITE-DSP/sample_pack_testing/Organic Electronics 2 J.Views/JVIEWS_desert/JVIEWS_desert_one_shots/JVIEWS_desertwood_snare_rim_02.wav,Rimshot,,,,,,Rimshot,One-Shot,,Organic Electronics 2 J.Views,JVIEWS_desert,Organic Electronics 2 J.Views||JVIEWS_desert||jviews desertwood snare rim,drums_v1,,false,0.2498,44100,2,b027f5ed178efa5b355362417d707bff9a4026b213a39e31e55600d73820e473
/Volumes/Jack_Gandy_1TB_SSD/testing-for-NITE-DSP/sample_pack_testing/Organic Electronics 2 J.Views/JVIEWS_desert/JVIEWS_desert_one_shots/JVIEWS_desertwood_snare_rim_03.wav,testing-for-NITE-DSP/sample_pack_testing/Organic Electronics 2 J.Views/JVIEWS_desert/JVIEWS_desert_one_shots/JVIEWS_desertwood_snare_rim_03.wav,Snare,,,,,,Snare,One-Shot,,Organic Electronics 2 J.Views,JVIEWS_desert,Organic Electronics 2 J.Views||JVIEWS_desert||jviews desertwood snare rim,drums_v1,,false,0.4794,44100,2,d3e6966bfedb083a8b3c26063688c67fb3f461e6fb558fe369518c493d09440f
/Volumes/Jack_Gandy_1TB_SSD/testing-for-NITE-DSP/sample_pack_testing/Organic Electronics 2 J.Views/JVIEWS_desert/JVIEWS_desert_one_shots/JVIEWS_snare_helper_clatter_percussion_02.wav,testing-for-NITE-DSP/sample_pack_testing/Organic Electronics 2 J.Views/JVIEWS_desert/JVIEWS_desert_one_shots/JVIEWS_snare_helper_clatter_percussion_02.wav,Foley Loop,,,,,,Foley,Loop,,Organic Electronics 2 J.Views,JVIEWS_desert,Organic Electronics 2 J.Views||JVIEWS_desert||jviews snare helper clatter percussion,drums_v1,,false,0.6484,44100,2,82ff4e73a475544390a4190be56d1463211bba73358996eee133cf61184db946
/Volumes/Jack_Gandy_1TB_SSD/testing-for-NITE-DSP/sample_pack_testing/Organic Electronics 2 J.Views/JVIEWS_desert/JVIEWS_desert_one_shots/JVIEWS_snare_thru_mountain_02.wav,testing-for-NITE-DSP/sample_pack_testing/Organic Electronics 2 J.Views/JVIEWS_desert/JVIEWS_desert_one_shots/JVIEWS_snare_thru_mountain_02.wav,Snare,,,,,,Snare,One-Shot,,Organic Electronics 2 J.Views,JVIEWS_desert,Organic Electronics 2 J.Views||JVIEWS_desert||jviews snare thru mountain,drums_v1,,false,0.5639,44100,2,99746aae5561bef3ad687764d385095c332d133f44f6945cd063ed4e9bca3eb5
/Volumes/Jack_Gandy_1TB_SSD/testing-for-NITE-DSP/sample_pack_testing/Organic Electronics 2 J.Views/JVIEWS_studio/JVIEWS_studio_one_shots/JVIEWS_analog_machine_drum_snare_01.wav,testing-for-NITE-DSP/sample_pack_testing/Organic Electronics 2 J.Views/JVIEWS_studio/JVIEWS_studio_one_shots/JVIEWS_analog_machine_drum_snare_01.wav,Snare,,,,,,Snare,One-Shot,,Organic Electronics 2 J.Views,JVIEWS_studio,Organic Electronics 2 J.Views||JVIEWS_studio||jviews analog machine drum snare,drums_v1,,false,0.8541,44100,2,d574837a66e25e4a3a25d45d4e442d25350febad077fff7bc9ba9b217b90e22e
/Volumes/Jack_Gandy_1TB_SSD/testing-for-NITE-DSP/sample_pack_testing/Organic Electronics 2 J.Views/JVIEWS_studio/JVIEWS_studio_one_shots/JVIEWS_analog_machine_drum_snare_02.wav,testing-for-NITE-DSP/sample_pack_testing/Organic Electronics 2 J.Views/JVIEWS_studio/JVIEWS_studio_one_shots/JVIEWS_analog_machine_drum_snare_02.wav,Snare,,,,,,Snare,One-Shot,,Organic Electronics 2 J.Views,JVIEWS_studio,Organic Electronics 2 J.Views||JVIEWS_studio||jviews analog machine drum snare,drums_v1,,false,3.3334,44100,2,445a8d1008f20d187bea21e6c270464db763b8c9b4837d70fcfb2b8c5ab3c7aa
/Volumes/Jack_Gandy_1TB_SSD/testing-for-NITE-DSP/sample_pack_testing/Sounds of KSHMR Vol.3/KSHMR_Drums/KSHMR_Acoustic_Drums/Hi-Hat/kshmr_acoustic_closed_hat_01_clean.wav,testing-for-NITE-DSP/sample_pack_testing/Sounds of KSHMR Vol.3/KSHMR_Drums/KSHMR_Acoustic_Drums/Hi-Hat/kshmr_acoustic_closed_hat_01_clean.wav,Hi-Hat,,,,,,Hi-Hat,One-Shot,,Sounds of KSHMR Vol.3,KSHMR_Drums,Sounds of KSHMR Vol.3||KSHMR_Drums||kshmr acoustic closed hat 01 clean,drums_v1,,false,0.3629,44100,2,81d24c867c2f3185fd43cf72a8729879b774bb7c50f0693501dc05a67778ad91
/Volumes/Jack_Gandy_1TB_SSD/testing-for-NITE-DSP/sample_pack_testing/Sounds of KSHMR Vol.3/KSHMR_Drums/KSHMR_Acoustic_Drums/Hi-Hat/kshmr_acoustic_closed_hat_08_hard.wav,testing-for-NITE-DSP/sample_pack_testing/Sounds of KSHMR Vol.3/KSHMR_Drums/KSHMR_Acoustic_Drums/Hi-Hat/kshmr_acoustic_closed_hat_08_hard.wav,Hi-Hat,,,,,,Hi-Hat,One-Shot,,Sounds of KSHMR Vol.3,KSHMR_Drums,Sounds of KSHMR Vol.3||KSHMR_Drums||kshmr acoustic closed hat 08 hard,drums_v1,,false,0.372,44100,2,6c822d904dcbcb7325bf56bc6f21109c92f1547f40a5b656b1e0c725ce9868b5
/Volumes/Jack_Gandy_1TB_SSD/testing-for-NITE-DSP/sample_pack_testing/Sounds of KSHMR Vol.3/KSHMR_Drums/KSHMR_Acoustic_Drums/Hi-Hat/kshmr_acoustic_open_hat_14_open_and_close.wav,testing-for-NITE-DSP/sample_pack_testing/Sounds of KSHMR Vol.3/KSHMR_Drums/KSHMR_Acoustic_Drums/Hi-Hat/kshmr_acoustic_open_hat_14_open_and_close.wav,Hi-Hat,,,,,,Hi-Hat,One-Shot,,Sounds of KSHMR Vol.3,KSHMR_Drums,Sounds of KSHMR Vol.3||KSHMR_Drums||kshmr acoustic open hat 14 open and close,drums_v1,,false,0.7374,44100,2,b3a02f0ecfb0ed223ed4a56a483f8969f86ad16958fd25b971ad0aba2a39c410
/Volumes/Jack_Gandy_1TB_SSD/testing-for-NITE-DSP/sample_pack_testing/Sounds of KSHMR Vol.3/KSHMR_Drums/KSHMR_Acoustic_Drums/Hi-Hat/kshmr_acoustic_ride_05.wav,testing-for-NITE-DSP/sample_pack_testing/Sounds of KSHMR Vol.3/KSHMR_Drums/KSHMR_Acoustic_Drums/Hi-Hat/kshmr_acoustic_ride_05.wav,Hi-Hat,,,,,,Hi-Hat,One-Shot,,Sounds of KSHMR Vol.3,KSHMR_Drums,Sounds of KSHMR Vol.3||KSHMR_Drums||kshmr acoustic ride,drums_v1,,false,3.3925,44100,2,8cd30a1f2ea5006fb22d59867cb42fce6f39f2079d8e92694175cedb3088f9bd
/Volumes/Jack_Gandy_1TB_SSD/testing-for-NITE-DSP/sample_pack_testing/Sounds of KSHMR Vol.3/KSHMR_Drums/KSHMR_Acoustic_Drums/Snare/kshmr_acoustic_snare_01_a.wav,testing-for-NITE-DSP/sample_pack_testing/Sounds of KSHMR Vol.3/KSHMR_Drums/KSHMR_Acoustic_Drums/Snare/kshmr_acoustic_snare_01_a.wav,Snare,,,,,,Snare,One-Shot,,Sounds of KSHMR Vol.3,KSHMR_Drums,Sounds of KSHMR Vol.3||KSHMR_Drums||kshmr acoustic snare 01 a,drums_v1,,false,0.5605,44100,2,ae05266337a3bd4f4b9b8f5bea148fc77aca9f91f03d59cae14eb63aa0078ef8
/Volumes/Jack_Gandy_1TB_SSD/testing-for-NITE-DSP/sample_pack_testing/Sounds of KSHMR Vol.3/KSHMR_Drums/KSHMR_Acoustic_Drums/Snare/kshmr_acoustic_snare_11_d#.wav,testing-for-NITE-DSP/sample_pack_testing/Sounds of KSHMR Vol.3/KSHMR_Drums/KSHMR_Acoustic_Drums/Snare/kshmr_acoustic_snare_11_d#.wav,Snare,,,,,,Snare,One-Shot,,Sounds of KSHMR Vol.3,KSHMR_Drums,Sounds of KSHMR Vol.3||KSHMR_Drums||kshmr acoustic snare 11 d#,drums_v1,,false,1.2061,44100,2,ff0a659f721222e122cdcdab2b84ac855e01de51df664f879ebfe94abe894746
/Volumes/Jack_Gandy_1TB_SSD/testing-for-NITE-DSP/sample_pack_testing/Sounds of KSHMR Vol.3/KSHMR_Drums/KSHMR_Acoustic_Drums/Snare/kshmr_acoustic_snare_20_g.wav,testing-for-NITE-DSP/sample_pack_testing/Sounds of KSHMR Vol.3/KSHMR_Drums/KSHMR_Acoustic_Drums/Snare/kshmr_acoustic_snare_20_g.wav,Snare,,,,,,Snare,One-Shot,,Sounds of KSHMR Vol.3,KSHMR_Drums,Sounds of KSHMR Vol.3||KSHMR_Drums||kshmr acoustic snare 20 g,drums_v1,,false,1.406,44100,2,036ddc54d08ee0b44aae62ee27f082645ab9cadd3c5620e4780145dae5e15ba6
/Volumes/Jack_Gandy_1TB_SSD/testing-for-NITE-DSP/sample_pack_testing/Sounds of KSHMR Vol.3/KSHMR_Drums/KSHMR_Acoustic_Drums/Snare/kshmr_acoustic_snare_24_g#.wav,testing-for-NITE-DSP/sample_pack_testing/Sounds of KSHMR Vol.3/KSHMR_Drums/KSHMR_Acoustic_Drums/Snare/kshmr_acoustic_snare_24_g#.wav,Snare,,,,,,Snare,One-Shot,,Sounds of KSHMR Vol.3,KSHMR_Drums,Sounds of KSHMR Vol.3||KSHMR_Drums||kshmr acoustic snare 24 g#,drums_v1,,false,1.168,44100,2,501eaa895c10dbe916612eda33756858df11b4151cc5a52a03c2217a219ba1f6
/Volumes/Jack_Gandy_1TB_SSD/testing-for-NITE-DSP/sample_pack_testing/Sounds of KSHMR Vol.3/KSHMR_Drums/KSHMR_Beatboxing/KSHMR_Beatbox_Open_Hat_01.wav,testing-for-NITE-DSP/sample_pack_testing/Sounds of KSHMR Vol.3/KSHMR_Drums/KSHMR_Beatboxing/KSHMR_Beatbox_Open_Hat_01.wav,Hi-Hat,,,,,,Hi-Hat,One-Shot,,Sounds of KSHMR Vol.3,KSHMR_Drums,Sounds of KSHMR Vol.3||KSHMR_Drums||kshmr beatbox open hat,drums_v1,,false,0.7487,44100,2,2ebe1704911f3ff9461a3e61971bacf33096d8dd40163cd46bf9100fd48a5c14
/Volumes/Jack_Gandy_1TB_SSD/testing-for-NITE-DSP/sample_pack_testing/Sounds of KSHMR Vol.3/KSHMR_Drums/KSHMR_Beatboxing/KSHMR_Beatbox_Open_Hat_02.wav,testing-for-NITE-DSP/sample_pack_testing/Sounds of KSHMR Vol.3/KSHMR_Drums/KSHMR_Beatboxing/KSHMR_Beatbox_Open_Hat_02.wav,Hi-Hat,,,,,,Hi-Hat,One-Shot,,Sounds of KSHMR Vol.3,KSHMR_Drums,Sounds of KSHMR Vol.3||KSHMR_Drums||kshmr beatbox open hat,drums_v1,,false,0.7915,44100,2,82cd014fb6e3649900fcfa936f4c9bf8c6f452b85dc22412003d54e7c2ca4112
/Volumes/Jack_Gandy_1TB_SSD/testing-for-NITE-DSP/sample_pack_testing/Sounds of KSHMR Vol.3/KSHMR_Drums/KSHMR_Claps/KSHMR_Clap_FX/KSHMR_Clap_FX_10_Reverb_Clap_w_Flutter.wav,testing-for-NITE-DSP/sample_pack_testing/Sounds of KSHMR Vol.3/KSHMR_Drums/KSHMR_Claps/KSHMR_Clap_FX/KSHMR_Clap_FX_10_Reverb_Clap_w_Flutter.wav,Clap,,,,,,Clap,One-Shot,,Sounds of KSHMR Vol.3,KSHMR_Drums,Sounds of KSHMR Vol.3||KSHMR_Drums||kshmr clap fx 10 reverb clap w flutter,drums_v1,,false,7.3688,44100,2,8989ef62d4e5e423022cb226e95b765d91e2b844322167f639af4d6c2f79bdb7
/Volumes/Jack_Gandy_1TB_SSD/testing-for-NITE-DSP/sample_pack_testing/Sounds of KSHMR Vol.3/KSHMR_Drums/KSHMR_Claps/KSHMR_Natural_Hand_Claps/KSHMR_Single_Claps/KSHMR_Human_Single_Clap_08.wav,testing-for-NITE-DSP/sample_pack_testing/Sounds of KSHMR Vol.3/KSHMR_Drums/KSHMR_Claps/KSHMR_Natural_Hand_Claps/KSHMR_Single_Claps/KSHMR_Human_Single_Clap_08.wav,Clap,,,,,,Clap,One-Shot,,Sounds of KSHMR Vol.3,KSHMR_Drums,Sounds of KSHMR Vol.3||KSHMR_Drums||kshmr human single clap,drums_v1,,false,0.1445,44100,2,d5633b581b9c9e1b93e5b10d405ba0573fa950474854a232749098876b18b324
/Volumes/Jack_Gandy_1TB_SSD/testing-for-NITE-DSP/sample_pack_testing/Sounds of KSHMR Vol.3/KSHMR_Drums/KSHMR_Claps/KSHMR_Natural_Hand_Claps/KSHMR_Single_Claps/KSHMR_Human_Single_Clap_09.wav,testing-for-NITE-DSP/sample_pack_testing/Sounds of KSHMR Vol.3/KSHMR_Drums/KSHMR_Claps/KSHMR_Natural_Hand_Claps/KSHMR_Single_Claps/KSHMR_Human_Single_Clap_09.wav,Clap,,,,,,Clap,One-Shot,,Sounds of KSHMR Vol.3,KSHMR_Drums,Sounds of KSHMR Vol.3||KSHMR_Drums||kshmr human single clap,drums_v1,,false,0.2811,44100,2,9dda71f6fea6ecb4f1700fc50e6e89a96f6223e4a08809bfee1ea372391c8baf
/Volumes/Jack_Gandy_1TB_SSD/testing-for-NITE-DSP/sample_pack_testing/Sounds of KSHMR Vol.3/KSHMR_Drums/KSHMR_Claps/KSHMR_Natural_Hand_Claps/KSHMR_Stacks/KSHMR_Human_Stack_Clap_04_Horse.wav,testing-for-NITE-DSP/sample_pack_testing/Sounds of KSHMR Vol.3/KSHMR_Drums/KSHMR_Claps/KSHMR_Natural_Hand_Claps/KSHMR_Stacks/KSHMR_Human_Stack_Clap_04_Horse.wav,Clap,,,,,,Clap,One-Shot,,Sounds of KSHMR Vol.3,KSHMR_Drums,Sounds of KSHMR Vol.3||KSHMR_Drums||kshmr human stack clap 04 horse,drums_v1,,false,0.2306,44100,2,60f333042cef9432ebfd3d03c75dffb8e431c39e8c1a8385efc94ba3eacac948
/Volumes/Jack_Gandy_1TB_SSD/testing-for-NITE-DSP/sample_pack_testing/Sounds of KSHMR Vol.3/KSHMR_Drums/KSHMR_Claps/KSHMR_Natural_Hand_Claps/KSHMR_Stacks/KSHMR_Human_Stack_Clap_06_Squishy.wav,testing-for-NITE-DSP/sample_pack_testing/Sounds of KSHMR Vol.3/KSHMR_Drums/KSHMR_Claps/KSHMR_Natural_Hand_Claps/KSHMR_Stacks/KSHMR_Human_Stack_Clap_06_Squishy.wav,Clap,,,,,,Clap,One-Shot,,Sounds of KSHMR Vol.3,KSHMR_Drums,Sounds of KSHMR Vol.3||KSHMR_Drums||kshmr human stack clap 06 squishy,drums_v1,,false,0.4456,44100,2,86c15eb75a61ad0b7605a54c236583e13c817801a78d098673853a1aa7a931de
/Volumes/Jack_Gandy_1TB_SSD/testing-for-NITE-DSP/sample_pack_testing/Sounds of KSHMR Vol.3/KSHMR_Drums/KSHMR_Claps/KSHMR_Natural_Hand_Claps/KSHMR_Stacks/KSHMR_Human_Stack_Clap_07_Squishy.wav,testing-for-NITE-DSP/sample_pack_testing/Sounds of KSHMR Vol.3/KSHMR_Drums/KSHMR_Claps/KSHMR_Natural_Hand_Claps/KSHMR_Stacks/KSHMR_Human_Stack_Clap_07_Squishy.wav,Clap,,,,,,Clap,One-Shot,,Sounds of KSHMR Vol.3,KSHMR_Drums,Sounds of KSHMR Vol.3||KSHMR_Drums||kshmr human stack clap 07 squishy,drums_v1,,false,0.179,44100,2,bdd49b2f68fdcf70bc4eb8ed489ba01eb10f0ca6a77489df9e8d9547af14872e
/Volumes/Jack_Gandy_1TB_SSD/testing-for-NITE-DSP/sample_pack_testing/Sounds of KSHMR Vol.3/KSHMR_Drums/KSHMR_Claps/KSHMR_Natural_Hand_Claps/KSHMR_Stacks/KSHMR_Human_Stack_Clap_10_Tight.wav,testing-for-NITE-DSP/sample_pack_testing/Sounds of KSHMR Vol.3/KSHMR_Drums/KSHMR_Claps/KSHMR_Natural_Hand_Claps/KSHMR_Stacks/KSHMR_Human_Stack_Clap_10_Tight.wav,Clap,,,,,,Clap,One-Shot,,Sounds of KSHMR Vol.3,KSHMR_Drums,Sounds of KSHMR Vol.3||KSHMR_Drums||kshmr human stack clap 10 tight,drums_v1,,false,0.1774,44100,2,6bf097a5caf6cf222275e7639c90e0dcbb61b8ff1654e959bd39ca4243008c59
/Volumes/Jack_Gandy_1TB_SSD/testing-for-NITE-DSP/sample_pack_testing/Sounds of KSHMR Vol.3/KSHMR_Drums/KSHMR_Claps/KSHMR_Pre-Shifted_Claps/KSHMR_Pre_Shifted_Clap_08.wav,testing-for-NITE-DSP/sample_pack_testing/Sounds of KSHMR Vol.3/KSHMR_Drums/KSHMR_Claps/KSHMR_Pre-Shifted_Claps/KSHMR_Pre_Shifted_Clap_08.wav,Clap,,,,,,Clap,One-Shot,,Sounds of KSHMR Vol.3,KSHMR_Drums,Sounds of KSHMR Vol.3||KSHMR_Drums||kshmr pre shifted clap,drums_v1,,false,0.8241,44100,2,3bb5f170f65024d10f14196332a6fdbc77d6ad5db29ab01ee5cbcfb386a244cb
/Volumes/Jack_Gandy_1TB_SSD/testing-for-NITE-DSP/sample_pack_testing/Sounds of KSHMR Vol.3/KSHMR_Drums/KSHMR_Claps/KSHMR_Pre-Shifted_Claps/KSHMR_Pre_Shifted_Clap_09.wav,testing-for-NITE-DSP/sample_pack_testing/Sounds of KSHMR Vol.3/KSHMR_Drums/KSHMR_Claps/KSHMR_Pre-Shifted_Claps/KSHMR_Pre_Shifted_Clap_09.wav,Clap,,,,,,Clap,One-Shot,,Sounds of KSHMR Vol.3,KSHMR_Drums,Sounds of KSHMR Vol.3||KSHMR_Drums||kshmr pre shifted clap,drums_v1,,false,0.7821,48000,2,a6390bb106d4fa1f04754ef45993b2f0c5be1280bee07e5a51e017a6d8b6c830
/Volumes/Jack_Gandy_1TB_SSD/testing-for-NITE-DSP/sample_pack_testing/Sounds of KSHMR Vol.3/KSHMR_Drums/KSHMR_Claps/KSHMR_Pre-Shifted_Claps/KSHMR_Pre_Shifted_Clap_15.wav,testing-for-NITE-DSP/sample_pack_testing/Sounds of KSHMR Vol.3/KSHMR_Drums/KSHMR_Claps/KSHMR_Pre-Shifted_Claps/KSHMR_Pre_Shifted_Clap_15.wav,Clap,,,,,,Clap,One-Shot,,Sounds of KSHMR Vol.3,KSHMR_Drums,Sounds of KSHMR Vol.3||KSHMR_Drums||kshmr pre shifted clap,drums_v1,,false,0.8031,48000,2,89b20d29b74a0b17fc67a623cbf0e77b56b797ab39265ec8ef12f235e3108d78
/Volumes/Jack_Gandy_1TB_SSD/testing-for-NITE-DSP/sample_pack_testing/Sounds of KSHMR Vol.3/KSHMR_Drums/KSHMR_Claps/KSHMR_Pre-Shifted_Claps/KSHMR_Pre_Shifted_Clap_24.wav,testing-for-NITE-DSP/sample_pack_testing/Sounds of KSHMR Vol.3/KSHMR_Drums/KSHMR_Claps/KSHMR_Pre-Shifted_Claps/KSHMR_Pre_Shifted_Clap_24.wav,Clap,,,,,,Clap,One-Shot,,Sounds of KSHMR Vol.3,KSHMR_Drums,Sounds of KSHMR Vol.3||KSHMR_Drums||kshmr pre shifted clap,drums_v1,,false,1.3333,44100,2,486036d92d1fa9df208a7658ab994236ae596bb23889ab403ba812d975676357
/Volumes/Jack_Gandy_1TB_SSD/testing-for-NITE-DSP/sample_pack_testing/Sounds of KSHMR Vol.3/KSHMR_Drums/KSHMR_Claps/KSHMR_Pre-Shifted_Claps/KSHMR_Pre_Shifted_Clap_27.wav,testing-for-NITE-DSP/sample_pack_testing/Sounds of KSHMR Vol.3/KSHMR_Drums/KSHMR_Claps/KSHMR_Pre-Shifted_Claps/KSHMR_Pre_Shifted_Clap_27.wav,Clap,,,,,,Clap,One-Shot,,Sounds of KSHMR Vol.3,KSHMR_Drums,Sounds of KSHMR Vol.3||KSHMR_Drums||kshmr pre shifted clap,drums_v1,,false,0.7801,44100,2,2205b4a8e296b310166acf26a9267d2e40a073633c5d77d730d6e0dbc780eb62
/Volumes/Jack_Gandy_1TB_SSD/testing-for-NITE-DSP/sample_pack_testing/Sounds of KSHMR Vol.3/KSHMR_Drums/KSHMR_Claps/KSHMR_Regular_Claps/KSHMR_Clap_Airy_01.wav,testing-for-NITE-DSP/sample_pack_testing/Sounds of KSHMR Vol.3/KSHMR_Drums/KSHMR_Claps/KSHMR_Regular_Claps/KSHMR_Clap_Airy_01.wav,Clap,,,,,,Clap,One-Shot,,Sounds of KSHMR Vol.3,KSHMR_Drums,Sounds of KSHMR Vol.3||KSHMR_Drums||kshmr clap airy,drums_v1,,false,0.5512,44100,2,994ad2bd543edace6abbed2a1dc72dbf711ccdeda54978621e1b10332633a9a9
/Volumes/Jack_Gandy_1TB_SSD/testing-for-NITE-DSP/sample_pack_testing/Sounds of KSHMR Vol.3/KSHMR_Drums/KSHMR_Claps/KSHMR_Regular_Claps/KSHMR_Clap_Airy_02.wav,testing-for-NITE-DSP/sample_pack_testing/Sounds of KSHMR Vol.3/KSHMR_Drums/KSHMR_Claps/KSHMR_Regular_Claps/KSHMR_Clap_Airy_02.wav,Clap,,,,,,Clap,One-Shot,,Sounds of KSHMR Vol.3,KSHMR_Drums,Sounds of KSHMR Vol.3||KSHMR_Drums||kshmr clap airy,drums_v1,,false,0.4445,44100,2,d7b438bcb750d4ba6f60f10565ae631469302c4e35db4441923748f467c0a8bd
/Volumes/Jack_Gandy_1TB_SSD/testing-for-NITE-DSP/sample_pack_testing/Sounds of KSHMR Vol.3/KSHMR_Drums/KSHMR_Claps/KSHMR_Regular_Claps/KSHMR_Clap_Classic_02.wav,testing-for-NITE-DSP/sample_pack_testing/Sounds of KSHMR Vol.3/KSHMR_Drums/KSHMR_Claps/KSHMR_Regular_Claps/KSHMR_Clap_Classic_02.wav,Clap,,,,,,Clap,One-Shot,,Sounds of KSHMR Vol.3,KSHMR_Drums,Sounds of KSHMR Vol.3||KSHMR_Drums||kshmr clap classic,drums_v1,,false,0.3177,44100,2,0901b8d83f00a115ca562d5b411297b21f88d6b1a0992bc4d4fa44aeff4179b7
/Volumes/Jack_Gandy_1TB_SSD/testing-for-NITE-DSP/sample_pack_testing/Sounds of KSHMR Vol.3/KSHMR_Drums/KSHMR_Claps/KSHMR_Regular_Claps/KSHMR_Clap_Classic_03.wav,testing-for-NITE-DSP/sample_pack_testing/Sounds of KSHMR Vol.3/KSHMR_Drums/KSHMR_Claps/KSHMR_Regular_Claps/KSHMR_Clap_Classic_03.wav,Clap,,,,,,Clap,One-Shot,,Sounds of KSHMR Vol.3,KSHMR_Drums,Sounds of KSHMR Vol.3||KSHMR_Drums||kshmr clap classic,drums_v1,,false,0.1945,44100,2,5070db57484cb283382c03dcb9f1a9dca8904a3c42a7c17418f644119c345f96
/Volumes/Jack_Gandy_1TB_SSD/testing-for-NITE-DSP/sample_pack_testing/Sounds of KSHMR Vol.3/KSHMR_Drums/KSHMR_Claps/KSHMR_Regular_Claps/KSHMR_Clap_Hard_02.wav,testing-for-NITE-DSP/sample_pack_testing/Sounds of KSHMR Vol.3/KSHMR_Drums/KSHMR_Claps/KSHMR_Regular_Claps/KSHMR_Clap_Hard_02.wav,Clap,,,,,,Clap,One-Shot,,Sounds of KSHMR Vol.3,KSHMR_Drums,Sounds of KSHMR Vol.3||KSHMR_Drums||kshmr clap hard,drums_v1,,false,0.4016,44100,2,89b38172f9ef9146b3e13105e5342338f1168c74f56d12cb1850ca1edde8e160
/Volumes/Jack_Gandy_1TB_SSD/testing-for-NITE-DSP/sample_pack_testing/Sounds of KSHMR Vol.3/KSHMR_Drums/KSHMR_Claps/KSHMR_Regular_Claps/KSHMR_Clap_Hard_04.wav,testing-for-NITE-DSP/sample_pack_testing/Sounds of KSHMR Vol.3/KSHMR_Drums/KSHMR_Claps/KSHMR_Regular_Claps/KSHMR_Clap_Hard_04.wav,Clap,,,,,,Clap,One-Shot,,Sounds of KSHMR Vol.3,KSHMR_Drums,Sounds of KSHMR Vol.3||KSHMR_Drums||kshmr clap hard,drums_v1,,false,0.7792,44100,2,63feb061a280fe582c408fb6a817d74d73da8e10d8d5424b9c19c380c0116568
/Volumes/Jack_Gandy_1TB_SSD/testing-for-NITE-DSP/sample_pack_testing/Sounds of KSHMR Vol.3/KSHMR_Drums/KSHMR_Claps/KSHMR_Regular_Claps/KSHMR_Clap_Heavy_02.wav,testing-for-NITE-DSP/sample_pack_testing/Sounds of KSHMR Vol.3/KSHMR_Drums/KSHMR_Claps/KSHMR_Regular_Claps/KSHMR_Clap_Heavy_02.wav,Clap,,,,,,Clap,One-Shot,,Sounds of KSHMR Vol.3,KSHMR_Drums,Sounds of KSHMR Vol.3||KSHMR_Drums||kshmr clap heavy,drums_v1,,false,0.4194,44100,2,1a88e57974c850d0a3fe68621d019bdf0b62bf01624fab67b8a49a3fe237d061
/Volumes/Jack_Gandy_1TB_SSD/testing-for-NITE-DSP/sample_pack_testing/Sounds of KSHMR Vol.3/KSHMR_Drums/KSHMR_Claps/KSHMR_Regular_Claps/KSHMR_Clap_Heavy_03.wav,testing-for-NITE-DSP/sample_pack_testing/Sounds of KSHMR Vol.3/KSHMR_Drums/KSHMR_Claps/KSHMR_Regular_Claps/KSHMR_Clap_Heavy_03.wav,Clap,,,,,,Clap,One-Shot,,Sounds of KSHMR Vol.3,KSHMR_Drums,Sounds of KSHMR Vol.3||KSHMR_Drums||kshmr clap heavy,drums_v1,,false,0.9468,48000,2,e80b4d21be97e6d07ce231e89a214af0b6a829314683a664980bdef5a4849545
/Volumes/Jack_Gandy_1TB_SSD/testing-for-NITE-DSP/sample_pack_testing/Sounds of KSHMR Vol.3/KSHMR_Drums/KSHMR_Claps/KSHMR_Regular_Claps/KSHMR_Clap_Heavy_04.wav,testing-for-NITE-DSP/sample_pack_testing/Sounds of KSHMR Vol.3/KSHMR_Drums/KSHMR_Claps/KSHMR_Regular_Claps/KSHMR_Clap_Heavy_04.wav,Clap,,,,,,Clap,One-Shot,,Sounds of KSHMR Vol.3,KSHMR_Drums,Sounds of KSHMR Vol.3||KSHMR_Drums||kshmr clap heavy,drums_v1,,false,0.5625,44100,2,3d233524e465ca6a898a505c06d8b5a513c1a700edd5ee8e95f744c80d1a9f48
/Volumes/Jack_Gandy_1TB_SSD/testing-for-NITE-DSP/sample_pack_testing/Sounds of KSHMR Vol.3/KSHMR_Drums/KSHMR_Claps/KSHMR_Regular_Claps/KSHMR_Clap_Jungle_04.wav,testing-for-NITE-DSP/sample_pack_testing/Sounds of KSHMR Vol.3/KSHMR_Drums/KSHMR_Claps/KSHMR_Regular_Claps/KSHMR_Clap_Jungle_04.wav,Clap,,,,,,Clap,One-Shot,,Sounds of KSHMR Vol.3,KSHMR_Drums,Sounds of KSHMR Vol.3||KSHMR_Drums||kshmr clap jungle,drums_v1,,false,0.2149,44100,2,10423c687471dce15680c129c851016ff69a649651dcd4bc16f6f42197da3b00
/Volumes/Jack_Gandy_1TB_SSD/testing-for-NITE-DSP/sample_pack_testing/Sounds of KSHMR Vol.3/KSHMR_Drums/KSHMR_Claps/KSHMR_Regular_Claps/KSHMR_Clap_Snappy_01.wav,testing-for-NITE-DSP/sample_pack_testing/Sounds of KSHMR Vol.3/KSHMR_Drums/KSHMR_Claps/KSHMR_Regular_Claps/KSHMR_Clap_Snappy_01.wav,Clap,,,,,,Clap,One-Shot,,Sounds of KSHMR Vol.3,KSHMR_Drums,Sounds of KSHMR Vol.3||KSHMR_Drums||kshmr clap snappy,drums_v1,,false,0.1858,48000,2,3c2d725504e5d5c9fca136529194682c04d77dc698c002c9ffa946e36f950c63
/Volumes/Jack_Gandy_1TB_SSD/testing-for-NITE-DSP/sample_pack_testing/Sounds of KSHMR Vol.3/KSHMR_Drums/KSHMR_Claps/KSHMR_Stadium_Claps/KSHMR_Stadium_Clap_05.wav,testing-for-NITE-DSP/sample_pack_testing/Sounds of KSHMR Vol.3/KSHMR_Drums/KSHMR_Claps/KSHMR_Stadium_Claps/KSHMR_Stadium_Clap_05.wav,Clap,,,,,,Clap,One-Shot,,Sounds of KSHMR Vol.3,KSHMR_Drums,Sounds of KSHMR Vol.3||KSHMR_Drums||kshmr stadium clap,drums_v1,,false,3.0618,44100,2,db36a44a2807940bef10b480407ff191534015847a349a54b9e9b61baedaaa6a
/Volumes/Jack_Gandy_1TB_SSD/testing-for-NITE-DSP/sample_pack_testing/Sounds of KSHMR Vol.3/KSHMR_Drums/KSHMR_Claps/KSHMR_Stadium_Claps/KSHMR_Stadium_Clap_09.wav,testing-for-NITE-DSP/sample_pack_testing/Sounds of KSHMR Vol.3/KSHMR_Drums/KSHMR_Claps/KSHMR_Stadium_Claps/KSHMR_Stadium_Clap_09.wav,Clap,,,,,,Clap,One-Shot,,Sounds of KSHMR Vol.3,KSHMR_Drums,Sounds of KSHMR Vol.3||KSHMR_Drums||kshmr stadium clap,drums_v1,,false,3.4472,44100,2,f308ae55b5ab0b4633557253735ab1a7135ba23551c67a539f4c9bfc93a93fae
/Volumes/Jack_Gandy_1TB_SSD/testing-for-NITE-DSP/sample_pack_testing/Sounds of KSHMR Vol.3/KSHMR_Drums/KSHMR_Cymbals/KSHMR_Hi_Hats_Closed/KSHMR_Closed_Hat_10_Dirty.wav,testing-for-NITE-DSP/sample_pack_testing/Sounds of KSHMR Vol.3/KSHMR_Drums/KSHMR_Cymbals/KSHMR_Hi_Hats_Closed/KSHMR_Closed_Hat_10_Dirty.wav,Hi-Hat,,,,,,Hi-Hat,One-Shot,,Sounds of KSHMR Vol.3,KSHMR_Drums,Sounds of KSHMR Vol.3||KSHMR_Drums||kshmr closed hat 10 dirty,drums_v1,,false,0.3007,44100,2,d3f92e521b162ac20cc194e72e7dd7e3bdc79f9195764c45b0c4717aeb54f874
/Volumes/Jack_Gandy_1TB_SSD/testing-for-NITE-DSP/sample_pack_testing/Sounds of KSHMR Vol.3/KSHMR_Drums/KSHMR_Cymbals/KSHMR_Hi_Hats_Open/KSHMR_Open_Hat_01_Short.wav,testing-for-NITE-DSP/sample_pack_testing/Sounds of KSHMR Vol.3/KSHMR_Drums/KSHMR_Cymbals/KSHMR_Hi_Hats_Open/KSHMR_Open_Hat_01_Short.wav,Hi-Hat,,,,,,Hi-Hat,One-Shot,,Sounds of KSHMR Vol.3,KSHMR_Drums,Sounds of KSHMR Vol.3||KSHMR_Drums||kshmr open hat 01 short,drums_v1,,false,0.3072,44100,2,4f3cf5557f740519b1bfd00ddc27dff17e7a8a8ee1121f2faf3ca50864bd67e8
/Volumes/Jack_Gandy_1TB_SSD/testing-for-NITE-DSP/sample_pack_testing/Sounds of KSHMR Vol.3/KSHMR_Drums/KSHMR_Cymbals/KSHMR_Hi_Hats_Open/KSHMR_Open_Hat_13_Natural.wav,testing-for-NITE-DSP/sample_pack_testing/Sounds of KSHMR Vol.3/KSHMR_Drums/KSHMR_Cymbals/KSHMR_Hi_Hats_Open/KSHMR_Open_Hat_13_Natural.wav,Hi-Hat,,,,,,Hi-Hat,One-Shot,,Sounds of KSHMR Vol.3,KSHMR_Drums,Sounds of KSHMR Vol.3||KSHMR_Drums||kshmr open hat 13 natural,drums_v1,,false,0.3743,44100,2,495de66776d5ce6e24c5ea4e3c1b2f2654682d709a8233832a24ec9b7c5fca44
/Volumes/Jack_Gandy_1TB_SSD/testing-for-NITE-DSP/sample_pack_testing/Sounds of KSHMR Vol.3/KSHMR_Drums/KSHMR_Cymbals/KSHMR_Rides/KSHMR_Ride_06.wav,testing-for-NITE-DSP/sample_pack_testing/Sounds of KSHMR Vol.3/KSHMR_Drums/KSHMR_Cymbals/KSHMR_Rides/KSHMR_Ride_06.wav,Crash,,,,,,Crash,One-Shot,,Sounds of KSHMR Vol.3,KSHMR_Drums,Sounds of KSHMR Vol.3||KSHMR_Drums||kshmr ride,drums_v1,,false,2.461,44100,2,0ea33053804d551817dc3f70f1b8671da87345ba992df3864e38826dfa1cfa2a
/Volumes/Jack_Gandy_1TB_SSD/testing-for-NITE-DSP/sample_pack_testing/Sounds of KSHMR Vol.3/KSHMR_Drums/KSHMR_Drum_Enhancers/KSHMR_Snare_Enhancer_13_Crunch.wav,testing-for-NITE-DSP/sample_pack_testing/Sounds of KSHMR Vol.3/KSHMR_Drums/KSHMR_Drum_Enhancers/KSHMR_Snare_Enhancer_13_Crunch.wav,Snare,,,,,,Snare,One-Shot,ground_truth_override=Other/none,Sounds of KSHMR Vol.3,KSHMR_Drums,Sounds of KSHMR Vol.3||KSHMR_Drums||kshmr snare enhancer 13 crunch,granularity_v1,20260911T105350,false,0.4744,44100,2,7c7dfe719df3fb4474aa7ab9531153d850df2d2209dbd0b8a05ff1e2c899e8f6
/Volumes/Jack_Gandy_1TB_SSD/testing-for-NITE-DSP/sample_pack_testing/Sounds of KSHMR Vol.3/KSHMR_Drums/KSHMR_Drum_Enhancers/KSHMR_Snare_Enhancer_16_Fire.wav,testing-for-NITE-DSP/sample_pack_testing/Sounds of KSHMR Vol.3/KSHMR_Drums/KSHMR_Drum_Enhancers/KSHMR_Snare_Enhancer_16_Fire.wav,Snare,,,,,,Snare,One-Shot,,Sounds of KSHMR Vol.3,KSHMR_Drums,Sounds of KSHMR Vol.3||KSHMR_Drums||kshmr snare enhancer 16 fire,drums_v1,,false,1.0,44100,2,52882a746b4835e611bb5756adf6beaebcbb48725a3560df76e15a89e070df62
/Volumes/Jack_Gandy_1TB_SSD/testing-for-NITE-DSP/sample_pack_testing/Sounds of KSHMR Vol.3/KSHMR_Drums/KSHMR_Drum_Enhancers/KSHMR_Snare_Enhancer_17_Flush.wav,testing-for-NITE-DSP/sample_pack_testing/Sounds of KSHMR Vol.3/KSHMR_Drums/KSHMR_Drum_Enhancers/KSHMR_Snare_Enhancer_17_Flush.wav,Snare,,,,,,Snare,One-Shot,,Sounds of KSHMR Vol.3,KSHMR_Drums,Sounds of KSHMR Vol.3||KSHMR_Drums||kshmr snare enhancer 17 flush,drums_v1,,false,1.8576,44100,2,dee8f3a60757cb83bbd353f77f7bfb66f80ef9da27085d0e016d156c327c92de
/Volumes/Jack_Gandy_1TB_SSD/testing-for-NITE-DSP/sample_pack_testing/Sounds of KSHMR Vol.3/KSHMR_Drums/KSHMR_Drum_Enhancers/KSHMR_Snare_Enhancer_18_Knock.wav,testing-for-NITE-DSP/sample_pack_testing/Sounds of KSHMR Vol.3/KSHMR_Drums/KSHMR_Drum_Enhancers/KSHMR_Snare_Enhancer_18_Knock.wav,Snare,,,,,,Snare,One-Shot,,Sounds of KSHMR Vol.3,KSHMR_Drums,Sounds of KSHMR Vol.3||KSHMR_Drums||kshmr snare enhancer 18 knock,drums_v1,,false,0.4689,44100,2,217a5b19960233ef202dc5c4faeb71f4d36ba3f6c010a896a682eebf524f955d
/Volumes/Jack_Gandy_1TB_SSD/testing-for-NITE-DSP/sample_pack_testing/Sounds of KSHMR Vol.3/KSHMR_Drums/KSHMR_Drum_Enhancers/KSHMR_Snare_Enhancer_20_Knock.wav,testing-for-NITE-DSP/sample_pack_testing/Sounds of KSHMR Vol.3/KSHMR_Drums/KSHMR_Drum_Enhancers/KSHMR_Snare_Enhancer_20_Knock.wav,Snare,,,,,,Snare,One-Shot,,Sounds of KSHMR Vol.3,KSHMR_Drums,Sounds of KSHMR Vol.3||KSHMR_Drums||kshmr snare enhancer 20 knock,drums_v1,,false,0.3974,44100,2,e5eed23878b733c48620ae9b0516b2bd7df75bd9e7648449dd99502b4395c03e
/Volumes/Jack_Gandy_1TB_SSD/testing-for-NITE-DSP/sample_pack_testing/Sounds of KSHMR Vol.3/KSHMR_Drums/KSHMR_Kicks/KSHMR_Big_Kicks/KSHMR_Big_Kick_02_D.wav,testing-for-NITE-DSP/sample_pack_testing/Sounds of KSHMR Vol.3/KSHMR_Drums/KSHMR_Kicks/KSHMR_Big_Kicks/KSHMR_Big_Kick_02_D.wav,Kick,,,,,,Kick,One-Shot,,Sounds of KSHMR Vol.3,KSHMR_Drums,Sounds of KSHMR Vol.3||KSHMR_Drums||kshmr big kick 02 d,drums_v1,,false,0.4688,44100,2,216cdb56ee7e89b174513ee57e61a9bd637eea76ab8809f2e4cdfb58121f29b3
/Volumes/Jack_Gandy_1TB_SSD/testing-for-NITE-DSP/sample_pack_testing/Sounds of KSHMR Vol.3/KSHMR_Drums/KSHMR_Kicks/KSHMR_Big_Kicks/KSHMR_Big_Kick_19_F.wav,testing-for-NITE-DSP/sample_pack_testing/Sounds of KSHMR Vol.3/KSHMR_Drums/KSHMR_Kicks/KSHMR_Big_Kicks/KSHMR_Big_Kick_19_F.wav,Kick,,,,,,Kick,One-Shot,,Sounds of KSHMR Vol.3,KSHMR_Drums,Sounds of KSHMR Vol.3||KSHMR_Drums||kshmr big kick 19 f,drums_v1,,false,0.4688,44100,2,b7e727903c0eb6aff57020cf01d963f85fd65d2d3156628d916e8e6c22779432
/Volumes/Jack_Gandy_1TB_SSD/testing-for-NITE-DSP/sample_pack_testing/Sounds of KSHMR Vol.3/KSHMR_Drums/KSHMR_Kicks/KSHMR_Hardstyle_Kicks/KSHMR_Hardstyle_Kicks/KSHMR_Hardstyle_Kick_43_G.wav,testing-for-NITE-DSP/sample_pack_testing/Sounds of KSHMR Vol.3/KSHMR_Drums/KSHMR_Kicks/KSHMR_Hardstyle_Kicks/KSHMR_Hardstyle_Kicks/KSHMR_Hardstyle_Kick_43_G.wav,Kick,,,,,,Kick,One-Shot,,Sounds of KSHMR Vol.3,KSHMR_Drums,Sounds of KSHMR Vol.3||KSHMR_Drums||kshmr hardstyle kick 43 g,drums_v1,,false,0.4086,44100,2,a5f1a9984b797e704bf3f2e2bb3fcf4b94fa73c6ab955f92402d8048ed0b392f
/Volumes/Jack_Gandy_1TB_SSD/testing-for-NITE-DSP/sample_pack_testing/Sounds of KSHMR Vol.3/KSHMR_Drums/KSHMR_Kicks/KSHMR_Hardstyle_Kicks/KSHMR_Sickdellz_Kick_Ragnar_All_Keys/KSHMR_x_SD_Ragnar_Kick_E.wav,testing-for-NITE-DSP/sample_pack_testing/Sounds of KSHMR Vol.3/KSHMR_Drums/KSHMR_Kicks/KSHMR_Hardstyle_Kicks/KSHMR_Sickdellz_Kick_Ragnar_All_Keys/KSHMR_x_SD_Ragnar_Kick_E.wav,Kick,,,,,,Kick,One-Shot,,Sounds of KSHMR Vol.3,KSHMR_Drums,Sounds of KSHMR Vol.3||KSHMR_Drums||kshmr x sd ragnar kick e,drums_v1,,false,0.4167,44100,2,75449bbb7446aa8b272c1de82e439ecb06e526bb24628ceba160d99211f95abd
/Volumes/Jack_Gandy_1TB_SSD/testing-for-NITE-DSP/sample_pack_testing/Sounds of KSHMR Vol.3/KSHMR_Drums/KSHMR_Kicks/KSHMR_Hardstyle_Kicks/KSHMR_Sickdellz_Kick_Ragnar_All_Keys/KSHMR_x_SD_Ragnar_Kick_G.wav,testing-for-NITE-DSP/sample_pack_testing/Sounds of KSHMR Vol.3/KSHMR_Drums/KSHMR_Kicks/KSHMR_Hardstyle_Kicks/KSHMR_Sickdellz_Kick_Ragnar_All_Keys/KSHMR_x_SD_Ragnar_Kick_G.wav,Kick,,,,,,Kick,One-Shot,,Sounds of KSHMR Vol.3,KSHMR_Drums,Sounds of KSHMR Vol.3||KSHMR_Drums||kshmr x sd ragnar kick g,drums_v1,,false,0.4167,44100,2,11a3d54edc9c89600f658d2885e2049d0f3cb8d88d3bb70caadbd17aee5c9d83
/Volumes/Jack_Gandy_1TB_SSD/testing-for-NITE-DSP/sample_pack_testing/Sounds of KSHMR Vol.3/KSHMR_Drums/KSHMR_Kicks/KSHMR_Hardstyle_Kicks/KSHMR_Sickdellz_Kick_Valkiria_All_Keys/KSHMR_x_SD_Valkiria_Kick_F#.wav,testing-for-NITE-DSP/sample_pack_testing/Sounds of KSHMR Vol.3/KSHMR_Drums/KSHMR_Kicks/KSHMR_Hardstyle_Kicks/KSHMR_Sickdellz_Kick_Valkiria_All_Keys/KSHMR_x_SD_Valkiria_Kick_F#.wav,Kick,,,,,,Kick,One-Shot,,Sounds of KSHMR Vol.3,KSHMR_Drums,Sounds of KSHMR Vol.3||KSHMR_Drums||kshmr x sd valkiria kick f#,drums_v1,,false,0.5,44100,2,1acb16b8b306d7102dc062aa5f3ef13439a5df0a8be85822d253301a3abc16b9
/Volumes/Jack_Gandy_1TB_SSD/testing-for-NITE-DSP/sample_pack_testing/Sounds of KSHMR Vol.3/KSHMR_Drums/KSHMR_Kicks/KSHMR_Hardstyle_Kicks/KSHMR_Sickdellz_Kick_Valkiria_All_Keys/KSHMR_x_SD_Valkiria_Kick_F.wav,testing-for-NITE-DSP/sample_pack_testing/Sounds of KSHMR Vol.3/KSHMR_Drums/KSHMR_Kicks/KSHMR_Hardstyle_Kicks/KSHMR_Sickdellz_Kick_Valkiria_All_Keys/KSHMR_x_SD_Valkiria_Kick_F.wav,Kick,,,,,,Kick,One-Shot,,Sounds of KSHMR Vol.3,KSHMR_Drums,Sounds of KSHMR Vol.3||KSHMR_Drums||kshmr x sd valkiria kick f,drums_v1,,false,0.5,44100,2,eed40cc0ad5788a72b2a6712ffff98ce860e277565b2ae50fa8c0dc8910ddc28
/Volumes/Jack_Gandy_1TB_SSD/testing-for-NITE-DSP/sample_pack_testing/Sounds of KSHMR Vol.3/KSHMR_Drums/KSHMR_Kicks/KSHMR_Hardstyle_Kicks/KSHMR_Sickdellz_Kick_Valkiria_All_Keys/KSHMR_x_SD_Valkiria_Kick_G#.wav,testing-for-NITE-DSP/sample_pack_testing/Sounds of KSHMR Vol.3/KSHMR_Drums/KSHMR_Kicks/KSHMR_Hardstyle_Kicks/KSHMR_Sickdellz_Kick_Valkiria_All_Keys/KSHMR_x_SD_Valkiria_Kick_G#.wav,Kick,,,,,,Kick,One-Shot,,Sounds of KSHMR Vol.3,KSHMR_Drums,Sounds of KSHMR Vol.3||KSHMR_Drums||kshmr x sd valkiria kick g#,drums_v1,,false,0.5,44100,2,f75dca3e769c7e51525c2e08c4c6d551743b61e5efc088a52d76ed413ff5daaf
/Volumes/Jack_Gandy_1TB_SSD/testing-for-NITE-DSP/sample_pack_testing/Sounds of KSHMR Vol.3/KSHMR_Drums/KSHMR_Kicks/KSHMR_Hip_Hop_kicks/KSHMR_Chest_Kicks/KSHMR_Chest_Kick_05.wav,testing-for-NITE-DSP/sample_pack_testing/Sounds of KSHMR Vol.3/KSHMR_Drums/KSHMR_Kicks/KSHMR_Hip_Hop_kicks/KSHMR_Chest_Kicks/KSHMR_Chest_Kick_05.wav,Kick,,,,,,Kick,One-Shot,,Sounds of KSHMR Vol.3,KSHMR_Drums,Sounds of KSHMR Vol.3||KSHMR_Drums||kshmr chest kick,drums_v1,,false,0.1305,44100,2,02c3ff0f901ed80fd5230c488d877c5505fb8222fe87863a2c3d53543f202dec
/Volumes/Jack_Gandy_1TB_SSD/testing-for-NITE-DSP/sample_pack_testing/Sounds of KSHMR Vol.3/KSHMR_Drums/KSHMR_Kicks/KSHMR_Hip_Hop_kicks/KSHMR_Distorted_Kicks/KSHMR_Distorted_Kick_07_E.wav,testing-for-NITE-DSP/sample_pack_testing/Sounds of KSHMR Vol.3/KSHMR_Drums/KSHMR_Kicks/KSHMR_Hip_Hop_kicks/KSHMR_Distorted_Kicks/KSHMR_Distorted_Kick_07_E.wav,Kick,,,,,,Kick,One-Shot,,Sounds of KSHMR Vol.3,KSHMR_Drums,Sounds of KSHMR Vol.3||KSHMR_Drums||kshmr distorted kick 07 e,drums_v1,,false,0.7794,44100,2,6e765eaf548a7e939e0e73855140c589ef8002633e001fee9f508ddb0671738f
/Volumes/Jack_Gandy_1TB_SSD/testing-for-NITE-DSP/sample_pack_testing/Sounds of KSHMR Vol.3/KSHMR_Drums/KSHMR_Kicks/KSHMR_Hip_Hop_kicks/KSHMR_Stomp_Kicks/KSHMR_Stomp_Kick_06.wav,testing-for-NITE-DSP/sample_pack_testing/Sounds of KSHMR Vol.3/KSHMR_Drums/KSHMR_Kicks/KSHMR_Hip_Hop_kicks/KSHMR_Stomp_Kicks/KSHMR_Stomp_Kick_06.wav,Kick,,,,,,Kick,One-Shot,,Sounds of KSHMR Vol.3,KSHMR_Drums,Sounds of KSHMR Vol.3||KSHMR_Drums||kshmr stomp kick,drums_v1,,false,0.4998,44100,2,f6680806018186d160fa844475b291349eebf928ad77e289419f37177d872121
/Volumes/Jack_Gandy_1TB_SSD/testing-for-NITE-DSP/sample_pack_testing/Sounds of KSHMR Vol.3/KSHMR_Drums/KSHMR_Kicks/KSHMR_Hip_Hop_kicks/KSHMR_Vinyl_Kicks/KSHMR_Vinyl_Kick_04.wav,testing-for-NITE-DSP/sample_pack_testing/Sounds of KSHMR Vol.3/KSHMR_Drums/KSHMR_Kicks/KSHMR_Hip_Hop_kicks/KSHMR_Vinyl_Kicks/KSHMR_Vinyl_Kick_04.wav,Kick,,,,,,Kick,One-Shot,,Sounds of KSHMR Vol.3,KSHMR_Drums,Sounds of KSHMR Vol.3||KSHMR_Drums||kshmr vinyl kick,drums_v1,,false,0.4357,44100,2,43acc5d11276505ae9e27795e4698a71f7226a7ba9da84ccc69504e45333947b
/Volumes/Jack_Gandy_1TB_SSD/testing-for-NITE-DSP/sample_pack_testing/Sounds of KSHMR Vol.3/KSHMR_Drums/KSHMR_Kicks/KSHMR_Psy_Kicks/KSHMR_Psy_Kick_15_G#.wav,testing-for-NITE-DSP/sample_pack_testing/Sounds of KSHMR Vol.3/KSHMR_Drums/KSHMR_Kicks/KSHMR_Psy_Kicks/KSHMR_Psy_Kick_15_G#.wav,Kick,,,,,,Kick,One-Shot,,Sounds of KSHMR Vol.3,KSHMR_Drums,Sounds of KSHMR Vol.3||KSHMR_Drums||kshmr psy kick 15 g#,drums_v1,,false,0.226,44100,2,eaa74de63b374cbc99b89db7ed45a8e7c13b1519097831c761730373a4f65c3a
/Volumes/Jack_Gandy_1TB_SSD/testing-for-NITE-DSP/sample_pack_testing/Sounds of KSHMR Vol.3/KSHMR_Drums/KSHMR_Kicks/KSHMR_Punchy_Kicks/KSHMR_Punchy_Kick_01_A.wav,testing-for-NITE-DSP/sample_pack_testing/Sounds of KSHMR Vol.3/KSHMR_Drums/KSHMR_Kicks/KSHMR_Punchy_Kicks/KSHMR_Punchy_Kick_01_A.wav,Kick,,,,,,Kick,One-Shot,,Sounds of KSHMR Vol.3,KSHMR_Drums,Sounds of KSHMR Vol.3||KSHMR_Drums||kshmr punchy kick 01 a,drums_v1,,false,0.3299,44100,2,d5576f7a23abc89630c69c8974f07c3680031aa66af082b20185f58ba2af4d03
/Volumes/Jack_Gandy_1TB_SSD/testing-for-NITE-DSP/sample_pack_testing/Sounds of KSHMR Vol.3/KSHMR_Drums/KSHMR_Kicks/KSHMR_Punchy_Kicks/KSHMR_Punchy_Kick_21_F#.wav,testing-for-NITE-DSP/sample_pack_testing/Sounds of KSHMR Vol.3/KSHMR_Drums/KSHMR_Kicks/KSHMR_Punchy_Kicks/KSHMR_Punchy_Kick_21_F#.wav,Kick,,,,,,Kick,One-Shot,,Sounds of KSHMR Vol.3,KSHMR_Drums,Sounds of KSHMR Vol.3||KSHMR_Drums||kshmr punchy kick 21 f#,drums_v1,,false,0.2292,44100,2,572d00c8b3d506240706a3438096b1e047c09acab53a02c7e775437fbae68806
/Volumes/Jack_Gandy_1TB_SSD/testing-for-NITE-DSP/sample_pack_testing/Sounds of KSHMR Vol.3/KSHMR_Drums/KSHMR_Kicks/KSHMR_Punchy_Kicks/KSHMR_Punchy_Kick_24_F#_Soft.wav,testing-for-NITE-DSP/sample_pack_testing/Sounds of KSHMR Vol.3/KSHMR_Drums/KSHMR_Kicks/KSHMR_Punchy_Kicks/KSHMR_Punchy_Kick_24_F#_Soft.wav,Kick,,,,,,Kick,One-Shot,,Sounds of KSHMR Vol.3,KSHMR_Drums,Sounds of KSHMR Vol.3||KSHMR_Drums||kshmr punchy kick 24 f# soft,drums_v1,,false,0.2656,44100,2,17520107161cd56300e7aa650bf569e073b89f87410df12ef654484dde35cd58
/Volumes/Jack_Gandy_1TB_SSD/testing-for-NITE-DSP/sample_pack_testing/Sounds of KSHMR Vol.3/KSHMR_Drums/KSHMR_Kicks/KSHMR_Punchy_Kicks/KSHMR_Punchy_Kick_30_F#.wav,testing-for-NITE-DSP/sample_pack_testing/Sounds of KSHMR Vol.3/KSHMR_Drums/KSHMR_Kicks/KSHMR_Punchy_Kicks/KSHMR_Punchy_Kick_30_F#.wav,Kick,,,,,,Kick,One-Shot,,Sounds of KSHMR Vol.3,KSHMR_Drums,Sounds of KSHMR Vol.3||KSHMR_Drums||kshmr punchy kick 30 f#,drums_v1,,false,0.468,44100,2,b9672261bb18807ce6f29dc061b2a556d9c195f74a51bce73011003a86020434
/Volumes/Jack_Gandy_1TB_SSD/testing-for-NITE-DSP/sample_pack_testing/Sounds of KSHMR Vol.3/KSHMR_Drums/KSHMR_Kicks/KSHMR_Signature_Kicks/KSHMR_Signature_Kick_14_Like_A_G6_G.wav,testing-for-NITE-DSP/sample_pack_testing/Sounds of KSHMR Vol.3/KSHMR_Drums/KSHMR_Kicks/KSHMR_Signature_Kicks/KSHMR_Signature_Kick_14_Like_A_G6_G.wav,Kick,,,,,,Kick,One-Shot,,Sounds of KSHMR Vol.3,KSHMR_Drums,Sounds of KSHMR Vol.3||KSHMR_Drums||kshmr signature kick 14 like a g,drums_v1,,false,2.1808,44100,2,ae0c90d81e9405f5cedc706166bf84a3e9260be7cd7827a68a7ee3cef6ba2264
/Volumes/Jack_Gandy_1TB_SSD/testing-for-NITE-DSP/sample_pack_testing/Sounds of KSHMR Vol.3/KSHMR_Drums/KSHMR_Kicks/KSHMR_Signature_Kicks/KSHMR_Signature_Kick_20_Strange_Lands_G#.wav,testing-for-NITE-DSP/sample_pack_testing/Sounds of KSHMR Vol.3/KSHMR_Drums/KSHMR_Kicks/KSHMR_Signature_Kicks/KSHMR_Signature_Kick_20_Strange_Lands_G#.wav,Kick,,,,,,Kick,One-Shot,,Sounds of KSHMR Vol.3,KSHMR_Drums,Sounds of KSHMR Vol.3||KSHMR_Drums||kshmr signature kick 20 strange lands g#,drums_v1,,false,0.4286,44100,2,178cd4234654effd9a27b0901fb7f8a75948fcdfef2b25abd66b9c74e876a1f2
/Volumes/Jack_Gandy_1TB_SSD/testing-for-NITE-DSP/sample_pack_testing/Sounds of KSHMR Vol.3/KSHMR_Drums/KSHMR_Orchestral_Drums/KSHMR_Cymbals/KSHMR_Crashes_Scary/KSHMR_Orchestral_Crash_Scary_02.wav,testing-for-NITE-DSP/sample_pack_testing/Sounds of KSHMR Vol.3/KSHMR_Drums/KSHMR_Orchestral_Drums/KSHMR_Cymbals/KSHMR_Crashes_Scary/KSHMR_Orchestral_Crash_Scary_02.wav,Crash,,,,,,Crash,One-Shot,,Sounds of KSHMR Vol.3,KSHMR_Drums,Sounds of KSHMR Vol.3||KSHMR_Drums||kshmr orchestral crash scary,drums_v1,,false,7.7831,44100,2,3c741d8f1b0ac87c01adc7408583354a36255b9af7f63f96fa9bd9860267334f
/Volumes/Jack_Gandy_1TB_SSD/testing-for-NITE-DSP/sample_pack_testing/Sounds of KSHMR Vol.3/KSHMR_Drums/KSHMR_Percussion/KSHMR_Percussion_High/KSHMR_Percussion_High_Glass_02_D.wav,testing-for-NITE-DSP/sample_pack_testing/Sounds of KSHMR Vol.3/KSHMR_Drums/KSHMR_Percussion/KSHMR_Percussion_High/KSHMR_Percussion_High_Glass_02_D.wav,Percussion,Other Percussive Hit,,,,,Percussion,One-Shot,,Sounds of KSHMR Vol.3,KSHMR_Drums,Sounds of KSHMR Vol.3||KSHMR_Drums||kshmr percussion high glass 02 d,drums_v1,,false,0.644,48000,2,3a97e38bd8d1a67c3bd96003e9d5f1744debc46f67f0c9091ad17a346cf9c3ef
/Volumes/Jack_Gandy_1TB_SSD/testing-for-NITE-DSP/sample_pack_testing/Sounds of KSHMR Vol.3/KSHMR_Drums/KSHMR_Percussion/KSHMR_Percussion_High/KSHMR_Percussion_High_Rimshot_03_D.wav,testing-for-NITE-DSP/sample_pack_testing/Sounds of KSHMR Vol.3/KSHMR_Drums/KSHMR_Percussion/KSHMR_Percussion_High/KSHMR_Percussion_High_Rimshot_03_D.wav,Rimshot,,,,,,Rimshot,One-Shot,,Sounds of KSHMR Vol.3,KSHMR_Drums,Sounds of KSHMR Vol.3||KSHMR_Drums||kshmr percussion high rimshot 03 d,drums_v1,,false,0.375,48000,2,d6b6cf2bad0f3fe8f7d32332b3b905c7027b56505689d6f281343293d5ef7490
/Volumes/Jack_Gandy_1TB_SSD/testing-for-NITE-DSP/sample_pack_testing/Sounds of KSHMR Vol.3/KSHMR_Drums/KSHMR_Percussion/KSHMR_Shakers/KSHMR_Shaker_19_Flam.wav,testing-for-NITE-DSP/sample_pack_testing/Sounds of KSHMR Vol.3/KSHMR_Drums/KSHMR_Percussion/KSHMR_Shakers/KSHMR_Shaker_19_Flam.wav,Percussion,Shaker/Tambourine,,,,,Percussion,One-Shot,,Sounds of KSHMR Vol.3,KSHMR_Drums,Sounds of KSHMR Vol.3||KSHMR_Drums||kshmr shaker 19 flam,drums_v1,,false,0.9562,48000,2,9feda4296226a4bea3f4a96396f7c85b26f8dbd2deecbe7554aacd13402a712f
/Volumes/Jack_Gandy_1TB_SSD/testing-for-NITE-DSP/sample_pack_testing/Sounds of KSHMR Vol.3/KSHMR_Drums/KSHMR_Percussion/KSHMR_Tambourines/KSHMR_Tambourine_10.wav,testing-for-NITE-DSP/sample_pack_testing/Sounds of KSHMR Vol.3/KSHMR_Drums/KSHMR_Percussion/KSHMR_Tambourines/KSHMR_Tambourine_10.wav,Hi-Hat Loop,,,,,,Hi-Hat,Loop,,Sounds of KSHMR Vol.3,KSHMR_Drums,Sounds of KSHMR Vol.3||KSHMR_Drums||kshmr tambourine,drums_v1,,false,1.9969,44100,2,484c724fd3ce096a8c8d6b599b79abd1565b55fea34bee741b8eef4663937150
/Volumes/Jack_Gandy_1TB_SSD/testing-for-NITE-DSP/sample_pack_testing/Sounds of KSHMR Vol.3/KSHMR_Drums/KSHMR_Snaps/KSHMR_Snap_07.wav,testing-for-NITE-DSP/sample_pack_testing/Sounds of KSHMR Vol.3/KSHMR_Drums/KSHMR_Snaps/KSHMR_Snap_07.wav,Foley,,,,,,Foley,One-Shot,,Sounds of KSHMR Vol.3,KSHMR_Drums,Sounds of KSHMR Vol.3||KSHMR_Drums||kshmr snap,drums_v1,,false,1.0512,44100,2,f1e264ccf9d10f4a85438d439c9c1cf8ba55e5ccf137e6826939d14948986142
/Volumes/Jack_Gandy_1TB_SSD/testing-for-NITE-DSP/sample_pack_testing/Sounds of KSHMR Vol.3/KSHMR_Drums/KSHMR_Snaps/KSHMR_Snap_13.wav,testing-for-NITE-DSP/sample_pack_testing/Sounds of KSHMR Vol.3/KSHMR_Drums/KSHMR_Snaps/KSHMR_Snap_13.wav,Foley,,,,,,Foley,One-Shot,,Sounds of KSHMR Vol.3,KSHMR_Drums,Sounds of KSHMR Vol.3||KSHMR_Drums||kshmr snap,drums_v1,,false,1.261,44100,2,315d0d7d070fa5a0c2b411c3222a8471c6e8c71f9545582630c78f128d90bbfa
/Volumes/Jack_Gandy_1TB_SSD/testing-for-NITE-DSP/sample_pack_testing/Sounds of KSHMR Vol.3/KSHMR_Drums/KSHMR_Snares/KSHMR_Big_Snares/KSHMR_Big_Snare_11.wav,testing-for-NITE-DSP/sample_pack_testing/Sounds of KSHMR Vol.3/KSHMR_Drums/KSHMR_Snares/KSHMR_Big_Snares/KSHMR_Big_Snare_11.wav,Snare,,,,,,Snare,One-Shot,,Sounds of KSHMR Vol.3,KSHMR_Drums,Sounds of KSHMR Vol.3||KSHMR_Drums||kshmr big snare,drums_v1,,false,0.4688,48000,2,20684cdc041bfc690ac58abbba018ea8687cacf82120ec786dec1381d4cf6cb5
/Volumes/Jack_Gandy_1TB_SSD/testing-for-NITE-DSP/sample_pack_testing/Sounds of KSHMR Vol.3/KSHMR_Drums/KSHMR_Snares/KSHMR_Hip_Hop_Snares/KSHMR_Hip_Hop_Snare_07_C.wav,testing-for-NITE-DSP/sample_pack_testing/Sounds of KSHMR Vol.3/KSHMR_Drums/KSHMR_Snares/KSHMR_Hip_Hop_Snares/KSHMR_Hip_Hop_Snare_07_C.wav,Snare,,,,,,Snare,One-Shot,,Sounds of KSHMR Vol.3,KSHMR_Drums,Sounds of KSHMR Vol.3||KSHMR_Drums||kshmr hip hop snare 07 c,drums_v1,,false,0.8958,44100,2,e631a880617474939fe31b78bb2f28fdc0c1a1ae4a2e19ead1c315e0157d37e2
/Volumes/Jack_Gandy_1TB_SSD/testing-for-NITE-DSP/sample_pack_testing/Sounds of KSHMR Vol.3/KSHMR_Drums/KSHMR_Snares/KSHMR_Snare_FX/KSHMR_Snare_FX_02_F.wav,testing-for-NITE-DSP/sample_pack_testing/Sounds of KSHMR Vol.3/KSHMR_Drums/KSHMR_Snares/KSHMR_Snare_FX/KSHMR_Snare_FX_02_F.wav,Snare,,,,,,Snare,One-Shot,,Sounds of KSHMR Vol.3,KSHMR_Drums,Sounds of KSHMR Vol.3||KSHMR_Drums||kshmr snare fx 02 f,drums_v1,,false,6.5625,44100,2,c198d7c68266d1396dd8899f7988bf0c26dcba59c8d9610a5ddb46e67cdcc0eb
/Volumes/Jack_Gandy_1TB_SSD/testing-for-NITE-DSP/sample_pack_testing/Sounds of KSHMR Vol.3/KSHMR_Drums/KSHMR_Snares/KSHMR_Tight_Snares/KSHMR_Tight_Snare_14_C#.wav,testing-for-NITE-DSP/sample_pack_testing/Sounds of KSHMR Vol.3/KSHMR_Drums/KSHMR_Snares/KSHMR_Tight_Snares/KSHMR_Tight_Snare_14_C#.wav,Snare,,,,,,Snare,One-Shot,,Sounds of KSHMR Vol.3,KSHMR_Drums,Sounds of KSHMR Vol.3||KSHMR_Drums||kshmr tight snare 14 c#,drums_v1,,false,0.1569,48000,2,89f55067d1e39dcb5f6805b23e3b3c3e8eec7d989aebb5853e824729b4b5769f
/Volumes/Jack_Gandy_1TB_SSD/testing-for-NITE-DSP/sample_pack_testing/Sounds of KSHMR Vol.3/KSHMR_Drums/KSHMR_Snares/KSHMR_Tight_Snares/KSHMR_Tight_Snare_23_E.wav,testing-for-NITE-DSP/sample_pack_testing/Sounds of KSHMR Vol.3/KSHMR_Drums/KSHMR_Snares/KSHMR_Tight_Snares/KSHMR_Tight_Snare_23_E.wav,Snare,,,,,,Snare,One-Shot,,Sounds of KSHMR Vol.3,KSHMR_Drums,Sounds of KSHMR Vol.3||KSHMR_Drums||kshmr tight snare 23 e,drums_v1,,false,0.5042,44100,2,ff74c035c7a0effcf7cb7c3c886345f9b2d4a5a6a19712023022529b919a65b4
/Volumes/Jack_Gandy_1TB_SSD/testing-for-NITE-DSP/sample_pack_testing/Sounds of KSHMR Vol.3/KSHMR_Drums/KSHMR_Snares/KSHMR_Tight_Snares/KSHMR_Tight_Snare_28_F.wav,testing-for-NITE-DSP/sample_pack_testing/Sounds of KSHMR Vol.3/KSHMR_Drums/KSHMR_Snares/KSHMR_Tight_Snares/KSHMR_Tight_Snare_28_F.wav,Snare,,,,,,Snare,One-Shot,,Sounds of KSHMR Vol.3,KSHMR_Drums,Sounds of KSHMR Vol.3||KSHMR_Drums||kshmr tight snare 28 f,drums_v1,,false,0.2521,44100,2,30064d1c82321ab69d8be9a8cb8d0a1edc23e509d9ee36f05871b808412c684a
/Volumes/Jack_Gandy_1TB_SSD/testing-for-NITE-DSP/sample_pack_testing/Sounds of KSHMR Vol.3/KSHMR_Drums/KSHMR_Snares/KSHMR_Tight_Snares/KSHMR_Tight_Snare_31_F.wav,testing-for-NITE-DSP/sample_pack_testing/Sounds of KSHMR Vol.3/KSHMR_Drums/KSHMR_Snares/KSHMR_Tight_Snares/KSHMR_Tight_Snare_31_F.wav,Snare,,,,,,Snare,One-Shot,,Sounds of KSHMR Vol.3,KSHMR_Drums,Sounds of KSHMR Vol.3||KSHMR_Drums||kshmr tight snare 31 f,drums_v1,,false,0.2236,44100,2,88420805107514d8c1027ee8226b7f6b602768bd61aab1839736e0d785aa0dad
/Volumes/Jack_Gandy_1TB_SSD/testing-for-NITE-DSP/sample_pack_testing/Sounds of KSHMR Vol.3/KSHMR_Drums/KSHMR_Snares/KSHMR_Tight_Snares/KSHMR_Tight_Snare_36_F#.wav,testing-for-NITE-DSP/sample_pack_testing/Sounds of KSHMR Vol.3/KSHMR_Drums/KSHMR_Snares/KSHMR_Tight_Snares/KSHMR_Tight_Snare_36_F#.wav,Snare,,,,,,Snare,One-Shot,,Sounds of KSHMR Vol.3,KSHMR_Drums,Sounds of KSHMR Vol.3||KSHMR_Drums||kshmr tight snare 36 f#,drums_v1,,false,0.5042,44100,2,f344de577b84b7601c8d29a518a911d65ac617e57898fffc105bf434c39d8598
/Volumes/Jack_Gandy_1TB_SSD/testing-for-NITE-DSP/sample_pack_testing/Sounds of KSHMR Vol.3/KSHMR_Drums/KSHMR_Snares/KSHMR_Tight_Snares/KSHMR_Tight_Snare_39_G.wav,testing-for-NITE-DSP/sample_pack_testing/Sounds of KSHMR Vol.3/KSHMR_Drums/KSHMR_Snares/KSHMR_Tight_Snares/KSHMR_Tight_Snare_39_G.wav,Snare,,,,,,Snare,One-Shot,,Sounds of KSHMR Vol.3,KSHMR_Drums,Sounds of KSHMR Vol.3||KSHMR_Drums||kshmr tight snare 39 g,drums_v1,,false,0.4258,44100,2,9d2aec7146d89715481e50d7a2ea7eb7fb62931c67c2ff0f274855fa53439885
/Volumes/Jack_Gandy_1TB_SSD/testing-for-NITE-DSP/sample_pack_testing/Sounds of KSHMR Vol.3/KSHMR_Drums/KSHMR_Transitions/KSHMR_Crash_Transitions/KSHMR_Orchestral_Crash_Transition_06.wav,testing-for-NITE-DSP/sample_pack_testing/Sounds of KSHMR Vol.3/KSHMR_Drums/KSHMR_Transitions/KSHMR_Crash_Transitions/KSHMR_Orchestral_Crash_Transition_06.wav,Crash,,,,,,Crash,One-Shot,,Sounds of KSHMR Vol.3,KSHMR_Drums,Sounds of KSHMR Vol.3||KSHMR_Drums||kshmr orchestral crash transition,drums_v1,,false,11.9306,44100,2,5b8152cf72bfa22864933d51a1a8cfa916671416d37abbe823954a5b77689a5c
/Volumes/Jack_Gandy_1TB_SSD/testing-for-NITE-DSP/sample_pack_testing/Sounds of KSHMR Vol.3/KSHMR_Drums/KSHMR_Transitions/KSHMR_Crash_Transitions/KSHMR_Orchestral_Crash_Transition_08_Ending_Deep.wav,testing-for-NITE-DSP/sample_pack_testing/Sounds of KSHMR Vol.3/KSHMR_Drums/KSHMR_Transitions/KSHMR_Crash_Transitions/KSHMR_Orchestral_Crash_Transition_08_Ending_Deep.wav,Crash,,,,,,Crash,One-Shot,,Sounds of KSHMR Vol.3,KSHMR_Drums,Sounds of KSHMR Vol.3||KSHMR_Drums||kshmr orchestral crash transition 08 ending deep,drums_v1,,false,7.8223,44100,2,dfd6b35f85f16cd870b51b8c090f815f9818c1efd08afc7458ad0792ffb3fbd1
/Volumes/Jack_Gandy_1TB_SSD/testing-for-NITE-DSP/sample_pack_testing/Sounds of KSHMR Vol.3/KSHMR_Drums_Loops/KSHMR_Drum_Loops_Full/KSHMR_Break_Beat_Loops/KSHMR_Break_Beat_Loop_10_152.wav,testing-for-NITE-DSP/sample_pack_testing/Sounds of KSHMR Vol.3/KSHMR_Drums_Loops/KSHMR_Drum_Loops_Full/KSHMR_Break_Beat_Loops/KSHMR_Break_Beat_Loop_10_152.wav,Drum Loop,,,,,,Drum,Loop,,Sounds of KSHMR Vol.3,KSHMR_Drums_Loops,Sounds of KSHMR Vol.3||KSHMR_Drums_Loops||kshmr break beat loop 10,drums_v1,,false,3.1579,48000,2,77c6a7aff3c8987766a4b7e54f9016848463569925def383c4e8f9e85f8b3683
/Volumes/Jack_Gandy_1TB_SSD/testing-for-NITE-DSP/sample_pack_testing/Sounds of KSHMR Vol.3/KSHMR_Drums_Loops/KSHMR_Drum_Loops_Full/KSHMR_Break_Beat_Loops/KSHMR_Break_Beat_Loop_11_170.wav,testing-for-NITE-DSP/sample_pack_testing/Sounds of KSHMR Vol.3/KSHMR_Drums_Loops/KSHMR_Drum_Loops_Full/KSHMR_Break_Beat_Loops/KSHMR_Break_Beat_Loop_11_170.wav,Drum Loop,,,,,,Drum,Loop,,Sounds of KSHMR Vol.3,KSHMR_Drums_Loops,Sounds of KSHMR Vol.3||KSHMR_Drums_Loops||kshmr break beat loop 11,drums_v1,,false,5.6471,44100,2,6aaa69ad1d8e5243b92e6b24de3926c94af9fc66f203df5692de11c72a7bc4d5
/Volumes/Jack_Gandy_1TB_SSD/testing-for-NITE-DSP/sample_pack_testing/Sounds of KSHMR Vol.3/KSHMR_Drums_Loops/KSHMR_Drum_Loops_Full/KSHMR_Ethnic_Drum_Loops/KSHMR_Ethnic_Drum_Loop_27_128.wav,testing-for-NITE-DSP/sample_pack_testing/Sounds of KSHMR Vol.3/KSHMR_Drums_Loops/KSHMR_Drum_Loops_Full/KSHMR_Ethnic_Drum_Loops/KSHMR_Ethnic_Drum_Loop_27_128.wav,Percussion Loop,,,,,,Percussion,Loop,,Sounds of KSHMR Vol.3,KSHMR_Drums_Loops,Sounds of KSHMR Vol.3||KSHMR_Drums_Loops||kshmr ethnic drum loop 27,drums_v1,,false,3.75,44100,2,1ce31c106d29ec52dca1db1070d6eca588eacbd12e5cc0b755289c9bd70a1a8e
/Volumes/Jack_Gandy_1TB_SSD/testing-for-NITE-DSP/sample_pack_testing/Sounds of KSHMR Vol.3/KSHMR_Drums_Loops/KSHMR_Drum_Loops_Full/KSHMR_Ethnic_Drum_Loops/KSHMR_Ethnic_Drum_Loop_37_128.wav,testing-for-NITE-DSP/sample_pack_testing/Sounds of KSHMR Vol.3/KSHMR_Drums_Loops/KSHMR_Drum_Loops_Full/KSHMR_Ethnic_Drum_Loops/KSHMR_Ethnic_Drum_Loop_37_128.wav,Percussion Loop,,,,,,Percussion,Loop,,Sounds of KSHMR Vol.3,KSHMR_Drums_Loops,Sounds of KSHMR Vol.3||KSHMR_Drums_Loops||kshmr ethnic drum loop 37,drums_v1,,false,3.75,44100,2,a2bb51534942a60ad853e9c02d89c72c7fcd54ecfc98f1353876273509a39140
/Volumes/Jack_Gandy_1TB_SSD/testing-for-NITE-DSP/sample_pack_testing/Sounds of KSHMR Vol.3/KSHMR_Drums_Loops/KSHMR_Drum_Loops_Full/KSHMR_Hip_Hop_Drum_Loops/KSHMR_Hip_Hop_Top_Loops/KSHMR_Hip_Hop_Top_Loop_11_120.wav,testing-for-NITE-DSP/sample_pack_testing/Sounds of KSHMR Vol.3/KSHMR_Drums_Loops/KSHMR_Drum_Loops_Full/KSHMR_Hip_Hop_Drum_Loops/KSHMR_Hip_Hop_Top_Loops/KSHMR_Hip_Hop_Top_Loop_11_120.wav,Hi-Hat Loop,,,,,,Hi-Hat,Loop,,Sounds of KSHMR Vol.3,KSHMR_Drums_Loops,Sounds of KSHMR Vol.3||KSHMR_Drums_Loops||kshmr hip hop top loop 11,drums_v1,,false,8.0,44100,2,ebd92d3804578c8ce09c2abd30b59821655f6f8c555d40c4ec69661cb73be094
/Volumes/Jack_Gandy_1TB_SSD/testing-for-NITE-DSP/sample_pack_testing/Sounds of KSHMR Vol.3/KSHMR_Drums_Loops/KSHMR_Drum_Loops_Full/KSHMR_Hip_Hop_Drum_Loops/KSHMR_Hip_Hop_Top_Loops/KSHMR_Hip_Hop_Top_Loop_12_124.wav,testing-for-NITE-DSP/sample_pack_testing/Sounds of KSHMR Vol.3/KSHMR_Drums_Loops/KSHMR_Drum_Loops_Full/KSHMR_Hip_Hop_Drum_Loops/KSHMR_Hip_Hop_Top_Loops/KSHMR_Hip_Hop_Top_Loop_12_124.wav,Hi-Hat Loop,,,,,,Hi-Hat,Loop,,Sounds of KSHMR Vol.3,KSHMR_Drums_Loops,Sounds of KSHMR Vol.3||KSHMR_Drums_Loops||kshmr hip hop top loop 12,drums_v1,,false,7.742,44100,2,3e07a096823d6460345de1d2b8c304c103bede36677486a84c7077932e20a58b
/Volumes/Jack_Gandy_1TB_SSD/testing-for-NITE-DSP/sample_pack_testing/Sounds of KSHMR Vol.3/KSHMR_Drums_Loops/KSHMR_Drum_Loops_Full/KSHMR_Hip_Hop_Drum_Loops/KSHMR_Hip_Hop_Top_Loops/KSHMR_Hip_Hop_Top_Loop_19_140.wav,testing-for-NITE-DSP/sample_pack_testing/Sounds of KSHMR Vol.3/KSHMR_Drums_Loops/KSHMR_Drum_Loops_Full/KSHMR_Hip_Hop_Drum_Loops/KSHMR_Hip_Hop_Top_Loops/KSHMR_Hip_Hop_Top_Loop_19_140.wav,Hi-Hat Loop,,,,,,Hi-Hat,Loop,,Sounds of KSHMR Vol.3,KSHMR_Drums_Loops,Sounds of KSHMR Vol.3||KSHMR_Drums_Loops||kshmr hip hop top loop 19,drums_v1,,false,13.7143,44100,2,aa395517505728a3e60d779d26ee85db431043ec592a804b886fd08a251aa3e9
/Volumes/Jack_Gandy_1TB_SSD/testing-for-NITE-DSP/sample_pack_testing/Sounds of KSHMR Vol.3/KSHMR_Drums_Loops/KSHMR_Drum_Loops_Full/KSHMR_Percussion_Loops/KSHMR_Percussion_Loop_43_140_Tribal.wav,testing-for-NITE-DSP/sample_pack_testing/Sounds of KSHMR Vol.3/KSHMR_Drums_Loops/KSHMR_Drum_Loops_Full/KSHMR_Percussion_Loops/KSHMR_Percussion_Loop_43_140_Tribal.wav,Percussion Loop,,,,,,Percussion,Loop,,Sounds of KSHMR Vol.3,KSHMR_Drums_Loops,Sounds of KSHMR Vol.3||KSHMR_Drums_Loops||kshmr percussion loop 43 140 tribal,drums_v1,,false,6.8571,44100,2,c64fc0b0e4918e41a74d6f0ed36a676c71b3da5a336f60b2940667814388f053
/Volumes/Jack_Gandy_1TB_SSD/testing-for-NITE-DSP/sample_pack_testing/Sounds of KSHMR Vol.3/KSHMR_Drums_Loops/KSHMR_Drum_Loops_Full/KSHMR_Stadium_Loops/KSHMR_Stadium_Loop_06_128.wav,testing-for-NITE-DSP/sample_pack_testing/Sounds of KSHMR Vol.3/KSHMR_Drums_Loops/KSHMR_Drum_Loops_Full/KSHMR_Stadium_Loops/KSHMR_Stadium_Loop_06_128.wav,Foley Loop,,,,,,Foley,Loop,,Sounds of KSHMR Vol.3,KSHMR_Drums_Loops,Sounds of KSHMR Vol.3||KSHMR_Drums_Loops||kshmr stadium loop 06,drums_v1,,false,3.75,44100,2,897dc4f6a92a9301543356719b57ab3ef6d85a1fc3ed43725c1940bf206daaa2
/Volumes/Jack_Gandy_1TB_SSD/testing-for-NITE-DSP/sample_pack_testing/Sounds of KSHMR Vol.3/KSHMR_Drums_Loops/KSHMR_Drum_Loops_Full/KSHMR_Stadium_Loops/KSHMR_Stadium_Loop_07_130.wav,testing-for-NITE-DSP/sample_pack_testing/Sounds of KSHMR Vol.3/KSHMR_Drums_Loops/KSHMR_Drum_Loops_Full/KSHMR_Stadium_Loops/KSHMR_Stadium_Loop_07_130.wav,Foley Loop,,,,,,Foley,Loop,,Sounds of KSHMR Vol.3,KSHMR_Drums_Loops,Sounds of KSHMR Vol.3||KSHMR_Drums_Loops||kshmr stadium loop 07,drums_v1,,false,3.6923,44100,2,32af5a7919f3fd6d925ae36ecd48f8220954a0d7f71bfc4be82cf66f5c9a948f
/Volumes/Jack_Gandy_1TB_SSD/testing-for-NITE-DSP/sample_pack_testing/Sounds of KSHMR Vol.3/KSHMR_Drums_Loops/KSHMR_Drum_Loops_Full/KSHMR_Top_Loops/KSHMR_Top_Loops_090-120/KSHMR_Top_Loop_16_110.wav,testing-for-NITE-DSP/sample_pack_testing/Sounds of KSHMR Vol.3/KSHMR_Drums_Loops/KSHMR_Drum_Loops_Full/KSHMR_Top_Loops/KSHMR_Top_Loops_090-120/KSHMR_Top_Loop_16_110.wav,Top Loop,,,,,,Percussion,Loop,,Sounds of KSHMR Vol.3,KSHMR_Drums_Loops,Sounds of KSHMR Vol.3||KSHMR_Drums_Loops||kshmr top loop 16,drums_v1,,false,4.3637,44100,2,1896f43089445baf6fb14734f18d996ed906e61a2375a5b23cfc97c62d8e1f14
/Volumes/Jack_Gandy_1TB_SSD/testing-for-NITE-DSP/sample_pack_testing/Sounds of KSHMR Vol.3/KSHMR_Drums_Loops/KSHMR_Drum_Loops_Full/KSHMR_Top_Loops/KSHMR_Top_Loops_120-128/KSHMR_Top_Loop_04_124.wav,testing-for-NITE-DSP/sample_pack_testing/Sounds of KSHMR Vol.3/KSHMR_Drums_Loops/KSHMR_Drum_Loops_Full/KSHMR_Top_Loops/KSHMR_Top_Loops_120-128/KSHMR_Top_Loop_04_124.wav,Top Loop,,,,,,Percussion,Loop,,Sounds of KSHMR Vol.3,KSHMR_Drums_Loops,Sounds of KSHMR Vol.3||KSHMR_Drums_Loops||kshmr top loop 04,drums_v1,,false,3.871,44100,2,63c58def886d38cc4883299824caff21f5b883b2812cc8ff4d0ba65eb52e3aee
/Volumes/Jack_Gandy_1TB_SSD/testing-for-NITE-DSP/sample_pack_testing/Sounds of KSHMR Vol.3/KSHMR_Drums_Loops/KSHMR_Drum_Loops_Full/KSHMR_Top_Loops/KSHMR_Top_Loops_129-200/KSHMR_Top_Loop_10_160.wav,testing-for-NITE-DSP/sample_pack_testing/Sounds of KSHMR Vol.3/KSHMR_Drums_Loops/KSHMR_Drum_Loops_Full/KSHMR_Top_Loops/KSHMR_Top_Loops_129-200/KSHMR_Top_Loop_10_160.wav,Percussion Loop,,,,,,Percussion,Loop,,Sounds of KSHMR Vol.3,KSHMR_Drums_Loops,Sounds of KSHMR Vol.3||KSHMR_Drums_Loops||kshmr top loop 10,drums_v1,,false,12.0,44100,2,141815d1f80ad0e55982839ce3ad1d9d263538398ff1367daa9dde1ccd7c5e6c
/Volumes/Jack_Gandy_1TB_SSD/testing-for-NITE-DSP/sample_pack_testing/Sounds of KSHMR Vol.3/KSHMR_Drums_Loops/KSHMR_Drum_Loops_Full/KSHMR_Top_Loops/KSHMR_Top_Loops_129-200/KSHMR_Top_Loop_11_170.wav,testing-for-NITE-DSP/sample_pack_testing/Sounds of KSHMR Vol.3/KSHMR_Drums_Loops/KSHMR_Drum_Loops_Full/KSHMR_Top_Loops/KSHMR_Top_Loops_129-200/KSHMR_Top_Loop_11_170.wav,Hi-Hat Loop,,,,,,Hi-Hat,Loop,,Sounds of KSHMR Vol.3,KSHMR_Drums_Loops,Sounds of KSHMR Vol.3||KSHMR_Drums_Loops||kshmr top loop 11,drums_v1,,false,5.6471,44100,2,1d1922c1c221b2705d9c4cbcd1636a3e73882966b73914b6f5e5bd74e7369512
/Volumes/Jack_Gandy_1TB_SSD/testing-for-NITE-DSP/sample_pack_testing/Sounds of KSHMR Vol.3/KSHMR_Drums_Loops/KSHMR_Drum_Loops_Solo/KSHMR_Hand_Clap_Loops/KSHMR_Hand_Clap_Loop_08_128.wav,testing-for-NITE-DSP/sample_pack_testing/Sounds of KSHMR Vol.3/KSHMR_Drums_Loops/KSHMR_Drum_Loops_Solo/KSHMR_Hand_Clap_Loops/KSHMR_Hand_Clap_Loop_08_128.wav,Other/none,,,,,,Rejection,Rejection,,Sounds of KSHMR Vol.3,KSHMR_Drums_Loops,Sounds of KSHMR Vol.3||KSHMR_Drums_Loops||kshmr hand clap loop 08,drums_v1,,false,3.75,44100,2,0690bfd8cda9d4b22179d1a56ee1f0707e950dc7424fd0c4d91e4078948e3f5e
/Volumes/Jack_Gandy_1TB_SSD/testing-for-NITE-DSP/sample_pack_testing/Sounds of KSHMR Vol.3/KSHMR_Drums_Loops/KSHMR_Drum_Loops_Solo/KSHMR_Hihat_and_Cymbal_Loops/KSHMR_Acoustic_Hat_Loops/KSHMR_Acoustic_Hat_Loop_01_100.wav,testing-for-NITE-DSP/sample_pack_testing/Sounds of KSHMR Vol.3/KSHMR_Drums_Loops/KSHMR_Drum_Loops_Solo/KSHMR_Hihat_and_Cymbal_Loops/KSHMR_Acoustic_Hat_Loops/KSHMR_Acoustic_Hat_Loop_01_100.wav,Drum Loop,,,,,,Drum,Loop,,Sounds of KSHMR Vol.3,KSHMR_Drums_Loops,Sounds of KSHMR Vol.3||KSHMR_Drums_Loops||kshmr acoustic hat loop 01,drums_v1,,false,4.8,44100,2,8af3dfd3ab52aa532e5e0ad62d5204d84a0708ada0b40df686b6f165d4e70aca
/Volumes/Jack_Gandy_1TB_SSD/testing-for-NITE-DSP/sample_pack_testing/Sounds of KSHMR Vol.3/KSHMR_Drums_Loops/KSHMR_Drum_Loops_Solo/KSHMR_Hihat_and_Cymbal_Loops/KSHMR_Acoustic_Hat_Loops/KSHMR_Acoustic_Hat_Loop_13_120.wav,testing-for-NITE-DSP/sample_pack_testing/Sounds of KSHMR Vol.3/KSHMR_Drums_Loops/KSHMR_Drum_Loops_Solo/KSHMR_Hihat_and_Cymbal_Loops/KSHMR_Acoustic_Hat_Loops/KSHMR_Acoustic_Hat_Loop_13_120.wav,Loop,,,,,,Unknown,Loop,,Sounds of KSHMR Vol.3,KSHMR_Drums_Loops,Sounds of KSHMR Vol.3||KSHMR_Drums_Loops||kshmr acoustic hat loop 13,drums_v1,,false,4.0,44100,2,158237051d3dd4d73f9281599837e84b9844f7f20050f3e401b0a62ee7ccf97e
/Volumes/Jack_Gandy_1TB_SSD/testing-for-NITE-DSP/sample_pack_testing/Sounds of KSHMR Vol.3/KSHMR_Drums_Loops/KSHMR_Drum_Loops_Solo/KSHMR_Hihat_and_Cymbal_Loops/KSHMR_Trap_Hat_Loops/KSHMR_Trap_Hat_Loop_09_140.wav,testing-for-NITE-DSP/sample_pack_testing/Sounds of KSHMR Vol.3/KSHMR_Drums_Loops/KSHMR_Drum_Loops_Solo/KSHMR_Hihat_and_Cymbal_Loops/KSHMR_Trap_Hat_Loops/KSHMR_Trap_Hat_Loop_09_140.wav,Hi-Hat Loop,,,,,,Hi-Hat,Loop,,Sounds of KSHMR Vol.3,KSHMR_Drums_Loops,Sounds of KSHMR Vol.3||KSHMR_Drums_Loops||kshmr trap hat loop 09,drums_v1,,false,6.8571,44100,2,380783dba87fad2f9fa28b160b0dcd794dec318f364a89647d63418e40f6d446
/Volumes/Jack_Gandy_1TB_SSD/testing-for-NITE-DSP/sample_pack_testing/Sounds of KSHMR Vol.3/KSHMR_Drums_Loops/KSHMR_Drum_Loops_Solo/KSHMR_Hihat_and_Cymbal_Loops/KSHMR_Trap_Hat_Loops/KSHMR_Trap_Hat_Loop_10_150.wav,testing-for-NITE-DSP/sample_pack_testing/Sounds of KSHMR Vol.3/KSHMR_Drums_Loops/KSHMR_Drum_Loops_Solo/KSHMR_Hihat_and_Cymbal_Loops/KSHMR_Trap_Hat_Loops/KSHMR_Trap_Hat_Loop_10_150.wav,Hi-Hat,,,,,,Hi-Hat,One-Shot,recovered_from=Unknown; note=Hi-Hat Loop; ground_truth_override=Other/none,Sounds of KSHMR Vol.3,KSHMR_Drums_Loops,Sounds of KSHMR Vol.3||KSHMR_Drums_Loops||kshmr trap hat loop 10,granularity_v1,20260911T105350,false,6.4,44100,2,c26e8b818fa15581eff5d0ef78cdd7dbbbb4aab6a236a8bd70b5e9fc949dccd8
/Volumes/Jack_Gandy_1TB_SSD/testing-for-NITE-DSP/sample_pack_testing/Sounds of KSHMR Vol.3/KSHMR_Drums_Loops/KSHMR_Drum_Loops_Solo/KSHMR_Shaker_Loops/KSHMR_Shaker_Loop_17_128.wav,testing-for-NITE-DSP/sample_pack_testing/Sounds of KSHMR Vol.3/KSHMR_Drums_Loops/KSHMR_Drum_Loops_Solo/KSHMR_Shaker_Loops/KSHMR_Shaker_Loop_17_128.wav,Percussion Loop,,,,,,Percussion,Loop,,Sounds of KSHMR Vol.3,KSHMR_Drums_Loops,Sounds of KSHMR Vol.3||KSHMR_Drums_Loops||kshmr shaker loop 17,drums_v1,,false,3.75,48000,2,70cea1dbe36bfc5dda0cb4e7edd942fc73ec5c37c90ba91dcbf4428a34b021f3
/Volumes/Jack_Gandy_1TB_SSD/testing-for-NITE-DSP/sample_pack_testing/Sounds of KSHMR Vol.3/KSHMR_FX_Elements/KSHMR_Glitches_and_Industrial/KSHMR_Industrial_Grime/KSHMR_Industrial_Grime_01_F.wav,testing-for-NITE-DSP/sample_pack_testing/Sounds of KSHMR Vol.3/KSHMR_FX_Elements/KSHMR_Glitches_and_Industrial/KSHMR_Industrial_Grime/KSHMR_Industrial_Grime_01_F.wav,Impact,,,,,,FX,One-Shot,ground_truth_override=Other/none,Sounds of KSHMR Vol.3,KSHMR_FX_Elements,Sounds of KSHMR Vol.3||KSHMR_FX_Elements||kshmr industrial grime 01 f,granularity_v1,20260911T111240,false,1.6,44100,2,d2feabdb9b3e16a70b01cc581633f2fab76db8edfe2d6261aa970eab136db80a
/Volumes/Jack_Gandy_1TB_SSD/testing-for-NITE-DSP/sample_pack_testing/Sounds of KSHMR Vol.3/KSHMR_FX_Elements/KSHMR_Glitches_and_Industrial/KSHMR_Industrial_Grime/KSHMR_Industrial_Grime_03_90_G#.wav,testing-for-NITE-DSP/sample_pack_testing/Sounds of KSHMR Vol.3/KSHMR_FX_Elements/KSHMR_Glitches_and_Industrial/KSHMR_Industrial_Grime/KSHMR_Industrial_Grime_03_90_G#.wav,Other/none,,mixed/full music,,,,Rejection,Rejection,,Sounds of KSHMR Vol.3,KSHMR_FX_Elements,Sounds of KSHMR Vol.3||KSHMR_FX_Elements||kshmr industrial grime 03 90 g#,drums_v1,,false,2.6667,44100,2,b3a680e8edfe392a6d4624b98af93000090de517f9bd06ca6f80b357092f9352
/Volumes/Jack_Gandy_1TB_SSD/testing-for-NITE-DSP/sample_pack_testing/Sounds of KSHMR Vol.3/KSHMR_FX_Elements/KSHMR_Glitches_and_Industrial/KSHMR_Industrial_Grime/KSHMR_Industrial_Grime_12_140_G.wav,testing-for-NITE-DSP/sample_pack_testing/Sounds of KSHMR Vol.3/KSHMR_FX_Elements/KSHMR_Glitches_and_Industrial/KSHMR_Industrial_Grime/KSHMR_Industrial_Grime_12_140_G.wav,Drum Loop,,,,,,Drum,Loop,ground_truth_override=Other/none,Sounds of KSHMR Vol.3,KSHMR_FX_Elements,Sounds of KSHMR Vol.3||KSHMR_FX_Elements||kshmr industrial grime 12 140 g,granularity_v1,20260911T105350,false,3.4286,44100,2,a1b81621610f762e463d3c6489ada7a42798ec164b332e6ead7b7d91c1658fac
/Volumes/Jack_Gandy_1TB_SSD/testing-for-NITE-DSP/sample_pack_testing/Sounds of KSHMR Vol.3/KSHMR_FX_Elements/KSHMR_Glitches_and_Industrial/KSHMR_Industrial_Grime/KSHMR_Industrial_Grime_18_152_G#m.wav,testing-for-NITE-DSP/sample_pack_testing/Sounds of KSHMR Vol.3/KSHMR_FX_Elements/KSHMR_Glitches_and_Industrial/KSHMR_Industrial_Grime/KSHMR_Industrial_Grime_18_152_G#m.wav,Other/none,,,,,,Rejection,Rejection,,Sounds of KSHMR Vol.3,KSHMR_FX_Elements,Sounds of KSHMR Vol.3||KSHMR_FX_Elements||kshmr industrial grime 18 152 g#m,drums_v1,,false,6.3158,44100,2,698363ba942593cb722494a90220d076c9a41d5775b3809901cd68c8acd02446
/Volumes/Jack_Gandy_1TB_SSD/testing-for-NITE-DSP/sample_pack_testing/Sounds of KSHMR Vol.3/KSHMR_Synths/KSHMR_Bass_PsyTrance/KSHMR_Psy_Bass_Loops/KSHMR_Psy_Bass_Loop_07_138_F.wav,testing-for-NITE-DSP/sample_pack_testing/Sounds of KSHMR Vol.3/KSHMR_Synths/KSHMR_Bass_PsyTrance/KSHMR_Psy_Bass_Loops/KSHMR_Psy_Bass_Loop_07_138_F.wav,Bass Loop,,,,,,Bass,Loop,,Sounds of KSHMR Vol.3,KSHMR_Synths,Sounds of KSHMR Vol.3||KSHMR_Synths||kshmr psy bass loop 07 138 f,drums_v1,,false,1.7391,44100,2,9390f884af1e28c8ae96f35e862c55060a50a5651bbdd7fda5de8f5ac5730f0c
/Volumes/Jack_Gandy_1TB_SSD/testing-for-NITE-DSP/sample_pack_testing/Sounds of KSHMR Vol.3/KSHMR_Synths/KSHMR_Synth_Loops/KSHMR_Synth_Loop_19_128_D#.wav,testing-for-NITE-DSP/sample_pack_testing/Sounds of KSHMR Vol.3/KSHMR_Synths/KSHMR_Synth_Loops/KSHMR_Synth_Loop_19_128_D#.wav,Percussion Loop,,,,,,Percussion,Loop,,Sounds of KSHMR Vol.3,KSHMR_Synths,Sounds of KSHMR Vol.3||KSHMR_Synths||kshmr synth loop 19 128 d#,drums_v1,,false,3.75,44100,2,6f923568ae0da54959f2d3a3d195df96787e3c6ef43f56f8949c6d2b4641414d
/Volumes/Jack_Gandy_1TB_SSD/testing-for-NITE-DSP/sample_pack_testing/Sounds of KSHMR Vol.3/KSHMR_VIP_Friends_of_KSHMR/7SKIES/7SKIES_Kick_PTS.wav,testing-for-NITE-DSP/sample_pack_testing/Sounds of KSHMR Vol.3/KSHMR_VIP_Friends_of_KSHMR/7SKIES/7SKIES_Kick_PTS.wav,Kick,,,,,,Kick,One-Shot,,Sounds of KSHMR Vol.3,KSHMR_VIP_Friends_of_KSHMR,Sounds of KSHMR Vol.3||KSHMR_VIP_Friends_of_KSHMR||7skies kick pts,drums_v1,,false,0.2358,44100,2,7340da555a196c23df1cf03a601e9b9bffca9ccca09daa813ba83f98a91c2974
/Volumes/Jack_Gandy_1TB_SSD/testing-for-NITE-DSP/sample_pack_testing/Sounds of KSHMR Vol.3/KSHMR_VIP_Friends_of_KSHMR/CROSSNADERS/CROSSNADERS_Clap_Instinct_Killa.wav,testing-for-NITE-DSP/sample_pack_testing/Sounds of KSHMR Vol.3/KSHMR_VIP_Friends_of_KSHMR/CROSSNADERS/CROSSNADERS_Clap_Instinct_Killa.wav,Clap,,,,,,Clap,One-Shot,,Sounds of KSHMR Vol.3,KSHMR_VIP_Friends_of_KSHMR,Sounds of KSHMR Vol.3||KSHMR_VIP_Friends_of_KSHMR||crossnaders clap instinct killa,drums_v1,,false,0.6,44100,2,eebb69b236a49c6967ea2ca5223c188677db79574311fd7e3e09e1f918a8824f
/Volumes/Jack_Gandy_1TB_SSD/testing-for-NITE-DSP/sample_pack_testing/Sounds of KSHMR Vol.3/KSHMR_VIP_Friends_of_KSHMR/LUIS_TORRES/LUIS_TORRES_Worlds_Smallest_Clap.wav,testing-for-NITE-DSP/sample_pack_testing/Sounds of KSHMR Vol.3/KSHMR_VIP_Friends_of_KSHMR/LUIS_TORRES/LUIS_TORRES_Worlds_Smallest_Clap.wav,Clap,,,,,,Clap,One-Shot,,Sounds of KSHMR Vol.3,KSHMR_VIP_Friends_of_KSHMR,Sounds of KSHMR Vol.3||KSHMR_VIP_Friends_of_KSHMR||luis torres worlds smallest clap,drums_v1,,false,0.9375,44100,2,0577c5411a3212c23efdd5530583f5627e4ab38db6abc199772a4bb9386f7658
/Volumes/Jack_Gandy_1TB_SSD/testing-for-NITE-DSP/sample_pack_testing/Sounds of KSHMR Vol.3/KSHMR_VIP_Friends_of_KSHMR/MARNIK/MARNIK_Kick_Shiva.wav,testing-for-NITE-DSP/sample_pack_testing/Sounds of KSHMR Vol.3/KSHMR_VIP_Friends_of_KSHMR/MARNIK/MARNIK_Kick_Shiva.wav,Kick,,,,,,Kick,One-Shot,,Sounds of KSHMR Vol.3,KSHMR_VIP_Friends_of_KSHMR,Sounds of KSHMR Vol.3||KSHMR_VIP_Friends_of_KSHMR||marnik kick shiva,drums_v1,,false,0.4286,44100,2,cd613b5d8cfb6800d4c0f4ae1e2c6eaed886203491ed2ead0b884a00f799f4b3
/Volumes/Jack_Gandy_1TB_SSD/testing-for-NITE-DSP/sample_pack_testing/Sounds of KSHMR Vol.3/KSHMR_VIP_Friends_of_KSHMR/SHAUN_FRANK/SHAUN_FRANK_Hat.wav,testing-for-NITE-DSP/sample_pack_testing/Sounds of KSHMR Vol.3/KSHMR_VIP_Friends_of_KSHMR/SHAUN_FRANK/SHAUN_FRANK_Hat.wav,Hi-Hat,,,,,,Hi-Hat,One-Shot,,Sounds of KSHMR Vol.3,KSHMR_VIP_Friends_of_KSHMR,Sounds of KSHMR Vol.3||KSHMR_VIP_Friends_of_KSHMR||shaun frank hat,drums_v1,,false,0.6608,44100,2,7d015ca3f4a18c35a32e3ace85bcae525a57f0925ab3c70b31c4fc9a21a61d35
/Volumes/Jack_Gandy_1TB_SSD/testing-for-NITE-DSP/sample_pack_testing/Sounds of KSHMR Vol.3/KSHMR_VIP_Friends_of_KSHMR/ZEDD/ZEDD_Kick_02.wav,testing-for-NITE-DSP/sample_pack_testing/Sounds of KSHMR Vol.3/KSHMR_VIP_Friends_of_KSHMR/ZEDD/ZEDD_Kick_02.wav,Kick,,,,,,Kick,One-Shot,,Sounds of KSHMR Vol.3,KSHMR_VIP_Friends_of_KSHMR,Sounds of KSHMR Vol.3||KSHMR_VIP_Friends_of_KSHMR||zedd kick,drums_v1,,false,0.4724,44100,2,e8b0f51309377111a75a1b8cd7f6d50448bee611a3e1f4d4900b31a9730b0725
/Volumes/Jack_Gandy_1TB_SSD/testing-for-NITE-DSP/sample_pack_testing/Sounds of KSHMR Vol.3/KSHMR_VIP_Friends_of_KSHMR/ZEDD/ZEDD_Kick_clean_Happy_Now.wav,testing-for-NITE-DSP/sample_pack_testing/Sounds of KSHMR Vol.3/KSHMR_VIP_Friends_of_KSHMR/ZEDD/ZEDD_Kick_clean_Happy_Now.wav,Kick,,,,,,Kick,One-Shot,,Sounds of KSHMR Vol.3,KSHMR_VIP_Friends_of_KSHMR,Sounds of KSHMR Vol.3||KSHMR_VIP_Friends_of_KSHMR||zedd kick clean happy now,drums_v1,,false,0.5556,44100,2,2c2f905bc21e98a89bf6b9040ed17707a695f2cc37cc50a56c6c6559529e465b
/Volumes/Jack_Gandy_1TB_SSD/testing-for-NITE-DSP/sample_pack_testing/Sounds of KSHMR Vol.3/KSHMR_Vocals/KSHMR_Vocals_FX/KSHMR_Crowd/KSHMR_Crowd_Chant/KSHMR_Crowd_Chant_Loop_01_Ohh_Ohh_124.wav,testing-for-NITE-DSP/sample_pack_testing/Sounds of KSHMR Vol.3/KSHMR_Vocals/KSHMR_Vocals_FX/KSHMR_Crowd/KSHMR_Crowd_Chant/KSHMR_Crowd_Chant_Loop_01_Ohh_Ohh_124.wav,Loop,,,,,,Unknown,Loop,,Sounds of KSHMR Vol.3,KSHMR_Vocals,Sounds of KSHMR Vol.3||KSHMR_Vocals||kshmr crowd chant loop 01 ohh ohh,drums_v1,,false,1.9355,44100,2,6260d8d89bfd8486c5ff13a4cd0711d7a94c9e75bb6864b11d09076478855b34
/Volumes/Jack_Gandy_1TB_SSD/testing-for-NITE-DSP/sample_pack_testing/Sounds of KSHMR Vol.3/KSHMR_World_Sounds/KSHMR_India/KSHMR_India_DR_Drum_Loop_90_A.wav,testing-for-NITE-DSP/sample_pack_testing/Sounds of KSHMR Vol.3/KSHMR_World_Sounds/KSHMR_India/KSHMR_India_DR_Drum_Loop_90_A.wav,Drum Loop,,,,,,Drum,Loop,,Sounds of KSHMR Vol.3,KSHMR_World_Sounds,Sounds of KSHMR Vol.3||KSHMR_World_Sounds||kshmr india dr drum loop 90 a,drums_v1,,false,2.6667,44100,2,43a7f3f1063f604976a2ea4b6fa44ff9c50471b1e2fff222d673f819aaf72d29
/Volumes/Jack_Gandy_1TB_SSD/testing-for-NITE-DSP/sample_pack_testing/Sounds of KSHMR Vol.3/KSHMR_World_Sounds/KSHMR_Latin_America/KSHMR_Latin_PL_Brazillian_Berimbau_02_D.wav,testing-for-NITE-DSP/sample_pack_testing/Sounds of KSHMR Vol.3/KSHMR_World_Sounds/KSHMR_Latin_America/KSHMR_Latin_PL_Brazillian_Berimbau_02_D.wav,Percussion,Hand Drum,,,,,Percussion,One-Shot,ground_truth_override=Other/none,Sounds of KSHMR Vol.3,KSHMR_World_Sounds,Sounds of KSHMR Vol.3||KSHMR_World_Sounds||kshmr latin pl brazillian berimbau 02 d,granularity_v1,20260911T105350,false,1.7464,44100,2,173c8479361678a5695f732cd52f603927a5f0508b160a0c279c6280592ac582
